fecha,team1,team2,league,market,label,prob,hit,mia,cuota
2026-06-26,Ecuador,Alemania,mundial 2026,1X2,"Gana Ecuador",0.2267,1,0,
2026-06-26,Ecuador,Alemania,mundial 2026,1X2,"Empate",0.2765,0,0,
2026-06-26,Ecuador,Alemania,mundial 2026,1X2,"Gana Alemania",0.4967,0,0,
2026-06-26,Ecuador,Alemania,mundial 2026,1X2,"Ecuador o empate (1X)",0.5033,1,0,
2026-06-26,Ecuador,Alemania,mundial 2026,1X2,"Alemania o empate (X2)",0.7733,0,0,
2026-06-26,Ecuador,Alemania,mundial 2026,1X2,"Sin empate (12)",0.7235,1,0,
2026-06-26,Ecuador,Alemania,mundial 2026,Goles,"Más de 4.5 goles",0.0892,0,0,
2026-06-26,Ecuador,Alemania,mundial 2026,Goles,"Más de 3.5 goles",0.2102,0,0,
2026-06-26,Ecuador,Alemania,mundial 2026,Goles,"Más de 2.5 goles",0.4163,1,0,
2026-06-26,Ecuador,Alemania,mundial 2026,Goles,"Más de 1.5 goles",0.6848,1,0,
2026-06-26,Ecuador,Alemania,mundial 2026,BTTS,"Ambos anotan",0.4577,1,0,
2026-06-26,Ecuador,Alemania,mundial 2026,BTTS,"No ambos anotan",0.5423,0,0,
2026-06-26,Ecuador,Alemania,mundial 2026,Córners,"Córners totales +12.5",0.1946,0,0,
2026-06-26,Ecuador,Alemania,mundial 2026,Córners,"Córners totales +11.5",0.2865,0,0,
2026-06-26,Ecuador,Alemania,mundial 2026,Córners,"Córners totales +10.5",0.3985,0,0,
2026-06-26,Ecuador,Alemania,mundial 2026,Córners,"Córners totales +9.5",0.5234,0,0,
2026-06-26,Ecuador,Alemania,mundial 2026,Córners,"Córners totales +8.5",0.6503,0,0,
2026-06-26,Ecuador,Alemania,mundial 2026,Córners,"Córners totales +7.5",0.7662,0,0,
2026-06-26,Ecuador,Alemania,mundial 2026,Córners,"Córners totales +6.5",0.8603,0,0,
2026-06-26,Ecuador,Alemania,mundial 2026,Córners,"Córners Ecuador +8.5",0.1198,0,0,
2026-06-26,Ecuador,Alemania,mundial 2026,Córners,"Córners Ecuador +7.5",0.2109,0,0,
2026-06-26,Ecuador,Alemania,mundial 2026,Córners,"Córners Ecuador +6.5",0.3395,0,0,
2026-06-26,Ecuador,Alemania,mundial 2026,Córners,"Córners Ecuador +5.5",0.4985,0,0,
2026-06-26,Ecuador,Alemania,mundial 2026,Córners,"Córners Ecuador +4.5",0.6671,0,0,
2026-06-26,Ecuador,Alemania,mundial 2026,Córners,"Córners Ecuador +3.5",0.8159,0,0,
2026-06-26,Ecuador,Alemania,mundial 2026,Córners,"Córners Alemania +6.5",0.1315,0,0,
2026-06-26,Ecuador,Alemania,mundial 2026,Córners,"Córners Alemania +5.5",0.2454,0,0,
2026-06-26,Ecuador,Alemania,mundial 2026,Córners,"Córners Alemania +4.5",0.4084,0,0,
2026-06-26,Ecuador,Alemania,mundial 2026,Córners,"Córners Alemania +3.5",0.6029,0,0,
2026-06-26,Ecuador,Alemania,mundial 2026,Córners,"Córners Alemania +2.5",0.7885,0,0,
2026-06-26,Ecuador,Alemania,mundial 2026,Tiros a puerta,"Tiros a puerta totales +11.5",0.1584,0,0,
2026-06-26,Ecuador,Alemania,mundial 2026,Tiros a puerta,"Tiros a puerta totales +10.5",0.2458,0,0,
2026-06-26,Ecuador,Alemania,mundial 2026,Tiros a puerta,"Tiros a puerta totales +9.5",0.3577,0,0,
2026-06-26,Ecuador,Alemania,mundial 2026,Tiros a puerta,"Tiros a puerta totales +8.5",0.4881,0,0,
2026-06-26,Ecuador,Alemania,mundial 2026,Tiros a puerta,"Tiros a puerta totales +7.5",0.6249,0,0,
2026-06-26,Ecuador,Alemania,mundial 2026,Tiros a puerta,"Tiros a puerta totales +6.5",0.7525,0,0,
2026-06-26,Ecuador,Alemania,mundial 2026,Tiros a puerta,"Tiros a puerta totales +5.5",0.8565,1,0,
2026-06-26,Ecuador,Alemania,mundial 2026,Tiros a puerta,"T. a puerta Ecuador +6.5",0.1281,0,0,
2026-06-26,Ecuador,Alemania,mundial 2026,Tiros a puerta,"T. a puerta Ecuador +5.5",0.2405,0,0,
2026-06-26,Ecuador,Alemania,mundial 2026,Tiros a puerta,"T. a puerta Ecuador +4.5",0.4025,0,0,
2026-06-26,Ecuador,Alemania,mundial 2026,Tiros a puerta,"T. a puerta Ecuador +3.5",0.5973,0,0,
2026-06-26,Ecuador,Alemania,mundial 2026,Tiros a puerta,"T. a puerta Ecuador +2.5",0.7845,1,0,
2026-06-26,Ecuador,Alemania,mundial 2026,Tiros a puerta,"T. a puerta Alemania +6.5",0.1590,0,0,
2026-06-26,Ecuador,Alemania,mundial 2026,Tiros a puerta,"T. a puerta Alemania +5.5",0.2837,0,0,
2026-06-26,Ecuador,Alemania,mundial 2026,Tiros a puerta,"T. a puerta Alemania +4.5",0.4529,0,0,
2026-06-26,Ecuador,Alemania,mundial 2026,Tiros a puerta,"T. a puerta Alemania +3.5",0.6443,0,0,
2026-06-26,Ecuador,Alemania,mundial 2026,Tiros a puerta,"T. a puerta Alemania +2.5",0.8174,1,0,
2026-06-26,Ecuador,Alemania,mundial 2026,Tiros a puerta,"Ecuador tira más a puerta",0.4848,0,0,
2026-06-26,Ecuador,Alemania,mundial 2026,Tiros,"Tiros totales +23.5",0.2895,0,0,
2026-06-26,Ecuador,Alemania,mundial 2026,Tiros,"Tiros totales +22.5",0.3656,0,0,
2026-06-26,Ecuador,Alemania,mundial 2026,Tiros,"Tiros totales +21.5",0.4487,0,0,
2026-06-26,Ecuador,Alemania,mundial 2026,Tiros,"Tiros totales +20.5",0.5354,0,0,
2026-06-26,Ecuador,Alemania,mundial 2026,Tiros,"Tiros totales +19.5",0.6218,0,0,
2026-06-26,Ecuador,Alemania,mundial 2026,Tiros,"Tiros totales +18.5",0.7038,0,0,
2026-06-26,Ecuador,Alemania,mundial 2026,Tiros,"Tiros totales +17.5",0.7777,1,0,
2026-06-26,Ecuador,Alemania,mundial 2026,Tiros,"Tiros totales +16.5",0.8408,1,0,
2026-06-26,Ecuador,Alemania,mundial 2026,Tiros,"Tiros Ecuador +13.5",0.1847,0,0,
2026-06-26,Ecuador,Alemania,mundial 2026,Tiros,"Tiros Ecuador +12.5",0.2704,0,0,
2026-06-26,Ecuador,Alemania,mundial 2026,Tiros,"Tiros Ecuador +11.5",0.3753,0,0,
2026-06-26,Ecuador,Alemania,mundial 2026,Tiros,"Tiros Ecuador +10.5",0.4939,0,0,
2026-06-26,Ecuador,Alemania,mundial 2026,Tiros,"Tiros Ecuador +9.5",0.6168,0,0,
2026-06-26,Ecuador,Alemania,mundial 2026,Tiros,"Tiros Ecuador +8.5",0.7324,0,0,
2026-06-26,Ecuador,Alemania,mundial 2026,Tiros,"Tiros Ecuador +7.5",0.8305,0,0,
2026-06-26,Ecuador,Alemania,mundial 2026,Tiros,"Tiros Alemania +12.5",0.2533,0,0,
2026-06-26,Ecuador,Alemania,mundial 2026,Tiros,"Tiros Alemania +11.5",0.3559,0,0,
2026-06-26,Ecuador,Alemania,mundial 2026,Tiros,"Tiros Alemania +10.5",0.4736,1,0,
2026-06-26,Ecuador,Alemania,mundial 2026,Tiros,"Tiros Alemania +9.5",0.5975,1,0,
2026-06-26,Ecuador,Alemania,mundial 2026,Tiros,"Tiros Alemania +8.5",0.7160,1,0,
2026-06-26,Ecuador,Alemania,mundial 2026,Tiros,"Tiros Alemania +7.5",0.8180,1,0,
2026-06-26,Ecuador,Alemania,mundial 2026,Tarjetas,"Tarjetas totales +5.5",0.1091,0,0,
2026-06-26,Ecuador,Alemania,mundial 2026,Tarjetas,"Tarjetas totales +4.5",0.2252,0,0,
2026-06-26,Ecuador,Alemania,mundial 2026,Tarjetas,"Tarjetas totales +3.5",0.4047,0,0,
2026-06-26,Ecuador,Alemania,mundial 2026,Tarjetas,"Tarjetas totales +2.5",0.6268,1,0,
2026-06-26,Ecuador,Alemania,mundial 2026,Tarjetas,"Tarjetas totales +1.5",0.8330,1,0,
2026-06-26,Ecuador,Alemania,mundial 2026,Mitades,"Gol en 1ª parte",0.7144,1,0,
2026-06-26,Ecuador,Alemania,mundial 2026,Mitades,"Gol en 2ª parte",0.8534,1,0,
2026-06-26,Curazao,Costa de Marfil,mundial 2026,1X2,"Gana Curazao",0.1102,0,0,
2026-06-26,Curazao,Costa de Marfil,mundial 2026,1X2,"Empate",0.2032,0,0,
2026-06-26,Curazao,Costa de Marfil,mundial 2026,1X2,"Gana Costa de Marfil",0.6866,1,0,
2026-06-26,Curazao,Costa de Marfil,mundial 2026,1X2,"Curazao o empate (1X)",0.3134,0,0,
2026-06-26,Curazao,Costa de Marfil,mundial 2026,1X2,"Costa de Marfil o empate (X2)",0.8898,1,0,
2026-06-26,Curazao,Costa de Marfil,mundial 2026,1X2,"Sin empate (12)",0.7968,1,0,
2026-06-26,Curazao,Costa de Marfil,mundial 2026,Goles,"Más de 5.5 goles",0.1198,0,0,
2026-06-26,Curazao,Costa de Marfil,mundial 2026,Goles,"Más de 4.5 goles",0.2435,0,0,
2026-06-26,Curazao,Costa de Marfil,mundial 2026,Goles,"Más de 3.5 goles",0.4282,0,0,
2026-06-26,Curazao,Costa de Marfil,mundial 2026,Goles,"Más de 2.5 goles",0.6488,0,0,
2026-06-26,Curazao,Costa de Marfil,mundial 2026,Goles,"Más de 1.5 goles",0.8624,1,0,
2026-06-26,Curazao,Costa de Marfil,mundial 2026,BTTS,"Ambos anotan",0.5659,0,0,
2026-06-26,Curazao,Costa de Marfil,mundial 2026,BTTS,"No ambos anotan",0.4341,1,0,
2026-06-26,Curazao,Costa de Marfil,mundial 2026,Córners,"Córners totales +10.5",0.2229,0,0,
2026-06-26,Curazao,Costa de Marfil,mundial 2026,Córners,"Córners totales +9.5",0.3308,1,0,
2026-06-26,Curazao,Costa de Marfil,mundial 2026,Córners,"Córners totales +8.5",0.4596,1,0,
2026-06-26,Curazao,Costa de Marfil,mundial 2026,Córners,"Córners totales +7.5",0.5980,1,0,
2026-06-26,Curazao,Costa de Marfil,mundial 2026,Córners,"Córners totales +6.5",0.7302,1,0,
2026-06-26,Curazao,Costa de Marfil,mundial 2026,Córners,"Córners totales +5.5",0.8407,1,0,
2026-06-26,Curazao,Costa de Marfil,mundial 2026,Córners,"Córners Curazao +5.5",0.0993,0,0,
2026-06-26,Curazao,Costa de Marfil,mundial 2026,Córners,"Córners Curazao +4.5",0.2097,0,0,
2026-06-26,Curazao,Costa de Marfil,mundial 2026,Córners,"Córners Curazao +3.5",0.3853,1,0,
2026-06-26,Curazao,Costa de Marfil,mundial 2026,Córners,"Córners Curazao +2.5",0.6086,1,0,
2026-06-26,Curazao,Costa de Marfil,mundial 2026,Córners,"Córners Curazao +1.5",0.8215,1,0,
2026-06-26,Curazao,Costa de Marfil,mundial 2026,Córners,"Córners Costa de Marfil +7.5",0.1584,0,0,
2026-06-26,Curazao,Costa de Marfil,mundial 2026,Córners,"Córners Costa de Marfil +6.5",0.2720,0,0,
2026-06-26,Curazao,Costa de Marfil,mundial 2026,Córners,"Córners Costa de Marfil +5.5",0.4242,1,0,
2026-06-26,Curazao,Costa de Marfil,mundial 2026,Córners,"Córners Costa de Marfil +4.5",0.5988,1,0,
2026-06-26,Curazao,Costa de Marfil,mundial 2026,Córners,"Córners Costa de Marfil +3.5",0.7657,1,0,
2026-06-26,Curazao,Costa de Marfil,mundial 2026,Tiros a puerta,"Tiros a puerta totales +11.5",0.2431,0,0,
2026-06-26,Curazao,Costa de Marfil,mundial 2026,Tiros a puerta,"Tiros a puerta totales +10.5",0.3490,0,0,
2026-06-26,Curazao,Costa de Marfil,mundial 2026,Tiros a puerta,"Tiros a puerta totales +9.5",0.4721,0,0,
2026-06-26,Curazao,Costa de Marfil,mundial 2026,Tiros a puerta,"Tiros a puerta totales +8.5",0.6025,0,0,
2026-06-26,Curazao,Costa de Marfil,mundial 2026,Tiros a puerta,"Tiros a puerta totales +7.5",0.7265,0,0,
2026-06-26,Curazao,Costa de Marfil,mundial 2026,Tiros a puerta,"Tiros a puerta totales +6.5",0.8315,0,0,
2026-06-26,Curazao,Costa de Marfil,mundial 2026,Tiros a puerta,"T. a puerta Curazao +5.5",0.1008,0,0,
2026-06-26,Curazao,Costa de Marfil,mundial 2026,Tiros a puerta,"T. a puerta Curazao +4.5",0.2122,0,0,
2026-06-26,Curazao,Costa de Marfil,mundial 2026,Tiros a puerta,"T. a puerta Curazao +3.5",0.3885,0,0,
2026-06-26,Curazao,Costa de Marfil,mundial 2026,Tiros a puerta,"T. a puerta Curazao +2.5",0.6116,0,0,
2026-06-26,Curazao,Costa de Marfil,mundial 2026,Tiros a puerta,"T. a puerta Curazao +1.5",0.8234,1,0,
2026-06-26,Curazao,Costa de Marfil,mundial 2026,Tiros a puerta,"T. a puerta Costa de Marfil +8.5",0.1846,0,0,
2026-06-26,Curazao,Costa de Marfil,mundial 2026,Tiros a puerta,"T. a puerta Costa de Marfil +7.5",0.2974,0,0,
2026-06-26,Curazao,Costa de Marfil,mundial 2026,Tiros a puerta,"T. a puerta Costa de Marfil +6.5",0.4408,0,0,
2026-06-26,Curazao,Costa de Marfil,mundial 2026,Tiros a puerta,"T. a puerta Costa de Marfil +5.5",0.6003,0,0,
2026-06-26,Curazao,Costa de Marfil,mundial 2026,Tiros a puerta,"T. a puerta Costa de Marfil +4.5",0.7524,0,0,
2026-06-26,Curazao,Costa de Marfil,mundial 2026,Tiros a puerta,"T. a puerta Costa de Marfil +3.5",0.8732,0,0,
2026-06-26,Curazao,Costa de Marfil,mundial 2026,Tiros a puerta,"Curazao tira más a puerta",0.3342,0,0,
2026-06-26,Curazao,Costa de Marfil,mundial 2026,Tiros,"Tiros totales +26.5",0.2765,0,0,
2026-06-26,Curazao,Costa de Marfil,mundial 2026,Tiros,"Tiros totales +25.5",0.3466,0,0,
2026-06-26,Curazao,Costa de Marfil,mundial 2026,Tiros,"Tiros totales +24.5",0.4235,0,0,
2026-06-26,Curazao,Costa de Marfil,mundial 2026,Tiros,"Tiros totales +23.5",0.5046,0,0,
2026-06-26,Curazao,Costa de Marfil,mundial 2026,Tiros,"Tiros totales +22.5",0.5865,0,0,
2026-06-26,Curazao,Costa de Marfil,mundial 2026,Tiros,"Tiros totales +21.5",0.6660,0,0,
2026-06-26,Curazao,Costa de Marfil,mundial 2026,Tiros,"Tiros totales +20.5",0.7397,0,0,
2026-06-26,Curazao,Costa de Marfil,mundial 2026,Tiros,"Tiros totales +19.5",0.8049,0,0,
2026-06-26,Curazao,Costa de Marfil,mundial 2026,Tiros,"Tiros totales +18.5",0.8599,0,0,
2026-06-26,Curazao,Costa de Marfil,mundial 2026,Tiros,"Tiros Curazao +10.5",0.2176,1,0,
2026-06-26,Curazao,Costa de Marfil,mundial 2026,Tiros,"Tiros Curazao +9.5",0.3244,1,0,
2026-06-26,Curazao,Costa de Marfil,mundial 2026,Tiros,"Tiros Curazao +8.5",0.4527,1,0,
2026-06-26,Curazao,Costa de Marfil,mundial 2026,Tiros,"Tiros Curazao +7.5",0.5914,1,0,
2026-06-26,Curazao,Costa de Marfil,mundial 2026,Tiros,"Tiros Curazao +6.5",0.7247,1,0,
2026-06-26,Curazao,Costa de Marfil,mundial 2026,Tiros,"Tiros Curazao +5.5",0.8367,1,0,
2026-06-26,Curazao,Costa de Marfil,mundial 2026,Tiros,"Tiros Costa de Marfil +17.5",0.2857,0,0,
2026-06-26,Curazao,Costa de Marfil,mundial 2026,Tiros,"Tiros Costa de Marfil +16.5",0.3746,0,0,
2026-06-26,Curazao,Costa de Marfil,mundial 2026,Tiros,"Tiros Costa de Marfil +15.5",0.4726,0,0,
2026-06-26,Curazao,Costa de Marfil,mundial 2026,Tiros,"Tiros Costa de Marfil +14.5",0.5745,0,0,
2026-06-26,Curazao,Costa de Marfil,mundial 2026,Tiros,"Tiros Costa de Marfil +13.5",0.6738,0,0,
2026-06-26,Curazao,Costa de Marfil,mundial 2026,Tiros,"Tiros Costa de Marfil +12.5",0.7641,0,0,
2026-06-26,Curazao,Costa de Marfil,mundial 2026,Tiros,"Tiros Costa de Marfil +11.5",0.8403,0,0,
2026-06-26,Curazao,Costa de Marfil,mundial 2026,Tarjetas,"Tarjetas totales +6.5",0.1173,0,0,
2026-06-26,Curazao,Costa de Marfil,mundial 2026,Tarjetas,"Tarjetas totales +5.5",0.2247,0,0,
2026-06-26,Curazao,Costa de Marfil,mundial 2026,Tarjetas,"Tarjetas totales +4.5",0.3834,0,0,
2026-06-26,Curazao,Costa de Marfil,mundial 2026,Tarjetas,"Tarjetas totales +3.5",0.5787,0,0,
2026-06-26,Curazao,Costa de Marfil,mundial 2026,Tarjetas,"Tarjetas totales +2.5",0.7709,0,0,
2026-06-26,Curazao,Costa de Marfil,mundial 2026,Mitades,"Gol en 1ª parte",0.7455,1,0,
2026-06-26,Curazao,Costa de Marfil,mundial 2026,Mitades,"Gol en 2ª parte",0.7142,1,0,
2026-06-26,Japón,Suecia,mundial 2026,1X2,"Gana Japón",0.5530,0,0,
2026-06-26,Japón,Suecia,mundial 2026,1X2,"Empate",0.2316,1,0,
2026-06-26,Japón,Suecia,mundial 2026,1X2,"Gana Suecia",0.2154,0,0,
2026-06-26,Japón,Suecia,mundial 2026,1X2,"Japón o empate (1X)",0.7846,1,0,
2026-06-26,Japón,Suecia,mundial 2026,1X2,"Suecia o empate (X2)",0.4470,1,0,
2026-06-26,Japón,Suecia,mundial 2026,1X2,"Sin empate (12)",0.7684,0,0,
2026-06-26,Japón,Suecia,mundial 2026,Goles,"Más de 4.5 goles",0.1551,0,0,
2026-06-26,Japón,Suecia,mundial 2026,Goles,"Más de 3.5 goles",0.3123,0,0,
2026-06-26,Japón,Suecia,mundial 2026,Goles,"Más de 2.5 goles",0.5353,0,0,
2026-06-26,Japón,Suecia,mundial 2026,Goles,"Más de 1.5 goles",0.7723,1,0,
2026-06-26,Japón,Suecia,mundial 2026,BTTS,"Ambos anotan",0.5352,1,0,
2026-06-26,Japón,Suecia,mundial 2026,BTTS,"No ambos anotan",0.4648,0,0,
2026-06-26,Japón,Suecia,mundial 2026,Córners,"Córners totales +10.5",0.2060,0,0,
2026-06-26,Japón,Suecia,mundial 2026,Córners,"Córners totales +9.5",0.3103,1,0,
2026-06-26,Japón,Suecia,mundial 2026,Córners,"Córners totales +8.5",0.4374,1,0,
2026-06-26,Japón,Suecia,mundial 2026,Córners,"Córners totales +7.5",0.5766,1,0,
2026-06-26,Japón,Suecia,mundial 2026,Córners,"Córners totales +6.5",0.7121,1,0,
2026-06-26,Japón,Suecia,mundial 2026,Córners,"Córners totales +5.5",0.8276,1,0,
2026-06-26,Japón,Suecia,mundial 2026,Córners,"Córners Japón +7.5",0.0917,0,0,
2026-06-26,Japón,Suecia,mundial 2026,Córners,"Córners Japón +6.5",0.1769,0,0,
2026-06-26,Japón,Suecia,mundial 2026,Córners,"Córners Japón +5.5",0.3076,0,0,
2026-06-26,Japón,Suecia,mundial 2026,Córners,"Córners Japón +4.5",0.4795,0,0,
2026-06-26,Japón,Suecia,mundial 2026,Córners,"Córners Japón +3.5",0.6680,0,0,
2026-06-26,Japón,Suecia,mundial 2026,Córners,"Córners Japón +2.5",0.8332,0,0,
2026-06-26,Japón,Suecia,mundial 2026,Córners,"Córners Suecia +5.5",0.1633,1,0,
2026-06-26,Japón,Suecia,mundial 2026,Córners,"Córners Suecia +4.5",0.3037,1,0,
2026-06-26,Japón,Suecia,mundial 2026,Córners,"Córners Suecia +3.5",0.4960,1,0,
2026-06-26,Japón,Suecia,mundial 2026,Córners,"Córners Suecia +2.5",0.7065,1,0,
2026-06-26,Japón,Suecia,mundial 2026,Córners,"Córners Suecia +1.5",0.8794,1,0,
2026-06-26,Japón,Suecia,mundial 2026,Tiros a puerta,"Tiros a puerta totales +10.5",0.2088,0,0,
2026-06-26,Japón,Suecia,mundial 2026,Tiros a puerta,"Tiros a puerta totales +9.5",0.3138,0,0,
2026-06-26,Japón,Suecia,mundial 2026,Tiros a puerta,"Tiros a puerta totales +8.5",0.4412,0,0,
2026-06-26,Japón,Suecia,mundial 2026,Tiros a puerta,"Tiros a puerta totales +7.5",0.5803,1,0,
2026-06-26,Japón,Suecia,mundial 2026,Tiros a puerta,"Tiros a puerta totales +6.5",0.7153,1,0,
2026-06-26,Japón,Suecia,mundial 2026,Tiros a puerta,"Tiros a puerta totales +5.5",0.8299,1,0,
2026-06-26,Japón,Suecia,mundial 2026,Tiros a puerta,"T. a puerta Japón +6.5",0.1399,0,0,
2026-06-26,Japón,Suecia,mundial 2026,Tiros a puerta,"T. a puerta Japón +5.5",0.2573,0,0,
2026-06-26,Japón,Suecia,mundial 2026,Tiros a puerta,"T. a puerta Japón +4.5",0.4225,0,0,
2026-06-26,Japón,Suecia,mundial 2026,Tiros a puerta,"T. a puerta Japón +3.5",0.6163,0,0,
2026-06-26,Japón,Suecia,mundial 2026,Tiros a puerta,"T. a puerta Japón +2.5",0.7980,1,0,
2026-06-26,Japón,Suecia,mundial 2026,Tiros a puerta,"T. a puerta Suecia +6.5",0.1084,0,0,
2026-06-26,Japón,Suecia,mundial 2026,Tiros a puerta,"T. a puerta Suecia +5.5",0.2115,0,0,
2026-06-26,Japón,Suecia,mundial 2026,Tiros a puerta,"T. a puerta Suecia +4.5",0.3669,1,0,
2026-06-26,Japón,Suecia,mundial 2026,Tiros a puerta,"T. a puerta Suecia +3.5",0.5623,1,0,
2026-06-26,Japón,Suecia,mundial 2026,Tiros a puerta,"T. a puerta Suecia +2.5",0.7587,1,0,
2026-06-26,Japón,Suecia,mundial 2026,Tiros a puerta,"Japón tira más a puerta",0.5173,0,0,
2026-06-26,Japón,Suecia,mundial 2026,Tiros,"Tiros totales +21.5",0.2484,0,0,
2026-06-26,Japón,Suecia,mundial 2026,Tiros,"Tiros totales +20.5",0.3237,0,0,
2026-06-26,Japón,Suecia,mundial 2026,Tiros,"Tiros totales +19.5",0.4085,0,0,
2026-06-26,Japón,Suecia,mundial 2026,Tiros,"Tiros totales +18.5",0.4993,1,0,
2026-06-26,Japón,Suecia,mundial 2026,Tiros,"Tiros totales +17.5",0.5918,1,0,
2026-06-26,Japón,Suecia,mundial 2026,Tiros,"Tiros totales +16.5",0.6810,1,0,
2026-06-26,Japón,Suecia,mundial 2026,Tiros,"Tiros totales +15.5",0.7623,1,0,
2026-06-26,Japón,Suecia,mundial 2026,Tiros,"Tiros totales +14.5",0.8320,1,0,
2026-06-26,Japón,Suecia,mundial 2026,Tiros,"Tiros Japón +12.5",0.2157,0,0,
2026-06-26,Japón,Suecia,mundial 2026,Tiros,"Tiros Japón +11.5",0.3118,0,0,
2026-06-26,Japón,Suecia,mundial 2026,Tiros,"Tiros Japón +10.5",0.4264,0,0,
2026-06-26,Japón,Suecia,mundial 2026,Tiros,"Tiros Japón +9.5",0.5515,0,0,
2026-06-26,Japón,Suecia,mundial 2026,Tiros,"Tiros Japón +8.5",0.6756,0,0,
2026-06-26,Japón,Suecia,mundial 2026,Tiros,"Tiros Japón +7.5",0.7865,1,0,
2026-06-26,Japón,Suecia,mundial 2026,Tiros,"Tiros Japón +6.5",0.8745,1,0,
2026-06-26,Japón,Suecia,mundial 2026,Tiros,"Tiros Suecia +11.5",0.1587,0,0,
2026-06-26,Japón,Suecia,mundial 2026,Tiros,"Tiros Suecia +10.5",0.2461,1,0,
2026-06-26,Japón,Suecia,mundial 2026,Tiros,"Tiros Suecia +9.5",0.3581,1,0,
2026-06-26,Japón,Suecia,mundial 2026,Tiros,"Tiros Suecia +8.5",0.4885,1,0,
2026-06-26,Japón,Suecia,mundial 2026,Tiros,"Tiros Suecia +7.5",0.6253,1,0,
2026-06-26,Japón,Suecia,mundial 2026,Tiros,"Tiros Suecia +6.5",0.7528,1,0,
2026-06-26,Japón,Suecia,mundial 2026,Tiros,"Tiros Suecia +5.5",0.8567,1,0,
2026-06-26,Japón,Suecia,mundial 2026,Tarjetas,"Tarjetas totales +4.5",0.1119,0,0,
2026-06-26,Japón,Suecia,mundial 2026,Tarjetas,"Tarjetas totales +3.5",0.2473,0,0,
2026-06-26,Japón,Suecia,mundial 2026,Tarjetas,"Tarjetas totales +2.5",0.4620,1,0,
2026-06-26,Japón,Suecia,mundial 2026,Tarjetas,"Tarjetas totales +1.5",0.7173,1,0,
2026-06-26,Japón,Suecia,mundial 2026,Mitades,"Gol en 1ª parte",0.8111,0,0,
2026-06-26,Japón,Suecia,mundial 2026,Mitades,"Gol en 2ª parte",0.8812,1,0,
2026-06-26,Túnez,Países Bajos,mundial 2026,1X2,"Gana Túnez",0.0246,0,0,
2026-06-26,Túnez,Países Bajos,mundial 2026,1X2,"Empate",0.0964,0,0,
2026-06-26,Túnez,Países Bajos,mundial 2026,1X2,"Gana Países Bajos",0.8790,1,0,
2026-06-26,Túnez,Países Bajos,mundial 2026,1X2,"Túnez o empate (1X)",0.1210,0,0,
2026-06-26,Túnez,Países Bajos,mundial 2026,1X2,"Países Bajos o empate (X2)",0.9754,1,0,
2026-06-26,Túnez,Países Bajos,mundial 2026,1X2,"Sin empate (12)",0.9036,1,0,
2026-06-26,Túnez,Países Bajos,mundial 2026,Goles,"Más de 5.5 goles",0.1462,0,0,
2026-06-26,Túnez,Países Bajos,mundial 2026,Goles,"Más de 4.5 goles",0.2876,0,0,
2026-06-26,Túnez,Países Bajos,mundial 2026,Goles,"Más de 3.5 goles",0.4824,1,0,
2026-06-26,Túnez,Países Bajos,mundial 2026,Goles,"Más de 2.5 goles",0.6972,1,0,
2026-06-26,Túnez,Países Bajos,mundial 2026,BTTS,"Ambos anotan",0.3652,1,0,
2026-06-26,Túnez,Países Bajos,mundial 2026,BTTS,"No ambos anotan",0.6348,0,0,
2026-06-26,Túnez,Países Bajos,mundial 2026,Córners,"Córners totales +11.5",0.2133,0,0,
2026-06-26,Túnez,Países Bajos,mundial 2026,Córners,"Córners totales +10.5",0.3137,0,0,
2026-06-26,Túnez,Países Bajos,mundial 2026,Córners,"Córners totales +9.5",0.4343,1,0,
2026-06-26,Túnez,Países Bajos,mundial 2026,Córners,"Córners totales +8.5",0.5659,1,0,
2026-06-26,Túnez,Países Bajos,mundial 2026,Córners,"Córners totales +7.5",0.6951,1,0,
2026-06-26,Túnez,Países Bajos,mundial 2026,Córners,"Córners totales +6.5",0.8078,1,0,
2026-06-26,Túnez,Países Bajos,mundial 2026,Córners,"Córners Túnez +5.5",0.0813,0,0,
2026-06-26,Túnez,Países Bajos,mundial 2026,Córners,"Córners Túnez +4.5",0.1804,0,0,
2026-06-26,Túnez,Países Bajos,mundial 2026,Córners,"Córners Túnez +3.5",0.3469,1,0,
2026-06-26,Túnez,Países Bajos,mundial 2026,Córners,"Córners Túnez +2.5",0.5710,1,0,
2026-06-26,Túnez,Países Bajos,mundial 2026,Córners,"Córners Túnez +1.5",0.7969,1,0,
2026-06-26,Túnez,Países Bajos,mundial 2026,Córners,"Córners Países Bajos +8.5",0.1731,0,0,
2026-06-26,Túnez,Países Bajos,mundial 2026,Córners,"Córners Países Bajos +7.5",0.2827,0,0,
2026-06-26,Túnez,Países Bajos,mundial 2026,Córners,"Córners Países Bajos +6.5",0.4243,0,0,
2026-06-26,Túnez,Países Bajos,mundial 2026,Córners,"Córners Países Bajos +5.5",0.5845,1,0,
2026-06-26,Túnez,Países Bajos,mundial 2026,Córners,"Córners Países Bajos +4.5",0.7397,1,0,
2026-06-26,Túnez,Países Bajos,mundial 2026,Córners,"Córners Países Bajos +3.5",0.8650,1,0,
2026-06-26,Túnez,Países Bajos,mundial 2026,Tiros a puerta,"Tiros a puerta totales +11.5",0.1560,0,0,
2026-06-26,Túnez,Países Bajos,mundial 2026,Tiros a puerta,"Tiros a puerta totales +10.5",0.2426,1,0,
2026-06-26,Túnez,Países Bajos,mundial 2026,Tiros a puerta,"Tiros a puerta totales +9.5",0.3540,1,0,
2026-06-26,Túnez,Países Bajos,mundial 2026,Tiros a puerta,"Tiros a puerta totales +8.5",0.4843,1,0,
2026-06-26,Túnez,Países Bajos,mundial 2026,Tiros a puerta,"Tiros a puerta totales +7.5",0.6213,1,0,
2026-06-26,Túnez,Países Bajos,mundial 2026,Tiros a puerta,"Tiros a puerta totales +6.5",0.7495,1,0,
2026-06-26,Túnez,Países Bajos,mundial 2026,Tiros a puerta,"Tiros a puerta totales +5.5",0.8544,1,0,
2026-06-26,Túnez,Países Bajos,mundial 2026,Tiros a puerta,"T. a puerta Túnez +3.5",0.1681,1,0,
2026-06-26,Túnez,Países Bajos,mundial 2026,Tiros a puerta,"T. a puerta Túnez +2.5",0.3599,1,0,
2026-06-26,Túnez,Países Bajos,mundial 2026,Tiros a puerta,"T. a puerta Túnez +1.5",0.6294,1,0,
2026-06-26,Túnez,Países Bajos,mundial 2026,Tiros a puerta,"T. a puerta Países Bajos +8.5",0.1988,0,0,
2026-06-26,Túnez,Países Bajos,mundial 2026,Tiros a puerta,"T. a puerta Países Bajos +7.5",0.3154,0,0,
2026-06-26,Túnez,Países Bajos,mundial 2026,Tiros a puerta,"T. a puerta Países Bajos +6.5",0.4606,1,0,
2026-06-26,Túnez,Países Bajos,mundial 2026,Tiros a puerta,"T. a puerta Países Bajos +5.5",0.6190,1,0,
2026-06-26,Túnez,Países Bajos,mundial 2026,Tiros a puerta,"T. a puerta Países Bajos +4.5",0.7671,1,0,
2026-06-26,Túnez,Países Bajos,mundial 2026,Tiros a puerta,"Túnez tira más a puerta",0.2496,0,0,
2026-06-26,Túnez,Países Bajos,mundial 2026,Tiros,"Tiros totales +23.5",0.2916,1,0,
2026-06-26,Túnez,Países Bajos,mundial 2026,Tiros,"Tiros totales +22.5",0.3678,1,0,
2026-06-26,Túnez,Países Bajos,mundial 2026,Tiros,"Tiros totales +21.5",0.4510,1,0,
2026-06-26,Túnez,Países Bajos,mundial 2026,Tiros,"Tiros totales +20.5",0.5377,1,0,
2026-06-26,Túnez,Países Bajos,mundial 2026,Tiros,"Tiros totales +19.5",0.6239,1,0,
2026-06-26,Túnez,Países Bajos,mundial 2026,Tiros,"Tiros totales +18.5",0.7057,1,0,
2026-06-26,Túnez,Países Bajos,mundial 2026,Tiros,"Tiros totales +17.5",0.7794,1,0,
2026-06-26,Túnez,Países Bajos,mundial 2026,Tiros,"Tiros totales +16.5",0.8422,1,0,
2026-06-26,Túnez,Países Bajos,mundial 2026,Tiros,"Tiros Túnez +9.5",0.1601,1,0,
2026-06-26,Túnez,Países Bajos,mundial 2026,Tiros,"Tiros Túnez +8.5",0.2588,1,0,
2026-06-26,Túnez,Países Bajos,mundial 2026,Tiros,"Tiros Túnez +7.5",0.3873,1,0,
2026-06-26,Túnez,Países Bajos,mundial 2026,Tiros,"Tiros Túnez +6.5",0.5362,1,0,
2026-06-26,Túnez,Países Bajos,mundial 2026,Tiros,"Tiros Túnez +5.5",0.6871,1,0,
2026-06-26,Túnez,Países Bajos,mundial 2026,Tiros,"Tiros Túnez +4.5",0.8183,1,0,
2026-06-26,Túnez,Países Bajos,mundial 2026,Tiros,"Tiros Países Bajos +16.5",0.2611,1,0,
2026-06-26,Túnez,Países Bajos,mundial 2026,Tiros,"Tiros Países Bajos +15.5",0.3499,1,0,
2026-06-26,Túnez,Países Bajos,mundial 2026,Tiros,"Tiros Países Bajos +14.5",0.4501,1,0,
2026-06-26,Túnez,Países Bajos,mundial 2026,Tiros,"Tiros Países Bajos +13.5",0.5559,1,0,
2026-06-26,Túnez,Países Bajos,mundial 2026,Tiros,"Tiros Países Bajos +12.5",0.6603,1,0,
2026-06-26,Túnez,Países Bajos,mundial 2026,Tiros,"Tiros Países Bajos +11.5",0.7560,1,0,
2026-06-26,Túnez,Países Bajos,mundial 2026,Tiros,"Tiros Países Bajos +10.5",0.8368,1,0,
2026-06-26,Túnez,Países Bajos,mundial 2026,Tarjetas,"Tarjetas totales +5.5",0.1406,0,0,
2026-06-26,Túnez,Países Bajos,mundial 2026,Tarjetas,"Tarjetas totales +4.5",0.2720,0,0,
2026-06-26,Túnez,Países Bajos,mundial 2026,Tarjetas,"Tarjetas totales +3.5",0.4604,0,0,
2026-06-26,Túnez,Países Bajos,mundial 2026,Tarjetas,"Tarjetas totales +2.5",0.6766,0,0,
2026-06-26,Túnez,Países Bajos,mundial 2026,Tarjetas,"Tarjetas totales +1.5",0.8627,0,0,
2026-06-26,Túnez,Países Bajos,mundial 2026,Mitades,"Gol en 1ª parte",0.7198,1,0,
2026-06-26,Túnez,Países Bajos,mundial 2026,Mitades,"Gol en 2ª parte",0.8832,1,0,
2026-06-26,Paraguay,Australia,,1X2,"Gana Paraguay",0.3547,0,0,
2026-06-26,Paraguay,Australia,,1X2,"Empate",0.2941,1,0,
2026-06-26,Paraguay,Australia,,1X2,"Gana Australia",0.3512,0,0,
2026-06-26,Paraguay,Australia,,1X2,"Paraguay o empate (1X)",0.6488,1,0,
2026-06-26,Paraguay,Australia,,1X2,"Australia o empate (X2)",0.6453,1,0,
2026-06-26,Paraguay,Australia,,1X2,"Sin empate (12)",0.7059,0,0,
2026-06-26,Paraguay,Australia,,Goles,"Más de 4.5 goles",0.0838,0,0,
2026-06-26,Paraguay,Australia,,Goles,"Más de 3.5 goles",0.2007,0,0,
2026-06-26,Paraguay,Australia,,Goles,"Más de 2.5 goles",0.4041,0,0,
2026-06-26,Paraguay,Australia,,Goles,"Más de 1.5 goles",0.6745,0,0,
2026-06-26,Paraguay,Australia,,BTTS,"Ambos anotan",0.4723,0,0,
2026-06-26,Paraguay,Australia,,BTTS,"No ambos anotan",0.5277,1,0,
2026-06-26,Paraguay,Australia,,Córners,"Córners totales +11.5",0.1991,0,0,
2026-06-26,Paraguay,Australia,,Córners,"Córners totales +10.5",0.2965,0,0,
2026-06-26,Paraguay,Australia,,Córners,"Córners totales +9.5",0.4154,0,0,
2026-06-26,Paraguay,Australia,,Córners,"Córners totales +8.5",0.5472,0,0,
2026-06-26,Paraguay,Australia,,Córners,"Córners totales +7.5",0.6786,0,0,
2026-06-26,Paraguay,Australia,,Córners,"Córners totales +6.5",0.7952,0,0,
2026-06-26,Paraguay,Australia,,Córners,"Córners Paraguay +7.5",0.1225,0,0,
2026-06-26,Paraguay,Australia,,Córners,"Córners Paraguay +6.5",0.2224,0,0,
2026-06-26,Paraguay,Australia,,Córners,"Córners Paraguay +5.5",0.3653,0,0,
2026-06-26,Paraguay,Australia,,Córners,"Córners Paraguay +4.5",0.5406,0,0,
2026-06-26,Paraguay,Australia,,Córners,"Córners Paraguay +3.5",0.7197,0,0,
2026-06-26,Paraguay,Australia,,Córners,"Córners Paraguay +2.5",0.8661,0,0,
2026-06-26,Paraguay,Australia,,Córners,"Córners Australia +6.5",0.1244,0,0,
2026-06-26,Paraguay,Australia,,Córners,"Córners Australia +5.5",0.2352,0,0,
2026-06-26,Paraguay,Australia,,Córners,"Córners Australia +4.5",0.3961,0,0,
2026-06-26,Paraguay,Australia,,Córners,"Córners Australia +3.5",0.5911,0,0,
2026-06-26,Paraguay,Australia,,Córners,"Córners Australia +2.5",0.7800,1,0,
2026-06-26,Paraguay,Australia,,Tiros a puerta,"Tiros a puerta totales +10.5",0.1532,0,0,
2026-06-26,Paraguay,Australia,,Tiros a puerta,"Tiros a puerta totales +9.5",0.2439,0,0,
2026-06-26,Paraguay,Australia,,Tiros a puerta,"Tiros a puerta totales +8.5",0.3622,0,0,
2026-06-26,Paraguay,Australia,,Tiros a puerta,"Tiros a puerta totales +7.5",0.5008,0,0,
2026-06-26,Paraguay,Australia,,Tiros a puerta,"Tiros a puerta totales +6.5",0.6453,1,0,
2026-06-26,Paraguay,Australia,,Tiros a puerta,"Tiros a puerta totales +5.5",0.7771,1,0,
2026-06-26,Paraguay,Australia,,Tiros a puerta,"T. a puerta Paraguay +6.5",0.1225,0,0,
2026-06-26,Paraguay,Australia,,Tiros a puerta,"T. a puerta Paraguay +5.5",0.2323,0,0,
2026-06-26,Paraguay,Australia,,Tiros a puerta,"T. a puerta Paraguay +4.5",0.3926,0,0,
2026-06-26,Paraguay,Australia,,Tiros a puerta,"T. a puerta Paraguay +3.5",0.5877,0,0,
2026-06-26,Paraguay,Australia,,Tiros a puerta,"T. a puerta Paraguay +2.5",0.7776,0,0,
2026-06-26,Paraguay,Australia,,Tiros a puerta,"T. a puerta Australia +5.5",0.1511,0,0,
2026-06-26,Paraguay,Australia,,Tiros a puerta,"T. a puerta Australia +4.5",0.2868,1,0,
2026-06-26,Paraguay,Australia,,Tiros a puerta,"T. a puerta Australia +3.5",0.4773,1,0,
2026-06-26,Paraguay,Australia,,Tiros a puerta,"T. a puerta Australia +2.5",0.6910,1,0,
2026-06-26,Paraguay,Australia,,Tiros a puerta,"T. a puerta Australia +1.5",0.8708,1,0,
2026-06-26,Paraguay,Australia,,Tiros a puerta,"Paraguay tira más a puerta",0.5355,0,0,
2026-06-26,Paraguay,Australia,,Tiros,"Tiros totales +21.5",0.2658,0,0,
2026-06-26,Paraguay,Australia,,Tiros,"Tiros totales +20.5",0.3432,0,0,
2026-06-26,Paraguay,Australia,,Tiros,"Tiros totales +19.5",0.4292,0,0,
2026-06-26,Paraguay,Australia,,Tiros,"Tiros totales +18.5",0.5203,1,0,
2026-06-26,Paraguay,Australia,,Tiros,"Tiros totales +17.5",0.6119,1,0,
2026-06-26,Paraguay,Australia,,Tiros,"Tiros totales +16.5",0.6992,1,0,
2026-06-26,Paraguay,Australia,,Tiros,"Tiros totales +15.5",0.7778,1,0,
2026-06-26,Paraguay,Australia,,Tiros,"Tiros totales +14.5",0.8444,1,0,
2026-06-26,Paraguay,Australia,,Tiros,"Tiros Paraguay +12.5",0.1697,0,0,
2026-06-26,Paraguay,Australia,,Tiros,"Tiros Paraguay +11.5",0.2558,0,0,
2026-06-26,Paraguay,Australia,,Tiros,"Tiros Paraguay +10.5",0.3636,0,0,
2026-06-26,Paraguay,Australia,,Tiros,"Tiros Paraguay +9.5",0.4876,0,0,
2026-06-26,Paraguay,Australia,,Tiros,"Tiros Paraguay +8.5",0.6170,0,0,
2026-06-26,Paraguay,Australia,,Tiros,"Tiros Paraguay +7.5",0.7388,0,0,
2026-06-26,Paraguay,Australia,,Tiros,"Tiros Paraguay +6.5",0.8405,1,0,
2026-06-26,Paraguay,Australia,,Tiros,"Tiros Australia +11.5",0.2286,1,0,
2026-06-26,Paraguay,Australia,,Tiros,"Tiros Australia +10.5",0.3320,1,0,
2026-06-26,Paraguay,Australia,,Tiros,"Tiros Australia +9.5",0.4541,1,0,
2026-06-26,Paraguay,Australia,,Tiros,"Tiros Australia +8.5",0.5852,1,0,
2026-06-26,Paraguay,Australia,,Tiros,"Tiros Australia +7.5",0.7118,1,0,
2026-06-26,Paraguay,Australia,,Tiros,"Tiros Australia +6.5",0.8205,1,0,
2026-06-26,Paraguay,Australia,,Tarjetas,"Tarjetas totales +7.5",0.1867,0,0,
2026-06-26,Paraguay,Australia,,Tarjetas,"Tarjetas totales +6.5",0.3091,0,0,
2026-06-26,Paraguay,Australia,,Tarjetas,"Tarjetas totales +5.5",0.4657,0,0,
2026-06-26,Paraguay,Australia,,Tarjetas,"Tarjetas totales +4.5",0.6376,0,0,
2026-06-26,Paraguay,Australia,,Tarjetas,"Tarjetas totales +3.5",0.7947,0,0,
2026-06-26,Paraguay,Australia,,Mitades,"Gol en 1ª parte",0.7773,0,0,
2026-06-26,Paraguay,Australia,,Mitades,"Gol en 2ª parte",0.7040,0,0,
2026-06-26,Estados Unidos,Turquía,mundial 2026,1X2,"Gana Estados Unidos",0.4390,0,0,
2026-06-26,Estados Unidos,Turquía,mundial 2026,1X2,"Empate",0.2736,0,0,
2026-06-26,Estados Unidos,Turquía,mundial 2026,1X2,"Gana Turquía",0.2874,1,0,
2026-06-26,Estados Unidos,Turquía,mundial 2026,1X2,"Estados Unidos o empate (1X)",0.7126,0,0,
2026-06-26,Estados Unidos,Turquía,mundial 2026,1X2,"Turquía o empate (X2)",0.5610,1,0,
2026-06-26,Estados Unidos,Turquía,mundial 2026,1X2,"Sin empate (12)",0.7264,1,0,
2026-06-26,Estados Unidos,Turquía,mundial 2026,Goles,"Más de 4.5 goles",0.0936,1,0,
2026-06-26,Estados Unidos,Turquía,mundial 2026,Goles,"Más de 3.5 goles",0.2175,1,0,
2026-06-26,Estados Unidos,Turquía,mundial 2026,Goles,"Más de 2.5 goles",0.4256,1,0,
2026-06-26,Estados Unidos,Turquía,mundial 2026,Goles,"Más de 1.5 goles",0.6876,1,0,
2026-06-26,Estados Unidos,Turquía,mundial 2026,BTTS,"Ambos anotan",0.4771,1,0,
2026-06-26,Estados Unidos,Turquía,mundial 2026,BTTS,"No ambos anotan",0.5229,0,0,
2026-06-26,Estados Unidos,Turquía,mundial 2026,Córners,"Córners totales +13.5",0.1852,0,0,
2026-06-26,Estados Unidos,Turquía,mundial 2026,Córners,"Córners totales +12.5",0.2710,0,0,
2026-06-26,Estados Unidos,Turquía,mundial 2026,Córners,"Córners totales +11.5",0.3761,0,0,
2026-06-26,Estados Unidos,Turquía,mundial 2026,Córners,"Córners totales +10.5",0.4947,1,0,
2026-06-26,Estados Unidos,Turquía,mundial 2026,Córners,"Córners totales +9.5",0.6174,1,0,
2026-06-26,Estados Unidos,Turquía,mundial 2026,Córners,"Córners totales +8.5",0.7330,1,0,
2026-06-26,Estados Unidos,Turquía,mundial 2026,Córners,"Córners totales +7.5",0.8309,1,0,
2026-06-26,Estados Unidos,Turquía,mundial 2026,Córners,"Córners Estados Unidos +7.5",0.1677,1,0,
2026-06-26,Estados Unidos,Turquía,mundial 2026,Córners,"Córners Estados Unidos +6.5",0.2844,1,0,
2026-06-26,Estados Unidos,Turquía,mundial 2026,Córners,"Córners Estados Unidos +5.5",0.4383,1,0,
2026-06-26,Estados Unidos,Turquía,mundial 2026,Córners,"Córners Estados Unidos +4.5",0.6121,1,0,
2026-06-26,Estados Unidos,Turquía,mundial 2026,Córners,"Córners Estados Unidos +3.5",0.7758,1,0,
2026-06-26,Estados Unidos,Turquía,mundial 2026,Córners,"Córners Turquía +7.5",0.1683,0,0,
2026-06-26,Estados Unidos,Turquía,mundial 2026,Córners,"Córners Turquía +6.5",0.2852,0,0,
2026-06-26,Estados Unidos,Turquía,mundial 2026,Córners,"Córners Turquía +5.5",0.4391,0,0,
2026-06-26,Estados Unidos,Turquía,mundial 2026,Córners,"Córners Turquía +4.5",0.6129,0,0,
2026-06-26,Estados Unidos,Turquía,mundial 2026,Córners,"Córners Turquía +3.5",0.7764,0,0,
2026-06-26,Estados Unidos,Turquía,mundial 2026,Tiros a puerta,"Tiros a puerta totales +10.5",0.2048,0,0,
2026-06-26,Estados Unidos,Turquía,mundial 2026,Tiros a puerta,"Tiros a puerta totales +9.5",0.3089,1,0,
2026-06-26,Estados Unidos,Turquía,mundial 2026,Tiros a puerta,"Tiros a puerta totales +8.5",0.4358,1,0,
2026-06-26,Estados Unidos,Turquía,mundial 2026,Tiros a puerta,"Tiros a puerta totales +7.5",0.5750,1,0,
2026-06-26,Estados Unidos,Turquía,mundial 2026,Tiros a puerta,"Tiros a puerta totales +6.5",0.7108,1,0,
2026-06-26,Estados Unidos,Turquía,mundial 2026,Tiros a puerta,"Tiros a puerta totales +5.5",0.8267,1,0,
2026-06-26,Estados Unidos,Turquía,mundial 2026,Tiros a puerta,"T. a puerta Estados Unidos +7.5",0.0923,0,0,
2026-06-26,Estados Unidos,Turquía,mundial 2026,Tiros a puerta,"T. a puerta Estados Unidos +6.5",0.1778,1,0,
2026-06-26,Estados Unidos,Turquía,mundial 2026,Tiros a puerta,"T. a puerta Estados Unidos +5.5",0.3088,1,0,
2026-06-26,Estados Unidos,Turquía,mundial 2026,Tiros a puerta,"T. a puerta Estados Unidos +4.5",0.4809,1,0,
2026-06-26,Estados Unidos,Turquía,mundial 2026,Tiros a puerta,"T. a puerta Estados Unidos +3.5",0.6692,1,0,
2026-06-26,Estados Unidos,Turquía,mundial 2026,Tiros a puerta,"T. a puerta Estados Unidos +2.5",0.8340,1,0,
2026-06-26,Estados Unidos,Turquía,mundial 2026,Tiros a puerta,"T. a puerta Turquía +5.5",0.1607,0,0,
2026-06-26,Estados Unidos,Turquía,mundial 2026,Tiros a puerta,"T. a puerta Turquía +4.5",0.3002,0,0,
2026-06-26,Estados Unidos,Turquía,mundial 2026,Tiros a puerta,"T. a puerta Turquía +3.5",0.4921,0,0,
2026-06-26,Estados Unidos,Turquía,mundial 2026,Tiros a puerta,"T. a puerta Turquía +2.5",0.7033,1,0,
2026-06-26,Estados Unidos,Turquía,mundial 2026,Tiros a puerta,"T. a puerta Turquía +1.5",0.8777,1,0,
2026-06-26,Estados Unidos,Turquía,mundial 2026,Tiros a puerta,"Estados Unidos tira más a puerta",0.5569,1,0,
2026-06-26,Estados Unidos,Turquía,mundial 2026,Tiros,"Tiros totales +29.5",0.3181,0,0,
2026-06-26,Estados Unidos,Turquía,mundial 2026,Tiros,"Tiros totales +28.5",0.3877,0,0,
2026-06-26,Estados Unidos,Turquía,mundial 2026,Tiros,"Tiros totales +27.5",0.4619,0,0,
2026-06-26,Estados Unidos,Turquía,mundial 2026,Tiros,"Tiros totales +26.5",0.5384,1,0,
2026-06-26,Estados Unidos,Turquía,mundial 2026,Tiros,"Tiros totales +25.5",0.6144,1,0,
2026-06-26,Estados Unidos,Turquía,mundial 2026,Tiros,"Tiros totales +24.5",0.6872,1,0,
2026-06-26,Estados Unidos,Turquía,mundial 2026,Tiros,"Tiros totales +23.5",0.7541,1,0,
2026-06-26,Estados Unidos,Turquía,mundial 2026,Tiros,"Tiros totales +22.5",0.8133,1,0,
2026-06-26,Estados Unidos,Turquía,mundial 2026,Tiros,"Tiros totales +21.5",0.8633,1,0,
2026-06-26,Estados Unidos,Turquía,mundial 2026,Tiros,"Tiros Estados Unidos +16.5",0.2556,1,0,
2026-06-26,Estados Unidos,Turquía,mundial 2026,Tiros,"Tiros Estados Unidos +15.5",0.3437,1,0,
2026-06-26,Estados Unidos,Turquía,mundial 2026,Tiros,"Tiros Estados Unidos +14.5",0.4435,1,0,
2026-06-26,Estados Unidos,Turquía,mundial 2026,Tiros,"Tiros Estados Unidos +13.5",0.5494,1,0,
2026-06-26,Estados Unidos,Turquía,mundial 2026,Tiros,"Tiros Estados Unidos +12.5",0.6544,1,0,
2026-06-26,Estados Unidos,Turquía,mundial 2026,Tiros,"Tiros Estados Unidos +11.5",0.7509,1,0,
2026-06-26,Estados Unidos,Turquía,mundial 2026,Tiros,"Tiros Estados Unidos +10.5",0.8329,1,0,
2026-06-26,Estados Unidos,Turquía,mundial 2026,Tiros,"Tiros Turquía +15.5",0.2396,0,0,
2026-06-26,Estados Unidos,Turquía,mundial 2026,Tiros,"Tiros Turquía +14.5",0.3286,0,0,
2026-06-26,Estados Unidos,Turquía,mundial 2026,Tiros,"Tiros Turquía +13.5",0.4309,0,0,
2026-06-26,Estados Unidos,Turquía,mundial 2026,Tiros,"Tiros Turquía +12.5",0.5409,0,0,
2026-06-26,Estados Unidos,Turquía,mundial 2026,Tiros,"Tiros Turquía +11.5",0.6505,0,0,
2026-06-26,Estados Unidos,Turquía,mundial 2026,Tiros,"Tiros Turquía +10.5",0.7514,0,0,
2026-06-26,Estados Unidos,Turquía,mundial 2026,Tiros,"Tiros Turquía +9.5",0.8366,0,0,
2026-06-26,Estados Unidos,Turquía,mundial 2026,Tarjetas,"Tarjetas totales +6.5",0.0960,0,0,
2026-06-26,Estados Unidos,Turquía,mundial 2026,Tarjetas,"Tarjetas totales +5.5",0.1924,0,0,
2026-06-26,Estados Unidos,Turquía,mundial 2026,Tarjetas,"Tarjetas totales +4.5",0.3425,0,0,
2026-06-26,Estados Unidos,Turquía,mundial 2026,Tarjetas,"Tarjetas totales +3.5",0.5374,0,0,
2026-06-26,Estados Unidos,Turquía,mundial 2026,Tarjetas,"Tarjetas totales +2.5",0.7396,0,0,
2026-06-26,Estados Unidos,Turquía,mundial 2026,Mitades,"Gol en 1ª parte",0.9000,1,0,
2026-06-26,Estados Unidos,Turquía,mundial 2026,Mitades,"Gol en 2ª parte",0.7831,1,0,
2026-06-26,Canada,Suiza,mundial 2026,1X2,"Gana Canada",0.5979,0,0,
2026-06-26,Canada,Suiza,mundial 2026,1X2,"Empate",0.2491,0,0,
2026-06-26,Canada,Suiza,mundial 2026,1X2,"Gana Suiza",0.1530,1,0,
2026-06-26,Canada,Suiza,mundial 2026,1X2,"Canada o empate (1X)",0.8470,0,0,
2026-06-26,Canada,Suiza,mundial 2026,1X2,"Suiza o empate (X2)",0.4021,1,0,
2026-06-26,Canada,Suiza,mundial 2026,1X2,"Sin empate (12)",0.7509,1,0,
2026-06-26,Canada,Suiza,mundial 2026,Goles,"Más de 4.5 goles",0.1231,0,0,
2026-06-26,Canada,Suiza,mundial 2026,Goles,"Más de 3.5 goles",0.2652,0,0,
2026-06-26,Canada,Suiza,mundial 2026,Goles,"Más de 2.5 goles",0.4831,1,0,
2026-06-26,Canada,Suiza,mundial 2026,Goles,"Más de 1.5 goles",0.7450,1,0,
2026-06-26,Canada,Suiza,mundial 2026,BTTS,"Ambos anotan",0.4736,1,0,
2026-06-26,Canada,Suiza,mundial 2026,BTTS,"No ambos anotan",0.5264,0,0,
2026-06-26,Canada,Suiza,mundial 2026,Córners,"Córners totales +11.5",0.1911,0,0,
2026-06-26,Canada,Suiza,mundial 2026,Córners,"Córners totales +10.5",0.2868,0,0,
2026-06-26,Canada,Suiza,mundial 2026,Córners,"Córners totales +9.5",0.4046,0,0,
2026-06-26,Canada,Suiza,mundial 2026,Córners,"Córners totales +8.5",0.5363,1,0,
2026-06-26,Canada,Suiza,mundial 2026,Córners,"Córners totales +7.5",0.6689,1,0,
2026-06-26,Canada,Suiza,mundial 2026,Córners,"Córners totales +6.5",0.7876,1,0,
2026-06-26,Canada,Suiza,mundial 2026,Córners,"Córners Canada +9.5",0.1385,0,0,
2026-06-26,Canada,Suiza,mundial 2026,Córners,"Córners Canada +8.5",0.2301,0,0,
2026-06-26,Canada,Suiza,mundial 2026,Córners,"Córners Canada +7.5",0.3535,0,0,
2026-06-26,Canada,Suiza,mundial 2026,Córners,"Córners Canada +6.5",0.5014,1,0,
2026-06-26,Canada,Suiza,mundial 2026,Córners,"Córners Canada +5.5",0.6564,1,0,
2026-06-26,Canada,Suiza,mundial 2026,Córners,"Córners Canada +4.5",0.7956,1,0,
2026-06-26,Canada,Suiza,mundial 2026,Córners,"Córners Suiza +3.5",0.1927,0,0,
2026-06-26,Canada,Suiza,mundial 2026,Córners,"Córners Suiza +2.5",0.3935,0,0,
2026-06-26,Canada,Suiza,mundial 2026,Córners,"Córners Suiza +1.5",0.6600,1,0,
2026-06-26,Canada,Suiza,mundial 2026,Tiros a puerta,"Tiros a puerta totales +9.5",0.1596,1,0,
2026-06-26,Canada,Suiza,mundial 2026,Tiros a puerta,"Tiros a puerta totales +8.5",0.2580,1,0,
2026-06-26,Canada,Suiza,mundial 2026,Tiros a puerta,"Tiros a puerta totales +7.5",0.3865,1,0,
2026-06-26,Canada,Suiza,mundial 2026,Tiros a puerta,"Tiros a puerta totales +6.5",0.5354,1,0,
2026-06-26,Canada,Suiza,mundial 2026,Tiros a puerta,"Tiros a puerta totales +5.5",0.6864,1,0,
2026-06-26,Canada,Suiza,mundial 2026,Tiros a puerta,"Tiros a puerta totales +4.5",0.8177,1,0,
2026-06-26,Canada,Suiza,mundial 2026,Tiros a puerta,"T. a puerta Canada +7.5",0.0951,0,0,
2026-06-26,Canada,Suiza,mundial 2026,Tiros a puerta,"T. a puerta Canada +6.5",0.1820,1,0,
2026-06-26,Canada,Suiza,mundial 2026,Tiros a puerta,"T. a puerta Canada +5.5",0.3143,1,0,
2026-06-26,Canada,Suiza,mundial 2026,Tiros a puerta,"T. a puerta Canada +4.5",0.4868,1,0,
2026-06-26,Canada,Suiza,mundial 2026,Tiros a puerta,"T. a puerta Canada +3.5",0.6744,1,0,
2026-06-26,Canada,Suiza,mundial 2026,Tiros a puerta,"T. a puerta Canada +2.5",0.8374,1,0,
2026-06-26,Canada,Suiza,mundial 2026,Tiros a puerta,"T. a puerta Suiza +4.5",0.0838,0,0,
2026-06-26,Canada,Suiza,mundial 2026,Tiros a puerta,"T. a puerta Suiza +3.5",0.2007,1,0,
2026-06-26,Canada,Suiza,mundial 2026,Tiros a puerta,"T. a puerta Suiza +2.5",0.4040,1,0,
2026-06-26,Canada,Suiza,mundial 2026,Tiros a puerta,"T. a puerta Suiza +1.5",0.6692,1,0,
2026-06-26,Canada,Suiza,mundial 2026,Tiros a puerta,"Canada tira más a puerta",0.6667,1,0,
2026-06-26,Canada,Suiza,mundial 2026,Tiros,"Tiros totales +21.5",0.2903,0,0,
2026-06-26,Canada,Suiza,mundial 2026,Tiros,"Tiros totales +20.5",0.3702,0,0,
2026-06-26,Canada,Suiza,mundial 2026,Tiros,"Tiros totales +19.5",0.4576,0,0,
2026-06-26,Canada,Suiza,mundial 2026,Tiros,"Tiros totales +18.5",0.5486,1,0,
2026-06-26,Canada,Suiza,mundial 2026,Tiros,"Tiros totales +17.5",0.6387,1,0,
2026-06-26,Canada,Suiza,mundial 2026,Tiros,"Tiros totales +16.5",0.7232,1,0,
2026-06-26,Canada,Suiza,mundial 2026,Tiros,"Tiros totales +15.5",0.7979,1,0,
2026-06-26,Canada,Suiza,mundial 2026,Tiros,"Tiros totales +14.5",0.8603,1,0,
2026-06-26,Canada,Suiza,mundial 2026,Tiros,"Tiros Canada +16.5",0.2246,0,0,
2026-06-26,Canada,Suiza,mundial 2026,Tiros,"Tiros Canada +15.5",0.3082,0,0,
2026-06-26,Canada,Suiza,mundial 2026,Tiros,"Tiros Canada +14.5",0.4053,0,0,
2026-06-26,Canada,Suiza,mundial 2026,Tiros,"Tiros Canada +13.5",0.5111,0,0,
2026-06-26,Canada,Suiza,mundial 2026,Tiros,"Tiros Canada +12.5",0.6186,1,0,
2026-06-26,Canada,Suiza,mundial 2026,Tiros,"Tiros Canada +11.5",0.7202,1,0,
2026-06-26,Canada,Suiza,mundial 2026,Tiros,"Tiros Canada +10.5",0.8086,1,0,
2026-06-26,Canada,Suiza,mundial 2026,Tiros,"Tiros Canada +9.5",0.8793,1,0,
2026-06-26,Canada,Suiza,mundial 2026,Tiros,"Tiros Suiza +7.5",0.1819,0,0,
2026-06-26,Canada,Suiza,mundial 2026,Tiros,"Tiros Suiza +6.5",0.3029,0,0,
2026-06-26,Canada,Suiza,mundial 2026,Tiros,"Tiros Suiza +5.5",0.4589,1,0,
2026-06-26,Canada,Suiza,mundial 2026,Tiros,"Tiros Suiza +4.5",0.6313,1,0,
2026-06-26,Canada,Suiza,mundial 2026,Tiros,"Tiros Suiza +3.5",0.7901,1,0,
2026-06-26,Canada,Suiza,mundial 2026,Tarjetas,"Tarjetas totales +5.5",0.1236,0,0,
2026-06-26,Canada,Suiza,mundial 2026,Tarjetas,"Tarjetas totales +4.5",0.2472,0,0,
2026-06-26,Canada,Suiza,mundial 2026,Tarjetas,"Tarjetas totales +3.5",0.4314,0,0,
2026-06-26,Canada,Suiza,mundial 2026,Tarjetas,"Tarjetas totales +2.5",0.6511,1,0,
2026-06-26,Canada,Suiza,mundial 2026,Tarjetas,"Tarjetas totales +1.5",0.8478,1,0,
2026-06-26,Canada,Suiza,mundial 2026,Mitades,"Gol en 1ª parte",0.6811,0,0,
2026-06-26,Canada,Suiza,mundial 2026,Mitades,"Gol en 2ª parte",0.9131,1,0,
2026-06-26,Escocia,Brasil,mundial 2026,1X2,"Gana Escocia",0.1686,0,0,
2026-06-26,Escocia,Brasil,mundial 2026,1X2,"Empate",0.2367,0,0,
2026-06-26,Escocia,Brasil,mundial 2026,1X2,"Gana Brasil",0.5946,1,0,
2026-06-26,Escocia,Brasil,mundial 2026,1X2,"Escocia o empate (1X)",0.4054,0,0,
2026-06-26,Escocia,Brasil,mundial 2026,1X2,"Brasil o empate (X2)",0.8314,1,0,
2026-06-26,Escocia,Brasil,mundial 2026,1X2,"Sin empate (12)",0.7633,1,0,
2026-06-26,Escocia,Brasil,mundial 2026,Goles,"Más de 4.5 goles",0.1388,0,0,
2026-06-26,Escocia,Brasil,mundial 2026,Goles,"Más de 3.5 goles",0.2889,0,0,
2026-06-26,Escocia,Brasil,mundial 2026,Goles,"Más de 2.5 goles",0.5098,1,0,
2026-06-26,Escocia,Brasil,mundial 2026,Goles,"Más de 1.5 goles",0.7601,1,0,
2026-06-26,Escocia,Brasil,mundial 2026,BTTS,"Ambos anotan",0.4969,0,0,
2026-06-26,Escocia,Brasil,mundial 2026,BTTS,"No ambos anotan",0.5031,1,0,
2026-06-26,Escocia,Brasil,mundial 2026,Córners,"Córners totales +10.5",0.2250,1,0,
2026-06-26,Escocia,Brasil,mundial 2026,Córners,"Córners totales +9.5",0.3332,1,0,
2026-06-26,Escocia,Brasil,mundial 2026,Córners,"Córners totales +8.5",0.4622,1,0,
2026-06-26,Escocia,Brasil,mundial 2026,Córners,"Córners totales +7.5",0.6005,1,0,
2026-06-26,Escocia,Brasil,mundial 2026,Córners,"Córners totales +6.5",0.7323,1,0,
2026-06-26,Escocia,Brasil,mundial 2026,Córners,"Córners totales +5.5",0.8422,1,0,
2026-06-26,Escocia,Brasil,mundial 2026,Córners,"Córners Escocia +5.5",0.1353,1,0,
2026-06-26,Escocia,Brasil,mundial 2026,Córners,"Córners Escocia +4.5",0.2643,1,0,
2026-06-26,Escocia,Brasil,mundial 2026,Córners,"Córners Escocia +3.5",0.4515,1,0,
2026-06-26,Escocia,Brasil,mundial 2026,Córners,"Córners Escocia +2.5",0.6689,1,0,
2026-06-26,Escocia,Brasil,mundial 2026,Córners,"Córners Escocia +1.5",0.8582,1,0,
2026-06-26,Escocia,Brasil,mundial 2026,Córners,"Córners Brasil +7.5",0.1280,0,0,
2026-06-26,Escocia,Brasil,mundial 2026,Córners,"Córners Brasil +6.5",0.2303,1,0,
2026-06-26,Escocia,Brasil,mundial 2026,Córners,"Córners Brasil +5.5",0.3749,1,0,
2026-06-26,Escocia,Brasil,mundial 2026,Córners,"Córners Brasil +4.5",0.5503,1,0,
2026-06-26,Escocia,Brasil,mundial 2026,Córners,"Córners Brasil +3.5",0.7276,1,0,
2026-06-26,Escocia,Brasil,mundial 2026,Córners,"Córners Brasil +2.5",0.8709,1,0,
2026-06-26,Escocia,Brasil,mundial 2026,Tiros a puerta,"Tiros a puerta totales +12.5",0.1769,1,0,
2026-06-26,Escocia,Brasil,mundial 2026,Tiros a puerta,"Tiros a puerta totales +11.5",0.2647,1,0,
2026-06-26,Escocia,Brasil,mundial 2026,Tiros a puerta,"Tiros a puerta totales +10.5",0.3739,1,0,
2026-06-26,Escocia,Brasil,mundial 2026,Tiros a puerta,"Tiros a puerta totales +9.5",0.4982,1,0,
2026-06-26,Escocia,Brasil,mundial 2026,Tiros a puerta,"Tiros a puerta totales +8.5",0.6270,1,0,
2026-06-26,Escocia,Brasil,mundial 2026,Tiros a puerta,"Tiros a puerta totales +7.5",0.7471,1,0,
2026-06-26,Escocia,Brasil,mundial 2026,Tiros a puerta,"Tiros a puerta totales +6.5",0.8466,1,0,
2026-06-26,Escocia,Brasil,mundial 2026,Tiros a puerta,"T. a puerta Escocia +6.5",0.1111,1,0,
2026-06-26,Escocia,Brasil,mundial 2026,Tiros a puerta,"T. a puerta Escocia +5.5",0.2155,1,0,
2026-06-26,Escocia,Brasil,mundial 2026,Tiros a puerta,"T. a puerta Escocia +4.5",0.3720,1,0,
2026-06-26,Escocia,Brasil,mundial 2026,Tiros a puerta,"T. a puerta Escocia +3.5",0.5674,1,0,
2026-06-26,Escocia,Brasil,mundial 2026,Tiros a puerta,"T. a puerta Escocia +2.5",0.7625,1,0,
2026-06-26,Escocia,Brasil,mundial 2026,Tiros a puerta,"T. a puerta Brasil +8.5",0.1189,0,0,
2026-06-26,Escocia,Brasil,mundial 2026,Tiros a puerta,"T. a puerta Brasil +7.5",0.2095,0,0,
2026-06-26,Escocia,Brasil,mundial 2026,Tiros a puerta,"T. a puerta Brasil +6.5",0.3378,0,0,
2026-06-26,Escocia,Brasil,mundial 2026,Tiros a puerta,"T. a puerta Brasil +5.5",0.4967,0,0,
2026-06-26,Escocia,Brasil,mundial 2026,Tiros a puerta,"T. a puerta Brasil +4.5",0.6655,1,0,
2026-06-26,Escocia,Brasil,mundial 2026,Tiros a puerta,"T. a puerta Brasil +3.5",0.8148,1,0,
2026-06-26,Escocia,Brasil,mundial 2026,Tiros a puerta,"Escocia tira más a puerta",0.4147,1,0,
2026-06-26,Escocia,Brasil,mundial 2026,Tiros,"Tiros totales +23.5",0.2907,1,0,
2026-06-26,Escocia,Brasil,mundial 2026,Tiros,"Tiros totales +22.5",0.3669,1,0,
2026-06-26,Escocia,Brasil,mundial 2026,Tiros,"Tiros totales +21.5",0.4500,1,0,
2026-06-26,Escocia,Brasil,mundial 2026,Tiros,"Tiros totales +20.5",0.5367,1,0,
2026-06-26,Escocia,Brasil,mundial 2026,Tiros,"Tiros totales +19.5",0.6230,1,0,
2026-06-26,Escocia,Brasil,mundial 2026,Tiros,"Tiros totales +18.5",0.7049,1,0,
2026-06-26,Escocia,Brasil,mundial 2026,Tiros,"Tiros totales +17.5",0.7787,1,0,
2026-06-26,Escocia,Brasil,mundial 2026,Tiros,"Tiros totales +16.5",0.8416,1,0,
2026-06-26,Escocia,Brasil,mundial 2026,Tiros,"Tiros Escocia +12.5",0.1720,1,0,
2026-06-26,Escocia,Brasil,mundial 2026,Tiros,"Tiros Escocia +11.5",0.2586,1,0,
2026-06-26,Escocia,Brasil,mundial 2026,Tiros,"Tiros Escocia +10.5",0.3668,1,0,
2026-06-26,Escocia,Brasil,mundial 2026,Tiros,"Tiros Escocia +9.5",0.4909,1,0,
2026-06-26,Escocia,Brasil,mundial 2026,Tiros,"Tiros Escocia +8.5",0.6202,1,0,
2026-06-26,Escocia,Brasil,mundial 2026,Tiros,"Tiros Escocia +7.5",0.7414,1,0,
2026-06-26,Escocia,Brasil,mundial 2026,Tiros,"Tiros Escocia +6.5",0.8424,1,0,
2026-06-26,Escocia,Brasil,mundial 2026,Tiros,"Tiros Brasil +13.5",0.2660,1,0,
2026-06-26,Escocia,Brasil,mundial 2026,Tiros,"Tiros Brasil +12.5",0.3660,1,0,
2026-06-26,Escocia,Brasil,mundial 2026,Tiros,"Tiros Brasil +11.5",0.4791,1,0,
2026-06-26,Escocia,Brasil,mundial 2026,Tiros,"Tiros Brasil +10.5",0.5972,1,0,
2026-06-26,Escocia,Brasil,mundial 2026,Tiros,"Tiros Brasil +9.5",0.7103,1,0,
2026-06-26,Escocia,Brasil,mundial 2026,Tiros,"Tiros Brasil +8.5",0.8087,1,0,
2026-06-26,Escocia,Brasil,mundial 2026,Tarjetas,"Tarjetas totales +5.5",0.1047,0,0,
2026-06-26,Escocia,Brasil,mundial 2026,Tarjetas,"Tarjetas totales +4.5",0.2183,0,0,
2026-06-26,Escocia,Brasil,mundial 2026,Tarjetas,"Tarjetas totales +3.5",0.3961,0,0,
2026-06-26,Escocia,Brasil,mundial 2026,Tarjetas,"Tarjetas totales +2.5",0.6188,1,0,
2026-06-26,Escocia,Brasil,mundial 2026,Tarjetas,"Tarjetas totales +1.5",0.8280,1,0,
2026-06-26,Escocia,Brasil,mundial 2026,Mitades,"Gol en 1ª parte",0.9489,1,0,
2026-06-26,Escocia,Brasil,mundial 2026,Mitades,"Gol en 2ª parte",0.4452,1,0,
2026-06-26,Mexico,Chequia,mundial 2026,1X2,"Gana Mexico",0.5330,1,0,
2026-06-26,Mexico,Chequia,mundial 2026,1X2,"Empate",0.3064,0,0,
2026-06-26,Mexico,Chequia,mundial 2026,1X2,"Gana Chequia",0.1606,0,0,
2026-06-26,Mexico,Chequia,mundial 2026,1X2,"Mexico o empate (1X)",0.8394,1,0,
2026-06-26,Mexico,Chequia,mundial 2026,1X2,"Chequia o empate (X2)",0.4670,0,0,
2026-06-26,Mexico,Chequia,mundial 2026,1X2,"Sin empate (12)",0.6936,1,0,
2026-06-26,Mexico,Chequia,mundial 2026,Goles,"Más de 3.5 goles",0.1438,0,0,
2026-06-26,Mexico,Chequia,mundial 2026,Goles,"Más de 2.5 goles",0.3247,1,0,
2026-06-26,Mexico,Chequia,mundial 2026,Goles,"Más de 1.5 goles",0.6085,1,0,
2026-06-26,Mexico,Chequia,mundial 2026,Goles,"Más de 0.5 goles",0.8523,1,0,
2026-06-26,Mexico,Chequia,mundial 2026,BTTS,"Ambos anotan",0.3644,0,0,
2026-06-26,Mexico,Chequia,mundial 2026,BTTS,"No ambos anotan",0.6356,1,0,
2026-06-26,Mexico,Chequia,mundial 2026,Córners,"Córners totales +10.5",0.1568,0,0,
2026-06-26,Mexico,Chequia,mundial 2026,Córners,"Córners totales +9.5",0.2486,0,0,
2026-06-26,Mexico,Chequia,mundial 2026,Córners,"Córners totales +8.5",0.3676,0,0,
2026-06-26,Mexico,Chequia,mundial 2026,Córners,"Córners totales +7.5",0.5065,0,0,
2026-06-26,Mexico,Chequia,mundial 2026,Córners,"Córners totales +6.5",0.6505,0,0,
2026-06-26,Mexico,Chequia,mundial 2026,Córners,"Córners totales +5.5",0.7811,1,0,
2026-06-26,Mexico,Chequia,mundial 2026,Córners,"Córners Mexico +6.5",0.0845,0,0,
2026-06-26,Mexico,Chequia,mundial 2026,Córners,"Córners Mexico +5.5",0.1742,0,0,
2026-06-26,Mexico,Chequia,mundial 2026,Córners,"Córners Mexico +4.5",0.3186,0,0,
2026-06-26,Mexico,Chequia,mundial 2026,Córners,"Córners Mexico +3.5",0.5121,0,0,
2026-06-26,Mexico,Chequia,mundial 2026,Córners,"Córners Mexico +2.5",0.7196,0,0,
2026-06-26,Mexico,Chequia,mundial 2026,Córners,"Córners Chequia +6.5",0.1090,0,0,
2026-06-26,Mexico,Chequia,mundial 2026,Córners,"Córners Chequia +5.5",0.2124,0,0,
2026-06-26,Mexico,Chequia,mundial 2026,Córners,"Córners Chequia +4.5",0.3680,1,0,
2026-06-26,Mexico,Chequia,mundial 2026,Córners,"Córners Chequia +3.5",0.5634,1,0,
2026-06-26,Mexico,Chequia,mundial 2026,Córners,"Córners Chequia +2.5",0.7596,1,0,
2026-06-26,Mexico,Chequia,mundial 2026,Tiros a puerta,"Tiros a puerta totales +9.5",0.1965,0,0,
2026-06-26,Mexico,Chequia,mundial 2026,Tiros a puerta,"Tiros a puerta totales +8.5",0.3050,0,0,
2026-06-26,Mexico,Chequia,mundial 2026,Tiros a puerta,"Tiros a puerta totales +7.5",0.4395,0,0,
2026-06-26,Mexico,Chequia,mundial 2026,Tiros a puerta,"Tiros a puerta totales +6.5",0.5879,0,0,
2026-06-26,Mexico,Chequia,mundial 2026,Tiros a puerta,"Tiros a puerta totales +5.5",0.7309,1,0,
2026-06-26,Mexico,Chequia,mundial 2026,Tiros a puerta,"Tiros a puerta totales +4.5",0.8492,1,0,
2026-06-26,Mexico,Chequia,mundial 2026,Tiros a puerta,"T. a puerta Mexico +6.5",0.1243,0,0,
2026-06-26,Mexico,Chequia,mundial 2026,Tiros a puerta,"T. a puerta Mexico +5.5",0.2349,0,0,
2026-06-26,Mexico,Chequia,mundial 2026,Tiros a puerta,"T. a puerta Mexico +4.5",0.3958,1,0,
2026-06-26,Mexico,Chequia,mundial 2026,Tiros a puerta,"T. a puerta Mexico +3.5",0.5908,1,0,
2026-06-26,Mexico,Chequia,mundial 2026,Tiros a puerta,"T. a puerta Mexico +2.5",0.7798,1,0,
2026-06-26,Mexico,Chequia,mundial 2026,Tiros a puerta,"T. a puerta Chequia +5.5",0.0977,0,0,
2026-06-26,Mexico,Chequia,mundial 2026,Tiros a puerta,"T. a puerta Chequia +4.5",0.2072,0,0,
2026-06-26,Mexico,Chequia,mundial 2026,Tiros a puerta,"T. a puerta Chequia +3.5",0.3820,0,0,
2026-06-26,Mexico,Chequia,mundial 2026,Tiros a puerta,"T. a puerta Chequia +2.5",0.6055,0,0,
2026-06-26,Mexico,Chequia,mundial 2026,Tiros a puerta,"T. a puerta Chequia +1.5",0.8196,0,0,
2026-06-26,Mexico,Chequia,mundial 2026,Tiros a puerta,"Mexico tira más a puerta",0.5686,1,0,
2026-06-26,Mexico,Chequia,mundial 2026,Tiros,"Tiros totales +22.5",0.2671,1,0,
2026-06-26,Mexico,Chequia,mundial 2026,Tiros,"Tiros totales +21.5",0.3427,1,0,
2026-06-26,Mexico,Chequia,mundial 2026,Tiros,"Tiros totales +20.5",0.4266,1,0,
2026-06-26,Mexico,Chequia,mundial 2026,Tiros,"Tiros totales +19.5",0.5153,1,0,
2026-06-26,Mexico,Chequia,mundial 2026,Tiros,"Tiros totales +18.5",0.6048,1,0,
2026-06-26,Mexico,Chequia,mundial 2026,Tiros,"Tiros totales +17.5",0.6906,1,0,
2026-06-26,Mexico,Chequia,mundial 2026,Tiros,"Tiros totales +16.5",0.7683,1,0,
2026-06-26,Mexico,Chequia,mundial 2026,Tiros,"Tiros totales +15.5",0.8350,1,0,
2026-06-26,Mexico,Chequia,mundial 2026,Tiros,"Tiros Mexico +13.5",0.2504,0,0,
2026-06-26,Mexico,Chequia,mundial 2026,Tiros,"Tiros Mexico +12.5",0.3482,0,0,
2026-06-26,Mexico,Chequia,mundial 2026,Tiros,"Tiros Mexico +11.5",0.4604,0,0,
2026-06-26,Mexico,Chequia,mundial 2026,Tiros,"Tiros Mexico +10.5",0.5792,1,0,
2026-06-26,Mexico,Chequia,mundial 2026,Tiros,"Tiros Mexico +9.5",0.6945,1,0,
2026-06-26,Mexico,Chequia,mundial 2026,Tiros,"Tiros Mexico +8.5",0.7962,1,0,
2026-06-26,Mexico,Chequia,mundial 2026,Tiros,"Tiros Mexico +7.5",0.8770,1,0,
2026-06-26,Mexico,Chequia,mundial 2026,Tiros,"Tiros Chequia +11.5",0.1518,1,0,
2026-06-26,Mexico,Chequia,mundial 2026,Tiros,"Tiros Chequia +10.5",0.2373,1,0,
2026-06-26,Mexico,Chequia,mundial 2026,Tiros,"Tiros Chequia +9.5",0.3478,1,0,
2026-06-26,Mexico,Chequia,mundial 2026,Tiros,"Tiros Chequia +8.5",0.4777,1,0,
2026-06-26,Mexico,Chequia,mundial 2026,Tiros,"Tiros Chequia +7.5",0.6151,1,0,
2026-06-26,Mexico,Chequia,mundial 2026,Tiros,"Tiros Chequia +6.5",0.7444,1,0,
2026-06-26,Mexico,Chequia,mundial 2026,Tiros,"Tiros Chequia +5.5",0.8508,1,0,
2026-06-26,Mexico,Chequia,mundial 2026,Tarjetas,"Tarjetas totales +4.5",0.1652,0,0,
2026-06-26,Mexico,Chequia,mundial 2026,Tarjetas,"Tarjetas totales +3.5",0.3261,0,0,
2026-06-26,Mexico,Chequia,mundial 2026,Tarjetas,"Tarjetas totales +2.5",0.5496,0,0,
2026-06-26,Mexico,Chequia,mundial 2026,Tarjetas,"Tarjetas totales +1.5",0.7824,0,0,
2026-06-26,Mexico,Chequia,mundial 2026,Mitades,"Gol en 1ª parte",0.6607,0,0,
2026-06-26,Mexico,Chequia,mundial 2026,Mitades,"Gol en 2ª parte",0.9453,1,0,
2026-06-26,Bosnia Herzegovina,Qatar,mundial 2026,1X2,"Gana Bosnia Herzegovina",0.4162,1,0,
2026-06-26,Bosnia Herzegovina,Qatar,mundial 2026,1X2,"Empate",0.3169,0,0,
2026-06-26,Bosnia Herzegovina,Qatar,mundial 2026,1X2,"Gana Qatar",0.2669,0,0,
2026-06-26,Bosnia Herzegovina,Qatar,mundial 2026,1X2,"Bosnia Herzegovina o empate (1X)",0.7331,1,0,
2026-06-26,Bosnia Herzegovina,Qatar,mundial 2026,1X2,"Qatar o empate (X2)",0.5838,0,0,
2026-06-26,Bosnia Herzegovina,Qatar,mundial 2026,1X2,"Sin empate (12)",0.6831,1,0,
2026-06-26,Bosnia Herzegovina,Qatar,mundial 2026,Goles,"Más de 3.5 goles",0.1717,1,0,
2026-06-26,Bosnia Herzegovina,Qatar,mundial 2026,Goles,"Más de 2.5 goles",0.3650,1,0,
2026-06-26,Bosnia Herzegovina,Qatar,mundial 2026,Goles,"Más de 1.5 goles",0.6472,1,0,
2026-06-26,Bosnia Herzegovina,Qatar,mundial 2026,Goles,"Más de 0.5 goles",0.8709,1,0,
2026-06-26,Bosnia Herzegovina,Qatar,mundial 2026,BTTS,"Ambos anotan",0.4405,1,0,
2026-06-26,Bosnia Herzegovina,Qatar,mundial 2026,BTTS,"No ambos anotan",0.5595,0,0,
2026-06-26,Bosnia Herzegovina,Qatar,mundial 2026,Córners,"Córners totales +13.5",0.2563,0,0,
2026-06-26,Bosnia Herzegovina,Qatar,mundial 2026,Córners,"Córners totales +12.5",0.3549,0,0,
2026-06-26,Bosnia Herzegovina,Qatar,mundial 2026,Córners,"Córners totales +11.5",0.4675,0,0,
2026-06-26,Bosnia Herzegovina,Qatar,mundial 2026,Córners,"Córners totales +10.5",0.5860,0,0,
2026-06-26,Bosnia Herzegovina,Qatar,mundial 2026,Córners,"Córners totales +9.5",0.7005,1,0,
2026-06-26,Bosnia Herzegovina,Qatar,mundial 2026,Córners,"Córners totales +8.5",0.8010,1,0,
2026-06-26,Bosnia Herzegovina,Qatar,mundial 2026,Córners,"Córners Bosnia Herzegovina +7.5",0.1564,0,0,
2026-06-26,Bosnia Herzegovina,Qatar,mundial 2026,Córners,"Córners Bosnia Herzegovina +6.5",0.2694,0,0,
2026-06-26,Bosnia Herzegovina,Qatar,mundial 2026,Córners,"Córners Bosnia Herzegovina +5.5",0.4212,0,0,
2026-06-26,Bosnia Herzegovina,Qatar,mundial 2026,Córners,"Córners Bosnia Herzegovina +4.5",0.5959,1,0,
2026-06-26,Bosnia Herzegovina,Qatar,mundial 2026,Córners,"Córners Bosnia Herzegovina +3.5",0.7635,1,0,
2026-06-26,Bosnia Herzegovina,Qatar,mundial 2026,Córners,"Córners Qatar +8.5",0.1719,0,0,
2026-06-26,Bosnia Herzegovina,Qatar,mundial 2026,Córners,"Córners Qatar +7.5",0.2812,0,0,
2026-06-26,Bosnia Herzegovina,Qatar,mundial 2026,Córners,"Córners Qatar +6.5",0.4226,0,0,
2026-06-26,Bosnia Herzegovina,Qatar,mundial 2026,Córners,"Córners Qatar +5.5",0.5828,0,0,
2026-06-26,Bosnia Herzegovina,Qatar,mundial 2026,Córners,"Córners Qatar +4.5",0.7384,1,0,
2026-06-26,Bosnia Herzegovina,Qatar,mundial 2026,Córners,"Córners Qatar +3.5",0.8642,1,0,
2026-06-26,Bosnia Herzegovina,Qatar,mundial 2026,Tiros a puerta,"Tiros a puerta totales +10.5",0.2141,0,0,
2026-06-26,Bosnia Herzegovina,Qatar,mundial 2026,Tiros a puerta,"Tiros a puerta totales +9.5",0.3201,0,0,
2026-06-26,Bosnia Herzegovina,Qatar,mundial 2026,Tiros a puerta,"Tiros a puerta totales +8.5",0.4481,0,0,
2026-06-26,Bosnia Herzegovina,Qatar,mundial 2026,Tiros a puerta,"Tiros a puerta totales +7.5",0.5869,1,0,
2026-06-26,Bosnia Herzegovina,Qatar,mundial 2026,Tiros a puerta,"Tiros a puerta totales +6.5",0.7209,1,0,
2026-06-26,Bosnia Herzegovina,Qatar,mundial 2026,Tiros a puerta,"Tiros a puerta totales +5.5",0.8340,1,0,
2026-06-26,Bosnia Herzegovina,Qatar,mundial 2026,Tiros a puerta,"T. a puerta Bosnia Herzegovina +6.5",0.1168,0,0,
2026-06-26,Bosnia Herzegovina,Qatar,mundial 2026,Tiros a puerta,"T. a puerta Bosnia Herzegovina +5.5",0.2239,0,0,
2026-06-26,Bosnia Herzegovina,Qatar,mundial 2026,Tiros a puerta,"T. a puerta Bosnia Herzegovina +4.5",0.3824,1,0,
2026-06-26,Bosnia Herzegovina,Qatar,mundial 2026,Tiros a puerta,"T. a puerta Bosnia Herzegovina +3.5",0.5777,1,0,
2026-06-26,Bosnia Herzegovina,Qatar,mundial 2026,Tiros a puerta,"T. a puerta Bosnia Herzegovina +2.5",0.7702,1,0,
2026-06-26,Bosnia Herzegovina,Qatar,mundial 2026,Tiros a puerta,"T. a puerta Qatar +6.5",0.1365,0,0,
2026-06-26,Bosnia Herzegovina,Qatar,mundial 2026,Tiros a puerta,"T. a puerta Qatar +5.5",0.2524,0,0,
2026-06-26,Bosnia Herzegovina,Qatar,mundial 2026,Tiros a puerta,"T. a puerta Qatar +4.5",0.4168,0,0,
2026-06-26,Bosnia Herzegovina,Qatar,mundial 2026,Tiros a puerta,"T. a puerta Qatar +3.5",0.6109,0,0,
2026-06-26,Bosnia Herzegovina,Qatar,mundial 2026,Tiros a puerta,"T. a puerta Qatar +2.5",0.7942,1,0,
2026-06-26,Bosnia Herzegovina,Qatar,mundial 2026,Tiros a puerta,"Bosnia Herzegovina tira más a puerta",0.4894,1,0,
2026-06-26,Bosnia Herzegovina,Qatar,mundial 2026,Tiros,"Tiros totales +24.5",0.2891,0,0,
2026-06-26,Bosnia Herzegovina,Qatar,mundial 2026,Tiros,"Tiros totales +23.5",0.3635,0,0,
2026-06-26,Bosnia Herzegovina,Qatar,mundial 2026,Tiros,"Tiros totales +22.5",0.4446,1,0,
2026-06-26,Bosnia Herzegovina,Qatar,mundial 2026,Tiros,"Tiros totales +21.5",0.5293,1,0,
2026-06-26,Bosnia Herzegovina,Qatar,mundial 2026,Tiros,"Tiros totales +20.5",0.6140,1,0,
2026-06-26,Bosnia Herzegovina,Qatar,mundial 2026,Tiros,"Tiros totales +19.5",0.6948,1,0,
2026-06-26,Bosnia Herzegovina,Qatar,mundial 2026,Tiros,"Tiros totales +18.5",0.7682,1,0,
2026-06-26,Bosnia Herzegovina,Qatar,mundial 2026,Tiros,"Tiros totales +17.5",0.8316,1,0,
2026-06-26,Bosnia Herzegovina,Qatar,mundial 2026,Tiros,"Tiros Bosnia Herzegovina +12.5",0.2311,1,0,
2026-06-26,Bosnia Herzegovina,Qatar,mundial 2026,Tiros,"Tiros Bosnia Herzegovina +11.5",0.3302,1,0,
2026-06-26,Bosnia Herzegovina,Qatar,mundial 2026,Tiros,"Tiros Bosnia Herzegovina +10.5",0.4462,1,0,
2026-06-26,Bosnia Herzegovina,Qatar,mundial 2026,Tiros,"Tiros Bosnia Herzegovina +9.5",0.5710,1,0,
2026-06-26,Bosnia Herzegovina,Qatar,mundial 2026,Tiros,"Tiros Bosnia Herzegovina +8.5",0.6929,1,0,
2026-06-26,Bosnia Herzegovina,Qatar,mundial 2026,Tiros,"Tiros Bosnia Herzegovina +7.5",0.8001,1,0,
2026-06-26,Bosnia Herzegovina,Qatar,mundial 2026,Tiros,"Tiros Qatar +14.5",0.2082,0,0,
2026-06-26,Bosnia Herzegovina,Qatar,mundial 2026,Tiros,"Tiros Qatar +13.5",0.2951,0,0,
2026-06-26,Bosnia Herzegovina,Qatar,mundial 2026,Tiros,"Tiros Qatar +12.5",0.3985,0,0,
2026-06-26,Bosnia Herzegovina,Qatar,mundial 2026,Tiros,"Tiros Qatar +11.5",0.5127,0,0,
2026-06-26,Bosnia Herzegovina,Qatar,mundial 2026,Tiros,"Tiros Qatar +10.5",0.6289,0,0,
2026-06-26,Bosnia Herzegovina,Qatar,mundial 2026,Tiros,"Tiros Qatar +9.5",0.7376,0,0,
2026-06-26,Bosnia Herzegovina,Qatar,mundial 2026,Tiros,"Tiros Qatar +8.5",0.8298,1,0,
2026-06-26,Bosnia Herzegovina,Qatar,mundial 2026,Tarjetas,"Tarjetas totales +7.5",0.1107,0,0,
2026-06-26,Bosnia Herzegovina,Qatar,mundial 2026,Tarjetas,"Tarjetas totales +6.5",0.2054,0,0,
2026-06-26,Bosnia Herzegovina,Qatar,mundial 2026,Tarjetas,"Tarjetas totales +5.5",0.3442,0,0,
2026-06-26,Bosnia Herzegovina,Qatar,mundial 2026,Tarjetas,"Tarjetas totales +4.5",0.5187,0,0,
2026-06-26,Bosnia Herzegovina,Qatar,mundial 2026,Tarjetas,"Tarjetas totales +3.5",0.7016,0,0,
2026-06-26,Bosnia Herzegovina,Qatar,mundial 2026,Tarjetas,"Tarjetas totales +2.5",0.8548,0,0,
2026-06-26,Bosnia Herzegovina,Qatar,mundial 2026,Mitades,"Gol en 1ª parte",0.6599,1,0,
2026-06-26,Bosnia Herzegovina,Qatar,mundial 2026,Mitades,"Gol en 2ª parte",0.7520,1,0,
2026-06-26,Marruecos,Haití,mundial 2026,1X2,"Gana Marruecos",0.8309,1,0,
2026-06-26,Marruecos,Haití,mundial 2026,1X2,"Empate",0.1244,0,0,
2026-06-26,Marruecos,Haití,mundial 2026,1X2,"Gana Haití",0.0447,0,0,
2026-06-26,Marruecos,Haití,mundial 2026,1X2,"Marruecos o empate (1X)",0.9553,1,0,
2026-06-26,Marruecos,Haití,mundial 2026,1X2,"Haití o empate (X2)",0.1691,0,0,
2026-06-26,Marruecos,Haití,mundial 2026,1X2,"Sin empate (12)",0.8756,1,0,
2026-06-26,Marruecos,Haití,mundial 2026,Goles,"Más de 4.5 goles",0.1799,1,0,
2026-06-26,Marruecos,Haití,mundial 2026,Goles,"Más de 3.5 goles",0.3485,1,0,
2026-06-26,Marruecos,Haití,mundial 2026,Goles,"Más de 2.5 goles",0.5736,1,0,
2026-06-26,Marruecos,Haití,mundial 2026,Goles,"Más de 1.5 goles",0.7991,1,0,
2026-06-26,Marruecos,Haití,mundial 2026,BTTS,"Ambos anotan",0.3267,1,0,
2026-06-26,Marruecos,Haití,mundial 2026,BTTS,"No ambos anotan",0.6733,0,0,
2026-06-26,Marruecos,Haití,mundial 2026,Córners,"Córners totales +9.5",0.1792,1,0,
2026-06-26,Marruecos,Haití,mundial 2026,Córners,"Córners totales +8.5",0.2832,1,0,
2026-06-26,Marruecos,Haití,mundial 2026,Córners,"Córners totales +7.5",0.4153,1,0,
2026-06-26,Marruecos,Haití,mundial 2026,Córners,"Córners totales +6.5",0.5642,1,0,
2026-06-26,Marruecos,Haití,mundial 2026,Córners,"Córners totales +5.5",0.7111,1,0,
2026-06-26,Marruecos,Haití,mundial 2026,Córners,"Córners totales +4.5",0.8354,1,0,
2026-06-26,Marruecos,Haití,mundial 2026,Córners,"Córners Marruecos +6.5",0.1419,1,0,
2026-06-26,Marruecos,Haití,mundial 2026,Córners,"Córners Marruecos +5.5",0.2601,1,0,
2026-06-26,Marruecos,Haití,mundial 2026,Córners,"Córners Marruecos +4.5",0.4258,1,0,
2026-06-26,Marruecos,Haití,mundial 2026,Córners,"Córners Marruecos +3.5",0.6193,1,0,
2026-06-26,Marruecos,Haití,mundial 2026,Córners,"Córners Marruecos +2.5",0.8002,1,0,
2026-06-26,Marruecos,Haití,mundial 2026,Córners,"Córners Haití +4.5",0.1545,0,0,
2026-06-26,Marruecos,Haití,mundial 2026,Córners,"Córners Haití +3.5",0.3111,0,0,
2026-06-26,Marruecos,Haití,mundial 2026,Córners,"Córners Haití +2.5",0.5338,0,0,
2026-06-26,Marruecos,Haití,mundial 2026,Córners,"Córners Haití +1.5",0.7713,0,0,
2026-06-26,Marruecos,Haití,mundial 2026,Tiros a puerta,"Tiros a puerta totales +8.5",0.1728,1,0,
2026-06-26,Marruecos,Haití,mundial 2026,Tiros a puerta,"Tiros a puerta totales +7.5",0.2824,1,0,
2026-06-26,Marruecos,Haití,mundial 2026,Tiros a puerta,"Tiros a puerta totales +6.5",0.4240,1,0,
2026-06-26,Marruecos,Haití,mundial 2026,Tiros a puerta,"Tiros a puerta totales +5.5",0.5841,1,0,
2026-06-26,Marruecos,Haití,mundial 2026,Tiros a puerta,"Tiros a puerta totales +4.5",0.7394,1,0,
2026-06-26,Marruecos,Haití,mundial 2026,Tiros a puerta,"Tiros a puerta totales +3.5",0.8649,1,0,
2026-06-26,Marruecos,Haití,mundial 2026,Tiros a puerta,"T. a puerta Marruecos +6.5",0.1266,1,0,
2026-06-26,Marruecos,Haití,mundial 2026,Tiros a puerta,"T. a puerta Marruecos +5.5",0.2383,1,0,
2026-06-26,Marruecos,Haití,mundial 2026,Tiros a puerta,"T. a puerta Marruecos +4.5",0.3999,1,0,
2026-06-26,Marruecos,Haití,mundial 2026,Tiros a puerta,"T. a puerta Marruecos +3.5",0.5947,1,0,
2026-06-26,Marruecos,Haití,mundial 2026,Tiros a puerta,"T. a puerta Marruecos +2.5",0.7827,1,0,
2026-06-26,Marruecos,Haití,mundial 2026,Tiros a puerta,"T. a puerta Haití +3.5",0.1505,0,0,
2026-06-26,Marruecos,Haití,mundial 2026,Tiros a puerta,"T. a puerta Haití +2.5",0.3346,0,0,
2026-06-26,Marruecos,Haití,mundial 2026,Tiros a puerta,"T. a puerta Haití +1.5",0.6051,1,0,
2026-06-26,Marruecos,Haití,mundial 2026,Tiros a puerta,"T. a puerta Haití +0.5",0.8702,1,0,
2026-06-26,Marruecos,Haití,mundial 2026,Tiros a puerta,"Marruecos tira más a puerta",0.6701,1,0,
2026-06-26,Marruecos,Haití,mundial 2026,Tiros,"Tiros totales +20.5",0.2785,1,0,
2026-06-26,Marruecos,Haití,mundial 2026,Tiros,"Tiros totales +19.5",0.3593,1,0,
2026-06-26,Marruecos,Haití,mundial 2026,Tiros,"Tiros totales +18.5",0.4485,1,0,
2026-06-26,Marruecos,Haití,mundial 2026,Tiros,"Tiros totales +17.5",0.5421,1,0,
2026-06-26,Marruecos,Haití,mundial 2026,Tiros,"Tiros totales +16.5",0.6350,1,0,
2026-06-26,Marruecos,Haití,mundial 2026,Tiros,"Tiros totales +15.5",0.7223,1,0,
2026-06-26,Marruecos,Haití,mundial 2026,Tiros,"Tiros totales +14.5",0.7994,1,0,
2026-06-26,Marruecos,Haití,mundial 2026,Tiros,"Tiros totales +13.5",0.8632,1,0,
2026-06-26,Marruecos,Haití,mundial 2026,Tiros,"Tiros Marruecos +14.5",0.2234,1,0,
2026-06-26,Marruecos,Haití,mundial 2026,Tiros,"Tiros Marruecos +13.5",0.3131,1,0,
2026-06-26,Marruecos,Haití,mundial 2026,Tiros,"Tiros Marruecos +12.5",0.4182,1,0,
2026-06-26,Marruecos,Haití,mundial 2026,Tiros,"Tiros Marruecos +11.5",0.5325,1,0,
2026-06-26,Marruecos,Haití,mundial 2026,Tiros,"Tiros Marruecos +10.5",0.6474,1,0,
2026-06-26,Marruecos,Haití,mundial 2026,Tiros,"Tiros Marruecos +9.5",0.7531,1,0,
2026-06-26,Marruecos,Haití,mundial 2026,Tiros,"Tiros Marruecos +8.5",0.8416,1,0,
2026-06-26,Marruecos,Haití,mundial 2026,Tiros,"Tiros Haití +8.5",0.1704,1,0,
2026-06-26,Marruecos,Haití,mundial 2026,Tiros,"Tiros Haití +7.5",0.2792,1,0,
2026-06-26,Marruecos,Haití,mundial 2026,Tiros,"Tiros Haití +6.5",0.4204,1,0,
2026-06-26,Marruecos,Haití,mundial 2026,Tiros,"Tiros Haití +5.5",0.5806,1,0,
2026-06-26,Marruecos,Haití,mundial 2026,Tiros,"Tiros Haití +4.5",0.7366,1,0,
2026-06-26,Marruecos,Haití,mundial 2026,Tiros,"Tiros Haití +3.5",0.8630,1,0,
2026-06-26,Marruecos,Haití,mundial 2026,Tarjetas,"Tarjetas totales +5.5",0.1169,0,0,
2026-06-26,Marruecos,Haití,mundial 2026,Tarjetas,"Tarjetas totales +4.5",0.2371,0,0,
2026-06-26,Marruecos,Haití,mundial 2026,Tarjetas,"Tarjetas totales +3.5",0.4193,0,0,
2026-06-26,Marruecos,Haití,mundial 2026,Tarjetas,"Tarjetas totales +2.5",0.6403,1,0,
2026-06-26,Marruecos,Haití,mundial 2026,Tarjetas,"Tarjetas totales +1.5",0.8412,1,0,
2026-06-26,Marruecos,Haití,mundial 2026,Mitades,"Gol en 1ª parte",0.8516,1,0,
2026-06-26,Marruecos,Haití,mundial 2026,Mitades,"Gol en 2ª parte",0.5642,1,0,
2026-06-26,France,Norway,mundial 2026,1X2,"Gana France",0.3406,1,0,
2026-06-26,France,Norway,mundial 2026,1X2,"Empate",0.2639,0,0,
2026-06-26,France,Norway,mundial 2026,1X2,"Gana Norway",0.3955,0,0,
2026-06-26,France,Norway,mundial 2026,1X2,"France o empate (1X)",0.6045,1,0,
2026-06-26,France,Norway,mundial 2026,1X2,"Norway o empate (X2)",0.6594,0,0,
2026-06-26,France,Norway,mundial 2026,1X2,"Sin empate (12)",0.7361,1,0,
2026-06-26,France,Norway,mundial 2026,Goles,"Más de 4.5 goles",0.1701,1,0,
2026-06-26,France,Norway,mundial 2026,Goles,"Más de 3.5 goles",0.3331,1,0,
2026-06-26,France,Norway,mundial 2026,Goles,"Más de 2.5 goles",0.5570,1,0,
2026-06-26,France,Norway,mundial 2026,Goles,"Más de 1.5 goles",0.7960,1,0,
2026-06-26,France,Norway,mundial 2026,BTTS,"Ambos anotan",0.5959,1,0,
2026-06-26,France,Norway,mundial 2026,BTTS,"No ambos anotan",0.4041,0,0,
2026-06-26,France,Norway,mundial 2026,Córners,"Córners totales +9.5",0.1288,0,0,
2026-06-26,France,Norway,mundial 2026,Córners,"Córners totales +8.5",0.2169,1,0,
2026-06-26,France,Norway,mundial 2026,Córners,"Córners totales +7.5",0.3377,1,0,
2026-06-26,France,Norway,mundial 2026,Córners,"Córners totales +6.5",0.4846,1,0,
2026-06-26,France,Norway,mundial 2026,Córners,"Córners totales +5.5",0.6412,1,0,
2026-06-26,France,Norway,mundial 2026,Córners,"Córners totales +4.5",0.7842,1,0,
2026-06-26,France,Norway,mundial 2026,Córners,"Córners France +6.5",0.0868,0,0,
2026-06-26,France,Norway,mundial 2026,Córners,"Córners France +5.5",0.1779,0,0,
2026-06-26,France,Norway,mundial 2026,Córners,"Córners France +4.5",0.3235,1,0,
2026-06-26,France,Norway,mundial 2026,Córners,"Córners France +3.5",0.5173,1,0,
2026-06-26,France,Norway,mundial 2026,Córners,"Córners France +2.5",0.7238,1,0,
2026-06-26,France,Norway,mundial 2026,Córners,"Córners Norway +4.5",0.1548,0,0,
2026-06-26,France,Norway,mundial 2026,Córners,"Córners Norway +3.5",0.3116,1,0,
2026-06-26,France,Norway,mundial 2026,Córners,"Córners Norway +2.5",0.5343,1,0,
2026-06-26,France,Norway,mundial 2026,Córners,"Córners Norway +1.5",0.7716,1,0,
2026-06-26,France,Norway,mundial 2026,Tiros a puerta,"Tiros a puerta totales +9.5",0.1268,1,0,
2026-06-26,France,Norway,mundial 2026,Tiros a puerta,"Tiros a puerta totales +8.5",0.2142,1,0,
2026-06-26,France,Norway,mundial 2026,Tiros a puerta,"Tiros a puerta totales +7.5",0.3343,1,0,
2026-06-26,France,Norway,mundial 2026,Tiros a puerta,"Tiros a puerta totales +6.5",0.4811,1,0,
2026-06-26,France,Norway,mundial 2026,Tiros a puerta,"Tiros a puerta totales +5.5",0.6380,1,0,
2026-06-26,France,Norway,mundial 2026,Tiros a puerta,"Tiros a puerta totales +4.5",0.7817,1,0,
2026-06-26,France,Norway,mundial 2026,Tiros a puerta,"T. a puerta France +6.5",0.0936,1,0,
2026-06-26,France,Norway,mundial 2026,Tiros a puerta,"T. a puerta France +5.5",0.1888,1,0,
2026-06-26,France,Norway,mundial 2026,Tiros a puerta,"T. a puerta France +4.5",0.3378,1,0,
2026-06-26,France,Norway,mundial 2026,Tiros a puerta,"T. a puerta France +3.5",0.5325,1,0,
2026-06-26,France,Norway,mundial 2026,Tiros a puerta,"T. a puerta France +2.5",0.7358,1,0,
2026-06-26,France,Norway,mundial 2026,Tiros a puerta,"T. a puerta Norway +4.5",0.1400,0,0,
2026-06-26,France,Norway,mundial 2026,Tiros a puerta,"T. a puerta Norway +3.5",0.2901,1,0,
2026-06-26,France,Norway,mundial 2026,Tiros a puerta,"T. a puerta Norway +2.5",0.5111,1,0,
2026-06-26,France,Norway,mundial 2026,Tiros a puerta,"T. a puerta Norway +1.5",0.7548,1,0,
2026-06-26,France,Norway,mundial 2026,Tiros a puerta,"France tira más a puerta",0.5848,1,0,
2026-06-26,France,Norway,mundial 2026,Tiros,"Tiros totales +21.5",0.2778,1,0,
2026-06-26,France,Norway,mundial 2026,Tiros,"Tiros totales +20.5",0.3565,1,0,
2026-06-26,France,Norway,mundial 2026,Tiros,"Tiros totales +19.5",0.4432,1,0,
2026-06-26,France,Norway,mundial 2026,Tiros,"Tiros totales +18.5",0.5344,1,0,
2026-06-26,France,Norway,mundial 2026,Tiros,"Tiros totales +17.5",0.6253,1,0,
2026-06-26,France,Norway,mundial 2026,Tiros,"Tiros totales +16.5",0.7112,1,0,
2026-06-26,France,Norway,mundial 2026,Tiros,"Tiros totales +15.5",0.7879,1,0,
2026-06-26,France,Norway,mundial 2026,Tiros,"Tiros totales +14.5",0.8524,1,0,
2026-06-26,France,Norway,mundial 2026,Tiros,"Tiros France +13.5",0.2276,1,0,
2026-06-26,France,Norway,mundial 2026,Tiros,"Tiros France +12.5",0.3217,1,0,
2026-06-26,France,Norway,mundial 2026,Tiros,"Tiros France +11.5",0.4321,1,0,
2026-06-26,France,Norway,mundial 2026,Tiros,"Tiros France +10.5",0.5514,1,0,
2026-06-26,France,Norway,mundial 2026,Tiros,"Tiros France +9.5",0.6697,1,0,
2026-06-26,France,Norway,mundial 2026,Tiros,"Tiros France +8.5",0.7763,1,0,
2026-06-26,France,Norway,mundial 2026,Tiros,"Tiros France +7.5",0.8628,1,0,
2026-06-26,France,Norway,mundial 2026,Tiros,"Tiros Norway +10.5",0.1789,0,0,
2026-06-26,France,Norway,mundial 2026,Tiros,"Tiros Norway +9.5",0.2769,1,0,
2026-06-26,France,Norway,mundial 2026,Tiros,"Tiros Norway +8.5",0.4001,1,0,
2026-06-26,France,Norway,mundial 2026,Tiros,"Tiros Norway +7.5",0.5397,1,0,
2026-06-26,France,Norway,mundial 2026,Tiros,"Tiros Norway +6.5",0.6802,1,0,
2026-06-26,France,Norway,mundial 2026,Tiros,"Tiros Norway +5.5",0.8039,1,0,
2026-06-26,France,Norway,mundial 2026,Tarjetas,"Tarjetas totales +2.5",0.1919,0,0,
2026-06-26,France,Norway,mundial 2026,Tarjetas,"Tarjetas totales +1.5",0.4432,1,0,
2026-06-26,France,Norway,mundial 2026,Tarjetas,"Tarjetas totales +0.5",0.7776,1,0,
2026-06-26,France,Norway,mundial 2026,Mitades,"Gol en 1ª parte",0.8216,1,0,
2026-06-26,France,Norway,mundial 2026,Mitades,"Gol en 2ª parte",0.9189,1,0,
2026-06-26,Senegal,Iraq,mundial 2026,1X2,"Gana Senegal",0.7765,1,0,
2026-06-26,Senegal,Iraq,mundial 2026,1X2,"Empate",0.1606,0,0,
2026-06-26,Senegal,Iraq,mundial 2026,1X2,"Gana Iraq",0.0629,0,0,
2026-06-26,Senegal,Iraq,mundial 2026,1X2,"Senegal o empate (1X)",0.9371,1,0,
2026-06-26,Senegal,Iraq,mundial 2026,1X2,"Iraq o empate (X2)",0.2235,0,0,
2026-06-26,Senegal,Iraq,mundial 2026,1X2,"Sin empate (12)",0.8394,1,0,
2026-06-26,Senegal,Iraq,mundial 2026,Goles,"Más de 5.5 goles",0.1298,0,0,
2026-06-26,Senegal,Iraq,mundial 2026,Goles,"Más de 4.5 goles",0.2600,1,0,
2026-06-26,Senegal,Iraq,mundial 2026,Goles,"Más de 3.5 goles",0.4487,1,0,
2026-06-26,Senegal,Iraq,mundial 2026,Goles,"Más de 2.5 goles",0.6675,1,0,
2026-06-26,Senegal,Iraq,mundial 2026,Goles,"Más de 1.5 goles",0.8704,1,0,
2026-06-26,Senegal,Iraq,mundial 2026,BTTS,"Ambos anotan",0.4972,0,0,
2026-06-26,Senegal,Iraq,mundial 2026,BTTS,"No ambos anotan",0.5028,1,0,
2026-06-26,Senegal,Iraq,mundial 2026,Córners,"Córners totales +7.5",0.1729,1,0,
2026-06-26,Senegal,Iraq,mundial 2026,Córners,"Córners totales +6.5",0.2913,1,0,
2026-06-26,Senegal,Iraq,mundial 2026,Córners,"Córners totales +5.5",0.4460,1,0,
2026-06-26,Senegal,Iraq,mundial 2026,Córners,"Córners totales +4.5",0.6194,1,0,
2026-06-26,Senegal,Iraq,mundial 2026,Córners,"Córners totales +3.5",0.7813,1,0,
2026-06-26,Senegal,Iraq,mundial 2026,Córners,"Córners Senegal +5.5",0.1367,1,0,
2026-06-26,Senegal,Iraq,mundial 2026,Córners,"Córners Senegal +4.5",0.2663,1,0,
2026-06-26,Senegal,Iraq,mundial 2026,Córners,"Córners Senegal +3.5",0.4539,1,0,
2026-06-26,Senegal,Iraq,mundial 2026,Córners,"Córners Senegal +2.5",0.6710,1,0,
2026-06-26,Senegal,Iraq,mundial 2026,Córners,"Córners Senegal +1.5",0.8594,1,0,
2026-06-26,Senegal,Iraq,mundial 2026,Córners,"Córners Iraq +3.5",0.1250,0,0,
2026-06-26,Senegal,Iraq,mundial 2026,Córners,"Córners Iraq +2.5",0.2958,1,0,
2026-06-26,Senegal,Iraq,mundial 2026,Córners,"Córners Iraq +1.5",0.5658,1,0,
2026-06-26,Senegal,Iraq,mundial 2026,Córners,"Córners Iraq +0.5",0.8502,1,0,
2026-06-26,Senegal,Iraq,mundial 2026,Tiros a puerta,"Tiros a puerta totales +7.5",0.1307,1,0,
2026-06-26,Senegal,Iraq,mundial 2026,Tiros a puerta,"Tiros a puerta totales +6.5",0.2341,1,0,
2026-06-26,Senegal,Iraq,mundial 2026,Tiros a puerta,"Tiros a puerta totales +5.5",0.3795,1,0,
2026-06-26,Senegal,Iraq,mundial 2026,Tiros a puerta,"Tiros a puerta totales +4.5",0.5550,1,0,
2026-06-26,Senegal,Iraq,mundial 2026,Tiros a puerta,"Tiros a puerta totales +3.5",0.7314,1,0,
2026-06-26,Senegal,Iraq,mundial 2026,Tiros a puerta,"Tiros a puerta totales +2.5",0.8732,1,0,
2026-06-26,Senegal,Iraq,mundial 2026,Tiros a puerta,"T. a puerta Senegal +4.5",0.1721,1,0,
2026-06-26,Senegal,Iraq,mundial 2026,Tiros a puerta,"T. a puerta Senegal +3.5",0.3357,1,0,
2026-06-26,Senegal,Iraq,mundial 2026,Tiros a puerta,"T. a puerta Senegal +2.5",0.5595,1,0,
2026-06-26,Senegal,Iraq,mundial 2026,Tiros a puerta,"T. a puerta Senegal +1.5",0.7892,1,0,
2026-06-26,Senegal,Iraq,mundial 2026,Tiros a puerta,"T. a puerta Iraq +3.5",0.1521,0,0,
2026-06-26,Senegal,Iraq,mundial 2026,Tiros a puerta,"T. a puerta Iraq +2.5",0.3370,0,0,
2026-06-26,Senegal,Iraq,mundial 2026,Tiros a puerta,"T. a puerta Iraq +1.5",0.6075,0,0,
2026-06-26,Senegal,Iraq,mundial 2026,Tiros a puerta,"T. a puerta Iraq +0.5",0.8713,1,0,
2026-06-26,Senegal,Iraq,mundial 2026,Tiros a puerta,"Senegal tira más a puerta",0.5878,1,0,
2026-06-26,Senegal,Iraq,mundial 2026,Tiros,"Tiros totales +15.5",0.2448,1,0,
2026-06-26,Senegal,Iraq,mundial 2026,Tiros,"Tiros totales +14.5",0.3346,1,0,
2026-06-26,Senegal,Iraq,mundial 2026,Tiros,"Tiros totales +13.5",0.4374,1,0,
2026-06-26,Senegal,Iraq,mundial 2026,Tiros,"Tiros totales +12.5",0.5473,1,0,
2026-06-26,Senegal,Iraq,mundial 2026,Tiros,"Tiros totales +11.5",0.6564,1,0,
2026-06-26,Senegal,Iraq,mundial 2026,Tiros,"Tiros totales +10.5",0.7564,1,0,
2026-06-26,Senegal,Iraq,mundial 2026,Tiros,"Tiros totales +9.5",0.8404,1,0,
2026-06-26,Senegal,Iraq,mundial 2026,Tiros,"Tiros Senegal +9.5",0.1928,1,0,
2026-06-26,Senegal,Iraq,mundial 2026,Tiros,"Tiros Senegal +8.5",0.3003,1,0,
2026-06-26,Senegal,Iraq,mundial 2026,Tiros,"Tiros Senegal +7.5",0.4344,1,0,
2026-06-26,Senegal,Iraq,mundial 2026,Tiros,"Tiros Senegal +6.5",0.5829,1,0,
2026-06-26,Senegal,Iraq,mundial 2026,Tiros,"Tiros Senegal +5.5",0.7268,1,0,
2026-06-26,Senegal,Iraq,mundial 2026,Tiros,"Tiros Senegal +4.5",0.8464,1,0,
2026-06-26,Senegal,Iraq,mundial 2026,Tiros,"Tiros Iraq +8.5",0.1398,0,0,
2026-06-26,Senegal,Iraq,mundial 2026,Tiros,"Tiros Iraq +7.5",0.2386,0,0,
2026-06-26,Senegal,Iraq,mundial 2026,Tiros,"Tiros Iraq +6.5",0.3732,0,0,
2026-06-26,Senegal,Iraq,mundial 2026,Tiros,"Tiros Iraq +5.5",0.5336,1,0,
2026-06-26,Senegal,Iraq,mundial 2026,Tiros,"Tiros Iraq +4.5",0.6975,1,0,
2026-06-26,Senegal,Iraq,mundial 2026,Tiros,"Tiros Iraq +3.5",0.8370,1,0,
2026-06-26,Senegal,Iraq,mundial 2026,Tarjetas,"Tarjetas totales +3.5",0.1831,1,0,
2026-06-26,Senegal,Iraq,mundial 2026,Tarjetas,"Tarjetas totales +2.5",0.3806,1,0,
2026-06-26,Senegal,Iraq,mundial 2026,Tarjetas,"Tarjetas totales +1.5",0.6485,1,0,
2026-06-26,Senegal,Iraq,mundial 2026,Mitades,"Gol en 1ª parte",0.7713,1,0,
2026-06-26,Senegal,Iraq,mundial 2026,Mitades,"Gol en 2ª parte",0.8083,1,0,
2026-06-27,Uruguay,Spain,mundial 2026,1X2,"Gana Uruguay",0.0716,0,0,
2026-06-27,Uruguay,Spain,mundial 2026,1X2,"Empate",0.2350,0,0,
2026-06-27,Uruguay,Spain,mundial 2026,1X2,"Gana Spain",0.6934,1,0,
2026-06-27,Uruguay,Spain,mundial 2026,1X2,"Uruguay o empate (1X)",0.3066,0,0,
2026-06-27,Uruguay,Spain,mundial 2026,1X2,"Spain o empate (X2)",0.9284,1,0,
2026-06-27,Uruguay,Spain,mundial 2026,1X2,"Sin empate (12)",0.7650,1,0,
2026-06-27,Uruguay,Spain,mundial 2026,Goles,"Más de 4.5 goles",0.0942,0,0,
2026-06-27,Uruguay,Spain,mundial 2026,Goles,"Más de 3.5 goles",0.2190,0,0,
2026-06-27,Uruguay,Spain,mundial 2026,Goles,"Más de 2.5 goles",0.4278,0,0,
2026-06-27,Uruguay,Spain,mundial 2026,Goles,"Más de 1.5 goles",0.7068,0,0,
2026-06-27,Uruguay,Spain,mundial 2026,BTTS,"Ambos anotan",0.3505,0,0,
2026-06-27,Uruguay,Spain,mundial 2026,BTTS,"No ambos anotan",0.6495,1,0,
2026-06-27,Uruguay,Spain,mundial 2026,Córners,"Córners totales +9.5",0.1916,0,0,
2026-06-27,Uruguay,Spain,mundial 2026,Córners,"Córners totales +8.5",0.2989,0,0,
2026-06-27,Uruguay,Spain,mundial 2026,Córners,"Córners totales +7.5",0.4328,0,0,
2026-06-27,Uruguay,Spain,mundial 2026,Córners,"Córners totales +6.5",0.5814,1,0,
2026-06-27,Uruguay,Spain,mundial 2026,Córners,"Córners totales +5.5",0.7255,1,0,
2026-06-27,Uruguay,Spain,mundial 2026,Córners,"Córners totales +4.5",0.8455,1,0,
2026-06-27,Uruguay,Spain,mundial 2026,Córners,"Córners Uruguay +4.5",0.1088,0,0,
2026-06-27,Uruguay,Spain,mundial 2026,Córners,"Córners Uruguay +3.5",0.2423,0,0,
2026-06-27,Uruguay,Spain,mundial 2026,Córners,"Córners Uruguay +2.5",0.4561,0,0,
2026-06-27,Uruguay,Spain,mundial 2026,Córners,"Córners Uruguay +1.5",0.7126,0,0,
2026-06-27,Uruguay,Spain,mundial 2026,Córners,"Córners Spain +7.5",0.1051,0,0,
2026-06-27,Uruguay,Spain,mundial 2026,Córners,"Córners Spain +6.5",0.1971,0,0,
2026-06-27,Uruguay,Spain,mundial 2026,Córners,"Córners Spain +5.5",0.3337,1,0,
2026-06-27,Uruguay,Spain,mundial 2026,Córners,"Córners Spain +4.5",0.5077,1,0,
2026-06-27,Uruguay,Spain,mundial 2026,Córners,"Córners Spain +3.5",0.6922,1,0,
2026-06-27,Uruguay,Spain,mundial 2026,Córners,"Córners Spain +2.5",0.8489,1,0,
2026-06-27,Uruguay,Spain,mundial 2026,Tiros a puerta,"Tiros a puerta totales +9.5",0.1370,0,0,
2026-06-27,Uruguay,Spain,mundial 2026,Tiros a puerta,"Tiros a puerta totales +8.5",0.2282,0,0,
2026-06-27,Uruguay,Spain,mundial 2026,Tiros a puerta,"Tiros a puerta totales +7.5",0.3512,0,0,
2026-06-27,Uruguay,Spain,mundial 2026,Tiros a puerta,"Tiros a puerta totales +6.5",0.4990,0,0,
2026-06-27,Uruguay,Spain,mundial 2026,Tiros a puerta,"Tiros a puerta totales +5.5",0.6542,0,0,
2026-06-27,Uruguay,Spain,mundial 2026,Tiros a puerta,"Tiros a puerta totales +4.5",0.7940,0,0,
2026-06-27,Uruguay,Spain,mundial 2026,Tiros a puerta,"T. a puerta Uruguay +3.5",0.1109,0,0,
2026-06-27,Uruguay,Spain,mundial 2026,Tiros a puerta,"T. a puerta Uruguay +2.5",0.2731,0,0,
2026-06-27,Uruguay,Spain,mundial 2026,Tiros a puerta,"T. a puerta Uruguay +1.5",0.5413,0,0,
2026-06-27,Uruguay,Spain,mundial 2026,Tiros a puerta,"T. a puerta Uruguay +0.5",0.8370,1,0,
2026-06-27,Uruguay,Spain,mundial 2026,Tiros a puerta,"T. a puerta Spain +7.5",0.1181,0,0,
2026-06-27,Uruguay,Spain,mundial 2026,Tiros a puerta,"T. a puerta Spain +6.5",0.2161,0,0,
2026-06-27,Uruguay,Spain,mundial 2026,Tiros a puerta,"T. a puerta Spain +5.5",0.3576,0,0,
2026-06-27,Uruguay,Spain,mundial 2026,Tiros a puerta,"T. a puerta Spain +4.5",0.5327,0,0,
2026-06-27,Uruguay,Spain,mundial 2026,Tiros a puerta,"T. a puerta Spain +3.5",0.7132,0,0,
2026-06-27,Uruguay,Spain,mundial 2026,Tiros a puerta,"T. a puerta Spain +2.5",0.8621,0,0,
2026-06-27,Uruguay,Spain,mundial 2026,Tiros a puerta,"Uruguay tira más a puerta",0.2722,0,0,
2026-06-27,Uruguay,Spain,mundial 2026,Tiros,"Tiros totales +24.5",0.2669,0,0,
2026-06-27,Uruguay,Spain,mundial 2026,Tiros,"Tiros totales +23.5",0.3390,0,0,
2026-06-27,Uruguay,Spain,mundial 2026,Tiros,"Tiros totales +22.5",0.4189,0,0,
2026-06-27,Uruguay,Spain,mundial 2026,Tiros,"Tiros totales +21.5",0.5034,0,0,
2026-06-27,Uruguay,Spain,mundial 2026,Tiros,"Tiros totales +20.5",0.5891,0,0,
2026-06-27,Uruguay,Spain,mundial 2026,Tiros,"Tiros totales +19.5",0.6720,0,0,
2026-06-27,Uruguay,Spain,mundial 2026,Tiros,"Tiros totales +18.5",0.7484,0,0,
2026-06-27,Uruguay,Spain,mundial 2026,Tiros,"Tiros totales +17.5",0.8153,0,0,
2026-06-27,Uruguay,Spain,mundial 2026,Tiros,"Tiros totales +16.5",0.8707,0,0,
2026-06-27,Uruguay,Spain,mundial 2026,Tiros,"Tiros Uruguay +9.5",0.1963,0,0,
2026-06-27,Uruguay,Spain,mundial 2026,Tiros,"Tiros Uruguay +8.5",0.3047,0,0,
2026-06-27,Uruguay,Spain,mundial 2026,Tiros,"Tiros Uruguay +7.5",0.4393,0,0,
2026-06-27,Uruguay,Spain,mundial 2026,Tiros,"Tiros Uruguay +6.5",0.5876,0,0,
2026-06-27,Uruguay,Spain,mundial 2026,Tiros,"Tiros Uruguay +5.5",0.7307,0,0,
2026-06-27,Uruguay,Spain,mundial 2026,Tiros,"Tiros Uruguay +4.5",0.8490,1,0,
2026-06-27,Uruguay,Spain,mundial 2026,Tiros,"Tiros Spain +16.5",0.2844,0,0,
2026-06-27,Uruguay,Spain,mundial 2026,Tiros,"Tiros Spain +15.5",0.3760,0,0,
2026-06-27,Uruguay,Spain,mundial 2026,Tiros,"Tiros Spain +14.5",0.4774,0,0,
2026-06-27,Uruguay,Spain,mundial 2026,Tiros,"Tiros Spain +13.5",0.5826,0,0,
2026-06-27,Uruguay,Spain,mundial 2026,Tiros,"Tiros Spain +12.5",0.6846,0,0,
2026-06-27,Uruguay,Spain,mundial 2026,Tiros,"Tiros Spain +11.5",0.7763,0,0,
2026-06-27,Uruguay,Spain,mundial 2026,Tiros,"Tiros Spain +10.5",0.8524,0,0,
2026-06-27,Uruguay,Spain,mundial 2026,Tarjetas,"Tarjetas totales +4.5",0.1199,1,0,
2026-06-27,Uruguay,Spain,mundial 2026,Tarjetas,"Tarjetas totales +3.5",0.2599,1,0,
2026-06-27,Uruguay,Spain,mundial 2026,Tarjetas,"Tarjetas totales +2.5",0.4768,1,0,
2026-06-27,Uruguay,Spain,mundial 2026,Tarjetas,"Tarjetas totales +1.5",0.7289,1,0,
2026-06-27,Uruguay,Spain,mundial 2026,Mitades,"Gol en 1ª parte",0.6741,1,0,
2026-06-27,Uruguay,Spain,mundial 2026,Mitades,"Gol en 2ª parte",0.6917,0,0,
2026-06-27,Cape Verde Islands,Saudi Arabia,mundial 2026,1X2,"Gana Cape Verde Islands",0.5832,0,0,
2026-06-27,Cape Verde Islands,Saudi Arabia,mundial 2026,1X2,"Empate",0.2642,1,0,
2026-06-27,Cape Verde Islands,Saudi Arabia,mundial 2026,1X2,"Gana Saudi Arabia",0.1526,0,0,
2026-06-27,Cape Verde Islands,Saudi Arabia,mundial 2026,1X2,"Cape Verde Islands o empate (1X)",0.8474,1,0,
2026-06-27,Cape Verde Islands,Saudi Arabia,mundial 2026,1X2,"Saudi Arabia o empate (X2)",0.4168,1,0,
2026-06-27,Cape Verde Islands,Saudi Arabia,mundial 2026,1X2,"Sin empate (12)",0.7358,0,0,
2026-06-27,Cape Verde Islands,Saudi Arabia,mundial 2026,Goles,"Más de 4.5 goles",0.1441,0,0,
2026-06-27,Cape Verde Islands,Saudi Arabia,mundial 2026,Goles,"Más de 3.5 goles",0.2965,0,0,
2026-06-27,Cape Verde Islands,Saudi Arabia,mundial 2026,Goles,"Más de 2.5 goles",0.5183,0,0,
2026-06-27,Cape Verde Islands,Saudi Arabia,mundial 2026,Goles,"Más de 1.5 goles",0.7813,0,0,
2026-06-27,Cape Verde Islands,Saudi Arabia,mundial 2026,BTTS,"Ambos anotan",0.5174,0,0,
2026-06-27,Cape Verde Islands,Saudi Arabia,mundial 2026,BTTS,"No ambos anotan",0.4826,1,0,
2026-06-27,Cape Verde Islands,Saudi Arabia,mundial 2026,Córners,"Córners totales +7.5",0.1830,0,0,
2026-06-27,Cape Verde Islands,Saudi Arabia,mundial 2026,Córners,"Córners totales +6.5",0.3043,0,0,
2026-06-27,Cape Verde Islands,Saudi Arabia,mundial 2026,Córners,"Córners totales +5.5",0.4605,1,0,
2026-06-27,Cape Verde Islands,Saudi Arabia,mundial 2026,Córners,"Córners totales +4.5",0.6328,1,0,
2026-06-27,Cape Verde Islands,Saudi Arabia,mundial 2026,Córners,"Córners totales +3.5",0.7912,1,0,
2026-06-27,Cape Verde Islands,Saudi Arabia,mundial 2026,Córners,"Córners Cape Verde Islands +4.5",0.1068,0,0,
2026-06-27,Cape Verde Islands,Saudi Arabia,mundial 2026,Córners,"Córners Cape Verde Islands +3.5",0.2392,1,0,
2026-06-27,Cape Verde Islands,Saudi Arabia,mundial 2026,Córners,"Córners Cape Verde Islands +2.5",0.4523,1,0,
2026-06-27,Cape Verde Islands,Saudi Arabia,mundial 2026,Córners,"Córners Cape Verde Islands +1.5",0.7096,1,0,
2026-06-27,Cape Verde Islands,Saudi Arabia,mundial 2026,Córners,"Córners Saudi Arabia +4.5",0.1770,0,0,
2026-06-27,Cape Verde Islands,Saudi Arabia,mundial 2026,Córners,"Córners Saudi Arabia +3.5",0.3424,0,0,
2026-06-27,Cape Verde Islands,Saudi Arabia,mundial 2026,Córners,"Córners Saudi Arabia +2.5",0.5663,0,0,
2026-06-27,Cape Verde Islands,Saudi Arabia,mundial 2026,Córners,"Córners Saudi Arabia +1.5",0.7938,1,0,
2026-06-27,Cape Verde Islands,Saudi Arabia,mundial 2026,Tiros a puerta,"Tiros a puerta totales +7.5",0.1477,0,0,
2026-06-27,Cape Verde Islands,Saudi Arabia,mundial 2026,Tiros a puerta,"Tiros a puerta totales +6.5",0.2575,0,0,
2026-06-27,Cape Verde Islands,Saudi Arabia,mundial 2026,Tiros a puerta,"Tiros a puerta totales +5.5",0.4074,0,0,
2026-06-27,Cape Verde Islands,Saudi Arabia,mundial 2026,Tiros a puerta,"Tiros a puerta totales +4.5",0.5826,1,0,
2026-06-27,Cape Verde Islands,Saudi Arabia,mundial 2026,Tiros a puerta,"Tiros a puerta totales +3.5",0.7532,1,0,
2026-06-27,Cape Verde Islands,Saudi Arabia,mundial 2026,Tiros a puerta,"T. a puerta Cape Verde Islands +5.5",0.1308,0,0,
2026-06-27,Cape Verde Islands,Saudi Arabia,mundial 2026,Tiros a puerta,"T. a puerta Cape Verde Islands +4.5",0.2578,0,0,
2026-06-27,Cape Verde Islands,Saudi Arabia,mundial 2026,Tiros a puerta,"T. a puerta Cape Verde Islands +3.5",0.4440,0,0,
2026-06-27,Cape Verde Islands,Saudi Arabia,mundial 2026,Tiros a puerta,"T. a puerta Cape Verde Islands +2.5",0.6624,0,0,
2026-06-27,Cape Verde Islands,Saudi Arabia,mundial 2026,Tiros a puerta,"T. a puerta Cape Verde Islands +1.5",0.8544,1,0,
2026-06-27,Cape Verde Islands,Saudi Arabia,mundial 2026,Tiros a puerta,"T. a puerta Saudi Arabia +3.5",0.0966,0,0,
2026-06-27,Cape Verde Islands,Saudi Arabia,mundial 2026,Tiros a puerta,"T. a puerta Saudi Arabia +2.5",0.2487,1,0,
2026-06-27,Cape Verde Islands,Saudi Arabia,mundial 2026,Tiros a puerta,"T. a puerta Saudi Arabia +1.5",0.5137,1,0,
2026-06-27,Cape Verde Islands,Saudi Arabia,mundial 2026,Tiros a puerta,"T. a puerta Saudi Arabia +0.5",0.8214,1,0,
2026-06-27,Cape Verde Islands,Saudi Arabia,mundial 2026,Tiros a puerta,"Cape Verde Islands tira más a puerta",0.6645,0,0,
2026-06-27,Cape Verde Islands,Saudi Arabia,mundial 2026,Tiros,"Tiros totales +16.5",0.2690,1,0,
2026-06-27,Cape Verde Islands,Saudi Arabia,mundial 2026,Tiros,"Tiros totales +15.5",0.3589,1,0,
2026-06-27,Cape Verde Islands,Saudi Arabia,mundial 2026,Tiros,"Tiros totales +14.5",0.4595,1,0,
2026-06-27,Cape Verde Islands,Saudi Arabia,mundial 2026,Tiros,"Tiros totales +13.5",0.5652,1,0,
2026-06-27,Cape Verde Islands,Saudi Arabia,mundial 2026,Tiros,"Tiros totales +12.5",0.6688,1,0,
2026-06-27,Cape Verde Islands,Saudi Arabia,mundial 2026,Tiros,"Tiros totales +11.5",0.7631,1,0,
2026-06-27,Cape Verde Islands,Saudi Arabia,mundial 2026,Tiros,"Tiros totales +10.5",0.8423,1,0,
2026-06-27,Cape Verde Islands,Saudi Arabia,mundial 2026,Tiros,"Tiros Cape Verde Islands +12.5",0.1669,1,0,
2026-06-27,Cape Verde Islands,Saudi Arabia,mundial 2026,Tiros,"Tiros Cape Verde Islands +11.5",0.2522,1,0,
2026-06-27,Cape Verde Islands,Saudi Arabia,mundial 2026,Tiros,"Tiros Cape Verde Islands +10.5",0.3595,1,0,
2026-06-27,Cape Verde Islands,Saudi Arabia,mundial 2026,Tiros,"Tiros Cape Verde Islands +9.5",0.4832,1,0,
2026-06-27,Cape Verde Islands,Saudi Arabia,mundial 2026,Tiros,"Tiros Cape Verde Islands +8.5",0.6129,1,0,
2026-06-27,Cape Verde Islands,Saudi Arabia,mundial 2026,Tiros,"Tiros Cape Verde Islands +7.5",0.7353,1,0,
2026-06-27,Cape Verde Islands,Saudi Arabia,mundial 2026,Tiros,"Tiros Cape Verde Islands +6.5",0.8380,1,0,
2026-06-27,Cape Verde Islands,Saudi Arabia,mundial 2026,Tiros,"Tiros Saudi Arabia +7.5",0.1080,0,0,
2026-06-27,Cape Verde Islands,Saudi Arabia,mundial 2026,Tiros,"Tiros Saudi Arabia +6.5",0.2014,1,0,
2026-06-27,Cape Verde Islands,Saudi Arabia,mundial 2026,Tiros,"Tiros Saudi Arabia +5.5",0.3392,1,0,
2026-06-27,Cape Verde Islands,Saudi Arabia,mundial 2026,Tiros,"Tiros Saudi Arabia +4.5",0.5135,1,0,
2026-06-27,Cape Verde Islands,Saudi Arabia,mundial 2026,Tiros,"Tiros Saudi Arabia +3.5",0.6971,1,0,
2026-06-27,Cape Verde Islands,Saudi Arabia,mundial 2026,Tiros,"Tiros Saudi Arabia +2.5",0.8520,1,0,
2026-06-27,Cape Verde Islands,Saudi Arabia,mundial 2026,Tarjetas,"Tarjetas totales +5.5",0.1198,0,0,
2026-06-27,Cape Verde Islands,Saudi Arabia,mundial 2026,Tarjetas,"Tarjetas totales +4.5",0.2415,0,0,
2026-06-27,Cape Verde Islands,Saudi Arabia,mundial 2026,Tarjetas,"Tarjetas totales +3.5",0.4246,1,0,
2026-06-27,Cape Verde Islands,Saudi Arabia,mundial 2026,Tarjetas,"Tarjetas totales +2.5",0.6451,1,0,
2026-06-27,Cape Verde Islands,Saudi Arabia,mundial 2026,Tarjetas,"Tarjetas totales +1.5",0.8441,1,0,
2026-06-27,Cape Verde Islands,Saudi Arabia,mundial 2026,Mitades,"Gol en 1ª parte",0.7323,0,0,
2026-06-27,Cape Verde Islands,Saudi Arabia,mundial 2026,Mitades,"Gol en 2ª parte",0.8178,0,0,
2026-06-27,Egypt,Iran,mundial 2026,1X2,"Gana Egypt",0.2366,0,0,
2026-06-27,Egypt,Iran,mundial 2026,1X2,"Empate",0.3321,1,0,
2026-06-27,Egypt,Iran,mundial 2026,1X2,"Gana Iran",0.4313,0,0,
2026-06-27,Egypt,Iran,mundial 2026,1X2,"Egypt o empate (1X)",0.5687,1,0,
2026-06-27,Egypt,Iran,mundial 2026,1X2,"Iran o empate (X2)",0.7634,1,0,
2026-06-27,Egypt,Iran,mundial 2026,1X2,"Sin empate (12)",0.6679,0,0,
2026-06-27,Egypt,Iran,mundial 2026,Goles,"Más de 3.5 goles",0.1343,0,0,
2026-06-27,Egypt,Iran,mundial 2026,Goles,"Más de 2.5 goles",0.3102,0,0,
2026-06-27,Egypt,Iran,mundial 2026,Goles,"Más de 1.5 goles",0.5940,1,0,
2026-06-27,Egypt,Iran,mundial 2026,Goles,"Más de 0.5 goles",0.8447,1,0,
2026-06-27,Egypt,Iran,mundial 2026,BTTS,"Ambos anotan",0.3886,1,0,
2026-06-27,Egypt,Iran,mundial 2026,BTTS,"No ambos anotan",0.6114,0,0,
2026-06-27,Egypt,Iran,mundial 2026,Córners,"Córners totales +6.5",0.1356,1,0,
2026-06-27,Egypt,Iran,mundial 2026,Córners,"Córners totales +5.5",0.2513,1,0,
2026-06-27,Egypt,Iran,mundial 2026,Córners,"Córners totales +4.5",0.4154,1,0,
2026-06-27,Egypt,Iran,mundial 2026,Córners,"Córners totales +3.5",0.6096,1,0,
2026-06-27,Egypt,Iran,mundial 2026,Córners,"Córners totales +2.5",0.7933,1,0,
2026-06-27,Egypt,Iran,mundial 2026,Córners,"Córners Egypt +3.5",0.1803,1,0,
2026-06-27,Egypt,Iran,mundial 2026,Córners,"Córners Egypt +2.5",0.3768,1,0,
2026-06-27,Egypt,Iran,mundial 2026,Córners,"Córners Egypt +1.5",0.6450,1,0,
2026-06-27,Egypt,Iran,mundial 2026,Córners,"Córners Iran +3.5",0.1481,0,0,
2026-06-27,Egypt,Iran,mundial 2026,Córners,"Córners Iran +2.5",0.3311,0,0,
2026-06-27,Egypt,Iran,mundial 2026,Córners,"Córners Iran +1.5",0.6017,1,0,
2026-06-27,Egypt,Iran,mundial 2026,Córners,"Córners Iran +0.5",0.8685,1,0,
2026-06-27,Egypt,Iran,mundial 2026,Tiros a puerta,"Tiros a puerta totales +6.5",0.0957,1,0,
2026-06-27,Egypt,Iran,mundial 2026,Tiros a puerta,"Tiros a puerta totales +5.5",0.1920,1,0,
2026-06-27,Egypt,Iran,mundial 2026,Tiros a puerta,"Tiros a puerta totales +4.5",0.3420,1,0,
2026-06-27,Egypt,Iran,mundial 2026,Tiros a puerta,"Tiros a puerta totales +3.5",0.5368,1,0,
2026-06-27,Egypt,Iran,mundial 2026,Tiros a puerta,"Tiros a puerta totales +2.5",0.7392,1,0,
2026-06-27,Egypt,Iran,mundial 2026,Tiros a puerta,"T. a puerta Egypt +3.5",0.1084,0,0,
2026-06-27,Egypt,Iran,mundial 2026,Tiros a puerta,"T. a puerta Egypt +2.5",0.2688,1,0,
2026-06-27,Egypt,Iran,mundial 2026,Tiros a puerta,"T. a puerta Egypt +1.5",0.5366,1,0,
2026-06-27,Egypt,Iran,mundial 2026,Tiros a puerta,"T. a puerta Egypt +0.5",0.8344,1,0,
2026-06-27,Egypt,Iran,mundial 2026,Tiros a puerta,"T. a puerta Iran +3.5",0.1525,1,0,
2026-06-27,Egypt,Iran,mundial 2026,Tiros a puerta,"T. a puerta Iran +2.5",0.3375,1,0,
2026-06-27,Egypt,Iran,mundial 2026,Tiros a puerta,"T. a puerta Iran +1.5",0.6080,1,0,
2026-06-27,Egypt,Iran,mundial 2026,Tiros a puerta,"T. a puerta Iran +0.5",0.8716,1,0,
2026-06-27,Egypt,Iran,mundial 2026,Tiros a puerta,"Egypt tira más a puerta",0.4669,0,0,
2026-06-27,Egypt,Iran,mundial 2026,Tiros,"Tiros totales +13.5",0.1944,1,0,
2026-06-27,Egypt,Iran,mundial 2026,Tiros,"Tiros totales +12.5",0.2822,1,0,
2026-06-27,Egypt,Iran,mundial 2026,Tiros,"Tiros totales +11.5",0.3886,1,0,
2026-06-27,Egypt,Iran,mundial 2026,Tiros,"Tiros totales +10.5",0.5076,1,0,
2026-06-27,Egypt,Iran,mundial 2026,Tiros,"Tiros totales +9.5",0.6295,1,0,
2026-06-27,Egypt,Iran,mundial 2026,Tiros,"Tiros totales +8.5",0.7432,1,0,
2026-06-27,Egypt,Iran,mundial 2026,Tiros,"Tiros totales +7.5",0.8385,1,0,
2026-06-27,Egypt,Iran,mundial 2026,Tiros,"Tiros Egypt +7.5",0.1887,1,0,
2026-06-27,Egypt,Iran,mundial 2026,Tiros,"Tiros Egypt +6.5",0.3116,1,0,
2026-06-27,Egypt,Iran,mundial 2026,Tiros,"Tiros Egypt +5.5",0.4685,1,0,
2026-06-27,Egypt,Iran,mundial 2026,Tiros,"Tiros Egypt +4.5",0.6401,1,0,
2026-06-27,Egypt,Iran,mundial 2026,Tiros,"Tiros Egypt +3.5",0.7966,1,0,
2026-06-27,Egypt,Iran,mundial 2026,Tiros,"Tiros Iran +7.5",0.1602,1,0,
2026-06-27,Egypt,Iran,mundial 2026,Tiros,"Tiros Iran +6.5",0.2745,1,0,
2026-06-27,Egypt,Iran,mundial 2026,Tiros,"Tiros Iran +5.5",0.4270,1,0,
2026-06-27,Egypt,Iran,mundial 2026,Tiros,"Tiros Iran +4.5",0.6015,1,0,
2026-06-27,Egypt,Iran,mundial 2026,Tiros,"Tiros Iran +3.5",0.7678,1,0,
2026-06-27,Egypt,Iran,mundial 2026,Tarjetas,"Tarjetas totales +4.5",0.1413,1,0,
2026-06-27,Egypt,Iran,mundial 2026,Tarjetas,"Tarjetas totales +3.5",0.2921,1,0,
2026-06-27,Egypt,Iran,mundial 2026,Tarjetas,"Tarjetas totales +2.5",0.5133,1,0,
2026-06-27,Egypt,Iran,mundial 2026,Tarjetas,"Tarjetas totales +1.5",0.7564,1,0,
2026-06-27,Egypt,Iran,mundial 2026,Mitades,"Gol en 1ª parte",0.6106,1,0,
2026-06-27,Egypt,Iran,mundial 2026,Mitades,"Gol en 2ª parte",0.8045,0,0,
2026-06-27,New Zealand,Belgium,mundial 2026,1X2,"Gana New Zealand",0.0605,0,0,
2026-06-27,New Zealand,Belgium,mundial 2026,1X2,"Empate",0.1664,0,0,
2026-06-27,New Zealand,Belgium,mundial 2026,1X2,"Gana Belgium",0.7731,1,0,
2026-06-27,New Zealand,Belgium,mundial 2026,1X2,"New Zealand o empate (1X)",0.2269,0,0,
2026-06-27,New Zealand,Belgium,mundial 2026,1X2,"Belgium o empate (X2)",0.9395,1,0,
2026-06-27,New Zealand,Belgium,mundial 2026,1X2,"Sin empate (12)",0.8336,1,0,
2026-06-27,New Zealand,Belgium,mundial 2026,Goles,"Más de 5.5 goles",0.1100,1,0,
2026-06-27,New Zealand,Belgium,mundial 2026,Goles,"Más de 4.5 goles",0.2297,1,0,
2026-06-27,New Zealand,Belgium,mundial 2026,Goles,"Más de 3.5 goles",0.4122,1,0,
2026-06-27,New Zealand,Belgium,mundial 2026,Goles,"Más de 2.5 goles",0.6347,1,0,
2026-06-27,New Zealand,Belgium,mundial 2026,Goles,"Más de 1.5 goles",0.8515,1,0,
2026-06-27,New Zealand,Belgium,mundial 2026,BTTS,"Ambos anotan",0.4673,1,0,
2026-06-27,New Zealand,Belgium,mundial 2026,BTTS,"No ambos anotan",0.5327,0,0,
2026-06-27,New Zealand,Belgium,mundial 2026,Córners,"Córners totales +8.5",0.1628,1,0,
2026-06-27,New Zealand,Belgium,mundial 2026,Córners,"Córners totales +7.5",0.2693,1,0,
2026-06-27,New Zealand,Belgium,mundial 2026,Córners,"Córners totales +6.5",0.4091,1,0,
2026-06-27,New Zealand,Belgium,mundial 2026,Córners,"Córners totales +5.5",0.5696,1,0,
2026-06-27,New Zealand,Belgium,mundial 2026,Córners,"Córners totales +4.5",0.7275,1,0,
2026-06-27,New Zealand,Belgium,mundial 2026,Córners,"Córners totales +3.5",0.8571,1,0,
2026-06-27,New Zealand,Belgium,mundial 2026,Córners,"Córners New Zealand +2.5",0.1236,1,0,
2026-06-27,New Zealand,Belgium,mundial 2026,Córners,"Córners New Zealand +1.5",0.3425,1,0,
2026-06-27,New Zealand,Belgium,mundial 2026,Córners,"Córners New Zealand +0.5",0.7030,1,0,
2026-06-27,New Zealand,Belgium,mundial 2026,Córners,"Córners Belgium +7.5",0.1213,1,0,
2026-06-27,New Zealand,Belgium,mundial 2026,Córners,"Córners Belgium +6.5",0.2207,1,0,
2026-06-27,New Zealand,Belgium,mundial 2026,Córners,"Córners Belgium +5.5",0.3633,1,0,
2026-06-27,New Zealand,Belgium,mundial 2026,Córners,"Córners Belgium +4.5",0.5385,1,0,
2026-06-27,New Zealand,Belgium,mundial 2026,Córners,"Córners Belgium +3.5",0.7179,1,0,
2026-06-27,New Zealand,Belgium,mundial 2026,Córners,"Córners Belgium +2.5",0.8650,1,0,
2026-06-27,New Zealand,Belgium,mundial 2026,Tiros a puerta,"Tiros a puerta totales +8.5",0.1545,1,0,
2026-06-27,New Zealand,Belgium,mundial 2026,Tiros a puerta,"Tiros a puerta totales +7.5",0.2583,1,0,
2026-06-27,New Zealand,Belgium,mundial 2026,Tiros a puerta,"Tiros a puerta totales +6.5",0.3963,1,0,
2026-06-27,New Zealand,Belgium,mundial 2026,Tiros a puerta,"Tiros a puerta totales +5.5",0.5569,1,0,
2026-06-27,New Zealand,Belgium,mundial 2026,Tiros a puerta,"Tiros a puerta totales +4.5",0.7171,1,0,
2026-06-27,New Zealand,Belgium,mundial 2026,Tiros a puerta,"Tiros a puerta totales +3.5",0.8502,1,0,
2026-06-27,New Zealand,Belgium,mundial 2026,Tiros a puerta,"T. a puerta New Zealand +2.5",0.2002,0,0,
2026-06-27,New Zealand,Belgium,mundial 2026,Tiros a puerta,"T. a puerta New Zealand +1.5",0.4542,1,0,
2026-06-27,New Zealand,Belgium,mundial 2026,Tiros a puerta,"T. a puerta New Zealand +0.5",0.7848,1,0,
2026-06-27,New Zealand,Belgium,mundial 2026,Tiros a puerta,"T. a puerta Belgium +6.5",0.1664,1,0,
2026-06-27,New Zealand,Belgium,mundial 2026,Tiros a puerta,"T. a puerta Belgium +5.5",0.2937,1,0,
2026-06-27,New Zealand,Belgium,mundial 2026,Tiros a puerta,"T. a puerta Belgium +4.5",0.4642,1,0,
2026-06-27,New Zealand,Belgium,mundial 2026,Tiros a puerta,"T. a puerta Belgium +3.5",0.6544,1,0,
2026-06-27,New Zealand,Belgium,mundial 2026,Tiros a puerta,"T. a puerta Belgium +2.5",0.8242,1,0,
2026-06-27,New Zealand,Belgium,mundial 2026,Tiros a puerta,"New Zealand tira más a puerta",0.2553,0,0,
2026-06-27,New Zealand,Belgium,mundial 2026,Tiros,"Tiros totales +17.5",0.2896,1,0,
2026-06-27,New Zealand,Belgium,mundial 2026,Tiros,"Tiros totales +16.5",0.3788,1,0,
2026-06-27,New Zealand,Belgium,mundial 2026,Tiros,"Tiros totales +15.5",0.4770,1,0,
2026-06-27,New Zealand,Belgium,mundial 2026,Tiros,"Tiros totales +14.5",0.5788,1,0,
2026-06-27,New Zealand,Belgium,mundial 2026,Tiros,"Tiros totales +13.5",0.6777,1,0,
2026-06-27,New Zealand,Belgium,mundial 2026,Tiros,"Tiros totales +12.5",0.7674,1,0,
2026-06-27,New Zealand,Belgium,mundial 2026,Tiros,"Tiros totales +11.5",0.8428,1,0,
2026-06-27,New Zealand,Belgium,mundial 2026,Tiros,"Tiros New Zealand +5.5",0.1065,1,0,
2026-06-27,New Zealand,Belgium,mundial 2026,Tiros,"Tiros New Zealand +4.5",0.2211,1,0,
2026-06-27,New Zealand,Belgium,mundial 2026,Tiros,"Tiros New Zealand +3.5",0.3996,1,0,
2026-06-27,New Zealand,Belgium,mundial 2026,Tiros,"Tiros New Zealand +2.5",0.6220,1,0,
2026-06-27,New Zealand,Belgium,mundial 2026,Tiros,"Tiros New Zealand +1.5",0.8300,1,0,
2026-06-27,New Zealand,Belgium,mundial 2026,Tiros,"Tiros Belgium +14.5",0.2494,1,0,
2026-06-27,New Zealand,Belgium,mundial 2026,Tiros,"Tiros Belgium +13.5",0.3432,1,0,
2026-06-27,New Zealand,Belgium,mundial 2026,Tiros,"Tiros Belgium +12.5",0.4506,1,0,
2026-06-27,New Zealand,Belgium,mundial 2026,Tiros,"Tiros Belgium +11.5",0.5647,1,0,
2026-06-27,New Zealand,Belgium,mundial 2026,Tiros,"Tiros Belgium +10.5",0.6766,1,0,
2026-06-27,New Zealand,Belgium,mundial 2026,Tiros,"Tiros Belgium +9.5",0.7773,1,0,
2026-06-27,New Zealand,Belgium,mundial 2026,Tiros,"Tiros Belgium +8.5",0.8596,1,0,
2026-06-27,New Zealand,Belgium,mundial 2026,Tarjetas,"Tarjetas totales +4.5",0.1385,0,0,
2026-06-27,New Zealand,Belgium,mundial 2026,Tarjetas,"Tarjetas totales +3.5",0.2880,0,0,
2026-06-27,New Zealand,Belgium,mundial 2026,Tarjetas,"Tarjetas totales +2.5",0.5087,0,0,
2026-06-27,New Zealand,Belgium,mundial 2026,Tarjetas,"Tarjetas totales +1.5",0.7530,1,0,
2026-06-27,New Zealand,Belgium,mundial 2026,Mitades,"Gol en 1ª parte",0.8006,1,0,
2026-06-27,New Zealand,Belgium,mundial 2026,Mitades,"Gol en 2ª parte",0.7891,1,0,
2026-06-27,Croatia,Panama,mundial 2026,1X2,"Gana Croatia",0.5683,1,0,
2026-06-27,Croatia,Panama,mundial 2026,1X2,"Empate",0.2274,0,0,
2026-06-27,Croatia,Panama,mundial 2026,1X2,"Gana Panama",0.2044,0,0,
2026-06-27,Croatia,Panama,mundial 2026,1X2,"Croatia o empate (1X)",0.7956,1,0,
2026-06-27,Croatia,Panama,mundial 2026,1X2,"Panama o empate (X2)",0.4317,0,0,
2026-06-27,Croatia,Panama,mundial 2026,1X2,"Sin empate (12)",0.7726,1,0,
2026-06-27,Croatia,Panama,mundial 2026,Goles,"Más de 5.5 goles",0.1392,0,0,
2026-06-27,Croatia,Panama,mundial 2026,Goles,"Más de 4.5 goles",0.2711,0,0,
2026-06-27,Croatia,Panama,mundial 2026,Goles,"Más de 3.5 goles",0.4600,0,0,
2026-06-27,Croatia,Panama,mundial 2026,Goles,"Más de 2.5 goles",0.6765,0,0,
2026-06-27,Croatia,Panama,mundial 2026,Goles,"Más de 1.5 goles",0.8754,0,0,
2026-06-27,Croatia,Panama,mundial 2026,BTTS,"Ambos anotan",0.6565,0,0,
2026-06-27,Croatia,Panama,mundial 2026,BTTS,"No ambos anotan",0.3435,1,0,
2026-06-27,Croatia,Panama,mundial 2026,Córners,"Córners totales +11.5",0.1712,0,0,
2026-06-27,Croatia,Panama,mundial 2026,Córners,"Córners totales +10.5",0.2620,0,0,
2026-06-27,Croatia,Panama,mundial 2026,Córners,"Córners totales +9.5",0.3765,0,0,
2026-06-27,Croatia,Panama,mundial 2026,Córners,"Córners totales +8.5",0.5077,1,0,
2026-06-27,Croatia,Panama,mundial 2026,Córners,"Córners totales +7.5",0.6430,1,0,
2026-06-27,Croatia,Panama,mundial 2026,Córners,"Córners totales +6.5",0.7671,1,0,
2026-06-27,Croatia,Panama,mundial 2026,Córners,"Córners totales +5.5",0.8666,1,0,
2026-06-27,Croatia,Panama,mundial 2026,Córners,"Córners Croatia +6.5",0.1647,0,0,
2026-06-27,Croatia,Panama,mundial 2026,Córners,"Córners Croatia +5.5",0.2914,0,0,
2026-06-27,Croatia,Panama,mundial 2026,Córners,"Córners Croatia +4.5",0.4616,0,0,
2026-06-27,Croatia,Panama,mundial 2026,Córners,"Córners Croatia +3.5",0.6521,0,0,
2026-06-27,Croatia,Panama,mundial 2026,Córners,"Córners Croatia +2.5",0.8227,0,0,
2026-06-27,Croatia,Panama,mundial 2026,Córners,"Córners Panama +6.5",0.1394,1,0,
2026-06-27,Croatia,Panama,mundial 2026,Córners,"Córners Panama +5.5",0.2565,1,0,
2026-06-27,Croatia,Panama,mundial 2026,Córners,"Córners Panama +4.5",0.4216,1,0,
2026-06-27,Croatia,Panama,mundial 2026,Córners,"Córners Panama +3.5",0.6154,1,0,
2026-06-27,Croatia,Panama,mundial 2026,Córners,"Córners Panama +2.5",0.7974,1,0,
2026-06-27,Croatia,Panama,mundial 2026,Tiros a puerta,"Tiros a puerta totales +12.5",0.1973,0,0,
2026-06-27,Croatia,Panama,mundial 2026,Tiros a puerta,"Tiros a puerta totales +11.5",0.2898,0,0,
2026-06-27,Croatia,Panama,mundial 2026,Tiros a puerta,"Tiros a puerta totales +10.5",0.4021,0,0,
2026-06-27,Croatia,Panama,mundial 2026,Tiros a puerta,"Tiros a puerta totales +9.5",0.5272,0,0,
2026-06-27,Croatia,Panama,mundial 2026,Tiros a puerta,"Tiros a puerta totales +8.5",0.6537,0,0,
2026-06-27,Croatia,Panama,mundial 2026,Tiros a puerta,"Tiros a puerta totales +7.5",0.7689,0,0,
2026-06-27,Croatia,Panama,mundial 2026,Tiros a puerta,"Tiros a puerta totales +6.5",0.8622,0,0,
2026-06-27,Croatia,Panama,mundial 2026,Tiros a puerta,"T. a puerta Croatia +7.5",0.0968,0,0,
2026-06-27,Croatia,Panama,mundial 2026,Tiros a puerta,"T. a puerta Croatia +6.5",0.1846,0,0,
2026-06-27,Croatia,Panama,mundial 2026,Tiros a puerta,"T. a puerta Croatia +5.5",0.3177,0,0,
2026-06-27,Croatia,Panama,mundial 2026,Tiros a puerta,"T. a puerta Croatia +4.5",0.4905,0,0,
2026-06-27,Croatia,Panama,mundial 2026,Tiros a puerta,"T. a puerta Croatia +3.5",0.6775,0,0,
2026-06-27,Croatia,Panama,mundial 2026,Tiros a puerta,"T. a puerta Croatia +2.5",0.8395,0,0,
2026-06-27,Croatia,Panama,mundial 2026,Tiros a puerta,"T. a puerta Panama +7.5",0.1621,0,0,
2026-06-27,Croatia,Panama,mundial 2026,Tiros a puerta,"T. a puerta Panama +6.5",0.2770,0,0,
2026-06-27,Croatia,Panama,mundial 2026,Tiros a puerta,"T. a puerta Panama +5.5",0.4298,0,0,
2026-06-27,Croatia,Panama,mundial 2026,Tiros a puerta,"T. a puerta Panama +4.5",0.6041,0,0,
2026-06-27,Croatia,Panama,mundial 2026,Tiros a puerta,"T. a puerta Panama +3.5",0.7698,0,0,
2026-06-27,Croatia,Panama,mundial 2026,Tiros a puerta,"Croatia tira más a puerta",0.4675,1,0,
2026-06-27,Croatia,Panama,mundial 2026,Tiros,"Tiros totales +28.5",0.2800,0,0,
2026-06-27,Croatia,Panama,mundial 2026,Tiros,"Tiros totales +27.5",0.3477,0,0,
2026-06-27,Croatia,Panama,mundial 2026,Tiros,"Tiros totales +26.5",0.4217,0,0,
2026-06-27,Croatia,Panama,mundial 2026,Tiros,"Tiros totales +25.5",0.4995,0,0,
2026-06-27,Croatia,Panama,mundial 2026,Tiros,"Tiros totales +24.5",0.5783,0,0,
2026-06-27,Croatia,Panama,mundial 2026,Tiros,"Tiros totales +23.5",0.6552,0,0,
2026-06-27,Croatia,Panama,mundial 2026,Tiros,"Tiros totales +22.5",0.7270,0,0,
2026-06-27,Croatia,Panama,mundial 2026,Tiros,"Tiros totales +21.5",0.7914,0,0,
2026-06-27,Croatia,Panama,mundial 2026,Tiros,"Tiros totales +20.5",0.8466,0,0,
2026-06-27,Croatia,Panama,mundial 2026,Tiros,"Tiros Croatia +16.5",0.2340,0,0,
2026-06-27,Croatia,Panama,mundial 2026,Tiros,"Tiros Croatia +15.5",0.3191,0,0,
2026-06-27,Croatia,Panama,mundial 2026,Tiros,"Tiros Croatia +14.5",0.4171,0,0,
2026-06-27,Croatia,Panama,mundial 2026,Tiros,"Tiros Croatia +13.5",0.5231,0,0,
2026-06-27,Croatia,Panama,mundial 2026,Tiros,"Tiros Croatia +12.5",0.6299,0,0,
2026-06-27,Croatia,Panama,mundial 2026,Tiros,"Tiros Croatia +11.5",0.7299,0,0,
2026-06-27,Croatia,Panama,mundial 2026,Tiros,"Tiros Croatia +10.5",0.8164,0,0,
2026-06-27,Croatia,Panama,mundial 2026,Tiros,"Tiros Panama +14.5",0.2083,0,0,
2026-06-27,Croatia,Panama,mundial 2026,Tiros,"Tiros Panama +13.5",0.2953,0,0,
2026-06-27,Croatia,Panama,mundial 2026,Tiros,"Tiros Panama +12.5",0.3987,0,0,
2026-06-27,Croatia,Panama,mundial 2026,Tiros,"Tiros Panama +11.5",0.5128,0,0,
2026-06-27,Croatia,Panama,mundial 2026,Tiros,"Tiros Panama +10.5",0.6291,0,0,
2026-06-27,Croatia,Panama,mundial 2026,Tiros,"Tiros Panama +9.5",0.7377,0,0,
2026-06-27,Croatia,Panama,mundial 2026,Tiros,"Tiros Panama +8.5",0.8299,0,0,
2026-06-27,Croatia,Panama,mundial 2026,Tarjetas,"Tarjetas totales +4.5",0.1603,0,0,
2026-06-27,Croatia,Panama,mundial 2026,Tarjetas,"Tarjetas totales +3.5",0.3194,0,0,
2026-06-27,Croatia,Panama,mundial 2026,Tarjetas,"Tarjetas totales +2.5",0.5426,0,0,
2026-06-27,Croatia,Panama,mundial 2026,Tarjetas,"Tarjetas totales +1.5",0.7774,1,0,
2026-06-27,Croatia,Panama,mundial 2026,Mitades,"Gol en 1ª parte",0.7231,0,0,
2026-06-27,Croatia,Panama,mundial 2026,Mitades,"Gol en 2ª parte",0.8399,1,0,
2026-06-27,Uzbekistan,Colombia,mundial 2026,1X2,"Gana Uzbekistan",0.0874,0,0,
2026-06-27,Uzbekistan,Colombia,mundial 2026,1X2,"Empate",0.2245,0,0,
2026-06-27,Uzbekistan,Colombia,mundial 2026,1X2,"Gana Colombia",0.6880,1,0,
2026-06-27,Uzbekistan,Colombia,mundial 2026,1X2,"Uzbekistan o empate (1X)",0.3120,0,0,
2026-06-27,Uzbekistan,Colombia,mundial 2026,1X2,"Colombia o empate (X2)",0.9126,1,0,
2026-06-27,Uzbekistan,Colombia,mundial 2026,1X2,"Sin empate (12)",0.7755,1,0,
2026-06-27,Uzbekistan,Colombia,mundial 2026,Goles,"Más de 4.5 goles",0.1156,0,0,
2026-06-27,Uzbekistan,Colombia,mundial 2026,Goles,"Más de 3.5 goles",0.2538,1,0,
2026-06-27,Uzbekistan,Colombia,mundial 2026,Goles,"Más de 2.5 goles",0.4701,1,0,
2026-06-27,Uzbekistan,Colombia,mundial 2026,Goles,"Más de 1.5 goles",0.7375,1,0,
2026-06-27,Uzbekistan,Colombia,mundial 2026,BTTS,"Ambos anotan",0.3961,1,0,
2026-06-27,Uzbekistan,Colombia,mundial 2026,BTTS,"No ambos anotan",0.6039,0,0,
2026-06-27,Uzbekistan,Colombia,mundial 2026,Córners,"Córners totales +10.5",0.1552,0,0,
2026-06-27,Uzbekistan,Colombia,mundial 2026,Córners,"Córners totales +9.5",0.2466,0,0,
2026-06-27,Uzbekistan,Colombia,mundial 2026,Córners,"Córners totales +8.5",0.3653,0,0,
2026-06-27,Uzbekistan,Colombia,mundial 2026,Córners,"Córners totales +7.5",0.5040,0,0,
2026-06-27,Uzbekistan,Colombia,mundial 2026,Córners,"Córners totales +6.5",0.6483,1,0,
2026-06-27,Uzbekistan,Colombia,mundial 2026,Córners,"Córners totales +5.5",0.7794,1,0,
2026-06-27,Uzbekistan,Colombia,mundial 2026,Córners,"Córners Uzbekistan +5.5",0.1553,0,0,
2026-06-27,Uzbekistan,Colombia,mundial 2026,Córners,"Córners Uzbekistan +4.5",0.2928,0,0,
2026-06-27,Uzbekistan,Colombia,mundial 2026,Córners,"Córners Uzbekistan +3.5",0.4839,0,0,
2026-06-27,Uzbekistan,Colombia,mundial 2026,Córners,"Córners Uzbekistan +2.5",0.6965,1,0,
2026-06-27,Uzbekistan,Colombia,mundial 2026,Córners,"Córners Uzbekistan +1.5",0.8739,1,0,
2026-06-27,Uzbekistan,Colombia,mundial 2026,Córners,"Córners Colombia +6.5",0.1215,0,0,
2026-06-27,Uzbekistan,Colombia,mundial 2026,Córners,"Córners Colombia +5.5",0.2309,0,0,
2026-06-27,Uzbekistan,Colombia,mundial 2026,Córners,"Córners Colombia +4.5",0.3909,0,0,
2026-06-27,Uzbekistan,Colombia,mundial 2026,Córners,"Córners Colombia +3.5",0.5861,1,0,
2026-06-27,Uzbekistan,Colombia,mundial 2026,Córners,"Córners Colombia +2.5",0.7764,1,0,
2026-06-27,Uzbekistan,Colombia,mundial 2026,Tiros a puerta,"Tiros a puerta totales +8.5",0.1861,0,0,
2026-06-27,Uzbekistan,Colombia,mundial 2026,Tiros a puerta,"Tiros a puerta totales +7.5",0.2993,0,0,
2026-06-27,Uzbekistan,Colombia,mundial 2026,Tiros a puerta,"Tiros a puerta totales +6.5",0.4429,0,0,
2026-06-27,Uzbekistan,Colombia,mundial 2026,Tiros a puerta,"Tiros a puerta totales +5.5",0.6023,1,0,
2026-06-27,Uzbekistan,Colombia,mundial 2026,Tiros a puerta,"Tiros a puerta totales +4.5",0.7540,1,0,
2026-06-27,Uzbekistan,Colombia,mundial 2026,Tiros a puerta,"Tiros a puerta totales +3.5",0.8742,1,0,
2026-06-27,Uzbekistan,Colombia,mundial 2026,Tiros a puerta,"T. a puerta Uzbekistan +4.5",0.1149,0,0,
2026-06-27,Uzbekistan,Colombia,mundial 2026,Tiros a puerta,"T. a puerta Uzbekistan +3.5",0.2521,0,0,
2026-06-27,Uzbekistan,Colombia,mundial 2026,Tiros a puerta,"T. a puerta Uzbekistan +2.5",0.4677,0,0,
2026-06-27,Uzbekistan,Colombia,mundial 2026,Tiros a puerta,"T. a puerta Uzbekistan +1.5",0.7218,1,0,
2026-06-27,Uzbekistan,Colombia,mundial 2026,Tiros a puerta,"T. a puerta Colombia +6.5",0.0874,0,0,
2026-06-27,Uzbekistan,Colombia,mundial 2026,Tiros a puerta,"T. a puerta Colombia +5.5",0.1789,0,0,
2026-06-27,Uzbekistan,Colombia,mundial 2026,Tiros a puerta,"T. a puerta Colombia +4.5",0.3248,0,0,
2026-06-27,Uzbekistan,Colombia,mundial 2026,Tiros a puerta,"T. a puerta Colombia +3.5",0.5188,1,0,
2026-06-27,Uzbekistan,Colombia,mundial 2026,Tiros a puerta,"T. a puerta Colombia +2.5",0.7250,1,0,
2026-06-27,Uzbekistan,Colombia,mundial 2026,Tiros a puerta,"Uzbekistan tira más a puerta",0.4035,0,0,
2026-06-27,Uzbekistan,Colombia,mundial 2026,Tiros,"Tiros totales +19.5",0.2909,1,0,
2026-06-27,Uzbekistan,Colombia,mundial 2026,Tiros,"Tiros totales +18.5",0.3752,1,0,
2026-06-27,Uzbekistan,Colombia,mundial 2026,Tiros,"Tiros totales +17.5",0.4676,1,0,
2026-06-27,Uzbekistan,Colombia,mundial 2026,Tiros,"Tiros totales +16.5",0.5636,1,0,
2026-06-27,Uzbekistan,Colombia,mundial 2026,Tiros,"Tiros totales +15.5",0.6578,1,0,
2026-06-27,Uzbekistan,Colombia,mundial 2026,Tiros,"Tiros totales +14.5",0.7447,1,0,
2026-06-27,Uzbekistan,Colombia,mundial 2026,Tiros,"Tiros totales +13.5",0.8200,1,0,
2026-06-27,Uzbekistan,Colombia,mundial 2026,Tiros,"Tiros Uzbekistan +10.5",0.1520,0,0,
2026-06-27,Uzbekistan,Colombia,mundial 2026,Tiros,"Tiros Uzbekistan +9.5",0.2424,0,0,
2026-06-27,Uzbekistan,Colombia,mundial 2026,Tiros,"Tiros Uzbekistan +8.5",0.3603,0,0,
2026-06-27,Uzbekistan,Colombia,mundial 2026,Tiros,"Tiros Uzbekistan +7.5",0.4989,1,0,
2026-06-27,Uzbekistan,Colombia,mundial 2026,Tiros,"Tiros Uzbekistan +6.5",0.6436,1,0,
2026-06-27,Uzbekistan,Colombia,mundial 2026,Tiros,"Tiros Uzbekistan +5.5",0.7758,1,0,
2026-06-27,Uzbekistan,Colombia,mundial 2026,Tiros,"Tiros Uzbekistan +4.5",0.8793,1,0,
2026-06-27,Uzbekistan,Colombia,mundial 2026,Tiros,"Tiros Colombia +12.5",0.1780,1,0,
2026-06-27,Uzbekistan,Colombia,mundial 2026,Tiros,"Tiros Colombia +11.5",0.2661,1,0,
2026-06-27,Uzbekistan,Colombia,mundial 2026,Tiros,"Tiros Colombia +10.5",0.3754,1,0,
2026-06-27,Uzbekistan,Colombia,mundial 2026,Tiros,"Tiros Colombia +9.5",0.4998,1,0,
2026-06-27,Uzbekistan,Colombia,mundial 2026,Tiros,"Tiros Colombia +8.5",0.6285,1,0,
2026-06-27,Uzbekistan,Colombia,mundial 2026,Tiros,"Tiros Colombia +7.5",0.7483,1,0,
2026-06-27,Uzbekistan,Colombia,mundial 2026,Tiros,"Tiros Colombia +6.5",0.8475,1,0,
2026-06-27,Uzbekistan,Colombia,mundial 2026,Tarjetas,"Tarjetas totales +4.5",0.1040,0,0,
2026-06-27,Uzbekistan,Colombia,mundial 2026,Tarjetas,"Tarjetas totales +3.5",0.2347,0,0,
2026-06-27,Uzbekistan,Colombia,mundial 2026,Tarjetas,"Tarjetas totales +2.5",0.4468,0,0,
2026-06-27,Uzbekistan,Colombia,mundial 2026,Tarjetas,"Tarjetas totales +1.5",0.7052,1,0,
2026-06-27,Uzbekistan,Colombia,mundial 2026,Mitades,"Gol en 1ª parte",0.8167,1,0,
2026-06-27,Uzbekistan,Colombia,mundial 2026,Mitades,"Gol en 2ª parte",0.7492,1,0,
2026-06-27,Portugal,Uzbekistan,mundial 2026,1X2,"Gana Portugal",0.5710,1,0,
2026-06-27,Portugal,Uzbekistan,mundial 2026,1X2,"Empate",0.2776,0,0,
2026-06-27,Portugal,Uzbekistan,mundial 2026,1X2,"Gana Uzbekistan",0.1514,0,0,
2026-06-27,Portugal,Uzbekistan,mundial 2026,1X2,"Portugal o empate (1X)",0.8486,1,0,
2026-06-27,Portugal,Uzbekistan,mundial 2026,1X2,"Uzbekistan o empate (X2)",0.4290,0,0,
2026-06-27,Portugal,Uzbekistan,mundial 2026,1X2,"Sin empate (12)",0.7224,1,0,
2026-06-27,Portugal,Uzbekistan,mundial 2026,Goles,"Más de 4.5 goles",0.1146,1,0,
2026-06-27,Portugal,Uzbekistan,mundial 2026,Goles,"Más de 3.5 goles",0.2518,1,0,
2026-06-27,Portugal,Uzbekistan,mundial 2026,Goles,"Más de 2.5 goles",0.4675,1,0,
2026-06-27,Portugal,Uzbekistan,mundial 2026,Goles,"Más de 1.5 goles",0.7433,1,0,
2026-06-27,Portugal,Uzbekistan,mundial 2026,BTTS,"Ambos anotan",0.4793,0,0,
2026-06-27,Portugal,Uzbekistan,mundial 2026,BTTS,"No ambos anotan",0.5207,1,0,
2026-06-27,Portugal,Uzbekistan,mundial 2026,Córners,"Córners totales +10.5",0.1469,0,0,
2026-06-27,Portugal,Uzbekistan,mundial 2026,Córners,"Córners totales +9.5",0.2357,0,0,
2026-06-27,Portugal,Uzbekistan,mundial 2026,Córners,"Córners totales +8.5",0.3524,0,0,
2026-06-27,Portugal,Uzbekistan,mundial 2026,Córners,"Córners totales +7.5",0.4906,0,0,
2026-06-27,Portugal,Uzbekistan,mundial 2026,Córners,"Córners totales +6.5",0.6360,0,0,
2026-06-27,Portugal,Uzbekistan,mundial 2026,Córners,"Córners totales +5.5",0.7698,0,0,
2026-06-27,Portugal,Uzbekistan,mundial 2026,Córners,"Córners totales +4.5",0.8754,1,0,
2026-06-27,Portugal,Uzbekistan,mundial 2026,Córners,"Córners Portugal +7.5",0.1168,0,0,
2026-06-27,Portugal,Uzbekistan,mundial 2026,Córners,"Córners Portugal +6.5",0.2142,0,0,
2026-06-27,Portugal,Uzbekistan,mundial 2026,Córners,"Córners Portugal +5.5",0.3553,0,0,
2026-06-27,Portugal,Uzbekistan,mundial 2026,Córners,"Córners Portugal +4.5",0.5303,0,0,
2026-06-27,Portugal,Uzbekistan,mundial 2026,Córners,"Córners Portugal +3.5",0.7112,0,0,
2026-06-27,Portugal,Uzbekistan,mundial 2026,Córners,"Córners Portugal +2.5",0.8608,1,0,
2026-06-27,Portugal,Uzbekistan,mundial 2026,Córners,"Córners Uzbekistan +4.5",0.1474,0,0,
2026-06-27,Portugal,Uzbekistan,mundial 2026,Córners,"Córners Uzbekistan +3.5",0.3011,0,0,
2026-06-27,Portugal,Uzbekistan,mundial 2026,Córners,"Córners Uzbekistan +2.5",0.5230,0,0,
2026-06-27,Portugal,Uzbekistan,mundial 2026,Córners,"Córners Uzbekistan +1.5",0.7635,1,0,
2026-06-27,Portugal,Uzbekistan,mundial 2026,Tiros a puerta,"Tiros a puerta totales +8.5",0.1589,1,0,
2026-06-27,Portugal,Uzbekistan,mundial 2026,Tiros a puerta,"Tiros a puerta totales +7.5",0.2641,1,0,
2026-06-27,Portugal,Uzbekistan,mundial 2026,Tiros a puerta,"Tiros a puerta totales +6.5",0.4031,1,0,
2026-06-27,Portugal,Uzbekistan,mundial 2026,Tiros a puerta,"Tiros a puerta totales +5.5",0.5637,1,0,
2026-06-27,Portugal,Uzbekistan,mundial 2026,Tiros a puerta,"Tiros a puerta totales +4.5",0.7227,1,0,
2026-06-27,Portugal,Uzbekistan,mundial 2026,Tiros a puerta,"Tiros a puerta totales +3.5",0.8540,1,0,
2026-06-27,Portugal,Uzbekistan,mundial 2026,Tiros a puerta,"T. a puerta Portugal +6.5",0.0987,1,0,
2026-06-27,Portugal,Uzbekistan,mundial 2026,Tiros a puerta,"T. a puerta Portugal +5.5",0.1967,1,0,
2026-06-27,Portugal,Uzbekistan,mundial 2026,Tiros a puerta,"T. a puerta Portugal +4.5",0.3481,1,0,
2026-06-27,Portugal,Uzbekistan,mundial 2026,Tiros a puerta,"T. a puerta Portugal +3.5",0.5432,1,0,
2026-06-27,Portugal,Uzbekistan,mundial 2026,Tiros a puerta,"T. a puerta Portugal +2.5",0.7441,1,0,
2026-06-27,Portugal,Uzbekistan,mundial 2026,Tiros a puerta,"T. a puerta Uzbekistan +3.5",0.1761,0,0,
2026-06-27,Portugal,Uzbekistan,mundial 2026,Tiros a puerta,"T. a puerta Uzbekistan +2.5",0.3710,0,0,
2026-06-27,Portugal,Uzbekistan,mundial 2026,Tiros a puerta,"T. a puerta Uzbekistan +1.5",0.6397,1,0,
2026-06-27,Portugal,Uzbekistan,mundial 2026,Tiros a puerta,"Portugal tira más a puerta",0.6407,1,0,
2026-06-27,Portugal,Uzbekistan,mundial 2026,Tiros,"Tiros totales +19.5",0.2823,1,0,
2026-06-27,Portugal,Uzbekistan,mundial 2026,Tiros,"Tiros totales +18.5",0.3658,1,0,
2026-06-27,Portugal,Uzbekistan,mundial 2026,Tiros,"Tiros totales +17.5",0.4578,1,0,
2026-06-27,Portugal,Uzbekistan,mundial 2026,Tiros,"Tiros totales +16.5",0.5539,1,0,
2026-06-27,Portugal,Uzbekistan,mundial 2026,Tiros,"Tiros totales +15.5",0.6488,1,0,
2026-06-27,Portugal,Uzbekistan,mundial 2026,Tiros,"Tiros totales +14.5",0.7369,1,0,
2026-06-27,Portugal,Uzbekistan,mundial 2026,Tiros,"Tiros totales +13.5",0.8136,1,0,
2026-06-27,Portugal,Uzbekistan,mundial 2026,Tiros,"Tiros totales +12.5",0.8760,1,0,
2026-06-27,Portugal,Uzbekistan,mundial 2026,Tiros,"Tiros Portugal +13.5",0.1895,1,0,
2026-06-27,Portugal,Uzbekistan,mundial 2026,Tiros,"Tiros Portugal +12.5",0.2762,1,0,
2026-06-27,Portugal,Uzbekistan,mundial 2026,Tiros,"Tiros Portugal +11.5",0.3819,1,0,
2026-06-27,Portugal,Uzbekistan,mundial 2026,Tiros,"Tiros Portugal +10.5",0.5007,1,0,
2026-06-27,Portugal,Uzbekistan,mundial 2026,Tiros,"Tiros Portugal +9.5",0.6231,1,0,
2026-06-27,Portugal,Uzbekistan,mundial 2026,Tiros,"Tiros Portugal +8.5",0.7378,1,0,
2026-06-27,Portugal,Uzbekistan,mundial 2026,Tiros,"Tiros Portugal +7.5",0.8345,1,0,
2026-06-27,Portugal,Uzbekistan,mundial 2026,Tiros,"Tiros Uzbekistan +9.5",0.1272,0,0,
2026-06-27,Portugal,Uzbekistan,mundial 2026,Tiros,"Tiros Uzbekistan +8.5",0.2147,0,0,
2026-06-27,Portugal,Uzbekistan,mundial 2026,Tiros,"Tiros Uzbekistan +7.5",0.3349,0,0,
2026-06-27,Portugal,Uzbekistan,mundial 2026,Tiros,"Tiros Uzbekistan +6.5",0.4817,1,0,
2026-06-27,Portugal,Uzbekistan,mundial 2026,Tiros,"Tiros Uzbekistan +5.5",0.6385,1,0,
2026-06-27,Portugal,Uzbekistan,mundial 2026,Tiros,"Tiros Uzbekistan +4.5",0.7821,1,0,
2026-06-27,Portugal,Uzbekistan,mundial 2026,Tarjetas,"Tarjetas totales +4.5",0.1701,0,0,
2026-06-27,Portugal,Uzbekistan,mundial 2026,Tarjetas,"Tarjetas totales +3.5",0.3329,0,0,
2026-06-27,Portugal,Uzbekistan,mundial 2026,Tarjetas,"Tarjetas totales +2.5",0.5567,0,0,
2026-06-27,Portugal,Uzbekistan,mundial 2026,Tarjetas,"Tarjetas totales +1.5",0.7872,1,0,
2026-06-27,Portugal,Uzbekistan,mundial 2026,Mitades,"Gol en 1ª parte",0.6779,1,0,
2026-06-27,Portugal,Uzbekistan,mundial 2026,Mitades,"Gol en 2ª parte",0.7109,1,0,
2026-07-02,Brasil,Japón,mundial 2026,1X2,"Gana Brasil",0.4973,1,0,
2026-07-02,Brasil,Japón,mundial 2026,1X2,"Empate",0.2661,0,0,
2026-07-02,Brasil,Japón,mundial 2026,1X2,"Gana Japón",0.2365,0,0,
2026-07-02,Brasil,Japón,mundial 2026,1X2,"Brasil o empate (1X)",0.7635,1,0,
2026-07-02,Brasil,Japón,mundial 2026,1X2,"Japón o empate (X2)",0.5027,0,0,
2026-07-02,Brasil,Japón,mundial 2026,1X2,"Sin empate (12)",0.7339,1,0,
2026-07-02,Brasil,Japón,mundial 2026,Goles,"Más de 4.5 goles",0.0917,0,0,
2026-07-02,Brasil,Japón,mundial 2026,Goles,"Más de 3.5 goles",0.2144,0,0,
2026-07-02,Brasil,Japón,mundial 2026,Goles,"Más de 2.5 goles",0.4217,1,0,
2026-07-02,Brasil,Japón,mundial 2026,Goles,"Más de 1.5 goles",0.6843,1,0,
2026-07-02,Brasil,Japón,mundial 2026,BTTS,"Ambos anotan",0.4588,1,0,
2026-07-02,Brasil,Japón,mundial 2026,BTTS,"No ambos anotan",0.5412,0,0,
2026-07-02,Brasil,Japón,mundial 2026,Córners,"Córners totales +10.5",0.1580,0,0,
2026-07-02,Brasil,Japón,mundial 2026,Córners,"Córners totales +9.5",0.2502,0,0,
2026-07-02,Brasil,Japón,mundial 2026,Córners,"Córners totales +8.5",0.3695,0,0,
2026-07-02,Brasil,Japón,mundial 2026,Córners,"Córners totales +7.5",0.5084,1,0,
2026-07-02,Brasil,Japón,mundial 2026,Córners,"Córners totales +6.5",0.6523,1,0,
2026-07-02,Brasil,Japón,mundial 2026,Córners,"Córners totales +5.5",0.7825,1,0,
2026-07-02,Brasil,Japón,mundial 2026,Córners,"Córners Brasil +6.5",0.1587,0,0,
2026-07-02,Brasil,Japón,mundial 2026,Córners,"Córners Brasil +5.5",0.2832,1,0,
2026-07-02,Brasil,Japón,mundial 2026,Córners,"Córners Brasil +4.5",0.4524,1,0,
2026-07-02,Brasil,Japón,mundial 2026,Córners,"Córners Brasil +3.5",0.6438,1,0,
2026-07-02,Brasil,Japón,mundial 2026,Córners,"Córners Brasil +2.5",0.8170,1,0,
2026-07-02,Brasil,Japón,mundial 2026,Córners,"Córners Japón +5.5",0.1182,0,0,
2026-07-02,Brasil,Japón,mundial 2026,Córners,"Córners Japón +4.5",0.2391,0,0,
2026-07-02,Brasil,Japón,mundial 2026,Córners,"Córners Japón +3.5",0.4217,0,0,
2026-07-02,Brasil,Japón,mundial 2026,Córners,"Córners Japón +2.5",0.6424,0,0,
2026-07-02,Brasil,Japón,mundial 2026,Córners,"Córners Japón +1.5",0.8425,1,0,
2026-07-02,Brasil,Japón,mundial 2026,Tiros a puerta,"Tiros a puerta totales +11.5",0.1562,0,0,
2026-07-02,Brasil,Japón,mundial 2026,Tiros a puerta,"Tiros a puerta totales +10.5",0.2429,0,0,
2026-07-02,Brasil,Japón,mundial 2026,Tiros a puerta,"Tiros a puerta totales +9.5",0.3543,0,0,
2026-07-02,Brasil,Japón,mundial 2026,Tiros a puerta,"Tiros a puerta totales +8.5",0.4846,1,0,
2026-07-02,Brasil,Japón,mundial 2026,Tiros a puerta,"Tiros a puerta totales +7.5",0.6216,1,0,
2026-07-02,Brasil,Japón,mundial 2026,Tiros a puerta,"Tiros a puerta totales +6.5",0.7497,1,0,
2026-07-02,Brasil,Japón,mundial 2026,Tiros a puerta,"Tiros a puerta totales +5.5",0.8546,1,0,
2026-07-02,Brasil,Japón,mundial 2026,Tiros a puerta,"T. a puerta Brasil +7.5",0.1282,0,0,
2026-07-02,Brasil,Japón,mundial 2026,Tiros a puerta,"T. a puerta Brasil +6.5",0.2306,1,0,
2026-07-02,Brasil,Japón,mundial 2026,Tiros a puerta,"T. a puerta Brasil +5.5",0.3753,1,0,
2026-07-02,Brasil,Japón,mundial 2026,Tiros a puerta,"T. a puerta Brasil +4.5",0.5507,1,0,
2026-07-02,Brasil,Japón,mundial 2026,Tiros a puerta,"T. a puerta Brasil +3.5",0.7279,1,0,
2026-07-02,Brasil,Japón,mundial 2026,Tiros a puerta,"T. a puerta Brasil +2.5",0.8711,1,0,
2026-07-02,Brasil,Japón,mundial 2026,Tiros a puerta,"T. a puerta Japón +5.5",0.1567,0,0,
2026-07-02,Brasil,Japón,mundial 2026,Tiros a puerta,"T. a puerta Japón +4.5",0.2947,0,0,
2026-07-02,Brasil,Japón,mundial 2026,Tiros a puerta,"T. a puerta Japón +3.5",0.4860,0,0,
2026-07-02,Brasil,Japón,mundial 2026,Tiros a puerta,"T. a puerta Japón +2.5",0.6983,0,0,
2026-07-02,Brasil,Japón,mundial 2026,Tiros a puerta,"T. a puerta Japón +1.5",0.8749,1,0,
2026-07-02,Brasil,Japón,mundial 2026,Tiros a puerta,"Brasil tira más a puerta",0.5786,1,0,
2026-07-02,Brasil,Japón,mundial 2026,Tiros,"Tiros totales +21.5",0.2854,1,0,
2026-07-02,Brasil,Japón,mundial 2026,Tiros,"Tiros totales +20.5",0.3649,1,0,
2026-07-02,Brasil,Japón,mundial 2026,Tiros,"Tiros totales +19.5",0.4520,1,0,
2026-07-02,Brasil,Japón,mundial 2026,Tiros,"Tiros totales +18.5",0.5431,1,0,
2026-07-02,Brasil,Japón,mundial 2026,Tiros,"Tiros totales +17.5",0.6335,1,0,
2026-07-02,Brasil,Japón,mundial 2026,Tiros,"Tiros totales +16.5",0.7185,1,0,
2026-07-02,Brasil,Japón,mundial 2026,Tiros,"Tiros totales +15.5",0.7941,1,0,
2026-07-02,Brasil,Japón,mundial 2026,Tiros,"Tiros totales +14.5",0.8572,1,0,
2026-07-02,Brasil,Japón,mundial 2026,Tiros,"Tiros Brasil +12.5",0.2553,1,0,
2026-07-02,Brasil,Japón,mundial 2026,Tiros,"Tiros Brasil +11.5",0.3581,1,0,
2026-07-02,Brasil,Japón,mundial 2026,Tiros,"Tiros Brasil +10.5",0.4759,1,0,
2026-07-02,Brasil,Japón,mundial 2026,Tiros,"Tiros Brasil +9.5",0.5997,1,0,
2026-07-02,Brasil,Japón,mundial 2026,Tiros,"Tiros Brasil +8.5",0.7179,1,0,
2026-07-02,Brasil,Japón,mundial 2026,Tiros,"Tiros Brasil +7.5",0.8194,1,0,
2026-07-02,Brasil,Japón,mundial 2026,Tiros,"Tiros Japón +11.5",0.1658,0,0,
2026-07-02,Brasil,Japón,mundial 2026,Tiros,"Tiros Japón +10.5",0.2552,0,0,
2026-07-02,Brasil,Japón,mundial 2026,Tiros,"Tiros Japón +9.5",0.3686,0,0,
2026-07-02,Brasil,Japón,mundial 2026,Tiros,"Tiros Japón +8.5",0.4995,0,0,
2026-07-02,Brasil,Japón,mundial 2026,Tiros,"Tiros Japón +7.5",0.6355,0,0,
2026-07-02,Brasil,Japón,mundial 2026,Tiros,"Tiros Japón +6.5",0.7610,0,0,
2026-07-02,Brasil,Japón,mundial 2026,Tiros,"Tiros Japón +5.5",0.8624,0,0,
2026-07-02,Brasil,Japón,mundial 2026,Tarjetas,"Tarjetas totales +4.5",0.1395,1,0,
2026-07-02,Brasil,Japón,mundial 2026,Tarjetas,"Tarjetas totales +3.5",0.2895,1,0,
2026-07-02,Brasil,Japón,mundial 2026,Tarjetas,"Tarjetas totales +2.5",0.5104,1,0,
2026-07-02,Brasil,Japón,mundial 2026,Tarjetas,"Tarjetas totales +1.5",0.7543,1,0,
2026-07-02,Brasil,Japón,mundial 2026,Mitades,"Gol en 1ª parte",0.7649,1,0,
2026-07-02,Brasil,Japón,mundial 2026,Mitades,"Gol en 2ª parte",0.7342,1,0,
2026-07-02,Alemania,Paraguay,mundial 2026,1X2,"Gana Alemania",0.9603,0,0,
2026-07-02,Alemania,Paraguay,mundial 2026,1X2,"Empate",0.0338,1,0,
2026-07-02,Alemania,Paraguay,mundial 2026,1X2,"Gana Paraguay",0.0058,0,0,
2026-07-02,Alemania,Paraguay,mundial 2026,1X2,"Alemania o empate (1X)",0.9942,1,0,
2026-07-02,Alemania,Paraguay,mundial 2026,1X2,"Paraguay o empate (X2)",0.0397,1,0,
2026-07-02,Alemania,Paraguay,mundial 2026,1X2,"Sin empate (12)",0.9662,0,0,
2026-07-02,Alemania,Paraguay,mundial 2026,Goles,"Más de 6.5 goles",0.1787,0,0,
2026-07-02,Alemania,Paraguay,mundial 2026,Goles,"Más de 5.5 goles",0.3487,0,0,
2026-07-02,Alemania,Paraguay,mundial 2026,Goles,"Más de 4.5 goles",0.5447,0,0,
2026-07-02,Alemania,Paraguay,mundial 2026,Goles,"Más de 3.5 goles",0.7332,0,0,
2026-07-02,Alemania,Paraguay,mundial 2026,Goles,"Más de 2.5 goles",0.8781,0,0,
2026-07-02,Alemania,Paraguay,mundial 2026,BTTS,"Ambos anotan",0.3629,1,0,
2026-07-02,Alemania,Paraguay,mundial 2026,BTTS,"No ambos anotan",0.6371,0,0,
2026-07-02,Alemania,Paraguay,mundial 2026,Córners,"Córners totales +11.5",0.2268,1,0,
2026-07-02,Alemania,Paraguay,mundial 2026,Córners,"Córners totales +10.5",0.3299,1,0,
2026-07-02,Alemania,Paraguay,mundial 2026,Córners,"Córners totales +9.5",0.4518,1,0,
2026-07-02,Alemania,Paraguay,mundial 2026,Córners,"Córners totales +8.5",0.5829,1,0,
2026-07-02,Alemania,Paraguay,mundial 2026,Córners,"Córners totales +7.5",0.7098,1,0,
2026-07-02,Alemania,Paraguay,mundial 2026,Córners,"Córners totales +6.5",0.8190,1,0,
2026-07-02,Alemania,Paraguay,mundial 2026,Córners,"Córners Alemania +8.5",0.1561,1,0,
2026-07-02,Alemania,Paraguay,mundial 2026,Córners,"Córners Alemania +7.5",0.2604,1,0,
2026-07-02,Alemania,Paraguay,mundial 2026,Córners,"Córners Alemania +6.5",0.3988,1,0,
2026-07-02,Alemania,Paraguay,mundial 2026,Córners,"Córners Alemania +5.5",0.5594,1,0,
2026-07-02,Alemania,Paraguay,mundial 2026,Córners,"Córners Alemania +4.5",0.7192,1,0,
2026-07-02,Alemania,Paraguay,mundial 2026,Córners,"Córners Alemania +3.5",0.8516,1,0,
2026-07-02,Alemania,Paraguay,mundial 2026,Córners,"Córners Paraguay +5.5",0.1131,1,0,
2026-07-02,Alemania,Paraguay,mundial 2026,Córners,"Córners Paraguay +4.5",0.2313,1,0,
2026-07-02,Alemania,Paraguay,mundial 2026,Córners,"Córners Paraguay +3.5",0.4122,1,0,
2026-07-02,Alemania,Paraguay,mundial 2026,Córners,"Córners Paraguay +2.5",0.6338,1,0,
2026-07-02,Alemania,Paraguay,mundial 2026,Córners,"Córners Paraguay +1.5",0.8373,1,0,
2026-07-02,Alemania,Paraguay,mundial 2026,Tiros a puerta,"Tiros a puerta totales +11.5",0.2395,0,0,
2026-07-02,Alemania,Paraguay,mundial 2026,Tiros a puerta,"Tiros a puerta totales +10.5",0.3448,0,0,
2026-07-02,Alemania,Paraguay,mundial 2026,Tiros a puerta,"Tiros a puerta totales +9.5",0.4678,0,0,
2026-07-02,Alemania,Paraguay,mundial 2026,Tiros a puerta,"Tiros a puerta totales +8.5",0.5983,1,0,
2026-07-02,Alemania,Paraguay,mundial 2026,Tiros a puerta,"Tiros a puerta totales +7.5",0.7230,1,0,
2026-07-02,Alemania,Paraguay,mundial 2026,Tiros a puerta,"Tiros a puerta totales +6.5",0.8288,1,0,
2026-07-02,Alemania,Paraguay,mundial 2026,Tiros a puerta,"T. a puerta Alemania +9.5",0.1382,0,0,
2026-07-02,Alemania,Paraguay,mundial 2026,Tiros a puerta,"T. a puerta Alemania +8.5",0.2297,0,0,
2026-07-02,Alemania,Paraguay,mundial 2026,Tiros a puerta,"T. a puerta Alemania +7.5",0.3530,0,0,
2026-07-02,Alemania,Paraguay,mundial 2026,Tiros a puerta,"T. a puerta Alemania +6.5",0.5009,0,0,
2026-07-02,Alemania,Paraguay,mundial 2026,Tiros a puerta,"T. a puerta Alemania +5.5",0.6559,1,0,
2026-07-02,Alemania,Paraguay,mundial 2026,Tiros a puerta,"T. a puerta Alemania +4.5",0.7953,1,0,
2026-07-02,Alemania,Paraguay,mundial 2026,Tiros a puerta,"T. a puerta Paraguay +4.5",0.1438,0,0,
2026-07-02,Alemania,Paraguay,mundial 2026,Tiros a puerta,"T. a puerta Paraguay +3.5",0.2958,0,0,
2026-07-02,Alemania,Paraguay,mundial 2026,Tiros a puerta,"T. a puerta Paraguay +2.5",0.5173,1,0,
2026-07-02,Alemania,Paraguay,mundial 2026,Tiros a puerta,"T. a puerta Paraguay +1.5",0.7593,1,0,
2026-07-02,Alemania,Paraguay,mundial 2026,Tiros a puerta,"Alemania tira más a puerta",0.7086,1,0,
2026-07-02,Alemania,Paraguay,mundial 2026,Tiros,"Tiros totales +25.5",0.3158,1,0,
2026-07-02,Alemania,Paraguay,mundial 2026,Tiros,"Tiros totales +24.5",0.3908,1,0,
2026-07-02,Alemania,Paraguay,mundial 2026,Tiros,"Tiros totales +23.5",0.4711,1,0,
2026-07-02,Alemania,Paraguay,mundial 2026,Tiros,"Tiros totales +22.5",0.5538,1,0,
2026-07-02,Alemania,Paraguay,mundial 2026,Tiros,"Tiros totales +21.5",0.6354,1,0,
2026-07-02,Alemania,Paraguay,mundial 2026,Tiros,"Tiros totales +20.5",0.7124,1,0,
2026-07-02,Alemania,Paraguay,mundial 2026,Tiros,"Tiros totales +19.5",0.7817,1,0,
2026-07-02,Alemania,Paraguay,mundial 2026,Tiros,"Tiros totales +18.5",0.8412,1,0,
2026-07-02,Alemania,Paraguay,mundial 2026,Tiros,"Tiros Alemania +19.5",0.2309,1,0,
2026-07-02,Alemania,Paraguay,mundial 2026,Tiros,"Tiros Alemania +18.5",0.3080,1,0,
2026-07-02,Alemania,Paraguay,mundial 2026,Tiros,"Tiros Alemania +17.5",0.3963,1,0,
2026-07-02,Alemania,Paraguay,mundial 2026,Tiros,"Tiros Alemania +16.5",0.4921,1,0,
2026-07-02,Alemania,Paraguay,mundial 2026,Tiros,"Tiros Alemania +15.5",0.5902,1,0,
2026-07-02,Alemania,Paraguay,mundial 2026,Tiros,"Tiros Alemania +14.5",0.6850,1,0,
2026-07-02,Alemania,Paraguay,mundial 2026,Tiros,"Tiros Alemania +13.5",0.7706,1,0,
2026-07-02,Alemania,Paraguay,mundial 2026,Tiros,"Tiros Alemania +12.5",0.8429,1,0,
2026-07-02,Alemania,Paraguay,mundial 2026,Tiros,"Tiros Paraguay +9.5",0.1433,0,0,
2026-07-02,Alemania,Paraguay,mundial 2026,Tiros,"Tiros Paraguay +8.5",0.2365,0,0,
2026-07-02,Alemania,Paraguay,mundial 2026,Tiros,"Tiros Paraguay +7.5",0.3612,0,0,
2026-07-02,Alemania,Paraguay,mundial 2026,Tiros,"Tiros Paraguay +6.5",0.5094,1,0,
2026-07-02,Alemania,Paraguay,mundial 2026,Tiros,"Tiros Paraguay +5.5",0.6635,1,0,
2026-07-02,Alemania,Paraguay,mundial 2026,Tiros,"Tiros Paraguay +4.5",0.8010,1,0,
2026-07-02,Alemania,Paraguay,mundial 2026,Tarjetas,"Tarjetas totales +6.5",0.1010,0,0,
2026-07-02,Alemania,Paraguay,mundial 2026,Tarjetas,"Tarjetas totales +5.5",0.2002,0,0,
2026-07-02,Alemania,Paraguay,mundial 2026,Tarjetas,"Tarjetas totales +4.5",0.3527,0,0,
2026-07-02,Alemania,Paraguay,mundial 2026,Tarjetas,"Tarjetas totales +3.5",0.5478,0,0,
2026-07-02,Alemania,Paraguay,mundial 2026,Tarjetas,"Tarjetas totales +2.5",0.7477,0,0,
2026-07-02,Alemania,Paraguay,mundial 2026,Mitades,"Gol en 1ª parte",0.7642,1,0,
2026-07-02,Alemania,Paraguay,mundial 2026,Mitades,"Gol en 2ª parte",0.8119,1,0,
2026-07-02,Países Bajos,Marruecos,mundial 2026,1X2,"Gana Países Bajos",0.2046,0,0,
2026-07-02,Países Bajos,Marruecos,mundial 2026,1X2,"Empate",0.2537,1,0,
2026-07-02,Países Bajos,Marruecos,mundial 2026,1X2,"Gana Marruecos",0.5417,0,0,
2026-07-02,Países Bajos,Marruecos,mundial 2026,1X2,"Países Bajos o empate (1X)",0.4583,1,0,
2026-07-02,Países Bajos,Marruecos,mundial 2026,1X2,"Marruecos o empate (X2)",0.7954,1,0,
2026-07-02,Países Bajos,Marruecos,mundial 2026,1X2,"Sin empate (12)",0.7463,0,0,
2026-07-02,Países Bajos,Marruecos,mundial 2026,Goles,"Más de 4.5 goles",0.0988,0,0,
2026-07-02,Países Bajos,Marruecos,mundial 2026,Goles,"Más de 3.5 goles",0.2263,0,0,
2026-07-02,Países Bajos,Marruecos,mundial 2026,Goles,"Más de 2.5 goles",0.4367,0,0,
2026-07-02,Países Bajos,Marruecos,mundial 2026,Goles,"Más de 1.5 goles",0.6969,1,0,
2026-07-02,Países Bajos,Marruecos,mundial 2026,BTTS,"Ambos anotan",0.4552,1,0,
2026-07-02,Países Bajos,Marruecos,mundial 2026,BTTS,"No ambos anotan",0.5448,0,0,
2026-07-02,Países Bajos,Marruecos,mundial 2026,Córners,"Córners totales +10.5",0.1794,1,0,
2026-07-02,Países Bajos,Marruecos,mundial 2026,Córners,"Córners totales +9.5",0.2774,1,0,
2026-07-02,Países Bajos,Marruecos,mundial 2026,Córners,"Córners totales +8.5",0.4007,1,0,
2026-07-02,Países Bajos,Marruecos,mundial 2026,Córners,"Córners totales +7.5",0.5403,1,0,
2026-07-02,Países Bajos,Marruecos,mundial 2026,Córners,"Córners totales +6.5",0.6807,1,0,
2026-07-02,Países Bajos,Marruecos,mundial 2026,Córners,"Córners totales +5.5",0.8043,1,0,
2026-07-02,Países Bajos,Marruecos,mundial 2026,Córners,"Córners Países Bajos +5.5",0.1078,0,0,
2026-07-02,Países Bajos,Marruecos,mundial 2026,Córners,"Córners Países Bajos +4.5",0.2231,1,0,
2026-07-02,Países Bajos,Marruecos,mundial 2026,Córners,"Córners Países Bajos +3.5",0.4021,1,0,
2026-07-02,Países Bajos,Marruecos,mundial 2026,Córners,"Córners Países Bajos +2.5",0.6244,1,0,
2026-07-02,Países Bajos,Marruecos,mundial 2026,Córners,"Córners Países Bajos +1.5",0.8315,1,0,
2026-07-02,Países Bajos,Marruecos,mundial 2026,Córners,"Córners Marruecos +7.5",0.1068,1,0,
2026-07-02,Países Bajos,Marruecos,mundial 2026,Córners,"Córners Marruecos +6.5",0.1997,1,0,
2026-07-02,Países Bajos,Marruecos,mundial 2026,Córners,"Córners Marruecos +5.5",0.3370,1,0,
2026-07-02,Países Bajos,Marruecos,mundial 2026,Córners,"Córners Marruecos +4.5",0.5111,1,0,
2026-07-02,Países Bajos,Marruecos,mundial 2026,Córners,"Córners Marruecos +3.5",0.6952,1,0,
2026-07-02,Países Bajos,Marruecos,mundial 2026,Córners,"Córners Marruecos +2.5",0.8508,1,0,
2026-07-02,Países Bajos,Marruecos,mundial 2026,Tiros a puerta,"Tiros a puerta totales +9.5",0.2096,0,0,
2026-07-02,Países Bajos,Marruecos,mundial 2026,Tiros a puerta,"Tiros a puerta totales +8.5",0.3210,0,0,
2026-07-02,Países Bajos,Marruecos,mundial 2026,Tiros a puerta,"Tiros a puerta totales +7.5",0.4571,0,0,
2026-07-02,Países Bajos,Marruecos,mundial 2026,Tiros a puerta,"Tiros a puerta totales +6.5",0.6046,1,0,
2026-07-02,Países Bajos,Marruecos,mundial 2026,Tiros a puerta,"Tiros a puerta totales +5.5",0.7447,1,0,
2026-07-02,Países Bajos,Marruecos,mundial 2026,Tiros a puerta,"Tiros a puerta totales +4.5",0.8586,1,0,
2026-07-02,Países Bajos,Marruecos,mundial 2026,Tiros a puerta,"T. a puerta Países Bajos +4.5",0.1470,0,0,
2026-07-02,Países Bajos,Marruecos,mundial 2026,Tiros a puerta,"T. a puerta Países Bajos +3.5",0.3004,0,0,
2026-07-02,Países Bajos,Marruecos,mundial 2026,Tiros a puerta,"T. a puerta Países Bajos +2.5",0.5223,0,0,
2026-07-02,Países Bajos,Marruecos,mundial 2026,Tiros a puerta,"T. a puerta Países Bajos +1.5",0.7630,1,0,
2026-07-02,Países Bajos,Marruecos,mundial 2026,Tiros a puerta,"T. a puerta Marruecos +7.5",0.0959,0,0,
2026-07-02,Países Bajos,Marruecos,mundial 2026,Tiros a puerta,"T. a puerta Marruecos +6.5",0.1833,0,0,
2026-07-02,Países Bajos,Marruecos,mundial 2026,Tiros a puerta,"T. a puerta Marruecos +5.5",0.3160,0,0,
2026-07-02,Países Bajos,Marruecos,mundial 2026,Tiros a puerta,"T. a puerta Marruecos +4.5",0.4887,1,0,
2026-07-02,Países Bajos,Marruecos,mundial 2026,Tiros a puerta,"T. a puerta Marruecos +3.5",0.6759,1,0,
2026-07-02,Países Bajos,Marruecos,mundial 2026,Tiros a puerta,"T. a puerta Marruecos +2.5",0.8384,1,0,
2026-07-02,Países Bajos,Marruecos,mundial 2026,Tiros a puerta,"Países Bajos tira más a puerta",0.3750,0,0,
2026-07-02,Países Bajos,Marruecos,mundial 2026,Tiros,"Tiros totales +20.5",0.2872,0,0,
2026-07-02,Países Bajos,Marruecos,mundial 2026,Tiros,"Tiros totales +19.5",0.3688,0,0,
2026-07-02,Países Bajos,Marruecos,mundial 2026,Tiros,"Tiros totales +18.5",0.4585,0,0,
2026-07-02,Países Bajos,Marruecos,mundial 2026,Tiros,"Tiros totales +17.5",0.5519,0,0,
2026-07-02,Países Bajos,Marruecos,mundial 2026,Tiros,"Tiros totales +16.5",0.6443,1,0,
2026-07-02,Países Bajos,Marruecos,mundial 2026,Tiros,"Tiros totales +15.5",0.7304,1,0,
2026-07-02,Países Bajos,Marruecos,mundial 2026,Tiros,"Tiros totales +14.5",0.8061,1,0,
2026-07-02,Países Bajos,Marruecos,mundial 2026,Tiros,"Tiros totales +13.5",0.8683,1,0,
2026-07-02,Países Bajos,Marruecos,mundial 2026,Tiros,"Tiros Países Bajos +9.5",0.1279,0,0,
2026-07-02,Países Bajos,Marruecos,mundial 2026,Tiros,"Tiros Países Bajos +8.5",0.2157,0,0,
2026-07-02,Países Bajos,Marruecos,mundial 2026,Tiros,"Tiros Países Bajos +7.5",0.3361,0,0,
2026-07-02,Países Bajos,Marruecos,mundial 2026,Tiros,"Tiros Países Bajos +6.5",0.4830,0,0,
2026-07-02,Países Bajos,Marruecos,mundial 2026,Tiros,"Tiros Países Bajos +5.5",0.6397,1,0,
2026-07-02,Países Bajos,Marruecos,mundial 2026,Tiros,"Tiros Países Bajos +4.5",0.7830,1,0,
2026-07-02,Países Bajos,Marruecos,mundial 2026,Tiros,"Tiros Marruecos +14.5",0.1982,0,0,
2026-07-02,Países Bajos,Marruecos,mundial 2026,Tiros,"Tiros Marruecos +13.5",0.2832,0,0,
2026-07-02,Países Bajos,Marruecos,mundial 2026,Tiros,"Tiros Marruecos +12.5",0.3853,0,0,
2026-07-02,Países Bajos,Marruecos,mundial 2026,Tiros,"Tiros Marruecos +11.5",0.4991,0,0,
2026-07-02,Países Bajos,Marruecos,mundial 2026,Tiros,"Tiros Marruecos +10.5",0.6162,1,0,
2026-07-02,Países Bajos,Marruecos,mundial 2026,Tiros,"Tiros Marruecos +9.5",0.7267,1,0,
2026-07-02,Países Bajos,Marruecos,mundial 2026,Tiros,"Tiros Marruecos +8.5",0.8215,1,0,
2026-07-02,Países Bajos,Marruecos,mundial 2026,Tarjetas,"Tarjetas totales +4.5",0.0841,0,0,
2026-07-02,Países Bajos,Marruecos,mundial 2026,Tarjetas,"Tarjetas totales +3.5",0.2013,0,0,
2026-07-02,Países Bajos,Marruecos,mundial 2026,Tarjetas,"Tarjetas totales +2.5",0.4048,0,0,
2026-07-02,Países Bajos,Marruecos,mundial 2026,Tarjetas,"Tarjetas totales +1.5",0.6699,0,0,
2026-07-02,Países Bajos,Marruecos,mundial 2026,Mitades,"Gol en 1ª parte",0.8071,0,0,
2026-07-02,Países Bajos,Marruecos,mundial 2026,Mitades,"Gol en 2ª parte",0.8181,1,0,
2026-07-02,France,Suecia,mundial 2026,1X2,"Gana France",0.6005,1,0,
2026-07-02,France,Suecia,mundial 2026,1X2,"Empate",0.1980,0,0,
2026-07-02,France,Suecia,mundial 2026,1X2,"Gana Suecia",0.2015,0,0,
2026-07-02,France,Suecia,mundial 2026,1X2,"France o empate (1X)",0.7985,1,0,
2026-07-02,France,Suecia,mundial 2026,1X2,"Suecia o empate (X2)",0.3995,0,0,
2026-07-02,France,Suecia,mundial 2026,1X2,"Sin empate (12)",0.8020,1,0,
2026-07-02,France,Suecia,mundial 2026,Goles,"Más de 5.5 goles",0.1366,0,0,
2026-07-02,France,Suecia,mundial 2026,Goles,"Más de 4.5 goles",0.2674,0,0,
2026-07-02,France,Suecia,mundial 2026,Goles,"Más de 3.5 goles",0.4558,0,0,
2026-07-02,France,Suecia,mundial 2026,Goles,"Más de 2.5 goles",0.6729,1,0,
2026-07-02,France,Suecia,mundial 2026,Goles,"Más de 1.5 goles",0.8606,1,0,
2026-07-02,France,Suecia,mundial 2026,BTTS,"Ambos anotan",0.6325,0,0,
2026-07-02,France,Suecia,mundial 2026,BTTS,"No ambos anotan",0.3675,1,0,
2026-07-02,France,Suecia,mundial 2026,Córners,"Córners totales +10.5",0.2226,0,0,
2026-07-02,France,Suecia,mundial 2026,Córners,"Córners totales +9.5",0.3303,1,0,
2026-07-02,France,Suecia,mundial 2026,Córners,"Córners totales +8.5",0.4591,1,0,
2026-07-02,France,Suecia,mundial 2026,Córners,"Córners totales +7.5",0.5975,1,0,
2026-07-02,France,Suecia,mundial 2026,Córners,"Córners totales +6.5",0.7298,1,0,
2026-07-02,France,Suecia,mundial 2026,Córners,"Córners totales +5.5",0.8404,1,0,
2026-07-02,France,Suecia,mundial 2026,Córners,"Córners France +8.5",0.1241,1,0,
2026-07-02,France,Suecia,mundial 2026,Córners,"Córners France +7.5",0.2168,1,0,
2026-07-02,France,Suecia,mundial 2026,Córners,"Córners France +6.5",0.3468,1,0,
2026-07-02,France,Suecia,mundial 2026,Córners,"Córners France +5.5",0.5063,1,0,
2026-07-02,France,Suecia,mundial 2026,Córners,"Córners France +4.5",0.6739,1,0,
2026-07-02,France,Suecia,mundial 2026,Córners,"Córners France +3.5",0.8207,1,0,
2026-07-02,France,Suecia,mundial 2026,Córners,"Córners Suecia +4.5",0.1317,0,0,
2026-07-02,France,Suecia,mundial 2026,Córners,"Córners Suecia +3.5",0.2779,0,0,
2026-07-02,France,Suecia,mundial 2026,Córners,"Córners Suecia +2.5",0.4974,0,0,
2026-07-02,France,Suecia,mundial 2026,Córners,"Córners Suecia +1.5",0.7446,0,0,
2026-07-02,France,Suecia,mundial 2026,Tiros a puerta,"Tiros a puerta totales +10.5",0.2102,1,0,
2026-07-02,France,Suecia,mundial 2026,Tiros a puerta,"Tiros a puerta totales +9.5",0.3155,1,0,
2026-07-02,France,Suecia,mundial 2026,Tiros a puerta,"Tiros a puerta totales +8.5",0.4430,1,0,
2026-07-02,France,Suecia,mundial 2026,Tiros a puerta,"Tiros a puerta totales +7.5",0.5821,1,0,
2026-07-02,France,Suecia,mundial 2026,Tiros a puerta,"Tiros a puerta totales +6.5",0.7168,1,0,
2026-07-02,France,Suecia,mundial 2026,Tiros a puerta,"Tiros a puerta totales +5.5",0.8310,1,0,
2026-07-02,France,Suecia,mundial 2026,Tiros a puerta,"T. a puerta France +7.5",0.1618,1,0,
2026-07-02,France,Suecia,mundial 2026,Tiros a puerta,"T. a puerta France +6.5",0.2766,1,0,
2026-07-02,France,Suecia,mundial 2026,Tiros a puerta,"T. a puerta France +5.5",0.4295,1,0,
2026-07-02,France,Suecia,mundial 2026,Tiros a puerta,"T. a puerta France +4.5",0.6038,1,0,
2026-07-02,France,Suecia,mundial 2026,Tiros a puerta,"T. a puerta France +3.5",0.7695,1,0,
2026-07-02,France,Suecia,mundial 2026,Tiros a puerta,"T. a puerta Suecia +5.5",0.0835,0,0,
2026-07-02,France,Suecia,mundial 2026,Tiros a puerta,"T. a puerta Suecia +4.5",0.1840,0,0,
2026-07-02,France,Suecia,mundial 2026,Tiros a puerta,"T. a puerta Suecia +3.5",0.3518,0,0,
2026-07-02,France,Suecia,mundial 2026,Tiros a puerta,"T. a puerta Suecia +2.5",0.5759,1,0,
2026-07-02,France,Suecia,mundial 2026,Tiros a puerta,"T. a puerta Suecia +1.5",0.8002,1,0,
2026-07-02,France,Suecia,mundial 2026,Tiros a puerta,"France tira más a puerta",0.6371,1,0,
2026-07-02,France,Suecia,mundial 2026,Tiros,"Tiros totales +22.5",0.3080,1,0,
2026-07-02,France,Suecia,mundial 2026,Tiros,"Tiros totales +21.5",0.3875,1,0,
2026-07-02,France,Suecia,mundial 2026,Tiros,"Tiros totales +20.5",0.4734,1,0,
2026-07-02,France,Suecia,mundial 2026,Tiros,"Tiros totales +19.5",0.5619,1,0,
2026-07-02,France,Suecia,mundial 2026,Tiros,"Tiros totales +18.5",0.6489,1,0,
2026-07-02,France,Suecia,mundial 2026,Tiros,"Tiros totales +17.5",0.7300,1,0,
2026-07-02,France,Suecia,mundial 2026,Tiros,"Tiros totales +16.5",0.8017,1,0,
2026-07-02,France,Suecia,mundial 2026,Tiros,"Tiros totales +15.5",0.8615,1,0,
2026-07-02,France,Suecia,mundial 2026,Tiros,"Tiros France +16.5",0.2356,1,0,
2026-07-02,France,Suecia,mundial 2026,Tiros,"Tiros France +15.5",0.3209,1,0,
2026-07-02,France,Suecia,mundial 2026,Tiros,"Tiros France +14.5",0.4191,1,0,
2026-07-02,France,Suecia,mundial 2026,Tiros,"Tiros France +13.5",0.5250,1,0,
2026-07-02,France,Suecia,mundial 2026,Tiros,"Tiros France +12.5",0.6317,1,0,
2026-07-02,France,Suecia,mundial 2026,Tiros,"Tiros France +11.5",0.7315,1,0,
2026-07-02,France,Suecia,mundial 2026,Tiros,"Tiros France +10.5",0.8177,1,0,
2026-07-02,France,Suecia,mundial 2026,Tiros,"Tiros Suecia +8.5",0.2043,0,0,
2026-07-02,France,Suecia,mundial 2026,Tiros,"Tiros Suecia +7.5",0.3221,1,0,
2026-07-02,France,Suecia,mundial 2026,Tiros,"Tiros Suecia +6.5",0.4680,1,0,
2026-07-02,France,Suecia,mundial 2026,Tiros,"Tiros Suecia +5.5",0.6258,1,0,
2026-07-02,France,Suecia,mundial 2026,Tiros,"Tiros Suecia +4.5",0.7724,1,0,
2026-07-02,France,Suecia,mundial 2026,Tarjetas,"Tarjetas totales +4.5",0.1601,0,0,
2026-07-02,France,Suecia,mundial 2026,Tarjetas,"Tarjetas totales +3.5",0.3191,0,0,
2026-07-02,France,Suecia,mundial 2026,Tarjetas,"Tarjetas totales +2.5",0.5423,0,0,
2026-07-02,France,Suecia,mundial 2026,Tarjetas,"Tarjetas totales +1.5",0.7772,0,0,
2026-07-02,France,Suecia,mundial 2026,Mitades,"Gol en 1ª parte",0.8770,1,0,
2026-07-02,France,Suecia,mundial 2026,Mitades,"Gol en 2ª parte",0.9700,1,0,
2026-07-02,Portugal,Colombia,mundial 2026,1X2,"Gana Portugal",0.4638,0,0,
2026-07-02,Portugal,Colombia,mundial 2026,1X2,"Empate",0.2649,1,0,
2026-07-02,Portugal,Colombia,mundial 2026,1X2,"Gana Colombia",0.2714,0,0,
2026-07-02,Portugal,Colombia,mundial 2026,1X2,"Portugal o empate (1X)",0.7286,1,0,
2026-07-02,Portugal,Colombia,mundial 2026,1X2,"Colombia o empate (X2)",0.5362,1,0,
2026-07-02,Portugal,Colombia,mundial 2026,1X2,"Sin empate (12)",0.7351,0,0,
2026-07-02,Portugal,Colombia,mundial 2026,Goles,"Más de 4.5 goles",0.1412,0,0,
2026-07-02,Portugal,Colombia,mundial 2026,Goles,"Más de 3.5 goles",0.2921,0,0,
2026-07-02,Portugal,Colombia,mundial 2026,Goles,"Más de 2.5 goles",0.5132,0,0,
2026-07-02,Portugal,Colombia,mundial 2026,Goles,"Más de 1.5 goles",0.7638,0,0,
2026-07-02,Portugal,Colombia,mundial 2026,BTTS,"Ambos anotan",0.5501,0,0,
2026-07-02,Portugal,Colombia,mundial 2026,BTTS,"No ambos anotan",0.4499,1,0,
2026-07-02,Portugal,Colombia,mundial 2026,Córners,"Córners totales +12.5",0.2114,0,0,
2026-07-02,Portugal,Colombia,mundial 2026,Córners,"Córners totales +11.5",0.3067,0,0,
2026-07-02,Portugal,Colombia,mundial 2026,Córners,"Córners totales +10.5",0.4208,0,0,
2026-07-02,Portugal,Colombia,mundial 2026,Córners,"Córners totales +9.5",0.5459,0,0,
2026-07-02,Portugal,Colombia,mundial 2026,Córners,"Córners totales +8.5",0.6706,0,0,
2026-07-02,Portugal,Colombia,mundial 2026,Córners,"Córners totales +7.5",0.7825,0,0,
2026-07-02,Portugal,Colombia,mundial 2026,Córners,"Córners totales +6.5",0.8718,1,0,
2026-07-02,Portugal,Colombia,mundial 2026,Córners,"Córners Portugal +10.5",0.1442,0,0,
2026-07-02,Portugal,Colombia,mundial 2026,Córners,"Córners Portugal +9.5",0.2322,0,0,
2026-07-02,Portugal,Colombia,mundial 2026,Córners,"Córners Portugal +8.5",0.3483,0,0,
2026-07-02,Portugal,Colombia,mundial 2026,Córners,"Córners Portugal +7.5",0.4862,0,0,
2026-07-02,Portugal,Colombia,mundial 2026,Córners,"Córners Portugal +6.5",0.6319,0,0,
2026-07-02,Portugal,Colombia,mundial 2026,Córners,"Córners Portugal +5.5",0.7666,0,0,
2026-07-02,Portugal,Colombia,mundial 2026,Córners,"Córners Portugal +4.5",0.8733,0,0,
2026-07-02,Portugal,Colombia,mundial 2026,Córners,"Córners Colombia +4.5",0.1031,1,0,
2026-07-02,Portugal,Colombia,mundial 2026,Córners,"Córners Colombia +3.5",0.2331,1,0,
2026-07-02,Portugal,Colombia,mundial 2026,Córners,"Córners Colombia +2.5",0.4449,1,0,
2026-07-02,Portugal,Colombia,mundial 2026,Córners,"Córners Colombia +1.5",0.7036,1,0,
2026-07-02,Portugal,Colombia,mundial 2026,Tiros a puerta,"Tiros a puerta totales +9.5",0.1644,0,0,
2026-07-02,Portugal,Colombia,mundial 2026,Tiros a puerta,"Tiros a puerta totales +8.5",0.2643,0,0,
2026-07-02,Portugal,Colombia,mundial 2026,Tiros a puerta,"Tiros a puerta totales +7.5",0.3937,1,0,
2026-07-02,Portugal,Colombia,mundial 2026,Tiros a puerta,"Tiros a puerta totales +6.5",0.5426,1,0,
2026-07-02,Portugal,Colombia,mundial 2026,Tiros a puerta,"Tiros a puerta totales +5.5",0.6927,1,0,
2026-07-02,Portugal,Colombia,mundial 2026,Tiros a puerta,"Tiros a puerta totales +4.5",0.8223,1,0,
2026-07-02,Portugal,Colombia,mundial 2026,Tiros a puerta,"T. a puerta Portugal +6.5",0.1038,0,0,
2026-07-02,Portugal,Colombia,mundial 2026,Tiros a puerta,"T. a puerta Portugal +5.5",0.2045,0,0,
2026-07-02,Portugal,Colombia,mundial 2026,Tiros a puerta,"T. a puerta Portugal +4.5",0.3580,0,0,
2026-07-02,Portugal,Colombia,mundial 2026,Tiros a puerta,"T. a puerta Portugal +3.5",0.5533,0,0,
2026-07-02,Portugal,Colombia,mundial 2026,Tiros a puerta,"T. a puerta Portugal +2.5",0.7519,0,0,
2026-07-02,Portugal,Colombia,mundial 2026,Tiros a puerta,"T. a puerta Colombia +5.5",0.0855,1,0,
2026-07-02,Portugal,Colombia,mundial 2026,Tiros a puerta,"T. a puerta Colombia +4.5",0.1874,1,0,
2026-07-02,Portugal,Colombia,mundial 2026,Tiros a puerta,"T. a puerta Colombia +3.5",0.3564,1,0,
2026-07-02,Portugal,Colombia,mundial 2026,Tiros a puerta,"T. a puerta Colombia +2.5",0.5804,1,0,
2026-07-02,Portugal,Colombia,mundial 2026,Tiros a puerta,"T. a puerta Colombia +1.5",0.8032,1,0,
2026-07-02,Portugal,Colombia,mundial 2026,Tiros a puerta,"Portugal tira más a puerta",0.5660,0,0,
2026-07-02,Portugal,Colombia,mundial 2026,Tiros,"Tiros totales +20.5",0.2397,1,0,
2026-07-02,Portugal,Colombia,mundial 2026,Tiros,"Tiros totales +19.5",0.3159,1,0,
2026-07-02,Portugal,Colombia,mundial 2026,Tiros,"Tiros totales +18.5",0.4024,1,0,
2026-07-02,Portugal,Colombia,mundial 2026,Tiros,"Tiros totales +17.5",0.4956,1,0,
2026-07-02,Portugal,Colombia,mundial 2026,Tiros,"Tiros totales +16.5",0.5908,1,0,
2026-07-02,Portugal,Colombia,mundial 2026,Tiros,"Tiros totales +15.5",0.6827,1,0,
2026-07-02,Portugal,Colombia,mundial 2026,Tiros,"Tiros totales +14.5",0.7661,1,0,
2026-07-02,Portugal,Colombia,mundial 2026,Tiros,"Tiros totales +13.5",0.8371,1,0,
2026-07-02,Portugal,Colombia,mundial 2026,Tiros,"Tiros Portugal +12.5",0.1900,1,0,
2026-07-02,Portugal,Colombia,mundial 2026,Tiros,"Tiros Portugal +11.5",0.2809,1,0,
2026-07-02,Portugal,Colombia,mundial 2026,Tiros,"Tiros Portugal +10.5",0.3922,1,0,
2026-07-02,Portugal,Colombia,mundial 2026,Tiros,"Tiros Portugal +9.5",0.5170,1,0,
2026-07-02,Portugal,Colombia,mundial 2026,Tiros,"Tiros Portugal +8.5",0.6444,1,0,
2026-07-02,Portugal,Colombia,mundial 2026,Tiros,"Tiros Portugal +7.5",0.7614,1,0,
2026-07-02,Portugal,Colombia,mundial 2026,Tiros,"Tiros Portugal +6.5",0.8569,1,0,
2026-07-02,Portugal,Colombia,mundial 2026,Tiros,"Tiros Colombia +10.5",0.1666,1,0,
2026-07-02,Portugal,Colombia,mundial 2026,Tiros,"Tiros Colombia +9.5",0.2613,1,0,
2026-07-02,Portugal,Colombia,mundial 2026,Tiros,"Tiros Colombia +8.5",0.3823,1,0,
2026-07-02,Portugal,Colombia,mundial 2026,Tiros,"Tiros Colombia +7.5",0.5216,1,0,
2026-07-02,Portugal,Colombia,mundial 2026,Tiros,"Tiros Colombia +6.5",0.6641,1,0,
2026-07-02,Portugal,Colombia,mundial 2026,Tiros,"Tiros Colombia +5.5",0.7917,1,0,
2026-07-02,Portugal,Colombia,mundial 2026,Tarjetas,"Tarjetas totales +6.5",0.1030,0,0,
2026-07-02,Portugal,Colombia,mundial 2026,Tarjetas,"Tarjetas totales +5.5",0.2033,0,0,
2026-07-02,Portugal,Colombia,mundial 2026,Tarjetas,"Tarjetas totales +4.5",0.3565,0,0,
2026-07-02,Portugal,Colombia,mundial 2026,Tarjetas,"Tarjetas totales +3.5",0.5518,0,0,
2026-07-02,Portugal,Colombia,mundial 2026,Tarjetas,"Tarjetas totales +2.5",0.7507,0,0,
2026-07-02,Portugal,Colombia,mundial 2026,Mitades,"Gol en 1ª parte",0.7756,0,0,
2026-07-02,Portugal,Colombia,mundial 2026,Mitades,"Gol en 2ª parte",0.7768,0,0,
2026-07-03,Austria,Algeria,mundial 2026,1X2,"Gana Austria",0.3224,0,0,
2026-07-03,Austria,Algeria,mundial 2026,1X2,"Empate",0.3120,1,0,
2026-07-03,Austria,Algeria,mundial 2026,1X2,"Gana Algeria",0.3656,0,0,
2026-07-03,Austria,Algeria,mundial 2026,1X2,"Austria o empate (1X)",0.6344,1,0,
2026-07-03,Austria,Algeria,mundial 2026,1X2,"Algeria o empate (X2)",0.6776,1,0,
2026-07-03,Austria,Algeria,mundial 2026,1X2,"Sin empate (12)",0.6880,0,0,
2026-07-03,Austria,Algeria,mundial 2026,Goles,"Más de 4.5 goles",0.1019,1,0,
2026-07-03,Austria,Algeria,mundial 2026,Goles,"Más de 3.5 goles",0.2313,1,0,
2026-07-03,Austria,Algeria,mundial 2026,Goles,"Más de 2.5 goles",0.4427,1,0,
2026-07-03,Austria,Algeria,mundial 2026,Goles,"Más de 1.5 goles",0.7213,1,0,
2026-07-03,Austria,Algeria,mundial 2026,BTTS,"Ambos anotan",0.5172,1,0,
2026-07-03,Austria,Algeria,mundial 2026,BTTS,"No ambos anotan",0.4828,0,0,
2026-07-03,Austria,Algeria,mundial 2026,Córners,"Córners totales +8.5",0.2108,0,0,
2026-07-03,Austria,Algeria,mundial 2026,Córners,"Córners totales +7.5",0.3012,0,0,
2026-07-03,Austria,Algeria,mundial 2026,Córners,"Córners totales +6.5",0.4129,0,0,
2026-07-03,Austria,Algeria,mundial 2026,Córners,"Córners totales +5.5",0.5410,0,0,
2026-07-03,Austria,Algeria,mundial 2026,Córners,"Córners totales +4.5",0.6748,0,0,
2026-07-03,Austria,Algeria,mundial 2026,Córners,"Córners totales +3.5",0.7991,0,0,
2026-07-03,Austria,Algeria,mundial 2026,Córners,"Córners Austria +2.5",0.2076,1,0,
2026-07-03,Austria,Algeria,mundial 2026,Córners,"Córners Austria +1.5",0.4637,1,0,
2026-07-03,Austria,Algeria,mundial 2026,Córners,"Córners Austria +0.5",0.7909,1,0,
2026-07-03,Austria,Algeria,mundial 2026,Córners,"Córners Algeria +7.5",0.0956,0,0,
2026-07-03,Austria,Algeria,mundial 2026,Córners,"Córners Algeria +6.5",0.1829,0,0,
2026-07-03,Austria,Algeria,mundial 2026,Córners,"Córners Algeria +5.5",0.3154,0,0,
2026-07-03,Austria,Algeria,mundial 2026,Córners,"Córners Algeria +4.5",0.4880,0,0,
2026-07-03,Austria,Algeria,mundial 2026,Córners,"Córners Algeria +3.5",0.6754,0,0,
2026-07-03,Austria,Algeria,mundial 2026,Córners,"Córners Algeria +2.5",0.8381,0,0,
2026-07-03,Austria,Algeria,mundial 2026,Tiros a puerta,"Tiros a puerta totales +8.5",0.1954,0,0,
2026-07-03,Austria,Algeria,mundial 2026,Tiros a puerta,"Tiros a puerta totales +7.5",0.2908,1,0,
2026-07-03,Austria,Algeria,mundial 2026,Tiros a puerta,"Tiros a puerta totales +6.5",0.4107,1,0,
2026-07-03,Austria,Algeria,mundial 2026,Tiros a puerta,"Tiros a puerta totales +5.5",0.5485,1,0,
2026-07-03,Austria,Algeria,mundial 2026,Tiros a puerta,"Tiros a puerta totales +4.5",0.6901,1,0,
2026-07-03,Austria,Algeria,mundial 2026,Tiros a puerta,"Tiros a puerta totales +3.5",0.8174,1,0,
2026-07-03,Austria,Algeria,mundial 2026,Tiros a puerta,"T. a puerta Austria +4.5",0.1269,0,0,
2026-07-03,Austria,Algeria,mundial 2026,Tiros a puerta,"T. a puerta Austria +3.5",0.2706,0,0,
2026-07-03,Austria,Algeria,mundial 2026,Tiros a puerta,"T. a puerta Austria +2.5",0.4891,1,0,
2026-07-03,Austria,Algeria,mundial 2026,Tiros a puerta,"T. a puerta Austria +1.5",0.7384,1,0,
2026-07-03,Austria,Algeria,mundial 2026,Tiros a puerta,"T. a puerta Algeria +5.5",0.1428,0,0,
2026-07-03,Austria,Algeria,mundial 2026,Tiros a puerta,"T. a puerta Algeria +4.5",0.2751,1,0,
2026-07-03,Austria,Algeria,mundial 2026,Tiros a puerta,"T. a puerta Algeria +3.5",0.4640,1,0,
2026-07-03,Austria,Algeria,mundial 2026,Tiros a puerta,"T. a puerta Algeria +2.5",0.6797,1,0,
2026-07-03,Austria,Algeria,mundial 2026,Tiros a puerta,"T. a puerta Algeria +1.5",0.8644,1,0,
2026-07-03,Austria,Algeria,mundial 2026,Tiros a puerta,"Austria tira más a puerta",0.4289,0,0,
2026-07-03,Austria,Algeria,mundial 2026,Tiros,"Tiros totales +18.5",0.3272,1,0,
2026-07-03,Austria,Algeria,mundial 2026,Tiros,"Tiros totales +17.5",0.3777,1,0,
2026-07-03,Austria,Algeria,mundial 2026,Tiros,"Tiros totales +16.5",0.4321,1,0,
2026-07-03,Austria,Algeria,mundial 2026,Tiros,"Tiros totales +15.5",0.4898,1,0,
2026-07-03,Austria,Algeria,mundial 2026,Tiros,"Tiros totales +14.5",0.5497,1,0,
2026-07-03,Austria,Algeria,mundial 2026,Tiros,"Tiros totales +13.5",0.6108,1,0,
2026-07-03,Austria,Algeria,mundial 2026,Tiros,"Tiros totales +12.5",0.6716,1,0,
2026-07-03,Austria,Algeria,mundial 2026,Tiros,"Tiros totales +11.5",0.7305,1,0,
2026-07-03,Austria,Algeria,mundial 2026,Tiros,"Tiros totales +10.5",0.7860,1,0,
2026-07-03,Austria,Algeria,mundial 2026,Tiros,"Tiros totales +9.5",0.8365,1,0,
2026-07-03,Austria,Algeria,mundial 2026,Tiros,"Tiros Austria +10.5",0.1819,0,0,
2026-07-03,Austria,Algeria,mundial 2026,Tiros,"Tiros Austria +9.5",0.2806,1,0,
2026-07-03,Austria,Algeria,mundial 2026,Tiros,"Tiros Austria +8.5",0.4044,1,0,
2026-07-03,Austria,Algeria,mundial 2026,Tiros,"Tiros Austria +7.5",0.5439,1,0,
2026-07-03,Austria,Algeria,mundial 2026,Tiros,"Tiros Austria +6.5",0.6839,1,0,
2026-07-03,Austria,Algeria,mundial 2026,Tiros,"Tiros Austria +5.5",0.8067,1,0,
2026-07-03,Austria,Algeria,mundial 2026,Tiros,"Tiros Algeria +10.5",0.2001,1,0,
2026-07-03,Austria,Algeria,mundial 2026,Tiros,"Tiros Algeria +9.5",0.3031,1,0,
2026-07-03,Austria,Algeria,mundial 2026,Tiros,"Tiros Algeria +8.5",0.4295,1,0,
2026-07-03,Austria,Algeria,mundial 2026,Tiros,"Tiros Algeria +7.5",0.5688,1,0,
2026-07-03,Austria,Algeria,mundial 2026,Tiros,"Tiros Algeria +6.5",0.7055,1,0,
2026-07-03,Austria,Algeria,mundial 2026,Tiros,"Tiros Algeria +5.5",0.8228,1,0,
2026-07-03,Austria,Algeria,mundial 2026,Tarjetas,"Tarjetas totales +5.5",0.1204,0,0,
2026-07-03,Austria,Algeria,mundial 2026,Tarjetas,"Tarjetas totales +4.5",0.2424,0,0,
2026-07-03,Austria,Algeria,mundial 2026,Tarjetas,"Tarjetas totales +3.5",0.4256,0,0,
2026-07-03,Austria,Algeria,mundial 2026,Tarjetas,"Tarjetas totales +2.5",0.6460,0,0,
2026-07-03,Austria,Algeria,mundial 2026,Tarjetas,"Tarjetas totales +1.5",0.8447,0,0,
2026-07-03,Austria,Algeria,mundial 2026,Mitades,"Gol en 1ª parte",0.6677,1,0,
2026-07-03,Austria,Algeria,mundial 2026,Mitades,"Gol en 2ª parte",0.7398,1,0,
2026-07-03,Suiza,Canada,mundial 2026,1X2,"Gana Suiza",0.2960,1,0,
2026-07-03,Suiza,Canada,mundial 2026,1X2,"Empate",0.2901,0,0,
2026-07-03,Suiza,Canada,mundial 2026,1X2,"Gana Canada",0.4139,0,0,
2026-07-03,Suiza,Canada,mundial 2026,1X2,"Suiza o empate (1X)",0.5861,1,0,
2026-07-03,Suiza,Canada,mundial 2026,1X2,"Canada o empate (X2)",0.7040,0,0,
2026-07-03,Suiza,Canada,mundial 2026,1X2,"Sin empate (12)",0.7099,1,0,
2026-07-03,Suiza,Canada,mundial 2026,Goles,"Más de 4.5 goles",0.1122,0,0,
2026-07-03,Suiza,Canada,mundial 2026,Goles,"Más de 3.5 goles",0.2479,0,0,
2026-07-03,Suiza,Canada,mundial 2026,Goles,"Más de 2.5 goles",0.4627,1,0,
2026-07-03,Suiza,Canada,mundial 2026,Goles,"Más de 1.5 goles",0.7300,1,0,
2026-07-03,Suiza,Canada,mundial 2026,BTTS,"Ambos anotan",0.5220,1,0,
2026-07-03,Suiza,Canada,mundial 2026,BTTS,"No ambos anotan",0.4780,0,0,
2026-07-03,Suiza,Canada,mundial 2026,Córners,"Córners totales +11.5",0.2084,0,0,
2026-07-03,Suiza,Canada,mundial 2026,Córners,"Córners totales +10.5",0.3078,0,0,
2026-07-03,Suiza,Canada,mundial 2026,Córners,"Córners totales +9.5",0.4278,0,0,
2026-07-03,Suiza,Canada,mundial 2026,Córners,"Córners totales +8.5",0.5595,1,0,
2026-07-03,Suiza,Canada,mundial 2026,Córners,"Córners totales +7.5",0.6895,1,0,
2026-07-03,Suiza,Canada,mundial 2026,Córners,"Córners totales +6.5",0.8036,1,0,
2026-07-03,Suiza,Canada,mundial 2026,Córners,"Córners Suiza +5.5",0.1400,0,0,
2026-07-03,Suiza,Canada,mundial 2026,Córners,"Córners Suiza +4.5",0.2711,0,0,
2026-07-03,Suiza,Canada,mundial 2026,Córners,"Córners Suiza +3.5",0.4594,0,0,
2026-07-03,Suiza,Canada,mundial 2026,Córners,"Córners Suiza +2.5",0.6758,0,0,
2026-07-03,Suiza,Canada,mundial 2026,Córners,"Córners Suiza +1.5",0.8622,1,0,
2026-07-03,Suiza,Canada,mundial 2026,Córners,"Córners Canada +8.5",0.1174,0,0,
2026-07-03,Suiza,Canada,mundial 2026,Córners,"Córners Canada +7.5",0.2074,0,0,
2026-07-03,Suiza,Canada,mundial 2026,Córners,"Córners Canada +6.5",0.3351,1,0,
2026-07-03,Suiza,Canada,mundial 2026,Córners,"Córners Canada +5.5",0.4939,1,0,
2026-07-03,Suiza,Canada,mundial 2026,Córners,"Córners Canada +4.5",0.6630,1,0,
2026-07-03,Suiza,Canada,mundial 2026,Córners,"Córners Canada +3.5",0.8130,1,0,
2026-07-03,Suiza,Canada,mundial 2026,Tiros a puerta,"Tiros a puerta totales +9.5",0.1755,1,0,
2026-07-03,Suiza,Canada,mundial 2026,Tiros a puerta,"Tiros a puerta totales +8.5",0.2755,1,0,
2026-07-03,Suiza,Canada,mundial 2026,Tiros a puerta,"Tiros a puerta totales +7.5",0.4029,1,0,
2026-07-03,Suiza,Canada,mundial 2026,Tiros a puerta,"Tiros a puerta totales +6.5",0.5484,1,0,
2026-07-03,Suiza,Canada,mundial 2026,Tiros a puerta,"Tiros a puerta totales +5.5",0.6946,1,0,
2026-07-03,Suiza,Canada,mundial 2026,Tiros a puerta,"Tiros a puerta totales +4.5",0.8214,1,0,
2026-07-03,Suiza,Canada,mundial 2026,Tiros a puerta,"T. a puerta Suiza +5.5",0.1211,0,0,
2026-07-03,Suiza,Canada,mundial 2026,Tiros a puerta,"T. a puerta Suiza +4.5",0.2435,0,0,
2026-07-03,Suiza,Canada,mundial 2026,Tiros a puerta,"T. a puerta Suiza +3.5",0.4269,1,0,
2026-07-03,Suiza,Canada,mundial 2026,Tiros a puerta,"T. a puerta Suiza +2.5",0.6472,1,0,
2026-07-03,Suiza,Canada,mundial 2026,Tiros a puerta,"T. a puerta Suiza +1.5",0.8454,1,0,
2026-07-03,Suiza,Canada,mundial 2026,Tiros a puerta,"T. a puerta Canada +5.5",0.1669,1,0,
2026-07-03,Suiza,Canada,mundial 2026,Tiros a puerta,"T. a puerta Canada +4.5",0.3086,1,0,
2026-07-03,Suiza,Canada,mundial 2026,Tiros a puerta,"T. a puerta Canada +3.5",0.5014,1,0,
2026-07-03,Suiza,Canada,mundial 2026,Tiros a puerta,"T. a puerta Canada +2.5",0.7109,1,0,
2026-07-03,Suiza,Canada,mundial 2026,Tiros a puerta,"Suiza tira más a puerta",0.4754,0,0,
2026-07-03,Suiza,Canada,mundial 2026,Tiros,"Tiros totales +22.5",0.3417,0,0,
2026-07-03,Suiza,Canada,mundial 2026,Tiros,"Tiros totales +21.5",0.3876,0,0,
2026-07-03,Suiza,Canada,mundial 2026,Tiros,"Tiros totales +20.5",0.4363,0,0,
2026-07-03,Suiza,Canada,mundial 2026,Tiros,"Tiros totales +19.5",0.4874,0,0,
2026-07-03,Suiza,Canada,mundial 2026,Tiros,"Tiros totales +18.5",0.5401,1,0,
2026-07-03,Suiza,Canada,mundial 2026,Tiros,"Tiros totales +17.5",0.5938,1,0,
2026-07-03,Suiza,Canada,mundial 2026,Tiros,"Tiros totales +16.5",0.6473,1,0,
2026-07-03,Suiza,Canada,mundial 2026,Tiros,"Tiros totales +15.5",0.6997,1,0,
2026-07-03,Suiza,Canada,mundial 2026,Tiros,"Tiros totales +14.5",0.7499,1,0,
2026-07-03,Suiza,Canada,mundial 2026,Tiros,"Tiros totales +13.5",0.7969,1,0,
2026-07-03,Suiza,Canada,mundial 2026,Tiros,"Tiros totales +12.5",0.8397,1,0,
2026-07-03,Suiza,Canada,mundial 2026,Tiros,"Tiros totales +11.5",0.8776,1,0,
2026-07-03,Suiza,Canada,mundial 2026,Tiros,"Tiros Suiza +10.5",0.1500,0,0,
2026-07-03,Suiza,Canada,mundial 2026,Tiros,"Tiros Suiza +9.5",0.2398,0,0,
2026-07-03,Suiza,Canada,mundial 2026,Tiros,"Tiros Suiza +8.5",0.3573,0,0,
2026-07-03,Suiza,Canada,mundial 2026,Tiros,"Tiros Suiza +7.5",0.4957,0,0,
2026-07-03,Suiza,Canada,mundial 2026,Tiros,"Tiros Suiza +6.5",0.6406,0,0,
2026-07-03,Suiza,Canada,mundial 2026,Tiros,"Tiros Suiza +5.5",0.7735,1,0,
2026-07-03,Suiza,Canada,mundial 2026,Tiros,"Tiros Suiza +4.5",0.8778,1,0,
2026-07-03,Suiza,Canada,mundial 2026,Tiros,"Tiros Canada +14.5",0.2700,0,0,
2026-07-03,Suiza,Canada,mundial 2026,Tiros,"Tiros Canada +13.5",0.3666,0,0,
2026-07-03,Suiza,Canada,mundial 2026,Tiros,"Tiros Canada +12.5",0.4752,1,0,
2026-07-03,Suiza,Canada,mundial 2026,Tiros,"Tiros Canada +11.5",0.5887,1,0,
2026-07-03,Suiza,Canada,mundial 2026,Tiros,"Tiros Canada +10.5",0.6980,1,0,
2026-07-03,Suiza,Canada,mundial 2026,Tiros,"Tiros Canada +9.5",0.7946,1,0,
2026-07-03,Suiza,Canada,mundial 2026,Tiros,"Tiros Canada +8.5",0.8722,1,0,
2026-07-03,Suiza,Canada,mundial 2026,Tarjetas,"Tarjetas totales +6.5",0.0868,0,0,
2026-07-03,Suiza,Canada,mundial 2026,Tarjetas,"Tarjetas totales +5.5",0.1780,0,0,
2026-07-03,Suiza,Canada,mundial 2026,Tarjetas,"Tarjetas totales +4.5",0.3236,0,0,
2026-07-03,Suiza,Canada,mundial 2026,Tarjetas,"Tarjetas totales +3.5",0.5175,0,0,
2026-07-03,Suiza,Canada,mundial 2026,Tarjetas,"Tarjetas totales +2.5",0.7239,1,0,
2026-07-03,Suiza,Canada,mundial 2026,Mitades,"Gol en 1ª parte",0.6791,0,0,
2026-07-03,Suiza,Canada,mundial 2026,Mitades,"Gol en 2ª parte",0.7507,1,0,
2026-07-03,Portugal,Croatia,mundial 2026,1X2,"Gana Portugal",0.6217,1,0,
2026-07-03,Portugal,Croatia,mundial 2026,1X2,"Empate",0.2495,0,0,
2026-07-03,Portugal,Croatia,mundial 2026,1X2,"Gana Croatia",0.1288,0,0,
2026-07-03,Portugal,Croatia,mundial 2026,1X2,"Portugal o empate (1X)",0.8712,1,0,
2026-07-03,Portugal,Croatia,mundial 2026,1X2,"Croatia o empate (X2)",0.3783,0,0,
2026-07-03,Portugal,Croatia,mundial 2026,1X2,"Sin empate (12)",0.7505,1,0,
2026-07-03,Portugal,Croatia,mundial 2026,Goles,"Más de 4.5 goles",0.1267,0,0,
2026-07-03,Portugal,Croatia,mundial 2026,Goles,"Más de 3.5 goles",0.2708,0,0,
2026-07-03,Portugal,Croatia,mundial 2026,Goles,"Más de 2.5 goles",0.4896,1,0,
2026-07-03,Portugal,Croatia,mundial 2026,Goles,"Más de 1.5 goles",0.7551,1,0,
2026-07-03,Portugal,Croatia,mundial 2026,BTTS,"Ambos anotan",0.4666,1,0,
2026-07-03,Portugal,Croatia,mundial 2026,BTTS,"No ambos anotan",0.5334,0,0,
2026-07-03,Portugal,Croatia,mundial 2026,Córners,"Córners totales +10.5",0.1587,1,0,
2026-07-03,Portugal,Croatia,mundial 2026,Córners,"Córners totales +9.5",0.2510,1,0,
2026-07-03,Portugal,Croatia,mundial 2026,Córners,"Córners totales +8.5",0.3705,1,0,
2026-07-03,Portugal,Croatia,mundial 2026,Córners,"Córners totales +7.5",0.5094,1,0,
2026-07-03,Portugal,Croatia,mundial 2026,Córners,"Córners totales +6.5",0.6531,1,0,
2026-07-03,Portugal,Croatia,mundial 2026,Córners,"Córners totales +5.5",0.7832,1,0,
2026-07-03,Portugal,Croatia,mundial 2026,Córners,"Córners Portugal +6.5",0.1192,1,0,
2026-07-03,Portugal,Croatia,mundial 2026,Córners,"Córners Portugal +5.5",0.2275,1,0,
2026-07-03,Portugal,Croatia,mundial 2026,Córners,"Córners Portugal +4.5",0.3868,1,0,
2026-07-03,Portugal,Croatia,mundial 2026,Córners,"Córners Portugal +3.5",0.5820,1,0,
2026-07-03,Portugal,Croatia,mundial 2026,Córners,"Córners Portugal +2.5",0.7734,1,0,
2026-07-03,Portugal,Croatia,mundial 2026,Córners,"Córners Croatia +5.5",0.1635,0,0,
2026-07-03,Portugal,Croatia,mundial 2026,Córners,"Córners Croatia +4.5",0.3040,1,0,
2026-07-03,Portugal,Croatia,mundial 2026,Córners,"Córners Croatia +3.5",0.4963,1,0,
2026-07-03,Portugal,Croatia,mundial 2026,Córners,"Córners Croatia +2.5",0.7068,1,0,
2026-07-03,Portugal,Croatia,mundial 2026,Córners,"Córners Croatia +1.5",0.8796,1,0,
2026-07-03,Portugal,Croatia,mundial 2026,Tiros a puerta,"Tiros a puerta totales +10.5",0.2293,0,0,
2026-07-03,Portugal,Croatia,mundial 2026,Tiros a puerta,"Tiros a puerta totales +9.5",0.3011,0,0,
2026-07-03,Portugal,Croatia,mundial 2026,Tiros a puerta,"Tiros a puerta totales +8.5",0.3864,1,0,
2026-07-03,Portugal,Croatia,mundial 2026,Tiros a puerta,"Tiros a puerta totales +7.5",0.4832,1,0,
2026-07-03,Portugal,Croatia,mundial 2026,Tiros a puerta,"Tiros a puerta totales +6.5",0.5877,1,0,
2026-07-03,Portugal,Croatia,mundial 2026,Tiros a puerta,"Tiros a puerta totales +5.5",0.6935,1,0,
2026-07-03,Portugal,Croatia,mundial 2026,Tiros a puerta,"Tiros a puerta totales +4.5",0.7927,1,0,
2026-07-03,Portugal,Croatia,mundial 2026,Tiros a puerta,"Tiros a puerta totales +3.5",0.8769,1,0,
2026-07-03,Portugal,Croatia,mundial 2026,Tiros a puerta,"T. a puerta Portugal +6.5",0.1541,0,0,
2026-07-03,Portugal,Croatia,mundial 2026,Tiros a puerta,"T. a puerta Portugal +5.5",0.2770,0,0,
2026-07-03,Portugal,Croatia,mundial 2026,Tiros a puerta,"T. a puerta Portugal +4.5",0.4453,0,0,
2026-07-03,Portugal,Croatia,mundial 2026,Tiros a puerta,"T. a puerta Portugal +3.5",0.6374,0,0,
2026-07-03,Portugal,Croatia,mundial 2026,Tiros a puerta,"T. a puerta Portugal +2.5",0.8127,1,0,
2026-07-03,Portugal,Croatia,mundial 2026,Tiros a puerta,"T. a puerta Croatia +5.5",0.1377,1,0,
2026-07-03,Portugal,Croatia,mundial 2026,Tiros a puerta,"T. a puerta Croatia +4.5",0.2678,1,0,
2026-07-03,Portugal,Croatia,mundial 2026,Tiros a puerta,"T. a puerta Croatia +3.5",0.4556,1,0,
2026-07-03,Portugal,Croatia,mundial 2026,Tiros a puerta,"T. a puerta Croatia +2.5",0.6725,1,0,
2026-07-03,Portugal,Croatia,mundial 2026,Tiros a puerta,"T. a puerta Croatia +1.5",0.8603,1,0,
2026-07-03,Portugal,Croatia,mundial 2026,Tiros a puerta,"Portugal tira más a puerta",0.5585,0,0,
2026-07-03,Portugal,Croatia,mundial 2026,Tiros,"Tiros totales +23.5",0.3451,1,0,
2026-07-03,Portugal,Croatia,mundial 2026,Tiros,"Tiros totales +22.5",0.3900,1,0,
2026-07-03,Portugal,Croatia,mundial 2026,Tiros,"Tiros totales +21.5",0.4377,1,0,
2026-07-03,Portugal,Croatia,mundial 2026,Tiros,"Tiros totales +20.5",0.4875,1,0,
2026-07-03,Portugal,Croatia,mundial 2026,Tiros,"Tiros totales +19.5",0.5390,1,0,
2026-07-03,Portugal,Croatia,mundial 2026,Tiros,"Tiros totales +18.5",0.5912,1,0,
2026-07-03,Portugal,Croatia,mundial 2026,Tiros,"Tiros totales +17.5",0.6433,1,0,
2026-07-03,Portugal,Croatia,mundial 2026,Tiros,"Tiros totales +16.5",0.6945,1,0,
2026-07-03,Portugal,Croatia,mundial 2026,Tiros,"Tiros totales +15.5",0.7436,1,0,
2026-07-03,Portugal,Croatia,mundial 2026,Tiros,"Tiros totales +14.5",0.7897,1,0,
2026-07-03,Portugal,Croatia,mundial 2026,Tiros,"Tiros totales +13.5",0.8320,1,0,
2026-07-03,Portugal,Croatia,mundial 2026,Tiros,"Tiros totales +12.5",0.8697,1,0,
2026-07-03,Portugal,Croatia,mundial 2026,Tiros,"Tiros Portugal +14.5",0.2127,1,0,
2026-07-03,Portugal,Croatia,mundial 2026,Tiros,"Tiros Portugal +13.5",0.3006,1,0,
2026-07-03,Portugal,Croatia,mundial 2026,Tiros,"Tiros Portugal +12.5",0.4045,1,0,
2026-07-03,Portugal,Croatia,mundial 2026,Tiros,"Tiros Portugal +11.5",0.5187,1,0,
2026-07-03,Portugal,Croatia,mundial 2026,Tiros,"Tiros Portugal +10.5",0.6346,1,0,
2026-07-03,Portugal,Croatia,mundial 2026,Tiros,"Tiros Portugal +9.5",0.7424,1,0,
2026-07-03,Portugal,Croatia,mundial 2026,Tiros,"Tiros Portugal +8.5",0.8335,1,0,
2026-07-03,Portugal,Croatia,mundial 2026,Tiros,"Tiros Croatia +11.5",0.2226,1,0,
2026-07-03,Portugal,Croatia,mundial 2026,Tiros,"Tiros Croatia +10.5",0.3248,1,0,
2026-07-03,Portugal,Croatia,mundial 2026,Tiros,"Tiros Croatia +9.5",0.4463,1,0,
2026-07-03,Portugal,Croatia,mundial 2026,Tiros,"Tiros Croatia +8.5",0.5776,1,0,
2026-07-03,Portugal,Croatia,mundial 2026,Tiros,"Tiros Croatia +7.5",0.7053,1,0,
2026-07-03,Portugal,Croatia,mundial 2026,Tiros,"Tiros Croatia +6.5",0.8156,1,0,
2026-07-03,Portugal,Croatia,mundial 2026,Tarjetas,"Tarjetas totales +4.5",0.1255,0,0,
2026-07-03,Portugal,Croatia,mundial 2026,Tarjetas,"Tarjetas totales +3.5",0.2684,0,0,
2026-07-03,Portugal,Croatia,mundial 2026,Tarjetas,"Tarjetas totales +2.5",0.4866,1,0,
2026-07-03,Portugal,Croatia,mundial 2026,Tarjetas,"Tarjetas totales +1.5",0.7365,1,0,
2026-07-03,Portugal,Croatia,mundial 2026,Mitades,"Gol en 1ª parte",0.6943,0,0,
2026-07-03,Portugal,Croatia,mundial 2026,Mitades,"Gol en 2ª parte",0.7651,1,0,
2026-07-03,Argentina,Cape Verde Islands,mundial 2026,1X2,"Gana Argentina",0.5542,0,0,
2026-07-03,Argentina,Cape Verde Islands,mundial 2026,1X2,"Empate",0.2760,1,0,
2026-07-03,Argentina,Cape Verde Islands,mundial 2026,1X2,"Gana Cape Verde Islands",0.1698,0,0,
2026-07-03,Argentina,Cape Verde Islands,mundial 2026,1X2,"Argentina o empate (1X)",0.8302,1,0,
2026-07-03,Argentina,Cape Verde Islands,mundial 2026,1X2,"Cape Verde Islands o empate (X2)",0.4458,1,0,
2026-07-03,Argentina,Cape Verde Islands,mundial 2026,1X2,"Sin empate (12)",0.7240,0,0,
2026-07-03,Argentina,Cape Verde Islands,mundial 2026,Goles,"Más de 3.5 goles",0.1897,0,0,
2026-07-03,Argentina,Cape Verde Islands,mundial 2026,Goles,"Más de 2.5 goles",0.3896,0,0,
2026-07-03,Argentina,Cape Verde Islands,mundial 2026,Goles,"Más de 1.5 goles",0.6650,1,0,
2026-07-03,Argentina,Cape Verde Islands,mundial 2026,BTTS,"Ambos anotan",0.4119,1,0,
2026-07-03,Argentina,Cape Verde Islands,mundial 2026,BTTS,"No ambos anotan",0.5881,0,0,
2026-07-03,Argentina,Cape Verde Islands,mundial 2026,Córners,"Córners totales +7.5",0.1771,0,0,
2026-07-03,Argentina,Cape Verde Islands,mundial 2026,Córners,"Córners totales +6.5",0.2967,1,0,
2026-07-03,Argentina,Cape Verde Islands,mundial 2026,Córners,"Córners totales +5.5",0.4521,1,0,
2026-07-03,Argentina,Cape Verde Islands,mundial 2026,Córners,"Córners totales +4.5",0.6250,1,0,
2026-07-03,Argentina,Cape Verde Islands,mundial 2026,Córners,"Córners totales +3.5",0.7855,1,0,
2026-07-03,Argentina,Cape Verde Islands,mundial 2026,Córners,"Córners Argentina +5.5",0.0867,0,0,
2026-07-03,Argentina,Cape Verde Islands,mundial 2026,Córners,"Córners Argentina +4.5",0.1894,1,0,
2026-07-03,Argentina,Cape Verde Islands,mundial 2026,Córners,"Córners Argentina +3.5",0.3589,1,0,
2026-07-03,Argentina,Cape Verde Islands,mundial 2026,Córners,"Córners Argentina +2.5",0.5829,1,0,
2026-07-03,Argentina,Cape Verde Islands,mundial 2026,Córners,"Córners Argentina +1.5",0.8049,1,0,
2026-07-03,Argentina,Cape Verde Islands,mundial 2026,Córners,"Córners Cape Verde Islands +4.5",0.0912,0,0,
2026-07-03,Argentina,Cape Verde Islands,mundial 2026,Córners,"Córners Cape Verde Islands +3.5",0.2134,0,0,
2026-07-03,Argentina,Cape Verde Islands,mundial 2026,Córners,"Córners Cape Verde Islands +2.5",0.4204,0,0,
2026-07-03,Argentina,Cape Verde Islands,mundial 2026,Córners,"Córners Cape Verde Islands +1.5",0.6832,1,0,
2026-07-03,Argentina,Cape Verde Islands,mundial 2026,Tiros a puerta,"Tiros a puerta totales +6.5",0.1646,1,0,
2026-07-03,Argentina,Cape Verde Islands,mundial 2026,Tiros a puerta,"Tiros a puerta totales +5.5",0.2762,1,0,
2026-07-03,Argentina,Cape Verde Islands,mundial 2026,Tiros a puerta,"Tiros a puerta totales +4.5",0.4270,1,0,
2026-07-03,Argentina,Cape Verde Islands,mundial 2026,Tiros a puerta,"Tiros a puerta totales +3.5",0.6040,1,0,
2026-07-03,Argentina,Cape Verde Islands,mundial 2026,Tiros a puerta,"Tiros a puerta totales +2.5",0.7770,1,0,
2026-07-03,Argentina,Cape Verde Islands,mundial 2026,Tiros a puerta,"T. a puerta Argentina +4.5",0.1380,1,0,
2026-07-03,Argentina,Cape Verde Islands,mundial 2026,Tiros a puerta,"T. a puerta Argentina +3.5",0.2873,1,0,
2026-07-03,Argentina,Cape Verde Islands,mundial 2026,Tiros a puerta,"T. a puerta Argentina +2.5",0.5079,1,0,
2026-07-03,Argentina,Cape Verde Islands,mundial 2026,Tiros a puerta,"T. a puerta Argentina +1.5",0.7525,1,0,
2026-07-03,Argentina,Cape Verde Islands,mundial 2026,Tiros a puerta,"T. a puerta Cape Verde Islands +3.5",0.0805,0,0,
2026-07-03,Argentina,Cape Verde Islands,mundial 2026,Tiros a puerta,"T. a puerta Cape Verde Islands +2.5",0.2199,0,0,
2026-07-03,Argentina,Cape Verde Islands,mundial 2026,Tiros a puerta,"T. a puerta Cape Verde Islands +1.5",0.4791,1,0,
2026-07-03,Argentina,Cape Verde Islands,mundial 2026,Tiros a puerta,"T. a puerta Cape Verde Islands +0.5",0.8006,1,0,
2026-07-03,Argentina,Cape Verde Islands,mundial 2026,Tiros a puerta,"Argentina tira más a puerta",0.6266,1,0,
2026-07-03,Argentina,Cape Verde Islands,mundial 2026,Tiros,"Tiros totales +13.5",0.2598,1,0,
2026-07-03,Argentina,Cape Verde Islands,mundial 2026,Tiros,"Tiros totales +12.5",0.3589,1,0,
2026-07-03,Argentina,Cape Verde Islands,mundial 2026,Tiros,"Tiros totales +11.5",0.4717,1,0,
2026-07-03,Argentina,Cape Verde Islands,mundial 2026,Tiros,"Tiros totales +10.5",0.5901,1,0,
2026-07-03,Argentina,Cape Verde Islands,mundial 2026,Tiros,"Tiros totales +9.5",0.7041,1,0,
2026-07-03,Argentina,Cape Verde Islands,mundial 2026,Tiros,"Tiros totales +8.5",0.8038,1,0,
2026-07-03,Argentina,Cape Verde Islands,mundial 2026,Tiros,"Tiros Argentina +8.5",0.1844,1,0,
2026-07-03,Argentina,Cape Verde Islands,mundial 2026,Tiros,"Tiros Argentina +7.5",0.2972,1,0,
2026-07-03,Argentina,Cape Verde Islands,mundial 2026,Tiros,"Tiros Argentina +6.5",0.4406,1,0,
2026-07-03,Argentina,Cape Verde Islands,mundial 2026,Tiros,"Tiros Argentina +5.5",0.6001,1,0,
2026-07-03,Argentina,Cape Verde Islands,mundial 2026,Tiros,"Tiros Argentina +4.5",0.7522,1,0,
2026-07-03,Argentina,Cape Verde Islands,mundial 2026,Tiros,"Tiros Argentina +3.5",0.8731,1,0,
2026-07-03,Argentina,Cape Verde Islands,mundial 2026,Tiros,"Tiros Cape Verde Islands +7.5",0.1479,0,0,
2026-07-03,Argentina,Cape Verde Islands,mundial 2026,Tiros,"Tiros Cape Verde Islands +6.5",0.2579,0,0,
2026-07-03,Argentina,Cape Verde Islands,mundial 2026,Tiros,"Tiros Cape Verde Islands +5.5",0.4078,1,0,
2026-07-03,Argentina,Cape Verde Islands,mundial 2026,Tiros,"Tiros Cape Verde Islands +4.5",0.5830,1,0,
2026-07-03,Argentina,Cape Verde Islands,mundial 2026,Tiros,"Tiros Cape Verde Islands +3.5",0.7535,1,0,
2026-07-03,Argentina,Cape Verde Islands,mundial 2026,Tarjetas,"Tarjetas totales +4.5",0.1760,0,0,
2026-07-03,Argentina,Cape Verde Islands,mundial 2026,Tarjetas,"Tarjetas totales +3.5",0.3386,0,0,
2026-07-03,Argentina,Cape Verde Islands,mundial 2026,Tarjetas,"Tarjetas totales +2.5",0.5600,0,0,
2026-07-03,Argentina,Cape Verde Islands,mundial 2026,Tarjetas,"Tarjetas totales +1.5",0.7878,0,0,
2026-07-03,Argentina,Cape Verde Islands,mundial 2026,Mitades,"Gol en 1ª parte",0.6361,1,0,
2026-07-03,Argentina,Cape Verde Islands,mundial 2026,Mitades,"Gol en 2ª parte",0.7093,1,0,
2026-07-04,Colombia,Ghana,mundial 2026,1X2,"Gana Colombia",0.6292,1,0,
2026-07-04,Colombia,Ghana,mundial 2026,1X2,"Empate",0.2563,0,0,
2026-07-04,Colombia,Ghana,mundial 2026,1X2,"Gana Ghana",0.1145,0,0,
2026-07-04,Colombia,Ghana,mundial 2026,1X2,"Colombia o empate (1X)",0.8855,1,0,
2026-07-04,Colombia,Ghana,mundial 2026,1X2,"Ghana o empate (X2)",0.3708,0,0,
2026-07-04,Colombia,Ghana,mundial 2026,1X2,"Sin empate (12)",0.7437,1,0,
2026-07-04,Colombia,Ghana,mundial 2026,Goles,"Más de 3.5 goles",0.1895,0,0,
2026-07-04,Colombia,Ghana,mundial 2026,Goles,"Más de 2.5 goles",0.3894,0,0,
2026-07-04,Colombia,Ghana,mundial 2026,Goles,"Más de 1.5 goles",0.6668,0,0,
2026-07-04,Colombia,Ghana,mundial 2026,BTTS,"Ambos anotan",0.3667,0,0,
2026-07-04,Colombia,Ghana,mundial 2026,BTTS,"No ambos anotan",0.6333,1,0,
2026-07-04,Colombia,Ghana,mundial 2026,Córners,"Córners totales +9.5",0.2690,0,0,
2026-07-04,Colombia,Ghana,mundial 2026,Córners,"Córners totales +8.5",0.3345,0,0,
2026-07-04,Colombia,Ghana,mundial 2026,Córners,"Córners totales +7.5",0.4105,0,0,
2026-07-04,Colombia,Ghana,mundial 2026,Córners,"Córners totales +6.5",0.4962,0,0,
2026-07-04,Colombia,Ghana,mundial 2026,Córners,"Córners totales +5.5",0.5896,0,0,
2026-07-04,Colombia,Ghana,mundial 2026,Córners,"Córners totales +4.5",0.6868,1,0,
2026-07-04,Colombia,Ghana,mundial 2026,Córners,"Córners totales +3.5",0.7822,1,0,
2026-07-04,Colombia,Ghana,mundial 2026,Córners,"Córners totales +2.5",0.8684,1,0,
2026-07-04,Colombia,Ghana,mundial 2026,Córners,"Córners Colombia +4.5",0.1777,0,0,
2026-07-04,Colombia,Ghana,mundial 2026,Córners,"Córners Colombia +3.5",0.3433,0,0,
2026-07-04,Colombia,Ghana,mundial 2026,Córners,"Córners Colombia +2.5",0.5673,1,0,
2026-07-04,Colombia,Ghana,mundial 2026,Córners,"Córners Colombia +1.5",0.7945,1,0,
2026-07-04,Colombia,Ghana,mundial 2026,Córners,"Córners Ghana +6.5",0.1470,0,0,
2026-07-04,Colombia,Ghana,mundial 2026,Córners,"Córners Ghana +5.5",0.2673,0,0,
2026-07-04,Colombia,Ghana,mundial 2026,Córners,"Córners Ghana +4.5",0.4341,0,0,
2026-07-04,Colombia,Ghana,mundial 2026,Córners,"Córners Ghana +3.5",0.6271,0,0,
2026-07-04,Colombia,Ghana,mundial 2026,Córners,"Córners Ghana +2.5",0.8056,0,0,
2026-07-04,Colombia,Ghana,mundial 2026,Tiros a puerta,"Tiros a puerta totales +9.5",0.1387,0,0,
2026-07-04,Colombia,Ghana,mundial 2026,Tiros a puerta,"Tiros a puerta totales +8.5",0.2303,0,0,
2026-07-04,Colombia,Ghana,mundial 2026,Tiros a puerta,"Tiros a puerta totales +7.5",0.3538,1,0,
2026-07-04,Colombia,Ghana,mundial 2026,Tiros a puerta,"Tiros a puerta totales +6.5",0.5017,1,0,
2026-07-04,Colombia,Ghana,mundial 2026,Tiros a puerta,"Tiros a puerta totales +5.5",0.6567,1,0,
2026-07-04,Colombia,Ghana,mundial 2026,Tiros a puerta,"Tiros a puerta totales +4.5",0.7958,1,0,
2026-07-04,Colombia,Ghana,mundial 2026,Tiros a puerta,"T. a puerta Colombia +7.5",0.1639,1,0,
2026-07-04,Colombia,Ghana,mundial 2026,Tiros a puerta,"T. a puerta Colombia +6.5",0.2794,1,0,
2026-07-04,Colombia,Ghana,mundial 2026,Tiros a puerta,"T. a puerta Colombia +5.5",0.4326,1,0,
2026-07-04,Colombia,Ghana,mundial 2026,Tiros a puerta,"T. a puerta Colombia +4.5",0.6067,1,0,
2026-07-04,Colombia,Ghana,mundial 2026,Tiros a puerta,"T. a puerta Colombia +3.5",0.7717,1,0,
2026-07-04,Colombia,Ghana,mundial 2026,Tiros a puerta,"T. a puerta Ghana +2.5",0.1674,0,0,
2026-07-04,Colombia,Ghana,mundial 2026,Tiros a puerta,"T. a puerta Ghana +1.5",0.4094,0,0,
2026-07-04,Colombia,Ghana,mundial 2026,Tiros a puerta,"T. a puerta Ghana +0.5",0.7543,0,0,
2026-07-04,Colombia,Ghana,mundial 2026,Tiros a puerta,"Colombia tira más a puerta",0.7899,1,0,
2026-07-04,Colombia,Ghana,mundial 2026,Tiros,"Tiros totales +21.5",0.2507,1,0,
2026-07-04,Colombia,Ghana,mundial 2026,Tiros,"Tiros totales +20.5",0.3243,1,0,
2026-07-04,Colombia,Ghana,mundial 2026,Tiros,"Tiros totales +19.5",0.4070,1,0,
2026-07-04,Colombia,Ghana,mundial 2026,Tiros,"Tiros totales +18.5",0.4957,1,0,
2026-07-04,Colombia,Ghana,mundial 2026,Tiros,"Tiros totales +17.5",0.5863,1,0,
2026-07-04,Colombia,Ghana,mundial 2026,Tiros,"Tiros totales +16.5",0.6741,1,0,
2026-07-04,Colombia,Ghana,mundial 2026,Tiros,"Tiros totales +15.5",0.7548,1,0,
2026-07-04,Colombia,Ghana,mundial 2026,Tiros,"Tiros totales +14.5",0.8246,1,0,
2026-07-04,Colombia,Ghana,mundial 2026,Tiros,"Tiros Colombia +16.5",0.2665,1,0,
2026-07-04,Colombia,Ghana,mundial 2026,Tiros,"Tiros Colombia +15.5",0.3560,1,0,
2026-07-04,Colombia,Ghana,mundial 2026,Tiros,"Tiros Colombia +14.5",0.4565,1,0,
2026-07-04,Colombia,Ghana,mundial 2026,Tiros,"Tiros Colombia +13.5",0.5622,1,0,
2026-07-04,Colombia,Ghana,mundial 2026,Tiros,"Tiros Colombia +12.5",0.6661,1,0,
2026-07-04,Colombia,Ghana,mundial 2026,Tiros,"Tiros Colombia +11.5",0.7608,1,0,
2026-07-04,Colombia,Ghana,mundial 2026,Tiros,"Tiros Colombia +10.5",0.8406,1,0,
2026-07-04,Colombia,Ghana,mundial 2026,Tiros,"Tiros Ghana +6.5",0.1541,1,0,
2026-07-04,Colombia,Ghana,mundial 2026,Tiros,"Tiros Ghana +5.5",0.2771,1,0,
2026-07-04,Colombia,Ghana,mundial 2026,Tiros,"Tiros Ghana +4.5",0.4454,1,0,
2026-07-04,Colombia,Ghana,mundial 2026,Tiros,"Tiros Ghana +3.5",0.6374,1,0,
2026-07-04,Colombia,Ghana,mundial 2026,Tiros,"Tiros Ghana +2.5",0.8127,1,0,
2026-07-04,Colombia,Ghana,mundial 2026,Tarjetas,"Tarjetas totales +4.5",0.1632,1,0,
2026-07-04,Colombia,Ghana,mundial 2026,Tarjetas,"Tarjetas totales +3.5",0.3234,1,0,
2026-07-04,Colombia,Ghana,mundial 2026,Tarjetas,"Tarjetas totales +2.5",0.5468,1,0,
2026-07-04,Colombia,Ghana,mundial 2026,Tarjetas,"Tarjetas totales +1.5",0.7804,1,0,
2026-07-04,Colombia,Ghana,mundial 2026,Mitades,"Gol en 1ª parte",0.6360,1,0,
2026-07-04,Colombia,Ghana,mundial 2026,Mitades,"Gol en 2ª parte",0.7092,0,0,
2026-07-03,Australia,Egypt,mundial 2026,1X2,"Gana Australia",0.5652,0,0,
2026-07-03,Australia,Egypt,mundial 2026,1X2,"Empate",0.2701,1,0,
2026-07-03,Australia,Egypt,mundial 2026,1X2,"Gana Egypt",0.1647,0,0,
2026-07-03,Australia,Egypt,mundial 2026,1X2,"Australia o empate (1X)",0.8353,1,0,
2026-07-03,Australia,Egypt,mundial 2026,1X2,"Egypt o empate (X2)",0.4348,1,0,
2026-07-03,Australia,Egypt,mundial 2026,1X2,"Sin empate (12)",0.7299,0,0,
2026-07-03,Australia,Egypt,mundial 2026,Goles,"Más de 4.5 goles",0.0832,0,0,
2026-07-03,Australia,Egypt,mundial 2026,Goles,"Más de 3.5 goles",0.1998,0,0,
2026-07-03,Australia,Egypt,mundial 2026,Goles,"Más de 2.5 goles",0.4030,0,0,
2026-07-03,Australia,Egypt,mundial 2026,Goles,"Más de 1.5 goles",0.6769,1,0,
2026-07-03,Australia,Egypt,mundial 2026,BTTS,"Ambos anotan",0.4185,1,0,
2026-07-03,Australia,Egypt,mundial 2026,BTTS,"No ambos anotan",0.5815,0,0,
2026-07-03,Australia,Egypt,mundial 2026,Córners,"Córners totales +10.5",0.2114,0,0,
2026-07-03,Australia,Egypt,mundial 2026,Córners,"Córners totales +9.5",0.3121,0,0,
2026-07-03,Australia,Egypt,mundial 2026,Córners,"Córners totales +8.5",0.4339,0,0,
2026-07-03,Australia,Egypt,mundial 2026,Córners,"Córners totales +7.5",0.5679,0,0,
2026-07-03,Australia,Egypt,mundial 2026,Córners,"Córners totales +6.5",0.7002,1,0,
2026-07-03,Australia,Egypt,mundial 2026,Córners,"Córners totales +5.5",0.8154,1,0,
2026-07-03,Australia,Egypt,mundial 2026,Córners,"Córners Australia +4.5",0.1549,0,0,
2026-07-03,Australia,Egypt,mundial 2026,Córners,"Córners Australia +3.5",0.3117,1,0,
2026-07-03,Australia,Egypt,mundial 2026,Córners,"Córners Australia +2.5",0.5344,1,0,
2026-07-03,Australia,Egypt,mundial 2026,Córners,"Córners Australia +1.5",0.7717,1,0,
2026-07-03,Australia,Egypt,mundial 2026,Córners,"Córners Egypt +7.5",0.1761,0,0,
2026-07-03,Australia,Egypt,mundial 2026,Córners,"Córners Egypt +6.5",0.2954,0,0,
2026-07-03,Australia,Egypt,mundial 2026,Córners,"Córners Egypt +5.5",0.4507,0,0,
2026-07-03,Australia,Egypt,mundial 2026,Córners,"Córners Egypt +4.5",0.6237,0,0,
2026-07-03,Australia,Egypt,mundial 2026,Córners,"Córners Egypt +3.5",0.7845,0,0,
2026-07-03,Australia,Egypt,mundial 2026,Tiros a puerta,"Tiros a puerta totales +8.5",0.1112,0,0,
2026-07-03,Australia,Egypt,mundial 2026,Tiros a puerta,"Tiros a puerta totales +7.5",0.1986,0,0,
2026-07-03,Australia,Egypt,mundial 2026,Tiros a puerta,"Tiros a puerta totales +6.5",0.3241,0,0,
2026-07-03,Australia,Egypt,mundial 2026,Tiros a puerta,"Tiros a puerta totales +5.5",0.4821,0,0,
2026-07-03,Australia,Egypt,mundial 2026,Tiros a puerta,"Tiros a puerta totales +4.5",0.6525,0,0,
2026-07-03,Australia,Egypt,mundial 2026,Tiros a puerta,"Tiros a puerta totales +3.5",0.8055,1,0,
2026-07-03,Australia,Egypt,mundial 2026,Tiros a puerta,"T. a puerta Australia +4.5",0.1034,0,0,
2026-07-03,Australia,Egypt,mundial 2026,Tiros a puerta,"T. a puerta Australia +3.5",0.2336,0,0,
2026-07-03,Australia,Egypt,mundial 2026,Tiros a puerta,"T. a puerta Australia +2.5",0.4456,0,0,
2026-07-03,Australia,Egypt,mundial 2026,Tiros a puerta,"T. a puerta Australia +1.5",0.7041,0,0,
2026-07-03,Australia,Egypt,mundial 2026,Tiros a puerta,"T. a puerta Egypt +5.5",0.0950,0,0,
2026-07-03,Australia,Egypt,mundial 2026,Tiros a puerta,"T. a puerta Egypt +4.5",0.2028,0,0,
2026-07-03,Australia,Egypt,mundial 2026,Tiros a puerta,"T. a puerta Egypt +3.5",0.3765,0,0,
2026-07-03,Australia,Egypt,mundial 2026,Tiros a puerta,"T. a puerta Egypt +2.5",0.6001,1,0,
2026-07-03,Australia,Egypt,mundial 2026,Tiros a puerta,"T. a puerta Egypt +1.5",0.8161,1,0,
2026-07-03,Australia,Egypt,mundial 2026,Tiros a puerta,"Australia tira más a puerta",0.4419,0,0,
2026-07-03,Australia,Egypt,mundial 2026,Tiros,"Tiros totales +20.5",0.3412,1,0,
2026-07-03,Australia,Egypt,mundial 2026,Tiros,"Tiros totales +19.5",0.3900,1,0,
2026-07-03,Australia,Egypt,mundial 2026,Tiros,"Tiros totales +18.5",0.4420,1,0,
2026-07-03,Australia,Egypt,mundial 2026,Tiros,"Tiros totales +17.5",0.4967,1,0,
2026-07-03,Australia,Egypt,mundial 2026,Tiros,"Tiros totales +16.5",0.5532,1,0,
2026-07-03,Australia,Egypt,mundial 2026,Tiros,"Tiros totales +15.5",0.6105,1,0,
2026-07-03,Australia,Egypt,mundial 2026,Tiros,"Tiros totales +14.5",0.6674,1,0,
2026-07-03,Australia,Egypt,mundial 2026,Tiros,"Tiros totales +13.5",0.7226,1,0,
2026-07-03,Australia,Egypt,mundial 2026,Tiros,"Tiros totales +12.5",0.7748,1,0,
2026-07-03,Australia,Egypt,mundial 2026,Tiros,"Tiros totales +11.5",0.8228,1,0,
2026-07-03,Australia,Egypt,mundial 2026,Tiros,"Tiros totales +10.5",0.8655,1,0,
2026-07-03,Australia,Egypt,mundial 2026,Tiros,"Tiros Australia +8.5",0.1625,1,0,
2026-07-03,Australia,Egypt,mundial 2026,Tiros,"Tiros Australia +7.5",0.2689,1,0,
2026-07-03,Australia,Egypt,mundial 2026,Tiros,"Tiros Australia +6.5",0.4086,1,0,
2026-07-03,Australia,Egypt,mundial 2026,Tiros,"Tiros Australia +5.5",0.5691,1,0,
2026-07-03,Australia,Egypt,mundial 2026,Tiros,"Tiros Australia +4.5",0.7272,1,0,
2026-07-03,Australia,Egypt,mundial 2026,Tiros,"Tiros Australia +3.5",0.8569,1,0,
2026-07-03,Australia,Egypt,mundial 2026,Tiros,"Tiros Egypt +14.5",0.2418,0,0,
2026-07-03,Australia,Egypt,mundial 2026,Tiros,"Tiros Egypt +13.5",0.3345,0,0,
2026-07-03,Australia,Egypt,mundial 2026,Tiros,"Tiros Egypt +12.5",0.4413,0,0,
2026-07-03,Australia,Egypt,mundial 2026,Tiros,"Tiros Egypt +11.5",0.5556,0,0,
2026-07-03,Australia,Egypt,mundial 2026,Tiros,"Tiros Egypt +10.5",0.6684,0,0,
2026-07-03,Australia,Egypt,mundial 2026,Tiros,"Tiros Egypt +9.5",0.7706,1,0,
2026-07-03,Australia,Egypt,mundial 2026,Tiros,"Tiros Egypt +8.5",0.8546,1,0,
2026-07-03,Australia,Egypt,mundial 2026,Tarjetas,"Tarjetas totales +7.5",0.0880,0,0,
2026-07-03,Australia,Egypt,mundial 2026,Tarjetas,"Tarjetas totales +6.5",0.1712,0,0,
2026-07-03,Australia,Egypt,mundial 2026,Tarjetas,"Tarjetas totales +5.5",0.3000,0,0,
2026-07-03,Australia,Egypt,mundial 2026,Tarjetas,"Tarjetas totales +4.5",0.4712,0,0,
2026-07-03,Australia,Egypt,mundial 2026,Tarjetas,"Tarjetas totales +3.5",0.6606,0,0,
2026-07-03,Australia,Egypt,mundial 2026,Tarjetas,"Tarjetas totales +2.5",0.8283,0,0,
2026-07-03,Australia,Egypt,mundial 2026,Mitades,"Gol en 1ª parte",0.6443,1,0,
2026-07-03,Australia,Egypt,mundial 2026,Mitades,"Gol en 2ª parte",0.7173,1,0,
2026-07-04,Canada,Marruecos,mundial 2026,1X2,"Gana Canada",0.2671,0,0,
2026-07-04,Canada,Marruecos,mundial 2026,1X2,"Empate",0.3389,0,0,
2026-07-04,Canada,Marruecos,mundial 2026,1X2,"Gana Marruecos",0.3940,1,0,
2026-07-04,Canada,Marruecos,mundial 2026,1X2,"Canada o empate (1X)",0.6060,0,0,
2026-07-04,Canada,Marruecos,mundial 2026,1X2,"Marruecos o empate (X2)",0.7329,1,0,
2026-07-04,Canada,Marruecos,mundial 2026,1X2,"Sin empate (12)",0.6611,1,0,
2026-07-04,Canada,Marruecos,mundial 2026,Goles,"Más de 3.5 goles",0.0974,0,0,
2026-07-04,Canada,Marruecos,mundial 2026,Goles,"Más de 2.5 goles",0.2501,1,0,
2026-07-04,Canada,Marruecos,mundial 2026,Goles,"Más de 1.5 goles",0.5178,1,0,
2026-07-04,Canada,Marruecos,mundial 2026,Goles,"Más de 0.5 goles",0.8198,1,0,
2026-07-04,Canada,Marruecos,mundial 2026,BTTS,"Ambos anotan",0.3316,0,0,
2026-07-04,Canada,Marruecos,mundial 2026,BTTS,"No ambos anotan",0.6684,1,0,
2026-07-04,Canada,Marruecos,mundial 2026,Córners,"Córners totales +10.5",0.2353,1,0,
2026-07-04,Canada,Marruecos,mundial 2026,Córners,"Córners totales +9.5",0.3120,1,0,
2026-07-04,Canada,Marruecos,mundial 2026,Córners,"Córners totales +8.5",0.4026,1,0,
2026-07-04,Canada,Marruecos,mundial 2026,Córners,"Córners totales +7.5",0.5046,1,0,
2026-07-04,Canada,Marruecos,mundial 2026,Córners,"Córners totales +6.5",0.6128,1,0,
2026-07-04,Canada,Marruecos,mundial 2026,Córners,"Córners totales +5.5",0.7199,1,0,
2026-07-04,Canada,Marruecos,mundial 2026,Córners,"Córners totales +4.5",0.8171,1,0,
2026-07-04,Canada,Marruecos,mundial 2026,Córners,"Córners Canada +7.5",0.1607,1,0,
2026-07-04,Canada,Marruecos,mundial 2026,Córners,"Córners Canada +6.5",0.2751,1,0,
2026-07-04,Canada,Marruecos,mundial 2026,Córners,"Córners Canada +5.5",0.4277,1,0,
2026-07-04,Canada,Marruecos,mundial 2026,Córners,"Córners Canada +4.5",0.6021,1,0,
2026-07-04,Canada,Marruecos,mundial 2026,Córners,"Córners Canada +3.5",0.7683,1,0,
2026-07-04,Canada,Marruecos,mundial 2026,Córners,"Córners Marruecos +4.5",0.1442,0,0,
2026-07-04,Canada,Marruecos,mundial 2026,Córners,"Córners Marruecos +3.5",0.2963,0,0,
2026-07-04,Canada,Marruecos,mundial 2026,Córners,"Córners Marruecos +2.5",0.5178,0,0,
2026-07-04,Canada,Marruecos,mundial 2026,Córners,"Córners Marruecos +1.5",0.7598,0,0,
2026-07-04,Canada,Marruecos,mundial 2026,Tiros a puerta,"Tiros a puerta totales +7.5",0.1759,0,0,
2026-07-04,Canada,Marruecos,mundial 2026,Tiros a puerta,"Tiros a puerta totales +6.5",0.2916,1,0,
2026-07-04,Canada,Marruecos,mundial 2026,Tiros a puerta,"Tiros a puerta totales +5.5",0.4424,1,0,
2026-07-04,Canada,Marruecos,mundial 2026,Tiros a puerta,"Tiros a puerta totales +4.5",0.6122,1,0,
2026-07-04,Canada,Marruecos,mundial 2026,Tiros a puerta,"Tiros a puerta totales +3.5",0.7730,1,0,
2026-07-04,Canada,Marruecos,mundial 2026,Tiros a puerta,"T. a puerta Canada +4.5",0.1181,0,0,
2026-07-04,Canada,Marruecos,mundial 2026,Tiros a puerta,"T. a puerta Canada +3.5",0.2571,0,0,
2026-07-04,Canada,Marruecos,mundial 2026,Tiros a puerta,"T. a puerta Canada +2.5",0.4736,1,0,
2026-07-04,Canada,Marruecos,mundial 2026,Tiros a puerta,"T. a puerta Canada +1.5",0.7264,1,0,
2026-07-04,Canada,Marruecos,mundial 2026,Tiros a puerta,"T. a puerta Marruecos +4.5",0.1482,0,0,
2026-07-04,Canada,Marruecos,mundial 2026,Tiros a puerta,"T. a puerta Marruecos +3.5",0.3021,1,0,
2026-07-04,Canada,Marruecos,mundial 2026,Tiros a puerta,"T. a puerta Marruecos +2.5",0.5242,1,0,
2026-07-04,Canada,Marruecos,mundial 2026,Tiros a puerta,"T. a puerta Marruecos +1.5",0.7643,1,0,
2026-07-04,Canada,Marruecos,mundial 2026,Tiros a puerta,"Canada tira más a puerta",0.4808,0,0,
2026-07-04,Canada,Marruecos,mundial 2026,Tiros,"Tiros totales +16.5",0.2804,0,0,
2026-07-04,Canada,Marruecos,mundial 2026,Tiros,"Tiros totales +15.5",0.3387,0,0,
2026-07-04,Canada,Marruecos,mundial 2026,Tiros,"Tiros totales +14.5",0.4034,1,0,
2026-07-04,Canada,Marruecos,mundial 2026,Tiros,"Tiros totales +13.5",0.4734,1,0,
2026-07-04,Canada,Marruecos,mundial 2026,Tiros,"Tiros totales +12.5",0.5469,1,0,
2026-07-04,Canada,Marruecos,mundial 2026,Tiros,"Tiros totales +11.5",0.6218,1,0,
2026-07-04,Canada,Marruecos,mundial 2026,Tiros,"Tiros totales +10.5",0.6955,1,0,
2026-07-04,Canada,Marruecos,mundial 2026,Tiros,"Tiros totales +9.5",0.7649,1,0,
2026-07-04,Canada,Marruecos,mundial 2026,Tiros,"Tiros totales +8.5",0.8275,1,0,
2026-07-04,Canada,Marruecos,mundial 2026,Tiros,"Tiros Canada +9.5",0.1331,1,0,
2026-07-04,Canada,Marruecos,mundial 2026,Tiros,"Tiros Canada +8.5",0.2229,1,0,
2026-07-04,Canada,Marruecos,mundial 2026,Tiros,"Tiros Canada +7.5",0.3448,1,0,
2026-07-04,Canada,Marruecos,mundial 2026,Tiros,"Tiros Canada +6.5",0.4923,1,0,
2026-07-04,Canada,Marruecos,mundial 2026,Tiros,"Tiros Canada +5.5",0.6481,1,0,
2026-07-04,Canada,Marruecos,mundial 2026,Tiros,"Tiros Canada +4.5",0.7894,1,0,
2026-07-04,Canada,Marruecos,mundial 2026,Tiros,"Tiros Marruecos +9.5",0.1792,0,0,
2026-07-04,Canada,Marruecos,mundial 2026,Tiros,"Tiros Marruecos +8.5",0.2833,0,0,
2026-07-04,Canada,Marruecos,mundial 2026,Tiros,"Tiros Marruecos +7.5",0.4153,0,0,
2026-07-04,Canada,Marruecos,mundial 2026,Tiros,"Tiros Marruecos +6.5",0.5643,0,0,
2026-07-04,Canada,Marruecos,mundial 2026,Tiros,"Tiros Marruecos +5.5",0.7112,0,0,
2026-07-04,Canada,Marruecos,mundial 2026,Tiros,"Tiros Marruecos +4.5",0.8354,1,0,
2026-07-04,Canada,Marruecos,mundial 2026,Tarjetas,"Tarjetas totales +4.5",0.1543,1,0,
2026-07-04,Canada,Marruecos,mundial 2026,Tarjetas,"Tarjetas totales +3.5",0.3109,1,0,
2026-07-04,Canada,Marruecos,mundial 2026,Tarjetas,"Tarjetas totales +2.5",0.5336,1,0,
2026-07-04,Canada,Marruecos,mundial 2026,Tarjetas,"Tarjetas totales +1.5",0.7711,1,0,
2026-07-04,Canada,Marruecos,mundial 2026,Mitades,"Gol en 1ª parte",0.5404,0,0,
2026-07-04,Canada,Marruecos,mundial 2026,Mitades,"Gol en 2ª parte",0.6133,1,0,
2026-07-04,Paraguay,France,mundial 2026,1X2,"Gana Paraguay",0.0433,0,0,
2026-07-04,Paraguay,France,mundial 2026,1X2,"Empate",0.1197,0,0,
2026-07-04,Paraguay,France,mundial 2026,1X2,"Gana France",0.8370,1,0,
2026-07-04,Paraguay,France,mundial 2026,1X2,"Paraguay o empate (1X)",0.1630,0,0,
2026-07-04,Paraguay,France,mundial 2026,1X2,"France o empate (X2)",0.9567,1,0,
2026-07-04,Paraguay,France,mundial 2026,1X2,"Sin empate (12)",0.8803,1,0,
2026-07-04,Paraguay,France,mundial 2026,Goles,"Más de 6.5 goles",0.0889,0,0,
2026-07-04,Paraguay,France,mundial 2026,Goles,"Más de 5.5 goles",0.1917,0,0,
2026-07-04,Paraguay,France,mundial 2026,Goles,"Más de 4.5 goles",0.3483,0,0,
2026-07-04,Paraguay,France,mundial 2026,Goles,"Más de 3.5 goles",0.5470,0,0,
2026-07-04,Paraguay,France,mundial 2026,Goles,"Más de 2.5 goles",0.7487,0,0,
2026-07-04,Paraguay,France,mundial 2026,BTTS,"Ambos anotan",0.5050,0,0,
2026-07-04,Paraguay,France,mundial 2026,BTTS,"No ambos anotan",0.4950,1,0,
2026-07-04,Paraguay,France,mundial 2026,Córners,"Córners totales +11.5",0.2335,1,0,
2026-07-04,Paraguay,France,mundial 2026,Córners,"Córners totales +10.5",0.2972,1,0,
2026-07-04,Paraguay,France,mundial 2026,Córners,"Córners totales +9.5",0.3718,1,0,
2026-07-04,Paraguay,France,mundial 2026,Córners,"Córners totales +8.5",0.4562,1,0,
2026-07-04,Paraguay,France,mundial 2026,Córners,"Córners totales +7.5",0.5480,1,0,
2026-07-04,Paraguay,France,mundial 2026,Córners,"Córners totales +6.5",0.6435,1,0,
2026-07-04,Paraguay,France,mundial 2026,Córners,"Córners totales +5.5",0.7373,1,0,
2026-07-04,Paraguay,France,mundial 2026,Córners,"Córners totales +4.5",0.8231,1,0,
2026-07-04,Paraguay,France,mundial 2026,Córners,"Córners Paraguay +3.5",0.1209,0,0,
2026-07-04,Paraguay,France,mundial 2026,Córners,"Córners Paraguay +2.5",0.2892,0,0,
2026-07-04,Paraguay,France,mundial 2026,Córners,"Córners Paraguay +1.5",0.5588,1,0,
2026-07-04,Paraguay,France,mundial 2026,Córners,"Córners Paraguay +0.5",0.8465,1,0,
2026-07-04,Paraguay,France,mundial 2026,Córners,"Córners France +9.5",0.1449,1,0,
2026-07-04,Paraguay,France,mundial 2026,Córners,"Córners France +8.5",0.2387,1,0,
2026-07-04,Paraguay,France,mundial 2026,Córners,"Córners France +7.5",0.3638,1,0,
2026-07-04,Paraguay,France,mundial 2026,Córners,"Córners France +6.5",0.5121,1,0,
2026-07-04,Paraguay,France,mundial 2026,Córners,"Córners France +5.5",0.6660,1,0,
2026-07-04,Paraguay,France,mundial 2026,Córners,"Córners France +4.5",0.8028,1,0,
2026-07-04,Paraguay,France,mundial 2026,Tiros a puerta,"Tiros a puerta totales +10.5",0.1553,0,0,
2026-07-04,Paraguay,France,mundial 2026,Tiros a puerta,"Tiros a puerta totales +9.5",0.2466,0,0,
2026-07-04,Paraguay,France,mundial 2026,Tiros a puerta,"Tiros a puerta totales +8.5",0.3653,0,0,
2026-07-04,Paraguay,France,mundial 2026,Tiros a puerta,"Tiros a puerta totales +7.5",0.5041,0,0,
2026-07-04,Paraguay,France,mundial 2026,Tiros a puerta,"Tiros a puerta totales +6.5",0.6483,0,0,
2026-07-04,Paraguay,France,mundial 2026,Tiros a puerta,"Tiros a puerta totales +5.5",0.7795,0,0,
2026-07-04,Paraguay,France,mundial 2026,Tiros a puerta,"T. a puerta Paraguay +3.5",0.1594,0,0,
2026-07-04,Paraguay,France,mundial 2026,Tiros a puerta,"T. a puerta Paraguay +2.5",0.3475,0,0,
2026-07-04,Paraguay,France,mundial 2026,Tiros a puerta,"T. a puerta Paraguay +1.5",0.6177,0,0,
2026-07-04,Paraguay,France,mundial 2026,Tiros a puerta,"T. a puerta Paraguay +0.5",0.8762,0,0,
2026-07-04,Paraguay,France,mundial 2026,Tiros a puerta,"T. a puerta France +8.5",0.1150,0,0,
2026-07-04,Paraguay,France,mundial 2026,Tiros a puerta,"T. a puerta France +7.5",0.2041,0,0,
2026-07-04,Paraguay,France,mundial 2026,Tiros a puerta,"T. a puerta France +6.5",0.3310,0,0,
2026-07-04,Paraguay,France,mundial 2026,Tiros a puerta,"T. a puerta France +5.5",0.4895,0,0,
2026-07-04,Paraguay,France,mundial 2026,Tiros a puerta,"T. a puerta France +4.5",0.6591,1,0,
2026-07-04,Paraguay,France,mundial 2026,Tiros a puerta,"T. a puerta France +3.5",0.8103,1,0,
2026-07-04,Paraguay,France,mundial 2026,Tiros a puerta,"Paraguay tira más a puerta",0.2714,0,0,
2026-07-04,Paraguay,France,mundial 2026,Tiros,"Tiros totales +20.5",0.3078,0,0,
2026-07-04,Paraguay,France,mundial 2026,Tiros,"Tiros totales +19.5",0.3770,1,0,
2026-07-04,Paraguay,France,mundial 2026,Tiros,"Tiros totales +18.5",0.4519,1,0,
2026-07-04,Paraguay,France,mundial 2026,Tiros,"Tiros totales +17.5",0.5305,1,0,
2026-07-04,Paraguay,France,mundial 2026,Tiros,"Tiros totales +16.5",0.6098,1,0,
2026-07-04,Paraguay,France,mundial 2026,Tiros,"Tiros totales +15.5",0.6866,1,0,
2026-07-04,Paraguay,France,mundial 2026,Tiros,"Tiros totales +14.5",0.7578,1,0,
2026-07-04,Paraguay,France,mundial 2026,Tiros,"Tiros totales +13.5",0.8209,1,0,
2026-07-04,Paraguay,France,mundial 2026,Tiros,"Tiros totales +12.5",0.8739,1,0,
2026-07-04,Paraguay,France,mundial 2026,Tiros,"Tiros Paraguay +7.5",0.0941,0,0,
2026-07-04,Paraguay,France,mundial 2026,Tiros,"Tiros Paraguay +6.5",0.1806,0,0,
2026-07-04,Paraguay,France,mundial 2026,Tiros,"Tiros Paraguay +5.5",0.3124,0,0,
2026-07-04,Paraguay,France,mundial 2026,Tiros,"Tiros Paraguay +4.5",0.4847,1,0,
2026-07-04,Paraguay,France,mundial 2026,Tiros,"Tiros Paraguay +3.5",0.6725,1,0,
2026-07-04,Paraguay,France,mundial 2026,Tiros,"Tiros Paraguay +2.5",0.8362,1,0,
2026-07-04,Paraguay,France,mundial 2026,Tiros,"Tiros France +16.5",0.2108,0,0,
2026-07-04,Paraguay,France,mundial 2026,Tiros,"Tiros France +15.5",0.2920,0,0,
2026-07-04,Paraguay,France,mundial 2026,Tiros,"Tiros France +14.5",0.3876,1,0,
2026-07-04,Paraguay,France,mundial 2026,Tiros,"Tiros France +13.5",0.4930,1,0,
2026-07-04,Paraguay,France,mundial 2026,Tiros,"Tiros France +12.5",0.6015,1,0,
2026-07-04,Paraguay,France,mundial 2026,Tiros,"Tiros France +11.5",0.7051,1,0,
2026-07-04,Paraguay,France,mundial 2026,Tiros,"Tiros France +10.5",0.7965,1,0,
2026-07-04,Paraguay,France,mundial 2026,Tiros,"Tiros France +9.5",0.8705,1,0,
2026-07-04,Paraguay,France,mundial 2026,Tarjetas,"Tarjetas totales +5.5",0.1163,0,0,
2026-07-04,Paraguay,France,mundial 2026,Tarjetas,"Tarjetas totales +4.5",0.2011,0,0,
2026-07-04,Paraguay,France,mundial 2026,Tarjetas,"Tarjetas totales +3.5",0.3295,0,0,
2026-07-04,Paraguay,France,mundial 2026,Tarjetas,"Tarjetas totales +2.5",0.5045,1,0,
2026-07-04,Paraguay,France,mundial 2026,Tarjetas,"Tarjetas totales +1.5",0.7096,1,0,
2026-07-04,Paraguay,France,mundial 2026,Mitades,"Gol en 1ª parte",0.8302,0,0,
2026-07-04,Paraguay,France,mundial 2026,Mitades,"Gol en 2ª parte",0.8855,1,0,
2026-07-05,Brasil,Norway,mundial 2026,1X2,"Gana Brasil",0.8235,0,0,
2026-07-05,Brasil,Norway,mundial 2026,1X2,"Empate",0.1271,0,0,
2026-07-05,Brasil,Norway,mundial 2026,1X2,"Gana Norway",0.0494,1,0,
2026-07-05,Brasil,Norway,mundial 2026,1X2,"Brasil o empate (1X)",0.9506,0,0,
2026-07-05,Brasil,Norway,mundial 2026,1X2,"Norway o empate (X2)",0.1765,1,0,
2026-07-05,Brasil,Norway,mundial 2026,1X2,"Sin empate (12)",0.8729,1,0,
2026-07-05,Brasil,Norway,mundial 2026,Goles,"Más de 5.5 goles",0.1502,0,0,
2026-07-05,Brasil,Norway,mundial 2026,Goles,"Más de 4.5 goles",0.2908,0,0,
2026-07-05,Brasil,Norway,mundial 2026,Goles,"Más de 3.5 goles",0.4847,0,0,
2026-07-05,Brasil,Norway,mundial 2026,Goles,"Más de 2.5 goles",0.6986,1,0,
2026-07-05,Brasil,Norway,mundial 2026,BTTS,"Ambos anotan",0.4692,1,0,
2026-07-05,Brasil,Norway,mundial 2026,BTTS,"No ambos anotan",0.5308,0,0,
2026-07-05,Brasil,Norway,mundial 2026,Córners,"Córners totales +11.5",0.2204,0,0,
2026-07-05,Brasil,Norway,mundial 2026,Córners,"Córners totales +10.5",0.3141,0,0,
2026-07-05,Brasil,Norway,mundial 2026,Córners,"Córners totales +9.5",0.4258,1,0,
2026-07-05,Brasil,Norway,mundial 2026,Córners,"Córners totales +8.5",0.5487,1,0,
2026-07-05,Brasil,Norway,mundial 2026,Córners,"Córners totales +7.5",0.6720,1,0,
2026-07-05,Brasil,Norway,mundial 2026,Córners,"Córners totales +6.5",0.7837,1,0,
2026-07-05,Brasil,Norway,mundial 2026,Córners,"Córners totales +5.5",0.8736,1,0,
2026-07-05,Brasil,Norway,mundial 2026,Córners,"Córners Brasil +9.5",0.1661,0,0,
2026-07-05,Brasil,Norway,mundial 2026,Córners,"Córners Brasil +8.5",0.2666,0,0,
2026-07-05,Brasil,Norway,mundial 2026,Córners,"Córners Brasil +7.5",0.3963,0,0,
2026-07-05,Brasil,Norway,mundial 2026,Córners,"Córners Brasil +6.5",0.5453,0,0,
2026-07-05,Brasil,Norway,mundial 2026,Córners,"Córners Brasil +5.5",0.6950,0,0,
2026-07-05,Brasil,Norway,mundial 2026,Córners,"Córners Brasil +4.5",0.8239,1,0,
2026-07-05,Brasil,Norway,mundial 2026,Córners,"Córners Norway +3.5",0.1696,1,0,
2026-07-05,Brasil,Norway,mundial 2026,Córners,"Córners Norway +2.5",0.3620,1,0,
2026-07-05,Brasil,Norway,mundial 2026,Córners,"Córners Norway +1.5",0.6313,1,0,
2026-07-05,Brasil,Norway,mundial 2026,Tiros a puerta,"Tiros a puerta totales +12.5",0.2277,0,0,
2026-07-05,Brasil,Norway,mundial 2026,Tiros a puerta,"Tiros a puerta totales +11.5",0.3178,0,0,
2026-07-05,Brasil,Norway,mundial 2026,Tiros a puerta,"Tiros a puerta totales +10.5",0.4238,0,0,
2026-07-05,Brasil,Norway,mundial 2026,Tiros a puerta,"Tiros a puerta totales +9.5",0.5398,0,0,
2026-07-05,Brasil,Norway,mundial 2026,Tiros a puerta,"Tiros a puerta totales +8.5",0.6568,1,0,
2026-07-05,Brasil,Norway,mundial 2026,Tiros a puerta,"Tiros a puerta totales +7.5",0.7646,1,0,
2026-07-05,Brasil,Norway,mundial 2026,Tiros a puerta,"Tiros a puerta totales +6.5",0.8542,1,0,
2026-07-05,Brasil,Norway,mundial 2026,Tiros a puerta,"T. a puerta Brasil +10.5",0.1485,0,0,
2026-07-05,Brasil,Norway,mundial 2026,Tiros a puerta,"T. a puerta Brasil +9.5",0.2378,0,0,
2026-07-05,Brasil,Norway,mundial 2026,Tiros a puerta,"T. a puerta Brasil +8.5",0.3550,0,0,
2026-07-05,Brasil,Norway,mundial 2026,Tiros a puerta,"T. a puerta Brasil +7.5",0.4933,0,0,
2026-07-05,Brasil,Norway,mundial 2026,Tiros a puerta,"T. a puerta Brasil +6.5",0.6384,0,0,
2026-07-05,Brasil,Norway,mundial 2026,Tiros a puerta,"T. a puerta Brasil +5.5",0.7717,0,0,
2026-07-05,Brasil,Norway,mundial 2026,Tiros a puerta,"T. a puerta Brasil +4.5",0.8767,0,0,
2026-07-05,Brasil,Norway,mundial 2026,Tiros a puerta,"T. a puerta Norway +4.5",0.1007,1,0,
2026-07-05,Brasil,Norway,mundial 2026,Tiros a puerta,"T. a puerta Norway +3.5",0.2293,1,0,
2026-07-05,Brasil,Norway,mundial 2026,Tiros a puerta,"T. a puerta Norway +2.5",0.4402,1,0,
2026-07-05,Brasil,Norway,mundial 2026,Tiros a puerta,"T. a puerta Norway +1.5",0.6997,1,0,
2026-07-05,Brasil,Norway,mundial 2026,Tiros a puerta,"Brasil tira más a puerta",0.7577,0,0,
2026-07-05,Brasil,Norway,mundial 2026,Tiros,"Tiros totales +26.5",0.2957,0,0,
2026-07-05,Brasil,Norway,mundial 2026,Tiros,"Tiros totales +25.5",0.3569,0,0,
2026-07-05,Brasil,Norway,mundial 2026,Tiros,"Tiros totales +24.5",0.4231,0,0,
2026-07-05,Brasil,Norway,mundial 2026,Tiros,"Tiros totales +23.5",0.4928,0,0,
2026-07-05,Brasil,Norway,mundial 2026,Tiros,"Tiros totales +22.5",0.5640,1,0,
2026-07-05,Brasil,Norway,mundial 2026,Tiros,"Tiros totales +21.5",0.6344,1,0,
2026-07-05,Brasil,Norway,mundial 2026,Tiros,"Tiros totales +20.5",0.7017,1,0,
2026-07-05,Brasil,Norway,mundial 2026,Tiros,"Tiros totales +19.5",0.7639,1,0,
2026-07-05,Brasil,Norway,mundial 2026,Tiros,"Tiros totales +18.5",0.8193,1,0,
2026-07-05,Brasil,Norway,mundial 2026,Tiros,"Tiros totales +17.5",0.8666,1,0,
2026-07-05,Brasil,Norway,mundial 2026,Tiros,"Tiros Brasil +19.5",0.2712,0,0,
2026-07-05,Brasil,Norway,mundial 2026,Tiros,"Tiros Brasil +18.5",0.3535,0,0,
2026-07-05,Brasil,Norway,mundial 2026,Tiros,"Tiros Brasil +17.5",0.4449,0,0,
2026-07-05,Brasil,Norway,mundial 2026,Tiros,"Tiros Brasil +16.5",0.5411,0,0,
2026-07-05,Brasil,Norway,mundial 2026,Tiros,"Tiros Brasil +15.5",0.6369,0,0,
2026-07-05,Brasil,Norway,mundial 2026,Tiros,"Tiros Brasil +14.5",0.7265,0,0,
2026-07-05,Brasil,Norway,mundial 2026,Tiros,"Tiros Brasil +13.5",0.8052,1,0,
2026-07-05,Brasil,Norway,mundial 2026,Tiros,"Tiros Brasil +12.5",0.8696,1,0,
2026-07-05,Brasil,Norway,mundial 2026,Tiros,"Tiros Norway +9.5",0.1304,0,0,
2026-07-05,Brasil,Norway,mundial 2026,Tiros,"Tiros Norway +8.5",0.2191,1,0,
2026-07-05,Brasil,Norway,mundial 2026,Tiros,"Tiros Norway +7.5",0.3403,1,0,
2026-07-05,Brasil,Norway,mundial 2026,Tiros,"Tiros Norway +6.5",0.4874,1,0,
2026-07-05,Brasil,Norway,mundial 2026,Tiros,"Tiros Norway +5.5",0.6438,1,0,
2026-07-05,Brasil,Norway,mundial 2026,Tiros,"Tiros Norway +4.5",0.7861,1,0,
2026-07-05,Brasil,Norway,mundial 2026,Tarjetas,"Tarjetas totales +4.5",0.1095,0,0,
2026-07-05,Brasil,Norway,mundial 2026,Tarjetas,"Tarjetas totales +3.5",0.2435,0,0,
2026-07-05,Brasil,Norway,mundial 2026,Tarjetas,"Tarjetas totales +2.5",0.4574,0,0,
2026-07-05,Brasil,Norway,mundial 2026,Tarjetas,"Tarjetas totales +1.5",0.7137,0,0,
2026-07-05,Brasil,Norway,mundial 2026,Mitades,"Gol en 1ª parte",0.8044,0,0,
2026-07-05,Brasil,Norway,mundial 2026,Mitades,"Gol en 2ª parte",0.8639,1,0,
2026-07-05,Mexico,England,mundial 2026,1X2,"Gana Mexico",0.1388,0,0,
2026-07-05,Mexico,England,mundial 2026,1X2,"Empate",0.4547,0,0,
2026-07-05,Mexico,England,mundial 2026,1X2,"Gana England",0.4065,1,0,
2026-07-05,Mexico,England,mundial 2026,1X2,"Mexico o empate (1X)",0.5935,0,0,
2026-07-05,Mexico,England,mundial 2026,1X2,"England o empate (X2)",0.8612,1,0,
2026-07-05,Mexico,England,mundial 2026,1X2,"Sin empate (12)",0.5453,1,0,
2026-07-05,Mexico,England,mundial 2026,Goles,"Más de 2.5 goles",0.0806,1,0,
2026-07-05,Mexico,England,mundial 2026,Goles,"Más de 1.5 goles",0.2678,1,0,
2026-07-05,Mexico,England,mundial 2026,Goles,"Más de 0.5 goles",0.6298,1,0,
2026-07-05,Mexico,England,mundial 2026,BTTS,"Ambos anotan",0.1336,1,0,
2026-07-05,Mexico,England,mundial 2026,BTTS,"No ambos anotan",0.8664,0,0,
2026-07-05,Mexico,England,mundial 2026,Córners,"Córners totales +10.5",0.2114,1,0,
2026-07-05,Mexico,England,mundial 2026,Córners,"Córners totales +9.5",0.3169,1,0,
2026-07-05,Mexico,England,mundial 2026,Córners,"Córners totales +8.5",0.4446,1,0,
2026-07-05,Mexico,England,mundial 2026,Córners,"Córners totales +7.5",0.5836,1,0,
2026-07-05,Mexico,England,mundial 2026,Córners,"Córners totales +6.5",0.7181,1,0,
2026-07-05,Mexico,England,mundial 2026,Córners,"Córners totales +5.5",0.8320,1,0,
2026-07-05,Mexico,England,mundial 2026,Córners,"Córners Mexico +3.5",0.1237,1,0,
2026-07-05,Mexico,England,mundial 2026,Córners,"Córners Mexico +2.5",0.2937,1,0,
2026-07-05,Mexico,England,mundial 2026,Córners,"Córners Mexico +1.5",0.5635,1,0,
2026-07-05,Mexico,England,mundial 2026,Córners,"Córners Mexico +0.5",0.8490,1,0,
2026-07-05,Mexico,England,mundial 2026,Córners,"Córners England +8.5",0.1939,0,0,
2026-07-05,Mexico,England,mundial 2026,Córners,"Córners England +7.5",0.3092,0,0,
2026-07-05,Mexico,England,mundial 2026,Córners,"Córners England +6.5",0.4539,0,0,
2026-07-05,Mexico,England,mundial 2026,Córners,"Córners England +5.5",0.6127,0,0,
2026-07-05,Mexico,England,mundial 2026,Córners,"Córners England +4.5",0.7621,0,0,
2026-07-05,Mexico,England,mundial 2026,Córners,"Córners England +3.5",0.8793,0,0,
2026-07-05,Mexico,England,mundial 2026,Tiros a puerta,"Tiros a puerta totales +7.5",0.1749,1,0,
2026-07-05,Mexico,England,mundial 2026,Tiros a puerta,"Tiros a puerta totales +6.5",0.2922,1,0,
2026-07-05,Mexico,England,mundial 2026,Tiros a puerta,"Tiros a puerta totales +5.5",0.4453,1,0,
2026-07-05,Mexico,England,mundial 2026,Tiros a puerta,"Tiros a puerta totales +4.5",0.6171,1,0,
2026-07-05,Mexico,England,mundial 2026,Tiros a puerta,"Tiros a puerta totales +3.5",0.7783,1,0,
2026-07-05,Mexico,England,mundial 2026,Tiros a puerta,"T. a puerta Mexico +4.5",0.1415,1,0,
2026-07-05,Mexico,England,mundial 2026,Tiros a puerta,"T. a puerta Mexico +3.5",0.2924,1,0,
2026-07-05,Mexico,England,mundial 2026,Tiros a puerta,"T. a puerta Mexico +2.5",0.5135,1,0,
2026-07-05,Mexico,England,mundial 2026,Tiros a puerta,"T. a puerta Mexico +1.5",0.7566,1,0,
2026-07-05,Mexico,England,mundial 2026,Tiros a puerta,"T. a puerta England +4.5",0.1261,1,0,
2026-07-05,Mexico,England,mundial 2026,Tiros a puerta,"T. a puerta England +3.5",0.2695,1,0,
2026-07-05,Mexico,England,mundial 2026,Tiros a puerta,"T. a puerta England +2.5",0.4878,1,0,
2026-07-05,Mexico,England,mundial 2026,Tiros a puerta,"T. a puerta England +1.5",0.7374,1,0,
2026-07-05,Mexico,England,mundial 2026,Tiros a puerta,"Mexico tira más a puerta",0.5097,0,0,
2026-07-05,Mexico,England,mundial 2026,Tiros,"Tiros totales +20.5",0.2490,1,0,
2026-07-05,Mexico,England,mundial 2026,Tiros,"Tiros totales +19.5",0.3263,1,0,
2026-07-05,Mexico,England,mundial 2026,Tiros,"Tiros totales +18.5",0.4136,1,0,
2026-07-05,Mexico,England,mundial 2026,Tiros,"Tiros totales +17.5",0.5070,1,0,
2026-07-05,Mexico,England,mundial 2026,Tiros,"Tiros totales +16.5",0.6018,1,0,
2026-07-05,Mexico,England,mundial 2026,Tiros,"Tiros totales +15.5",0.6926,1,0,
2026-07-05,Mexico,England,mundial 2026,Tiros,"Tiros totales +14.5",0.7745,1,0,
2026-07-05,Mexico,England,mundial 2026,Tiros,"Tiros totales +13.5",0.8438,1,0,
2026-07-05,Mexico,England,mundial 2026,Tiros,"Tiros Mexico +10.5",0.1947,1,0,
2026-07-05,Mexico,England,mundial 2026,Tiros,"Tiros Mexico +9.5",0.2965,1,0,
2026-07-05,Mexico,England,mundial 2026,Tiros,"Tiros Mexico +8.5",0.4221,1,0,
2026-07-05,Mexico,England,mundial 2026,Tiros,"Tiros Mexico +7.5",0.5616,1,0,
2026-07-05,Mexico,England,mundial 2026,Tiros,"Tiros Mexico +6.5",0.6993,1,0,
2026-07-05,Mexico,England,mundial 2026,Tiros,"Tiros Mexico +5.5",0.8182,1,0,
2026-07-05,Mexico,England,mundial 2026,Tiros,"Tiros England +12.5",0.1753,0,0,
2026-07-05,Mexico,England,mundial 2026,Tiros,"Tiros England +11.5",0.2627,0,0,
2026-07-05,Mexico,England,mundial 2026,Tiros,"Tiros England +10.5",0.3716,0,0,
2026-07-05,Mexico,England,mundial 2026,Tiros,"Tiros England +9.5",0.4959,0,0,
2026-07-05,Mexico,England,mundial 2026,Tiros,"Tiros England +8.5",0.6248,0,0,
2026-07-05,Mexico,England,mundial 2026,Tiros,"Tiros England +7.5",0.7452,0,0,
2026-07-05,Mexico,England,mundial 2026,Tiros,"Tiros England +6.5",0.8452,0,0,
2026-07-05,Mexico,England,mundial 2026,Tarjetas,"Tarjetas totales +3.5",0.0898,1,0,
2026-07-05,Mexico,England,mundial 2026,Tarjetas,"Tarjetas totales +2.5",0.2368,1,0,
2026-07-05,Mexico,England,mundial 2026,Tarjetas,"Tarjetas totales +1.5",0.4997,1,0,
2026-07-05,Mexico,England,mundial 2026,Tarjetas,"Tarjetas totales +0.5",0.8132,1,0,
2026-07-05,Mexico,England,mundial 2026,Mitades,"Gol en 1ª parte",0.3628,1,0,
2026-07-05,Mexico,England,mundial 2026,Mitades,"Gol en 2ª parte",0.4236,1,0,
2026-07-06,Portugal,Spain,mundial 2026,1X2,"Gana Portugal",0.1374,0,0,
2026-07-06,Portugal,Spain,mundial 2026,1X2,"Empate",0.3800,0,0,
2026-07-06,Portugal,Spain,mundial 2026,1X2,"Gana Spain",0.4827,1,0,
2026-07-06,Portugal,Spain,mundial 2026,1X2,"Portugal o empate (1X)",0.5173,0,0,
2026-07-06,Portugal,Spain,mundial 2026,1X2,"Spain o empate (X2)",0.8626,1,0,
2026-07-06,Portugal,Spain,mundial 2026,1X2,"Sin empate (12)",0.6200,1,0,
2026-07-06,Portugal,Spain,mundial 2026,Goles,"Más de 2.5 goles",0.1497,0,0,
2026-07-06,Portugal,Spain,mundial 2026,Goles,"Más de 1.5 goles",0.3892,0,0,
2026-07-06,Portugal,Spain,mundial 2026,Goles,"Más de 0.5 goles",0.7297,1,0,
2026-07-06,Portugal,Spain,mundial 2026,BTTS,"Ambos anotan",0.1987,0,0,
2026-07-06,Portugal,Spain,mundial 2026,BTTS,"No ambos anotan",0.8013,1,0,
2026-07-06,Portugal,Spain,mundial 2026,Córners,"Córners totales +9.5",0.1475,1,0,
2026-07-06,Portugal,Spain,mundial 2026,Córners,"Córners totales +8.5",0.2422,1,0,
2026-07-06,Portugal,Spain,mundial 2026,Córners,"Córners totales +7.5",0.3679,1,0,
2026-07-06,Portugal,Spain,mundial 2026,Córners,"Córners totales +6.5",0.5163,1,0,
2026-07-06,Portugal,Spain,mundial 2026,Córners,"Córners totales +5.5",0.6697,1,0,
2026-07-06,Portugal,Spain,mundial 2026,Córners,"Córners totales +4.5",0.8055,1,0,
2026-07-06,Portugal,Spain,mundial 2026,Córners,"Córners Portugal +3.5",0.1215,0,0,
2026-07-06,Portugal,Spain,mundial 2026,Córners,"Córners Portugal +2.5",0.2903,1,0,
2026-07-06,Portugal,Spain,mundial 2026,Córners,"Córners Portugal +1.5",0.5599,1,0,
2026-07-06,Portugal,Spain,mundial 2026,Córners,"Córners Portugal +0.5",0.8471,1,0,
2026-07-06,Portugal,Spain,mundial 2026,Córners,"Córners Spain +7.5",0.1229,0,0,
2026-07-06,Portugal,Spain,mundial 2026,Córners,"Córners Spain +6.5",0.2230,1,0,
2026-07-06,Portugal,Spain,mundial 2026,Córners,"Córners Spain +5.5",0.3661,1,0,
2026-07-06,Portugal,Spain,mundial 2026,Córners,"Córners Spain +4.5",0.5414,1,0,
2026-07-06,Portugal,Spain,mundial 2026,Córners,"Córners Spain +3.5",0.7203,1,0,
2026-07-06,Portugal,Spain,mundial 2026,Córners,"Córners Spain +2.5",0.8665,1,0,
2026-07-06,Portugal,Spain,mundial 2026,Tiros a puerta,"Tiros a puerta totales +8.5",0.1444,0,0,
2026-07-06,Portugal,Spain,mundial 2026,Tiros a puerta,"Tiros a puerta totales +7.5",0.2448,1,0,
2026-07-06,Portugal,Spain,mundial 2026,Tiros a puerta,"Tiros a puerta totales +6.5",0.3805,1,0,
2026-07-06,Portugal,Spain,mundial 2026,Tiros a puerta,"Tiros a puerta totales +5.5",0.5410,1,0,
2026-07-06,Portugal,Spain,mundial 2026,Tiros a puerta,"Tiros a puerta totales +4.5",0.7038,1,0,
2026-07-06,Portugal,Spain,mundial 2026,Tiros a puerta,"Tiros a puerta totales +3.5",0.8413,1,0,
2026-07-06,Portugal,Spain,mundial 2026,Tiros a puerta,"T. a puerta Portugal +3.5",0.1319,0,0,
2026-07-06,Portugal,Spain,mundial 2026,Tiros a puerta,"T. a puerta Portugal +2.5",0.3067,0,0,
2026-07-06,Portugal,Spain,mundial 2026,Tiros a puerta,"T. a puerta Portugal +1.5",0.5771,1,0,
2026-07-06,Portugal,Spain,mundial 2026,Tiros a puerta,"T. a puerta Portugal +0.5",0.8561,1,0,
2026-07-06,Portugal,Spain,mundial 2026,Tiros a puerta,"T. a puerta Spain +6.5",0.1085,0,0,
2026-07-06,Portugal,Spain,mundial 2026,Tiros a puerta,"T. a puerta Spain +5.5",0.2116,1,0,
2026-07-06,Portugal,Spain,mundial 2026,Tiros a puerta,"T. a puerta Spain +4.5",0.3671,1,0,
2026-07-06,Portugal,Spain,mundial 2026,Tiros a puerta,"T. a puerta Spain +3.5",0.5625,1,0,
2026-07-06,Portugal,Spain,mundial 2026,Tiros a puerta,"T. a puerta Spain +2.5",0.7588,1,0,
2026-07-06,Portugal,Spain,mundial 2026,Tiros a puerta,"Portugal tira más a puerta",0.3276,0,0,
2026-07-06,Portugal,Spain,mundial 2026,Tiros,"Tiros totales +21.5",0.3428,1,0,
2026-07-06,Portugal,Spain,mundial 2026,Tiros,"Tiros totales +20.5",0.3898,1,0,
2026-07-06,Portugal,Spain,mundial 2026,Tiros,"Tiros totales +19.5",0.4398,1,0,
2026-07-06,Portugal,Spain,mundial 2026,Tiros,"Tiros totales +18.5",0.4922,1,0,
2026-07-06,Portugal,Spain,mundial 2026,Tiros,"Tiros totales +17.5",0.5464,1,0,
2026-07-06,Portugal,Spain,mundial 2026,Tiros,"Tiros totales +16.5",0.6014,1,0,
2026-07-06,Portugal,Spain,mundial 2026,Tiros,"Tiros totales +15.5",0.6563,1,0,
2026-07-06,Portugal,Spain,mundial 2026,Tiros,"Tiros totales +14.5",0.7098,1,0,
2026-07-06,Portugal,Spain,mundial 2026,Tiros,"Tiros totales +13.5",0.7608,1,0,
2026-07-06,Portugal,Spain,mundial 2026,Tiros,"Tiros totales +12.5",0.8082,1,0,
2026-07-06,Portugal,Spain,mundial 2026,Tiros,"Tiros totales +11.5",0.8510,1,0,
2026-07-06,Portugal,Spain,mundial 2026,Tiros,"Tiros Portugal +7.5",0.1588,1,0,
2026-07-06,Portugal,Spain,mundial 2026,Tiros,"Tiros Portugal +6.5",0.2726,1,0,
2026-07-06,Portugal,Spain,mundial 2026,Tiros,"Tiros Portugal +5.5",0.4248,1,0,
2026-07-06,Portugal,Spain,mundial 2026,Tiros,"Tiros Portugal +4.5",0.5994,1,0,
2026-07-06,Portugal,Spain,mundial 2026,Tiros,"Tiros Portugal +3.5",0.7661,1,0,
2026-07-06,Portugal,Spain,mundial 2026,Tiros,"Tiros Spain +16.5",0.2400,0,0,
2026-07-06,Portugal,Spain,mundial 2026,Tiros,"Tiros Spain +15.5",0.3259,0,0,
2026-07-06,Portugal,Spain,mundial 2026,Tiros,"Tiros Spain +14.5",0.4245,1,0,
2026-07-06,Portugal,Spain,mundial 2026,Tiros,"Tiros Spain +13.5",0.5305,1,0,
2026-07-06,Portugal,Spain,mundial 2026,Tiros,"Tiros Spain +12.5",0.6368,1,0,
2026-07-06,Portugal,Spain,mundial 2026,Tiros,"Tiros Spain +11.5",0.7359,1,0,
2026-07-06,Portugal,Spain,mundial 2026,Tiros,"Tiros Spain +10.5",0.8211,1,0,
2026-07-06,Portugal,Spain,mundial 2026,Tarjetas,"Tarjetas totales +3.5",0.1035,0,0,
2026-07-06,Portugal,Spain,mundial 2026,Tarjetas,"Tarjetas totales +2.5",0.2606,1,0,
2026-07-06,Portugal,Spain,mundial 2026,Tarjetas,"Tarjetas totales +1.5",0.5273,1,0,
2026-07-06,Portugal,Spain,mundial 2026,Tarjetas,"Tarjetas totales +0.5",0.8292,1,0,
2026-07-06,Portugal,Spain,mundial 2026,Mitades,"Gol en 1ª parte",0.4502,0,0,
2026-07-06,Portugal,Spain,mundial 2026,Mitades,"Gol en 2ª parte",0.5186,1,0,
2026-07-06,Estados Unidos,Belgium,mundial 2026,1X2,"Gana Estados Unidos",0.1203,0,0,
2026-07-06,Estados Unidos,Belgium,mundial 2026,1X2,"Empate",0.2200,0,0,
2026-07-06,Estados Unidos,Belgium,mundial 2026,1X2,"Gana Belgium",0.6598,1,0,
2026-07-06,Estados Unidos,Belgium,mundial 2026,1X2,"Estados Unidos o empate (1X)",0.3402,0,0,
2026-07-06,Estados Unidos,Belgium,mundial 2026,1X2,"Belgium o empate (X2)",0.8797,1,0,
2026-07-06,Estados Unidos,Belgium,mundial 2026,1X2,"Sin empate (12)",0.7800,1,0,
2026-07-06,Estados Unidos,Belgium,mundial 2026,Goles,"Más de 4.5 goles",0.1644,1,0,
2026-07-06,Estados Unidos,Belgium,mundial 2026,Goles,"Más de 3.5 goles",0.3258,1,0,
2026-07-06,Estados Unidos,Belgium,mundial 2026,Goles,"Más de 2.5 goles",0.5496,1,0,
2026-07-06,Estados Unidos,Belgium,mundial 2026,Goles,"Más de 1.5 goles",0.7945,1,0,
2026-07-06,Estados Unidos,Belgium,mundial 2026,BTTS,"Ambos anotan",0.4933,1,0,
2026-07-06,Estados Unidos,Belgium,mundial 2026,BTTS,"No ambos anotan",0.5067,0,0,
2026-07-06,Estados Unidos,Belgium,mundial 2026,Córners,"Córners totales +11.5",0.1903,0,0,
2026-07-06,Estados Unidos,Belgium,mundial 2026,Córners,"Córners totales +10.5",0.2858,0,0,
2026-07-06,Estados Unidos,Belgium,mundial 2026,Córners,"Córners totales +9.5",0.4035,0,0,
2026-07-06,Estados Unidos,Belgium,mundial 2026,Córners,"Córners totales +8.5",0.5352,0,0,
2026-07-06,Estados Unidos,Belgium,mundial 2026,Córners,"Córners totales +7.5",0.6679,1,0,
2026-07-06,Estados Unidos,Belgium,mundial 2026,Córners,"Córners totales +6.5",0.7868,1,0,
2026-07-06,Estados Unidos,Belgium,mundial 2026,Córners,"Córners Estados Unidos +6.5",0.1011,0,0,
2026-07-06,Estados Unidos,Belgium,mundial 2026,Córners,"Córners Estados Unidos +5.5",0.2003,0,0,
2026-07-06,Estados Unidos,Belgium,mundial 2026,Córners,"Córners Estados Unidos +4.5",0.3527,0,0,
2026-07-06,Estados Unidos,Belgium,mundial 2026,Córners,"Córners Estados Unidos +3.5",0.5478,0,0,
2026-07-06,Estados Unidos,Belgium,mundial 2026,Córners,"Córners Estados Unidos +2.5",0.7477,1,0,
2026-07-06,Estados Unidos,Belgium,mundial 2026,Córners,"Córners Belgium +7.5",0.1360,0,0,
2026-07-06,Estados Unidos,Belgium,mundial 2026,Córners,"Córners Belgium +6.5",0.2415,0,0,
2026-07-06,Estados Unidos,Belgium,mundial 2026,Córners,"Córners Belgium +5.5",0.3885,0,0,
2026-07-06,Estados Unidos,Belgium,mundial 2026,Córners,"Córners Belgium +4.5",0.5639,1,0,
2026-07-06,Estados Unidos,Belgium,mundial 2026,Córners,"Córners Belgium +3.5",0.7385,1,0,
2026-07-06,Estados Unidos,Belgium,mundial 2026,Córners,"Córners Belgium +2.5",0.8775,1,0,
2026-07-06,Estados Unidos,Belgium,mundial 2026,Tiros a puerta,"Tiros a puerta totales +10.5",0.1961,0,0,
2026-07-06,Estados Unidos,Belgium,mundial 2026,Tiros a puerta,"Tiros a puerta totales +9.5",0.2930,0,0,
2026-07-06,Estados Unidos,Belgium,mundial 2026,Tiros a puerta,"Tiros a puerta totales +8.5",0.4123,1,0,
2026-07-06,Estados Unidos,Belgium,mundial 2026,Tiros a puerta,"Tiros a puerta totales +7.5",0.5459,1,0,
2026-07-06,Estados Unidos,Belgium,mundial 2026,Tiros a puerta,"Tiros a puerta totales +6.5",0.6804,1,0,
2026-07-06,Estados Unidos,Belgium,mundial 2026,Tiros a puerta,"Tiros a puerta totales +5.5",0.8000,1,0,
2026-07-06,Estados Unidos,Belgium,mundial 2026,Tiros a puerta,"T. a puerta Estados Unidos +4.5",0.0931,0,0,
2026-07-06,Estados Unidos,Belgium,mundial 2026,Tiros a puerta,"T. a puerta Estados Unidos +3.5",0.2167,0,0,
2026-07-06,Estados Unidos,Belgium,mundial 2026,Tiros a puerta,"T. a puerta Estados Unidos +2.5",0.4246,0,0,
2026-07-06,Estados Unidos,Belgium,mundial 2026,Tiros a puerta,"T. a puerta Estados Unidos +1.5",0.6868,1,0,
2026-07-06,Estados Unidos,Belgium,mundial 2026,Tiros a puerta,"T. a puerta Belgium +8.5",0.1196,0,0,
2026-07-06,Estados Unidos,Belgium,mundial 2026,Tiros a puerta,"T. a puerta Belgium +7.5",0.2105,0,0,
2026-07-06,Estados Unidos,Belgium,mundial 2026,Tiros a puerta,"T. a puerta Belgium +6.5",0.3390,1,0,
2026-07-06,Estados Unidos,Belgium,mundial 2026,Tiros a puerta,"T. a puerta Belgium +5.5",0.4980,1,0,
2026-07-06,Estados Unidos,Belgium,mundial 2026,Tiros a puerta,"T. a puerta Belgium +4.5",0.6667,1,0,
2026-07-06,Estados Unidos,Belgium,mundial 2026,Tiros a puerta,"T. a puerta Belgium +3.5",0.8156,1,0,
2026-07-06,Estados Unidos,Belgium,mundial 2026,Tiros a puerta,"Estados Unidos tira más a puerta",0.2959,0,0,
2026-07-06,Estados Unidos,Belgium,mundial 2026,Tiros,"Tiros totales +27.5",0.3286,0,0,
2026-07-06,Estados Unidos,Belgium,mundial 2026,Tiros,"Tiros totales +26.5",0.3823,0,0,
2026-07-06,Estados Unidos,Belgium,mundial 2026,Tiros,"Tiros totales +25.5",0.4395,0,0,
2026-07-06,Estados Unidos,Belgium,mundial 2026,Tiros,"Tiros totales +24.5",0.4990,0,0,
2026-07-06,Estados Unidos,Belgium,mundial 2026,Tiros,"Tiros totales +23.5",0.5598,0,0,
2026-07-06,Estados Unidos,Belgium,mundial 2026,Tiros,"Tiros totales +22.5",0.6204,0,0,
2026-07-06,Estados Unidos,Belgium,mundial 2026,Tiros,"Tiros totales +21.5",0.6793,1,0,
2026-07-06,Estados Unidos,Belgium,mundial 2026,Tiros,"Tiros totales +20.5",0.7352,1,0,
2026-07-06,Estados Unidos,Belgium,mundial 2026,Tiros,"Tiros totales +19.5",0.7867,1,0,
2026-07-06,Estados Unidos,Belgium,mundial 2026,Tiros,"Tiros totales +18.5",0.8329,1,0,
2026-07-06,Estados Unidos,Belgium,mundial 2026,Tiros,"Tiros totales +17.5",0.8729,1,0,
2026-07-06,Estados Unidos,Belgium,mundial 2026,Tiros,"Tiros Estados Unidos +10.5",0.1474,0,0,
2026-07-06,Estados Unidos,Belgium,mundial 2026,Tiros,"Tiros Estados Unidos +9.5",0.2363,0,0,
2026-07-06,Estados Unidos,Belgium,mundial 2026,Tiros,"Tiros Estados Unidos +8.5",0.3532,0,0,
2026-07-06,Estados Unidos,Belgium,mundial 2026,Tiros,"Tiros Estados Unidos +7.5",0.4914,0,0,
2026-07-06,Estados Unidos,Belgium,mundial 2026,Tiros,"Tiros Estados Unidos +6.5",0.6367,1,0,
2026-07-06,Estados Unidos,Belgium,mundial 2026,Tiros,"Tiros Estados Unidos +5.5",0.7704,1,0,
2026-07-06,Estados Unidos,Belgium,mundial 2026,Tiros,"Tiros Estados Unidos +4.5",0.8758,1,0,
2026-07-06,Estados Unidos,Belgium,mundial 2026,Tiros,"Tiros Belgium +19.5",0.2884,0,0,
2026-07-06,Estados Unidos,Belgium,mundial 2026,Tiros,"Tiros Belgium +18.5",0.3725,0,0,
2026-07-06,Estados Unidos,Belgium,mundial 2026,Tiros,"Tiros Belgium +17.5",0.4648,0,0,
2026-07-06,Estados Unidos,Belgium,mundial 2026,Tiros,"Tiros Belgium +16.5",0.5608,0,0,
2026-07-06,Estados Unidos,Belgium,mundial 2026,Tiros,"Tiros Belgium +15.5",0.6552,0,0,
2026-07-06,Estados Unidos,Belgium,mundial 2026,Tiros,"Tiros Belgium +14.5",0.7425,1,0,
2026-07-06,Estados Unidos,Belgium,mundial 2026,Tiros,"Tiros Belgium +13.5",0.8182,1,0,
2026-07-06,Estados Unidos,Belgium,mundial 2026,Tiros,"Tiros Belgium +12.5",0.8794,1,0,
2026-07-06,Estados Unidos,Belgium,mundial 2026,Tarjetas,"Tarjetas totales +4.5",0.1215,0,0,
2026-07-06,Estados Unidos,Belgium,mundial 2026,Tarjetas,"Tarjetas totales +3.5",0.2623,0,0,
2026-07-06,Estados Unidos,Belgium,mundial 2026,Tarjetas,"Tarjetas totales +2.5",0.4796,0,0,
2026-07-06,Estados Unidos,Belgium,mundial 2026,Tarjetas,"Tarjetas totales +1.5",0.7311,1,0,
2026-07-06,Estados Unidos,Belgium,mundial 2026,Mitades,"Gol en 1ª parte",0.7268,1,0,
2026-07-06,Estados Unidos,Belgium,mundial 2026,Mitades,"Gol en 2ª parte",0.7953,1,0,
2026-07-07,Argentina,Egypt,mundial 2026,1X2,"Gana Argentina",0.4695,1,0,
2026-07-07,Argentina,Egypt,mundial 2026,1X2,"Empate",0.3263,0,0,
2026-07-07,Argentina,Egypt,mundial 2026,1X2,"Gana Egypt",0.2042,0,0,
2026-07-07,Argentina,Egypt,mundial 2026,1X2,"Argentina o empate (1X)",0.7958,1,0,
2026-07-07,Argentina,Egypt,mundial 2026,1X2,"Egypt o empate (X2)",0.5305,0,0,
2026-07-07,Argentina,Egypt,mundial 2026,1X2,"Sin empate (12)",0.6737,1,0,
2026-07-07,Argentina,Egypt,mundial 2026,Goles,"Más de 3.5 goles",0.0992,1,0,
2026-07-07,Argentina,Egypt,mundial 2026,Goles,"Más de 2.5 goles",0.2532,1,0,
2026-07-07,Argentina,Egypt,mundial 2026,Goles,"Más de 1.5 goles",0.5214,1,0,
2026-07-07,Argentina,Egypt,mundial 2026,Goles,"Más de 0.5 goles",0.8219,1,0,
2026-07-07,Argentina,Egypt,mundial 2026,BTTS,"Ambos anotan",0.3153,1,0,
2026-07-07,Argentina,Egypt,mundial 2026,BTTS,"No ambos anotan",0.6847,0,0,
2026-07-07,Argentina,Egypt,mundial 2026,Córners,"Córners totales +8.5",0.1287,0,0,
2026-07-07,Argentina,Egypt,mundial 2026,Córners,"Córners totales +7.5",0.2233,0,0,
2026-07-07,Argentina,Egypt,mundial 2026,Córners,"Córners totales +6.5",0.3547,1,0,
2026-07-07,Argentina,Egypt,mundial 2026,Córners,"Córners totales +5.5",0.5145,1,0,
2026-07-07,Argentina,Egypt,mundial 2026,Córners,"Córners totales +4.5",0.6811,1,0,
2026-07-07,Argentina,Egypt,mundial 2026,Córners,"Córners totales +3.5",0.8257,1,0,
2026-07-07,Argentina,Egypt,mundial 2026,Córners,"Córners Argentina +5.5",0.1047,1,0,
2026-07-07,Argentina,Egypt,mundial 2026,Córners,"Córners Argentina +4.5",0.2183,1,0,
2026-07-07,Argentina,Egypt,mundial 2026,Córners,"Córners Argentina +3.5",0.3961,1,0,
2026-07-07,Argentina,Egypt,mundial 2026,Córners,"Córners Argentina +2.5",0.6188,1,0,
2026-07-07,Argentina,Egypt,mundial 2026,Córners,"Córners Argentina +1.5",0.8280,1,0,
2026-07-07,Argentina,Egypt,mundial 2026,Córners,"Córners Egypt +4.5",0.1174,0,0,
2026-07-07,Argentina,Egypt,mundial 2026,Córners,"Córners Egypt +3.5",0.2560,0,0,
2026-07-07,Argentina,Egypt,mundial 2026,Córners,"Córners Egypt +2.5",0.4723,0,0,
2026-07-07,Argentina,Egypt,mundial 2026,Córners,"Córners Egypt +1.5",0.7254,0,0,
2026-07-07,Argentina,Egypt,mundial 2026,Tiros a puerta,"Tiros a puerta totales +7.5",0.1393,1,0,
2026-07-07,Argentina,Egypt,mundial 2026,Tiros a puerta,"Tiros a puerta totales +6.5",0.2461,1,0,
2026-07-07,Argentina,Egypt,mundial 2026,Tiros a puerta,"Tiros a puerta totales +5.5",0.3939,1,0,
2026-07-07,Argentina,Egypt,mundial 2026,Tiros a puerta,"Tiros a puerta totales +4.5",0.5694,1,0,
2026-07-07,Argentina,Egypt,mundial 2026,Tiros a puerta,"Tiros a puerta totales +3.5",0.7428,1,0,
2026-07-07,Argentina,Egypt,mundial 2026,Tiros a puerta,"T. a puerta Argentina +5.5",0.1492,1,0,
2026-07-07,Argentina,Egypt,mundial 2026,Tiros a puerta,"T. a puerta Argentina +4.5",0.2843,1,0,
2026-07-07,Argentina,Egypt,mundial 2026,Tiros a puerta,"T. a puerta Argentina +3.5",0.4744,1,0,
2026-07-07,Argentina,Egypt,mundial 2026,Tiros a puerta,"T. a puerta Argentina +2.5",0.6885,1,0,
2026-07-07,Argentina,Egypt,mundial 2026,Tiros a puerta,"T. a puerta Argentina +1.5",0.8694,1,0,
2026-07-07,Argentina,Egypt,mundial 2026,Tiros a puerta,"T. a puerta Egypt +2.5",0.1925,0,0,
2026-07-07,Argentina,Egypt,mundial 2026,Tiros a puerta,"T. a puerta Egypt +1.5",0.4439,1,0,
2026-07-07,Argentina,Egypt,mundial 2026,Tiros a puerta,"T. a puerta Egypt +0.5",0.7780,1,0,
2026-07-07,Argentina,Egypt,mundial 2026,Tiros a puerta,"Argentina tira más a puerta",0.7023,1,0,
2026-07-07,Argentina,Egypt,mundial 2026,Tiros,"Tiros totales +15.5",0.2812,1,0,
2026-07-07,Argentina,Egypt,mundial 2026,Tiros,"Tiros totales +14.5",0.3756,1,0,
2026-07-07,Argentina,Egypt,mundial 2026,Tiros,"Tiros totales +13.5",0.4806,1,0,
2026-07-07,Argentina,Egypt,mundial 2026,Tiros,"Tiros totales +12.5",0.5896,1,0,
2026-07-07,Argentina,Egypt,mundial 2026,Tiros,"Tiros totales +11.5",0.6946,1,0,
2026-07-07,Argentina,Egypt,mundial 2026,Tiros,"Tiros totales +10.5",0.7880,1,0,
2026-07-07,Argentina,Egypt,mundial 2026,Tiros,"Tiros totales +9.5",0.8642,1,0,
2026-07-07,Argentina,Egypt,mundial 2026,Tiros,"Tiros Argentina +10.5",0.1598,1,0,
2026-07-07,Argentina,Egypt,mundial 2026,Tiros,"Tiros Argentina +9.5",0.2525,1,0,
2026-07-07,Argentina,Egypt,mundial 2026,Tiros,"Tiros Argentina +8.5",0.3722,1,0,
2026-07-07,Argentina,Egypt,mundial 2026,Tiros,"Tiros Argentina +7.5",0.5112,1,0,
2026-07-07,Argentina,Egypt,mundial 2026,Tiros,"Tiros Argentina +6.5",0.6548,1,0,
2026-07-07,Argentina,Egypt,mundial 2026,Tiros,"Tiros Argentina +5.5",0.7845,1,0,
2026-07-07,Argentina,Egypt,mundial 2026,Tiros,"Tiros Egypt +8.5",0.1273,0,0,
2026-07-07,Argentina,Egypt,mundial 2026,Tiros,"Tiros Egypt +7.5",0.2214,0,0,
2026-07-07,Argentina,Egypt,mundial 2026,Tiros,"Tiros Egypt +6.5",0.3524,0,0,
2026-07-07,Argentina,Egypt,mundial 2026,Tiros,"Tiros Egypt +5.5",0.5121,0,0,
2026-07-07,Argentina,Egypt,mundial 2026,Tiros,"Tiros Egypt +4.5",0.6790,1,0,
2026-07-07,Argentina,Egypt,mundial 2026,Tiros,"Tiros Egypt +3.5",0.8243,1,0,
2026-07-07,Argentina,Egypt,mundial 2026,Tarjetas,"Tarjetas totales +5.5",0.1347,0,0,
2026-07-07,Argentina,Egypt,mundial 2026,Tarjetas,"Tarjetas totales +4.5",0.2438,0,0,
2026-07-07,Argentina,Egypt,mundial 2026,Tarjetas,"Tarjetas totales +3.5",0.4036,1,0,
2026-07-07,Argentina,Egypt,mundial 2026,Tarjetas,"Tarjetas totales +2.5",0.6030,1,0,
2026-07-07,Argentina,Egypt,mundial 2026,Tarjetas,"Tarjetas totales +1.5",0.8023,1,0,
2026-07-07,Argentina,Egypt,mundial 2026,Mitades,"Gol en 1ª parte",0.5429,1,0,
2026-07-07,Argentina,Egypt,mundial 2026,Mitades,"Gol en 2ª parte",0.6158,1,0,
2026-07-03,Colombia,Suiza,mundial 2026,1X2,"Gana Colombia",0.4466,0,0,
2026-07-03,Colombia,Suiza,mundial 2026,1X2,"Empate",0.2933,1,0,
2026-07-03,Colombia,Suiza,mundial 2026,1X2,"Gana Suiza",0.2601,0,0,
2026-07-03,Colombia,Suiza,mundial 2026,1X2,"Colombia o empate (1X)",0.7399,1,0,
2026-07-03,Colombia,Suiza,mundial 2026,1X2,"Suiza o empate (X2)",0.5534,1,0,
2026-07-03,Colombia,Suiza,mundial 2026,1X2,"Sin empate (12)",0.7067,0,0,
2026-07-03,Colombia,Suiza,mundial 2026,Goles,"Más de 4.5 goles",0.0878,0,0,
2026-07-03,Colombia,Suiza,mundial 2026,Goles,"Más de 3.5 goles",0.2077,0,0,
2026-07-03,Colombia,Suiza,mundial 2026,Goles,"Más de 2.5 goles",0.4132,0,0,
2026-07-03,Colombia,Suiza,mundial 2026,Goles,"Más de 1.5 goles",0.6864,0,0,
2026-07-03,Colombia,Suiza,mundial 2026,BTTS,"Ambos anotan",0.4724,0,0,
2026-07-03,Colombia,Suiza,mundial 2026,BTTS,"No ambos anotan",0.5276,1,0,
2026-07-03,Colombia,Suiza,mundial 2026,Córners,"Córners totales +13.5",0.2804,0,0,
2026-07-03,Colombia,Suiza,mundial 2026,Córners,"Córners totales +12.5",0.3358,0,0,
2026-07-03,Colombia,Suiza,mundial 2026,Córners,"Córners totales +11.5",0.3977,0,0,
2026-07-03,Colombia,Suiza,mundial 2026,Córners,"Córners totales +10.5",0.4656,0,0,
2026-07-03,Colombia,Suiza,mundial 2026,Córners,"Córners totales +9.5",0.5382,0,0,
2026-07-03,Colombia,Suiza,mundial 2026,Córners,"Córners totales +8.5",0.6137,0,0,
2026-07-03,Colombia,Suiza,mundial 2026,Córners,"Córners totales +7.5",0.6897,0,0,
2026-07-03,Colombia,Suiza,mundial 2026,Córners,"Córners totales +6.5",0.7630,1,0,
2026-07-03,Colombia,Suiza,mundial 2026,Córners,"Córners totales +5.5",0.8305,1,0,
2026-07-03,Colombia,Suiza,mundial 2026,Córners,"Córners Colombia +4.5",0.0887,0,0,
2026-07-03,Colombia,Suiza,mundial 2026,Córners,"Córners Colombia +3.5",0.2091,0,0,
2026-07-03,Colombia,Suiza,mundial 2026,Córners,"Córners Colombia +2.5",0.4149,1,0,
2026-07-03,Colombia,Suiza,mundial 2026,Córners,"Córners Colombia +1.5",0.6786,1,0,
2026-07-03,Colombia,Suiza,mundial 2026,Córners,"Córners Suiza +11.5",0.1517,0,0,
2026-07-03,Colombia,Suiza,mundial 2026,Córners,"Córners Suiza +10.5",0.2371,0,0,
2026-07-03,Colombia,Suiza,mundial 2026,Córners,"Córners Suiza +9.5",0.3476,0,0,
2026-07-03,Colombia,Suiza,mundial 2026,Córners,"Córners Suiza +8.5",0.4775,0,0,
2026-07-03,Colombia,Suiza,mundial 2026,Córners,"Córners Suiza +7.5",0.6150,0,0,
2026-07-03,Colombia,Suiza,mundial 2026,Córners,"Córners Suiza +6.5",0.7443,0,0,
2026-07-03,Colombia,Suiza,mundial 2026,Córners,"Córners Suiza +5.5",0.8507,0,0,
2026-07-03,Colombia,Suiza,mundial 2026,Tiros a puerta,"Tiros a puerta totales +9.5",0.2090,0,0,
2026-07-03,Colombia,Suiza,mundial 2026,Tiros a puerta,"Tiros a puerta totales +8.5",0.3203,0,0,
2026-07-03,Colombia,Suiza,mundial 2026,Tiros a puerta,"Tiros a puerta totales +7.5",0.4563,0,0,
2026-07-03,Colombia,Suiza,mundial 2026,Tiros a puerta,"Tiros a puerta totales +6.5",0.6039,0,0,
2026-07-03,Colombia,Suiza,mundial 2026,Tiros a puerta,"Tiros a puerta totales +5.5",0.7441,0,0,
2026-07-03,Colombia,Suiza,mundial 2026,Tiros a puerta,"Tiros a puerta totales +4.5",0.8582,0,0,
2026-07-03,Colombia,Suiza,mundial 2026,Tiros a puerta,"T. a puerta Colombia +6.5",0.1646,0,0,
2026-07-03,Colombia,Suiza,mundial 2026,Tiros a puerta,"T. a puerta Colombia +5.5",0.2913,0,0,
2026-07-03,Colombia,Suiza,mundial 2026,Tiros a puerta,"T. a puerta Colombia +4.5",0.4615,0,0,
2026-07-03,Colombia,Suiza,mundial 2026,Tiros a puerta,"T. a puerta Colombia +3.5",0.6520,0,0,
2026-07-03,Colombia,Suiza,mundial 2026,Tiros a puerta,"T. a puerta Colombia +2.5",0.8226,0,0,
2026-07-03,Colombia,Suiza,mundial 2026,Tiros a puerta,"T. a puerta Suiza +4.5",0.1689,0,0,
2026-07-03,Colombia,Suiza,mundial 2026,Tiros a puerta,"T. a puerta Suiza +3.5",0.3313,0,0,
2026-07-03,Colombia,Suiza,mundial 2026,Tiros a puerta,"T. a puerta Suiza +2.5",0.5550,0,0,
2026-07-03,Colombia,Suiza,mundial 2026,Tiros a puerta,"T. a puerta Suiza +1.5",0.7861,1,0,
2026-07-03,Colombia,Suiza,mundial 2026,Tiros a puerta,"Colombia tira más a puerta",0.6060,0,0,
2026-07-03,Colombia,Suiza,mundial 2026,Tiros,"Tiros totales +20.5",0.3055,0,0,
2026-07-03,Colombia,Suiza,mundial 2026,Tiros,"Tiros totales +19.5",0.3752,0,0,
2026-07-03,Colombia,Suiza,mundial 2026,Tiros,"Tiros totales +18.5",0.4509,0,0,
2026-07-03,Colombia,Suiza,mundial 2026,Tiros,"Tiros totales +17.5",0.5303,0,0,
2026-07-03,Colombia,Suiza,mundial 2026,Tiros,"Tiros totales +16.5",0.6104,0,0,
2026-07-03,Colombia,Suiza,mundial 2026,Tiros,"Tiros totales +15.5",0.6879,0,0,
2026-07-03,Colombia,Suiza,mundial 2026,Tiros,"Tiros totales +14.5",0.7597,0,0,
2026-07-03,Colombia,Suiza,mundial 2026,Tiros,"Tiros totales +13.5",0.8230,0,0,
2026-07-03,Colombia,Suiza,mundial 2026,Tiros,"Tiros totales +12.5",0.8759,1,0,
2026-07-03,Colombia,Suiza,mundial 2026,Tiros,"Tiros Colombia +14.5",0.2164,0,0,
2026-07-03,Colombia,Suiza,mundial 2026,Tiros,"Tiros Colombia +13.5",0.3049,0,0,
2026-07-03,Colombia,Suiza,mundial 2026,Tiros,"Tiros Colombia +12.5",0.4093,0,0,
2026-07-03,Colombia,Suiza,mundial 2026,Tiros,"Tiros Colombia +11.5",0.5236,0,0,
2026-07-03,Colombia,Suiza,mundial 2026,Tiros,"Tiros Colombia +10.5",0.6391,0,0,
2026-07-03,Colombia,Suiza,mundial 2026,Tiros,"Tiros Colombia +9.5",0.7462,0,0,
2026-07-03,Colombia,Suiza,mundial 2026,Tiros,"Tiros Colombia +8.5",0.8363,0,0,
2026-07-03,Colombia,Suiza,mundial 2026,Tiros,"Tiros Suiza +8.5",0.1859,0,0,
2026-07-03,Colombia,Suiza,mundial 2026,Tiros,"Tiros Suiza +7.5",0.2991,0,0,
2026-07-03,Colombia,Suiza,mundial 2026,Tiros,"Tiros Suiza +6.5",0.4427,1,0,
2026-07-03,Colombia,Suiza,mundial 2026,Tiros,"Tiros Suiza +5.5",0.6021,1,0,
2026-07-03,Colombia,Suiza,mundial 2026,Tiros,"Tiros Suiza +4.5",0.7538,1,0,
2026-07-03,Colombia,Suiza,mundial 2026,Tiros,"Tiros Suiza +3.5",0.8741,1,0,
2026-07-03,Colombia,Suiza,mundial 2026,Tarjetas,"Tarjetas totales +4.5",0.1270,0,0,
2026-07-03,Colombia,Suiza,mundial 2026,Tarjetas,"Tarjetas totales +3.5",0.2708,0,0,
2026-07-03,Colombia,Suiza,mundial 2026,Tarjetas,"Tarjetas totales +2.5",0.4894,1,0,
2026-07-03,Colombia,Suiza,mundial 2026,Tarjetas,"Tarjetas totales +1.5",0.7386,1,0,
2026-07-03,Colombia,Suiza,mundial 2026,Mitades,"Gol en 1ª parte",0.6503,0,0,
2026-07-03,Colombia,Suiza,mundial 2026,Mitades,"Gol en 2ª parte",0.7231,0,0,
2026-07-09,France,Marruecos,mundial 2026,1X2,"Gana France",0.1631,1,0,
2026-07-09,France,Marruecos,mundial 2026,1X2,"Empate",0.2694,0,0,
2026-07-09,France,Marruecos,mundial 2026,1X2,"Gana Marruecos",0.5676,0,0,
2026-07-09,France,Marruecos,mundial 2026,1X2,"France o empate (1X)",0.4324,1,0,
2026-07-09,France,Marruecos,mundial 2026,1X2,"Marruecos o empate (X2)",0.8369,0,0,
2026-07-09,France,Marruecos,mundial 2026,1X2,"Sin empate (12)",0.7306,1,0,
2026-07-09,France,Marruecos,mundial 2026,Goles,"Más de 3.5 goles",0.1561,0,0,
2026-07-09,France,Marruecos,mundial 2026,Goles,"Más de 2.5 goles",0.3428,0,0,
2026-07-09,France,Marruecos,mundial 2026,Goles,"Más de 1.5 goles",0.6132,1,0,
2026-07-09,France,Marruecos,mundial 2026,Goles,"Más de 0.5 goles",0.8741,1,0,
2026-07-09,France,Marruecos,mundial 2026,BTTS,"Ambos anotan",0.3574,0,0,
2026-07-09,France,Marruecos,mundial 2026,BTTS,"No ambos anotan",0.6426,1,0,
2026-07-09,France,Marruecos,mundial 2026,Córners,"Córners totales +9.5",0.1562,1,0,
2026-07-09,France,Marruecos,mundial 2026,Córners,"Córners totales +8.5",0.2470,1,0,
2026-07-09,France,Marruecos,mundial 2026,Córners,"Córners totales +7.5",0.3659,1,0,
2026-07-09,France,Marruecos,mundial 2026,Córners,"Córners totales +6.5",0.5062,1,0,
2026-07-09,France,Marruecos,mundial 2026,Córners,"Córners totales +5.5",0.6534,1,0,
2026-07-09,France,Marruecos,mundial 2026,Córners,"Córners totales +4.5",0.7878,1,0,
2026-07-09,France,Marruecos,mundial 2026,Córners,"Córners France +6.5",0.1107,0,0,
2026-07-09,France,Marruecos,mundial 2026,Córners,"Córners France +5.5",0.2148,0,0,
2026-07-09,France,Marruecos,mundial 2026,Córners,"Córners France +4.5",0.3711,1,0,
2026-07-09,France,Marruecos,mundial 2026,Córners,"Córners France +3.5",0.5665,1,0,
2026-07-09,France,Marruecos,mundial 2026,Córners,"Córners France +2.5",0.7619,1,0,
2026-07-09,France,Marruecos,mundial 2026,Córners,"Córners Marruecos +4.5",0.1446,1,0,
2026-07-09,France,Marruecos,mundial 2026,Córners,"Córners Marruecos +3.5",0.2970,1,0,
2026-07-09,France,Marruecos,mundial 2026,Córners,"Córners Marruecos +2.5",0.5186,1,0,
2026-07-09,France,Marruecos,mundial 2026,Córners,"Córners Marruecos +1.5",0.7603,1,0,
2026-07-09,France,Marruecos,mundial 2026,Tiros a puerta,"Tiros a puerta totales +8.5",0.1444,1,0,
2026-07-09,France,Marruecos,mundial 2026,Tiros a puerta,"Tiros a puerta totales +7.5",0.2359,1,0,
2026-07-09,France,Marruecos,mundial 2026,Tiros a puerta,"Tiros a puerta totales +6.5",0.3593,1,0,
2026-07-09,France,Marruecos,mundial 2026,Tiros a puerta,"Tiros a puerta totales +5.5",0.5082,1,0,
2026-07-09,France,Marruecos,mundial 2026,Tiros a puerta,"Tiros a puerta totales +4.5",0.6657,1,0,
2026-07-09,France,Marruecos,mundial 2026,Tiros a puerta,"Tiros a puerta totales +3.5",0.8078,1,0,
2026-07-09,France,Marruecos,mundial 2026,Tiros a puerta,"T. a puerta France +4.5",0.0977,1,0,
2026-07-09,France,Marruecos,mundial 2026,Tiros a puerta,"T. a puerta France +3.5",0.2244,1,0,
2026-07-09,France,Marruecos,mundial 2026,Tiros a puerta,"T. a puerta France +2.5",0.4342,1,0,
2026-07-09,France,Marruecos,mundial 2026,Tiros a puerta,"T. a puerta France +1.5",0.6948,1,0,
2026-07-09,France,Marruecos,mundial 2026,Tiros a puerta,"T. a puerta Marruecos +5.5",0.1241,0,0,
2026-07-09,France,Marruecos,mundial 2026,Tiros a puerta,"T. a puerta Marruecos +4.5",0.2479,0,0,
2026-07-09,France,Marruecos,mundial 2026,Tiros a puerta,"T. a puerta Marruecos +3.5",0.4323,0,0,
2026-07-09,France,Marruecos,mundial 2026,Tiros a puerta,"T. a puerta Marruecos +2.5",0.6520,0,0,
2026-07-09,France,Marruecos,mundial 2026,Tiros a puerta,"T. a puerta Marruecos +1.5",0.8482,0,0,
2026-07-09,France,Marruecos,mundial 2026,Tiros a puerta,"France tira más a puerta",0.4184,1,0,
2026-07-09,France,Marruecos,mundial 2026,Tiros,"Tiros totales +17.5",0.2700,1,0,
2026-07-09,France,Marruecos,mundial 2026,Tiros,"Tiros totales +16.5",0.3324,1,0,
2026-07-09,France,Marruecos,mundial 2026,Tiros,"Tiros totales +15.5",0.4018,1,0,
2026-07-09,France,Marruecos,mundial 2026,Tiros,"Tiros totales +14.5",0.4769,1,0,
2026-07-09,France,Marruecos,mundial 2026,Tiros,"Tiros totales +13.5",0.5553,1,0,
2026-07-09,France,Marruecos,mundial 2026,Tiros,"Tiros totales +12.5",0.6343,1,0,
2026-07-09,France,Marruecos,mundial 2026,Tiros,"Tiros totales +11.5",0.7106,1,0,
2026-07-09,France,Marruecos,mundial 2026,Tiros,"Tiros totales +10.5",0.7812,1,0,
2026-07-09,France,Marruecos,mundial 2026,Tiros,"Tiros totales +9.5",0.8430,1,0,
2026-07-09,France,Marruecos,mundial 2026,Tiros,"Tiros France +8.5",0.1586,1,0,
2026-07-09,France,Marruecos,mundial 2026,Tiros,"Tiros France +7.5",0.2638,1,0,
2026-07-09,France,Marruecos,mundial 2026,Tiros,"Tiros France +6.5",0.4027,1,0,
2026-07-09,France,Marruecos,mundial 2026,Tiros,"Tiros France +5.5",0.5633,1,0,
2026-07-09,France,Marruecos,mundial 2026,Tiros,"Tiros France +4.5",0.7224,1,0,
2026-07-09,France,Marruecos,mundial 2026,Tiros,"Tiros France +3.5",0.8537,1,0,
2026-07-09,France,Marruecos,mundial 2026,Tiros,"Tiros Marruecos +11.5",0.1590,0,0,
2026-07-09,France,Marruecos,mundial 2026,Tiros,"Tiros Marruecos +10.5",0.2465,0,0,
2026-07-09,France,Marruecos,mundial 2026,Tiros,"Tiros Marruecos +9.5",0.3585,0,0,
2026-07-09,France,Marruecos,mundial 2026,Tiros,"Tiros Marruecos +8.5",0.4890,0,0,
2026-07-09,France,Marruecos,mundial 2026,Tiros,"Tiros Marruecos +7.5",0.6258,0,0,
2026-07-09,France,Marruecos,mundial 2026,Tiros,"Tiros Marruecos +6.5",0.7531,0,0,
2026-07-09,France,Marruecos,mundial 2026,Tiros,"Tiros Marruecos +5.5",0.8569,0,0,
2026-07-09,France,Marruecos,mundial 2026,Tarjetas,"Tarjetas totales +3.5",0.1625,0,0,
2026-07-09,France,Marruecos,mundial 2026,Tarjetas,"Tarjetas totales +2.5",0.3223,0,0,
2026-07-09,France,Marruecos,mundial 2026,Tarjetas,"Tarjetas totales +1.5",0.5618,0,0,
2026-07-09,France,Marruecos,mundial 2026,Tarjetas,"Tarjetas totales +0.5",0.8298,1,0,
2026-07-09,France,Marruecos,mundial 2026,Mitades,"Gol en 1ª parte",0.6065,0,0,
2026-07-09,France,Marruecos,mundial 2026,Mitades,"Gol en 2ª parte",0.6801,1,0,