MatchDate,HomeTeam,AwayTeam,FTHome,FTAway,OddHome,OddDraw,OddAway,Over25,Under25,HomeShots,AwayShots,HomeTarget,AwayTarget,HomeCorners,AwayCorners
2000-08-18,Sparta,Roda JC,2.0,2.0,2.35,3.2,2.55,,,,,,,,
2000-08-19,Graafschap,PSV Eindhoven,2.0,0.0,5.0,3.5,1.5,,,,,,,,
2000-08-19,Feyenoord,AZ Alkmaar,2.0,0.0,1.33,4.35,5.6,,,,,,,,
2000-08-19,NAC Breda,Waalwijk,0.0,1.0,2.2,3.3,2.6,,,,,,,,
2000-08-20,Groningen,Willem II,1.0,1.0,2.3,3.3,2.6,,,,,,,,
2000-08-20,Roosendaal,Nijmegen,2.0,3.0,2.2,3.45,2.6,,,,,,,,
2000-08-20,Utrecht,Heerenveen,2.0,0.0,2.5,3.3,2.35,,,,,,,,
2000-08-20,Vitesse,Twente,3.0,1.0,1.7,3.15,4.55,,,,,,,,
2000-08-22,Ajax,For Sittard,5.0,0.0,1.25,4.05,7.0,,,,,,,,
2000-08-23,Groningen,Nijmegen,4.0,4.0,1.9,3.2,3.5,,,,,,,,
2000-08-26,AZ Alkmaar,Roosendaal,3.0,0.0,1.43,3.8,5.2,,,,,,,,
2000-08-26,Graafschap,Roda JC,1.0,3.0,2.5,3.4,2.3,,,,,,,,
2000-08-26,For Sittard,Heerenveen,0.0,2.0,3.0,3.3,2.05,,,,,,,,
2000-08-26,NAC Breda,Groningen,5.0,1.0,2.0,3.3,3.0,,,,,,,,
2000-08-26,Willem II,Waalwijk,2.0,0.0,1.75,3.6,3.65,,,,,,,,
2000-08-27,Nijmegen,Vitesse,4.0,1.0,3.0,3.0,2.1,,,,,,,,
2000-08-27,Sparta,Ajax,3.0,0.0,3.8,3.5,1.7,,,,,,,,
2000-08-27,Twente,Feyenoord,1.0,2.0,2.45,3.05,2.5,,,,,,,,
2000-08-27,Utrecht,PSV Eindhoven,1.0,3.0,3.65,3.3,1.8,,,,,,,,
2000-09-03,Waalwijk,Roosendaal,2.0,1.0,1.45,3.65,5.6,,,,,,,,
2000-09-05,PSV Eindhoven,Willem II,2.0,2.0,1.33,3.9,7.2,,,,,,,,
2000-09-06,Ajax,Nijmegen,0.0,0.0,1.25,4.4,7.0,,,,,,,,
2000-09-06,Groningen,Graafschap,1.0,0.0,2.2,3.3,2.7,,,,,,,,
2000-09-06,NAC Breda,Roda JC,1.0,1.0,2.35,3.2,2.55,,,,,,,,
2000-09-06,Waalwijk,AZ Alkmaar,3.0,0.0,2.5,3.3,2.25,,,,,,,,
2000-09-06,Twente,Heerenveen,2.0,2.0,2.15,3.2,2.65,,,,,,,,
2000-09-06,Vitesse,Sparta,5.0,1.0,1.5,3.5,5.4,,,,,,,,
2000-09-08,For Sittard,PSV Eindhoven,0.0,3.0,4.3,3.35,1.6,,,,,,,,
2000-09-09,Ajax,Groningen,3.0,1.0,1.21,4.7,8.4,,,,,,,,
2000-09-09,Graafschap,AZ Alkmaar,4.0,2.0,2.3,3.3,2.5,,,,,,,,
2000-09-09,Feyenoord,Waalwijk,3.0,1.0,1.33,4.25,6.4,,,,,,,,
2000-09-09,Heerenveen,NAC Breda,2.0,1.0,1.4,3.7,5.7,,,,,,,,
2000-09-09,Roda JC,Twente,2.0,2.0,2.0,3.4,2.9,,,,,,,,
2000-09-09,Willem II,Vitesse,2.0,2.0,2.1,3.4,2.7,,,,,,,,
2000-09-10,Nijmegen,Utrecht,1.0,1.0,2.0,3.4,3.0,,,,,,,,
2000-09-10,Sparta,Roosendaal,3.0,5.0,1.43,3.9,5.4,,,,,,,,
2000-09-13,NAC Breda,Roosendaal,2.0,1.0,,,,,,,,,,,
2000-09-16,NAC Breda,Graafschap,3.0,0.0,2.0,3.45,3.0,,,,,,,,
2000-09-16,PSV Eindhoven,Sparta,2.0,1.0,1.25,4.5,8.1,,,,,,,,
2000-09-17,AZ Alkmaar,Ajax,3.0,2.0,3.2,3.3,1.95,,,,,,,,
2000-09-17,Nijmegen,For Sittard,1.0,1.0,1.66,3.4,4.0,,,,,,,,
2000-09-17,Roosendaal,Groningen,0.0,2.0,2.2,3.15,2.8,,,,,,,,
2000-09-17,Utrecht,Twente,1.0,2.0,2.15,3.3,2.7,,,,,,,,
2000-09-17,Vitesse,Waalwijk,1.0,0.0,1.47,3.65,5.2,,,,,,,,
2000-09-22,Ajax,Roosendaal,2.0,0.0,1.13,6.5,11.0,,,,,,,,
2000-09-23,For Sittard,Vitesse,1.0,4.0,3.25,3.55,1.9,,,,,,,,
2000-09-24,Groningen,Utrecht,1.0,3.0,2.15,3.3,2.7,,,,,,,,
2000-09-24,NAC Breda,Willem II,2.0,0.0,2.3,3.25,2.55,,,,,,,,
2000-09-24,Waalwijk,Nijmegen,0.0,0.0,2.0,3.4,3.1,,,,,,,,
2000-09-24,Twente,Graafschap,3.0,1.0,1.57,3.6,4.6,,,,,,,,
2000-10-01,Graafschap,Feyenoord,2.0,3.0,3.8,3.3,1.75,,,,,,,,
2000-10-01,Groningen,PSV Eindhoven,0.0,1.0,5.0,3.8,1.45,,,,,,,,
2000-10-01,Waalwijk,Twente,1.0,1.0,2.25,3.2,2.6,,,,,,,,
2000-10-01,Roda JC,AZ Alkmaar,4.0,2.0,1.7,3.4,4.0,,,,,,,,
2000-10-01,Sparta,Willem II,1.0,2.0,2.3,3.2,2.55,,,,,,,,
2000-10-01,Vitesse,Utrecht,2.0,1.0,1.3,4.8,6.0,,,,,,,,
2000-10-02,Heerenveen,Ajax,2.0,2.0,2.6,3.2,2.3,,,,,,,,
2000-10-13,AZ Alkmaar,NAC Breda,3.0,1.0,1.85,3.4,3.3,,,,,,,,
2000-10-14,Heerenveen,Waalwijk,1.0,1.0,1.6,3.55,4.6,,,,,,,,
2000-10-14,PSV Eindhoven,Nijmegen,0.0,0.0,1.25,5.3,7.6,,,,,,,,
2000-10-14,Roda JC,Groningen,2.0,0.0,1.55,3.6,4.9,,,,,,,,
2000-10-14,Twente,For Sittard,1.0,1.0,1.35,4.1,6.2,,,,,,,,
2000-10-14,Willem II,Utrecht,6.0,2.0,1.75,3.3,4.0,,,,,,,,
2000-10-15,Roosendaal,Graafschap,2.0,4.0,2.3,3.35,2.6,,,,,,,,
2000-10-15,Sparta,Feyenoord,1.0,4.0,5.5,3.4,1.55,,,,,,,,
2000-10-15,Vitesse,Ajax,3.0,2.0,2.2,3.25,2.7,,,,,,,,
2000-10-20,Ajax,Roda JC,4.0,2.0,1.4,3.9,6.1,,,,,,,,
2000-10-21,Graafschap,Willem II,1.0,1.0,2.4,3.1,2.6,,,,,,,,
2000-10-21,Feyenoord,Heerenveen,2.0,0.0,1.45,3.65,5.3,,,,,,,,
2000-10-21,Twente,Sparta,3.0,1.0,1.4,4.1,6.3,,,,,,,,
2000-10-22,AZ Alkmaar,Vitesse,0.0,2.0,2.75,3.15,2.2,,,,,,,,
2000-10-22,Groningen,For Sittard,4.0,0.0,1.85,3.25,3.6,,,,,,,,
2000-10-22,Utrecht,Roosendaal,5.0,3.0,1.6,3.6,4.5,,,,,,,,
2000-10-27,AZ Alkmaar,Twente,5.0,0.0,2.3,3.15,2.6,,,,,,,,
2000-10-27,For Sittard,NAC Breda,1.0,2.0,2.75,3.0,2.3,,,,,,,,
2000-10-28,Heerenveen,Graafschap,1.0,0.0,1.65,3.2,4.65,,,,,,,,
2000-10-29,Nijmegen,Willem II,3.0,0.0,2.3,3.3,2.55,,,,,,,,
2000-10-29,PSV Eindhoven,Ajax,1.0,1.0,1.9,3.3,3.2,,,,,,,,
2000-10-29,Roda JC,Waalwijk,0.0,1.0,1.65,3.3,4.5,,,,,,,,
2000-10-29,Sparta,Groningen,2.0,0.0,2.2,2.8,3.2,,,,,,,,
2000-10-29,Utrecht,Feyenoord,1.0,1.0,4.8,3.2,1.65,,,,,,,,
2000-11-01,Heerenveen,Sparta,1.0,1.0,1.45,3.6,6.0,,,,,,,,
2000-11-01,Nijmegen,Graafschap,2.0,1.0,1.8,3.2,3.8,,,,,,,,
2000-11-01,PSV Eindhoven,Vitesse,2.0,0.0,1.8,3.2,4.0,,,,,,,,
2000-11-01,Waalwijk,Utrecht,4.0,1.0,2.0,2.8,3.6,,,,,,,,
2000-11-01,Roda JC,For Sittard,1.0,0.0,1.4,3.8,6.3,,,,,,,,
2000-11-02,Feyenoord,Roosendaal,5.0,1.0,1.15,6.0,10.0,,,,,,,,
2000-11-04,NAC Breda,Nijmegen,2.0,2.0,1.95,3.2,3.5,,,,,,,,
2000-11-04,Twente,PSV Eindhoven,0.0,2.0,3.1,3.2,2.05,,,,,,,,
2000-11-05,Graafschap,Vitesse,1.0,2.0,3.3,3.1,2.05,,,,,,,,
2000-11-05,Feyenoord,Roda JC,4.0,2.0,1.35,4.2,7.3,,,,,,,,
2000-11-05,Groningen,AZ Alkmaar,1.0,2.0,2.15,3.2,2.95,,,,,,,,
2000-11-05,Roosendaal,For Sittard,3.0,1.0,2.2,3.1,2.9,,,,,,,,
2000-11-05,Utrecht,Sparta,1.0,1.0,1.66,3.4,4.45,,,,,,,,
2000-11-05,Willem II,Ajax,0.0,1.0,2.7,3.25,2.3,,,,,,,,
2000-11-10,Roosendaal,Willem II,2.0,1.0,3.1,3.3,2.0,,,,,,,,
2000-11-11,For Sittard,Waalwijk,0.0,0.0,3.15,3.3,2.0,,,,,,,,
2000-11-12,Ajax,Graafschap,4.0,1.0,1.2,5.2,9.5,,,,,,,,
2000-11-12,AZ Alkmaar,Utrecht,2.0,1.0,1.7,3.3,4.2,,,,,,,,
2000-11-12,PSV Eindhoven,Feyenoord,1.0,0.0,2.15,3.2,2.9,,,,,,,,
2000-11-12,Roda JC,Heerenveen,3.0,1.0,2.05,3.5,2.85,,,,,,,,
2000-11-12,Sparta,Nijmegen,0.0,2.0,2.65,3.0,2.4,,,,,,,,
2000-11-12,Twente,NAC Breda,4.0,0.0,1.9,3.0,3.8,,,,,,,,
2000-11-12,Vitesse,Groningen,2.0,2.0,1.25,4.8,8.5,,,,,,,,
2000-11-17,Roda JC,Utrecht,2.0,1.0,1.6,3.5,4.8,,,,,,,,
2000-11-18,For Sittard,AZ Alkmaar,1.0,1.0,3.05,3.3,2.05,,,,,,,,
2000-11-18,Heerenveen,PSV Eindhoven,1.0,4.0,2.95,3.3,2.1,,,,,,,,
2000-11-18,Vitesse,Roosendaal,2.0,1.0,1.2,5.5,10.0,,,,,,,,
2000-11-18,Willem II,Twente,2.0,2.0,2.1,3.25,3.0,,,,,,,,
2000-11-19,NAC Breda,Ajax,0.0,3.0,3.0,3.25,2.1,,,,,,,,
2000-11-19,Nijmegen,Feyenoord,1.0,3.0,2.85,3.25,2.15,,,,,,,,
2000-11-19,Waalwijk,Graafschap,1.0,0.0,1.5,3.7,5.4,,,,,,,,
2000-11-25,AZ Alkmaar,Sparta,1.0,1.0,1.5,3.6,5.8,,,,,,,,
2000-11-25,Graafschap,For Sittard,5.0,1.0,1.7,3.3,4.4,,,,,,,,
2000-11-25,Roosendaal,Roda JC,0.0,4.0,3.2,3.0,2.1,,,,,,,,
2000-11-26,Feyenoord,Willem II,1.0,0.0,1.25,4.5,8.0,,,,,,,,
2000-11-26,Nijmegen,Heerenveen,0.0,0.0,1.9,3.2,3.6,,,,,,,,
2000-11-26,PSV Eindhoven,NAC Breda,2.0,1.0,1.23,5.2,8.0,,,,,,,,
2000-11-26,Twente,Groningen,3.0,0.0,1.53,3.4,5.2,,,,,,,,
2000-11-26,Utrecht,Ajax,2.0,1.0,3.7,3.2,1.8,,,,,,,,
2000-11-28,Roda JC,Vitesse,2.0,3.0,2.2,3.45,2.65,,,,,,,,
2000-11-29,Feyenoord,Sparta,2.0,1.0,1.2,5.3,10.0,,,,,,,,
2000-11-29,Heerenveen,AZ Alkmaar,1.0,1.0,1.9,3.3,3.4,,,,,,,,
2000-11-29,Roosendaal,NAC Breda,0.0,1.0,2.4,3.3,2.5,,,,,,,,
2000-11-30,Ajax,Waalwijk,3.0,0.0,1.33,4.4,7.0,,,,,,,,
2000-12-01,Roda JC,PSV Eindhoven,1.0,2.0,3.0,3.2,2.0,,,,,,,,
2000-12-02,For Sittard,Utrecht,0.0,1.0,2.6,3.4,2.3,,,,,,,,
2000-12-02,Sparta,Graafschap,2.0,1.0,1.9,3.25,3.5,,,,,,,,
2000-12-02,Willem II,AZ Alkmaar,1.0,1.0,2.05,3.25,3.1,,,,,,,,
2000-12-03,Ajax,Heerenveen,6.0,2.0,1.33,3.9,6.8,,,,,,,,
2000-12-03,Nijmegen,Twente,1.0,0.0,2.1,2.8,3.4,,,,,,,,
2000-12-03,Waalwijk,Groningen,0.0,0.0,1.5,3.6,5.0,,,,,,,,
2000-12-09,AZ Alkmaar,Nijmegen,0.0,0.0,2.0,3.15,3.3,,,,,,,,
2000-12-09,Graafschap,Groningen,0.0,4.0,1.95,3.25,3.4,,,,,,,,
2000-12-09,For Sittard,Sparta,2.0,1.0,2.5,3.3,2.4,,,,,,,,
2000-12-09,Roda JC,Willem II,0.0,1.0,1.6,3.5,4.8,,,,,,,,
2000-12-10,Feyenoord,Ajax,3.0,1.0,1.9,3.2,3.5,,,,,,,,
2000-12-10,Utrecht,NAC Breda,5.0,0.0,1.95,3.2,3.35,,,,,,,,
2000-12-10,Vitesse,Heerenveen,0.0,0.0,1.4,4.1,6.4,,,,,,,,
2000-12-12,Waalwijk,PSV Eindhoven,1.0,1.0,4.6,3.4,1.66,,,,,,,,
2000-12-12,Twente,Roda JC,0.0,2.0,2.05,3.1,3.3,,,,,,,,
2000-12-13,For Sittard,Feyenoord,2.0,4.0,6.3,4.0,1.4,,,,,,,,
2000-12-13,Heerenveen,Willem II,0.0,1.0,1.95,3.2,3.35,,,,,,,,
2000-12-13,Sparta,NAC Breda,1.0,2.0,2.2,3.25,2.8,,,,,,,,
2000-12-13,Vitesse,AZ Alkmaar,3.0,2.0,1.47,3.7,5.7,,,,,,,,
2000-12-16,NAC Breda,Vitesse,1.0,1.0,3.0,3.5,2.0,,,,,,,,
2000-12-16,Willem II,For Sittard,3.0,1.0,1.4,4.0,6.5,,,,,,,,
2000-12-17,Ajax,Twente,5.0,1.0,1.4,3.7,7.3,,,,,,,,
2000-12-17,AZ Alkmaar,PSV Eindhoven,0.0,5.0,4.5,3.4,1.65,,,,,,,,
2000-12-17,Graafschap,Utrecht,0.0,3.0,2.45,3.0,2.65,,,,,,,,
2000-12-17,Groningen,Feyenoord,1.0,0.0,4.8,3.8,1.55,,,,,,,,
2000-12-17,Nijmegen,Roda JC,0.0,2.0,1.9,3.2,3.6,,,,,,,,
2000-12-17,Roosendaal,Heerenveen,0.0,3.0,2.7,3.3,2.2,,,,,,,,
2000-12-17,Waalwijk,Sparta,2.0,0.0,1.55,3.5,5.2,,,,,,,,
2000-12-20,Feyenoord,Vitesse,2.0,0.0,1.6,3.2,5.5,,,,,,,,
2000-12-20,Utrecht,Waalwijk,2.0,1.0,1.85,3.15,3.3,,,,,,,,
2000-12-20,Willem II,Nijmegen,2.0,0.0,1.91,3.0,4.0,,,,,,,,
2000-12-21,Groningen,Heerenveen,2.0,1.0,2.25,3.4,2.6,,,,,,,,
2000-12-21,PSV Eindhoven,For Sittard,1.0,1.0,1.1,8.0,15.0,,,,,,,,
2000-12-21,Roosendaal,Twente,2.0,2.0,3.1,3.5,1.9,,,,,,,,
2001-01-27,PSV Eindhoven,Roosendaal,6.0,0.0,1.17,5.5,11.0,,,,,,,,
2001-01-28,Feyenoord,NAC Breda,2.0,0.0,1.2,5.2,10.0,,,,,,,,
2001-01-31,For Sittard,Roda JC,1.0,0.0,3.4,3.35,1.85,,,,,,,,
2001-01-31,Heerenveen,Feyenoord,1.0,0.0,3.35,3.4,1.85,,,,,,,,
2001-01-31,Nijmegen,Roosendaal,2.0,3.0,1.4,3.8,6.3,,,,,,,,
2001-01-31,PSV Eindhoven,Groningen,3.0,0.0,1.2,5.0,9.4,,,,,,,,
2001-01-31,Vitesse,NAC Breda,2.0,4.0,1.37,3.9,6.75,,,,,,,,
2001-01-31,Willem II,Sparta,4.0,1.0,1.4,3.85,6.1,,,,,,,,
2001-02-01,Graafschap,Ajax,1.0,3.0,4.1,3.4,1.67,,,,,,,,
2001-02-03,Roosendaal,Waalwijk,0.0,3.0,2.75,3.1,2.25,,,,,,,,
2001-02-03,Twente,Willem II,3.0,1.0,2.1,3.2,2.9,,,,,,,,
2001-02-04,AZ Alkmaar,Feyenoord,0.0,3.0,3.65,3.2,1.8,,,,,,,,
2001-02-04,For Sittard,Graafschap,0.0,0.0,2.15,3.0,2.95,,,,,,,,
2001-02-04,Sparta,PSV Eindhoven,0.0,1.0,5.7,3.6,1.45,,,,,,,,
2001-02-04,Vitesse,Nijmegen,2.0,2.0,1.51,3.4,5.4,,,,,,,,
2001-02-09,Graafschap,Sparta,2.0,1.0,1.9,3.2,3.4,,,,,,,,
2001-02-10,PSV Eindhoven,AZ Alkmaar,3.0,0.0,1.2,4.9,10.0,,,,,,,,
2001-02-11,Ajax,Willem II,1.0,1.0,1.35,4.1,6.5,,,,,,,,
2001-02-11,Feyenoord,Groningen,1.0,0.0,1.17,5.3,10.5,,,,,,,,
2001-02-11,Waalwijk,Vitesse,3.0,0.0,2.4,3.0,2.6,,,,,,,,
2001-02-11,Roda JC,Roosendaal,2.0,1.0,1.3,4.4,7.2,,,,,,,,
2001-02-11,Utrecht,Nijmegen,1.0,1.0,1.95,3.2,3.25,,,,,,,,
2001-02-16,For Sittard,Ajax,0.0,3.0,4.35,3.4,1.64,,,,,,,,
2001-02-17,Heerenveen,Roda JC,0.0,0.0,2.17,3.0,2.95,,,,,,,,
2001-02-17,Roosendaal,AZ Alkmaar,2.0,3.0,2.62,3.1,2.35,,,,,,,,
2001-02-18,Groningen,Twente,2.0,0.0,2.15,2.95,3.05,,,,,,,,
2001-02-18,NAC Breda,PSV Eindhoven,1.0,2.0,4.15,3.3,1.7,,,,,,,,
2001-02-18,Sparta,Waalwijk,2.0,2.0,2.7,3.0,2.32,,,,,,,,
2001-02-18,Utrecht,Graafschap,3.0,1.0,1.53,3.4,5.4,,,,,,,,
2001-02-21,NAC Breda,Twente,0.0,0.0,2.0,3.2,3.1,,,,,,,,
2001-02-23,Nijmegen,Sparta,0.0,3.0,1.48,3.6,5.7,,,,,,,,
2001-02-23,Willem II,Heerenveen,1.0,6.0,1.72,3.4,3.9,,,,,,,,
2001-02-24,AZ Alkmaar,Roda JC,2.0,4.0,2.45,3.0,2.55,,,,,,,,
2001-02-24,Waalwijk,For Sittard,1.0,0.0,1.42,3.6,6.7,,,,,,,,
2001-02-24,Twente,Vitesse,2.0,1.0,2.48,2.9,2.57,,,,,,,,
2001-02-25,Ajax,Utrecht,2.0,0.0,1.35,4.0,7.2,,,,,,,,
2001-02-25,Feyenoord,PSV Eindhoven,1.0,2.0,2.2,3.0,2.75,,,,,,,,
2001-02-25,Groningen,NAC Breda,0.0,0.0,2.12,3.2,2.85,,,,,,,,
2001-03-02,Heerenveen,Groningen,0.0,0.0,1.75,3.3,4.1,,,,,,,,
2001-03-02,Waalwijk,NAC Breda,0.0,0.0,1.7,3.4,4.2,,,,,,,,
2001-03-03,PSV Eindhoven,Roda JC,0.0,0.0,1.35,4.1,7.2,,,,,,,,
2001-03-03,Willem II,Graafschap,6.0,0.0,1.47,3.7,5.8,,,,,,,,
2001-03-04,Nijmegen,AZ Alkmaar,1.0,1.0,1.95,3.2,3.4,,,,,,,,
2001-03-04,Roosendaal,Ajax,1.0,3.0,5.75,3.8,1.45,,,,,,,,
2001-03-04,Sparta,Twente,5.0,1.0,2.55,3.0,2.5,,,,,,,,
2001-03-04,Utrecht,For Sittard,1.0,0.0,1.42,3.9,6.2,,,,,,,,
2001-03-04,Vitesse,Feyenoord,0.0,0.0,2.65,3.1,2.35,,,,,,,,
2001-03-09,Graafschap,Heerenveen,0.0,1.0,2.55,3.1,2.45,,,,,,,,
2001-03-09,Roda JC,NAC Breda,1.0,0.0,1.6,3.5,4.75,,,,,,,,
2001-03-10,AZ Alkmaar,Waalwijk,1.0,3.0,2.32,3.1,2.7,,,,,,,,
2001-03-10,For Sittard,Roosendaal,2.0,1.0,1.85,3.2,3.7,,,,,,,,
2001-03-10,Twente,Nijmegen,1.0,1.0,1.85,3.0,4.0,,,,,,,,
2001-03-11,Groningen,Ajax,3.0,3.0,3.85,3.2,1.8,,,,,,,,
2001-03-11,Utrecht,Vitesse,0.0,0.0,2.28,3.1,2.8,,,,,,,,
2001-03-11,Willem II,Feyenoord,3.0,1.0,3.15,3.05,2.1,,,,,,,,
2001-03-16,Roosendaal,Vitesse,0.0,3.0,3.6,3.3,1.85,,,,,,,,
2001-03-17,AZ Alkmaar,For Sittard,0.0,2.0,1.58,3.55,4.8,,,,,,,,
2001-03-17,NAC Breda,Heerenveen,2.0,2.0,2.15,3.15,2.95,,,,,,,,
2001-03-17,Roda JC,Graafschap,3.0,1.0,1.32,4.2,7.0,,,,,,,,
2001-03-18,Ajax,Sparta,9.0,0.0,1.27,4.65,8.3,,,,,,,,
2001-03-18,Feyenoord,Twente,5.0,1.0,1.3,4.5,7.5,,,,,,,,
2001-03-18,Nijmegen,Groningen,1.0,0.0,1.92,3.15,3.5,,,,,,,,
2001-03-18,PSV Eindhoven,Utrecht,5.0,1.0,1.28,4.6,8.0,,,,,,,,
2001-03-18,Waalwijk,Willem II,3.0,2.0,1.95,3.15,3.4,,,,,,,,
2001-03-31,AZ Alkmaar,Graafschap,0.0,1.0,1.65,3.45,4.4,,,,,,,,
2001-03-31,Heerenveen,Roosendaal,2.0,0.0,1.4,4.0,6.5,,,,,,,,
2001-03-31,NAC Breda,For Sittard,1.0,0.0,1.7,3.3,4.3,,,,,,,,
2001-03-31,PSV Eindhoven,Twente,2.0,1.0,1.25,4.75,8.8,,,,,,,,
2001-03-31,Willem II,Roda JC,1.0,1.0,2.2,3.1,2.9,,,,,,,,
2001-04-01,Groningen,Vitesse,0.0,1.0,2.5,3.2,2.4,,,,,,,,
2001-04-01,Nijmegen,Ajax,1.0,0.0,3.55,3.3,1.85,,,,,,,,
2001-04-01,Waalwijk,Feyenoord,2.0,0.0,3.05,3.2,2.1,,,,,,,,
2001-04-01,Sparta,Utrecht,0.0,1.0,2.4,3.25,2.5,,,,,,,,
2001-04-06,Utrecht,AZ Alkmaar,1.0,0.0,1.67,3.4,4.5,,,,,,,,
2001-04-07,Graafschap,Roosendaal,2.0,2.0,1.7,3.35,4.4,,,,,,,,
2001-04-07,Heerenveen,Nijmegen,5.0,0.0,1.9,3.2,3.6,,,,,,,,
2001-04-07,Twente,Waalwijk,1.0,1.0,2.37,3.1,2.7,,,,,,,,
2001-04-07,Vitesse,Willem II,1.0,2.0,1.65,3.35,4.65,,,,,,,,
2001-04-08,Ajax,PSV Eindhoven,0.0,1.0,2.5,3.15,2.45,,,,,,,,
2001-04-08,Groningen,Roda JC,1.0,3.0,2.55,3.25,2.4,,,,,,,,
2001-04-08,NAC Breda,Feyenoord,1.0,0.0,3.4,3.1,2.0,,,,,,,,
2001-04-08,Sparta,For Sittard,0.0,2.0,1.83,3.25,3.65,,,,,,,,
2001-04-13,For Sittard,Nijmegen,2.0,0.0,2.35,3.05,2.7,,,,,,,,
2001-04-14,AZ Alkmaar,Groningen,2.0,0.0,2.0,3.1,3.33,,,,,,,,
2001-04-14,Roosendaal,Sparta,1.0,3.0,2.35,3.15,2.65,,,,,,,,
2001-04-14,Waalwijk,Heerenveen,1.0,1.0,1.82,3.3,3.7,,,,,,,,
2001-04-15,Feyenoord,Graafschap,1.0,2.0,1.2,5.25,10.0,,,,,,,,
2001-04-15,Vitesse,PSV Eindhoven,0.0,0.0,3.25,3.2,2.0,,,,,,,,
2001-04-16,Roda JC,Ajax,1.0,1.0,2.45,3.1,2.53,,,,,,,,
2001-04-16,Twente,Utrecht,0.0,0.0,1.97,3.1,3.45,,,,,,,,
2001-04-16,Willem II,NAC Breda,1.0,3.0,1.7,3.4,4.15,,,,,,,,
2001-04-20,PSV Eindhoven,Waalwijk,3.0,1.0,1.36,4.0,7.25,,,,,,,,
2001-04-20,Utrecht,Willem II,1.0,0.0,2.0,3.15,3.3,,,,,,,,
2001-04-21,Graafschap,Twente,4.0,0.0,2.3,3.05,2.8,,,,,,,,
2001-04-21,Feyenoord,Nijmegen,3.0,0.0,1.32,4.25,7.5,,,,,,,,
2001-04-21,Groningen,Roosendaal,2.0,0.0,1.5,3.6,5.6,,,,,,,,
2001-04-21,Heerenveen,For Sittard,6.0,1.0,1.55,3.5,5.2,,,,,,,,
2001-04-21,NAC Breda,AZ Alkmaar,0.0,0.0,1.75,3.3,4.05,,,,,,,,
2001-04-21,Roda JC,Sparta,1.0,0.0,1.37,4.0,7.0,,,,,,,,
2001-04-27,Ajax,NAC Breda,1.0,0.0,1.31,4.3,7.65,,,,,,,,
2001-04-28,For Sittard,Groningen,1.0,1.0,1.95,3.2,3.35,,,,,,,,
2001-04-28,Sparta,Heerenveen,1.0,3.0,2.5,3.2,2.4,,,,,,,,
2001-04-28,Twente,AZ Alkmaar,1.0,0.0,1.82,3.3,3.7,,,,,,,,
2001-04-28,Vitesse,Graafschap,2.0,1.0,1.42,3.75,6.5,,,,,,,,
2001-04-28,Willem II,PSV Eindhoven,1.0,1.0,3.55,3.25,1.85,,,,,,,,
2001-04-29,Nijmegen,Waalwijk,5.0,1.0,2.42,3.0,2.65,,,,,,,,
2001-04-29,Roosendaal,Utrecht,1.0,2.0,3.7,3.3,1.8,,,,,,,,
2001-04-29,Roda JC,Feyenoord,1.0,0.0,2.45,3.2,2.55,,,,,,,,
2001-05-02,Heerenveen,Utrecht,1.0,2.0,1.82,3.3,3.7,,,,,,,,
2001-05-03,Waalwijk,Ajax,2.0,2.0,2.65,3.25,2.3,,,,,,,,
2001-05-05,AZ Alkmaar,Willem II,2.0,3.0,2.11,3.2,2.9,,,,,,,,
2001-05-05,Twente,Roosendaal,4.0,1.0,1.35,4.1,7.25,,,,,,,,
2001-05-05,Vitesse,Roda JC,1.0,1.0,2.1,3.1,3.1,,,,,,,,
2001-05-06,Graafschap,Nijmegen,2.0,1.0,1.85,3.25,3.6,,,,,,,,
2001-05-06,Feyenoord,For Sittard,2.0,3.0,1.25,4.6,9.0,,,,,,,,
2001-05-06,Groningen,Sparta,1.0,1.0,1.75,3.25,4.1,,,,,,,,
2001-05-06,NAC Breda,Utrecht,0.0,0.0,2.3,3.15,2.65,,,,,,,,
2001-05-06,PSV Eindhoven,Heerenveen,3.0,0.0,1.38,4.0,6.75,,,,,,,,
2001-05-11,For Sittard,Twente,0.0,2.0,1.8,3.45,3.65,,,,,,,,
2001-05-11,Roosendaal,PSV Eindhoven,1.0,2.0,6.5,3.9,1.4,,,,,,,,
2001-05-12,Graafschap,Waalwijk,0.0,1.0,2.37,3.2,2.6,,,,,,,,
2001-05-12,Heerenveen,Vitesse,0.0,0.0,2.35,3.2,2.65,,,,,,,,
2001-05-12,Willem II,Groningen,3.0,0.0,1.7,3.5,3.9,,,,,,,,
2001-05-13,Ajax,Feyenoord,3.0,4.0,1.87,3.15,3.6,,,,,,,,
2001-05-13,Nijmegen,NAC Breda,0.0,2.0,2.1,3.1,3.05,,,,,,,,
2001-05-13,Sparta,AZ Alkmaar,0.0,3.0,2.2,3.2,2.8,,,,,,,,
2001-05-13,Utrecht,Roda JC,3.0,0.0,2.27,3.1,2.77,,,,,,,,
2001-05-17,Ajax,Vitesse,1.0,2.0,1.55,3.55,4.85,,,,,,,,
2001-05-20,AZ Alkmaar,Heerenveen,2.0,2.0,2.3,3.1,2.68,,,,,,,,
2001-05-20,Feyenoord,Utrecht,2.0,2.0,1.55,3.6,5.0,,,,,,,,
2001-05-20,Groningen,Waalwijk,1.0,2.0,2.45,3.1,2.55,,,,,,,,
2001-05-20,NAC Breda,Sparta,2.0,0.0,1.63,3.5,4.45,,,,,,,,
2001-05-20,PSV Eindhoven,Graafschap,3.0,2.0,1.32,4.4,7.6,,,,,,,,
2001-05-20,Roda JC,Nijmegen,4.0,1.0,1.25,4.6,7.7,,,,,,,,
2001-05-20,Twente,Ajax,1.0,3.0,3.55,3.4,1.8,,,,,,,,
2001-05-20,Vitesse,For Sittard,3.0,0.0,1.52,3.85,4.9,,,,,,,,
2001-05-20,Willem II,Roosendaal,3.0,0.0,1.3,4.45,7.3,,,,,,,,
2001-05-27,Ajax,AZ Alkmaar,5.0,1.0,1.17,5.4,11.1,,,,,,,,
2001-05-27,Heerenveen,Twente,1.0,1.0,1.7,3.4,3.9,,,,,,,,
2001-05-27,Nijmegen,PSV Eindhoven,2.0,4.0,3.65,3.25,1.83,,,,,,,,
2001-05-27,Roosendaal,Feyenoord,0.0,1.0,4.85,3.5,1.57,,,,,,,,
2001-05-27,Waalwijk,Roda JC,3.0,2.0,2.2,3.2,2.6,,,,,,,,
2001-05-27,Sparta,Vitesse,2.0,2.0,5.25,4.0,1.44,,,,,,,,
2001-05-27,Utrecht,Groningen,6.0,0.0,1.27,4.7,7.75,,,,,,,,
2001-05-31,Graafschap,NAC Breda,1.0,1.0,1.67,3.0,4.75,,,,,,,,
2001-05-31,For Sittard,Willem II,4.0,1.0,1.75,3.65,3.5,,,,,,,,
2001-08-17,Twente,Waalwijk,1.0,0.0,,,,,,,,,,,
2001-08-18,Graafschap,AZ Alkmaar,3.0,0.0,,,,,,,,,,,
2001-08-18,Den Bosch,Heerenveen,0.0,0.0,,,,,,,,,,,
2001-08-18,Groningen,PSV Eindhoven,2.0,2.0,,,,,,,,,,,
2001-08-18,NAC Breda,Utrecht,1.0,0.0,,,,,,,,,,,
2001-08-19,Ajax,Roda JC,1.0,1.0,,,,,,,,,,,
2001-08-19,Feyenoord,Sparta,5.0,0.0,,,,,,,,,,,
2001-08-19,For Sittard,Vitesse,0.0,0.0,,,,,,,,,,,
2001-08-19,Willem II,Nijmegen,3.0,1.0,,,,,,,,,,,
2001-08-21,NAC Breda,Twente,3.0,3.0,,,,,,,,,,,
2001-08-22,For Sittard,Graafschap,2.0,1.0,,,,,,,,,,,
2001-08-22,Groningen,Willem II,1.0,0.0,,,,,,,,,,,
2001-08-22,Nijmegen,Waalwijk,1.0,0.0,,,,,,,,,,,
2001-08-22,PSV Eindhoven,Den Bosch,3.0,2.0,,,,,,,,,,,
2001-08-22,Roda JC,Feyenoord,0.0,2.0,,,,,,,,,,,
2001-08-22,Sparta,Utrecht,3.0,1.0,,,,,,,,,,,
2001-08-22,Vitesse,AZ Alkmaar,1.0,0.0,,,,,,,,,,,
2001-08-24,Heerenveen,NAC Breda,5.0,0.0,,,,,,,,,,,
2001-08-25,AZ Alkmaar,Sparta,3.0,0.0,,,,,,,,,,,
2001-08-25,Graafschap,Nijmegen,1.0,1.0,,,,,,,,,,,
2001-08-25,Twente,Roda JC,3.0,0.0,,,,,,,,,,,
2001-08-25,Vitesse,Utrecht,1.0,0.0,,,,,,,,,,,
2001-08-25,Willem II,PSV Eindhoven,3.0,1.0,,,,,,,,,,,
2001-08-26,Den Bosch,For Sittard,4.0,0.0,,,,,,,,,,,
2001-08-26,Feyenoord,Ajax,1.0,2.0,,,,,,,,,,,
2001-08-26,Waalwijk,Groningen,4.0,0.0,,,,,,,,,,,
2001-09-07,Heerenveen,Vitesse,1.0,1.0,,,,,,,,,,,
2001-09-08,AZ Alkmaar,NAC Breda,2.0,1.0,,,,,,,,,,,
2001-09-08,Nijmegen,Feyenoord,0.0,3.0,,,,,,,,,,,
2001-09-08,PSV Eindhoven,For Sittard,3.0,0.0,,,,,,,,,,,
2001-09-08,Roda JC,Graafschap,0.0,1.0,,,,,,,,,,,
2001-09-08,Twente,Ajax,0.0,2.0,,,,,,,,,,,
2001-09-09,Sparta,Waalwijk,0.0,0.0,,,,,,,,,,,
2001-09-09,Utrecht,Groningen,3.0,1.0,,,,,,,,,,,
2001-09-09,Willem II,Den Bosch,1.0,1.0,,,,,,,,,,,
2001-09-14,For Sittard,Willem II,1.0,2.0,,,,,,,,,,,
2001-09-15,Feyenoord,Graafschap,2.0,0.0,,,,,,,,,,,
2001-09-15,NAC Breda,PSV Eindhoven,2.0,0.0,,,,,,,,,,,
2001-09-15,Vitesse,Sparta,1.0,1.0,,,,,,,,,,,
2001-09-16,Ajax,AZ Alkmaar,1.0,0.0,,,,,,,,,,,
2001-09-16,Den Bosch,Nijmegen,2.0,1.0,,,,,,,,,,,
2001-09-16,Groningen,Twente,3.0,0.0,,,,,,,,,,,
2001-09-16,Waalwijk,Heerenveen,2.0,1.0,,,,,,,,,,,
2001-09-16,Utrecht,Roda JC,4.0,1.0,,,,,,,,,,,
2001-09-21,Roda JC,Den Bosch,4.0,1.0,,,,,,,,,,,
2001-09-22,Heerenveen,PSV Eindhoven,4.0,1.0,,,,,,,,,,,
2001-09-22,Waalwijk,For Sittard,1.0,0.0,,,,,,,,,,,
2001-09-23,Ajax,Sparta,3.0,0.0,,,,,,,,,,,
2001-09-23,AZ Alkmaar,Utrecht,1.0,0.0,,,,,,,,,,,
2001-09-23,Graafschap,Vitesse,0.0,2.0,,,,,,,,,,,
2001-09-23,Nijmegen,Groningen,1.0,0.0,,,,,,,,,,,
2001-09-28,Graafschap,NAC Breda,4.0,2.0,,,,,,,,,,,
2001-09-29,For Sittard,Nijmegen,2.0,2.0,,,,,,,,,,,
2001-09-29,PSV Eindhoven,Vitesse,0.0,2.0,,,,,,,,,,,
2001-09-29,Willem II,AZ Alkmaar,2.0,2.0,,,,,,,,,,,
2001-09-30,Den Bosch,Feyenoord,0.0,0.0,,,,,,,,,,,
2001-09-30,Groningen,Ajax,1.0,4.0,,,,,,,,,,,
2001-09-30,Roda JC,Heerenveen,0.0,2.0,,,,,,,,,,,
2001-09-30,Sparta,Twente,1.0,1.0,,,,,,,,,,,
2001-09-30,Utrecht,Waalwijk,2.0,1.0,,,,,,,,,,,
2001-10-07,Sparta,Den Bosch,1.0,1.0,,,,,,,,,,,
2001-10-09,AZ Alkmaar,PSV Eindhoven,1.0,1.0,,,,,,,,,,,
2001-10-09,NAC Breda,Roda JC,2.0,1.0,,,,,,,,,,,
2001-10-09,Waalwijk,Graafschap,2.0,0.0,,,,,,,,,,,
2001-10-09,Twente,Willem II,0.0,0.0,,,,,,,,,,,
2001-10-10,Ajax,Nijmegen,5.0,0.0,,,,,,,,,,,
2001-10-10,Heerenveen,Utrecht,1.0,2.0,,,,,,,,,,,
2001-10-12,Roda JC,PSV Eindhoven,0.0,1.0,,,,,,,,,,,
2001-10-13,For Sittard,Sparta,3.0,4.0,,,,,,,,,,,
2001-10-13,Heerenveen,AZ Alkmaar,2.0,1.0,,,,,,,,,,,
2001-10-13,Waalwijk,Ajax,0.0,2.0,,,,,,,,,,,
2001-10-14,Graafschap,Twente,4.0,2.0,,,,,,,,,,,
2001-10-14,Feyenoord,Groningen,1.0,0.0,,,,,,,,,,,
2001-10-14,NAC Breda,Den Bosch,0.0,0.0,,,,,,,,,,,
2001-10-14,Nijmegen,Vitesse,1.0,0.0,,,,,,,,,,,
2001-10-14,Utrecht,Willem II,3.0,1.0,,,,,,,,,,,
2001-10-17,NAC Breda,Willem II,1.0,1.0,,,,,,,,,,,
2001-10-17,Vitesse,Groningen,1.0,0.0,1.33,4.3,7.55,,,,,,,,
2001-10-20,AZ Alkmaar,Feyenoord,1.0,3.0,3.05,3.15,2.1,,,,,,,,
2001-10-20,PSV Eindhoven,Graafschap,4.0,0.0,1.3,4.25,8.0,,,,,,,,
2001-10-20,Sparta,Roda JC,0.0,3.0,2.1,3.15,3.05,,,,,,,,
2001-10-20,Vitesse,NAC Breda,1.0,0.0,1.44,3.75,6.15,,,,,,,,
2001-10-20,Willem II,Waalwijk,3.0,1.0,1.85,3.2,3.7,,,,,,,,
2001-10-21,Den Bosch,Utrecht,1.0,1.0,2.2,3.15,2.85,,,,,,,,
2001-10-21,Groningen,Heerenveen,1.0,1.0,2.48,3.15,2.48,,,,,,,,
2001-10-21,Nijmegen,Twente,2.0,0.0,2.15,3.15,2.95,,,,,,,,
2001-10-24,Heerenveen,Ajax,5.0,1.0,,,,,,,,,,,
2001-10-26,Roda JC,Nijmegen,0.0,0.0,1.55,3.65,5.0,,,,,,,,
2001-10-27,AZ Alkmaar,For Sittard,3.0,0.0,1.55,3.5,5.25,,,,,,,,
2001-10-27,Heerenveen,Graafschap,1.0,0.0,1.55,3.6,4.9,,,,,,,,
2001-10-27,PSV Eindhoven,Waalwijk,2.0,0.0,1.35,4.15,7.0,,,,,,,,
2001-10-27,Twente,Vitesse,0.0,0.0,2.45,3.1,2.55,,,,,,,,
2001-10-28,Ajax,Willem II,4.0,1.0,1.35,4.2,7.0,,,,,,,,
2001-10-28,Feyenoord,Utrecht,4.0,0.0,1.38,4.0,6.75,,,,,,,,
2001-10-28,Groningen,Den Bosch,2.0,0.0,2.0,3.2,3.25,,,,,,,,
2001-10-30,Sparta,NAC Breda,2.0,3.0,2.2,3.25,2.75,,,,,,,,
2001-11-02,Willem II,Vitesse,1.0,1.0,2.35,3.2,2.6,,,,,,,,
2001-11-03,For Sittard,Heerenveen,1.0,0.0,3.25,3.3,1.95,,,,,,,,
2001-11-03,Nijmegen,AZ Alkmaar,1.0,0.0,1.85,3.3,3.6,,,,,,,,
2001-11-03,Waalwijk,Den Bosch,3.0,3.0,1.7,3.4,4.2,,,,,,,,
2001-11-03,Sparta,PSV Eindhoven,2.0,1.0,4.4,3.5,1.65,,,,,,,,
2001-11-04,Graafschap,Ajax,1.0,1.0,4.0,3.5,1.7,,,,,,,,
2001-11-04,NAC Breda,Feyenoord,2.0,1.0,3.4,3.3,1.9,,,,,,,,
2001-11-04,Roda JC,Groningen,3.0,1.0,1.7,3.4,4.25,,,,,,,,
2001-11-04,Utrecht,Twente,1.0,1.0,1.7,3.4,4.2,,,,,,,,
2001-11-16,Heerenveen,Sparta,3.0,0.0,1.35,4.2,7.0,,,,,,,,
2001-11-17,AZ Alkmaar,Waalwijk,0.0,1.0,1.85,3.3,3.6,,,,,,,,
2001-11-17,Den Bosch,Twente,1.0,3.0,2.2,3.1,2.9,,,,,,,,
2001-11-17,Feyenoord,Vitesse,3.0,2.0,1.6,3.6,4.6,,,,,,,,
2001-11-17,PSV Eindhoven,Nijmegen,3.0,1.0,1.32,4.3,7.6,,,,,,,,
2001-11-17,Willem II,Roda JC,1.0,1.0,1.8,3.3,3.8,,,,,,,,
2001-11-18,Ajax,NAC Breda,1.0,3.0,1.25,4.8,8.7,,,,,,,,
2001-11-18,Groningen,For Sittard,4.0,2.0,1.7,3.35,4.25,,,,,,,,
2001-11-18,Utrecht,Graafschap,6.0,0.0,1.57,3.6,4.85,,,,,,,,
2001-11-23,AZ Alkmaar,Den Bosch,3.0,2.0,1.7,3.3,4.25,,,,,,,,
2001-11-24,Graafschap,Sparta,3.0,0.0,1.8,3.25,3.9,,,,,,,,
2001-11-24,For Sittard,Waalwijk,1.0,4.0,2.45,3.2,2.5,,,,,,,,
2001-11-24,NAC Breda,Groningen,5.0,0.0,1.55,3.6,5.0,,,,,,,,
2001-11-24,Twente,Heerenveen,0.0,0.0,2.3,3.2,2.7,,,,,,,,
2001-11-24,Vitesse,Roda JC,2.0,0.0,1.5,3.6,5.6,,,,,,,,
2001-11-25,Ajax,PSV Eindhoven,1.0,3.0,2.05,3.2,3.1,,,,,,,,
2001-11-25,Feyenoord,Willem II,3.0,1.0,1.4,4.0,6.5,,,,,,,,
2001-11-25,Nijmegen,Utrecht,0.0,3.0,2.0,3.2,3.2,,,,,,,,
2001-11-27,Den Bosch,Graafschap,3.0,1.0,2.0,3.2,3.2,,,,,,,,
2001-11-27,Groningen,AZ Alkmaar,0.0,1.0,1.92,3.3,3.35,,,,,,,,
2001-11-28,Ajax,Twente,3.0,2.0,1.34,4.15,7.1,,,,,,,,
2001-11-28,Nijmegen,NAC Breda,1.0,3.0,2.35,3.2,2.6,,,,,,,,
2001-11-28,Waalwijk,Feyenoord,2.0,3.0,3.05,3.25,2.05,,,,,,,,
2001-11-28,Roda JC,For Sittard,1.0,0.0,1.5,3.75,5.4,,,,,,,,
2001-11-28,Sparta,Willem II,3.0,2.0,2.5,3.2,2.45,,,,,,,,
2001-11-28,Utrecht,PSV Eindhoven,3.0,3.0,2.75,3.3,2.2,,,,,,,,
2001-11-30,Graafschap,Groningen,1.0,2.0,1.75,3.5,3.8,,,,,,,,
2001-12-01,Heerenveen,Feyenoord,1.0,0.0,2.42,3.3,2.47,,,,,,,,
2001-12-01,PSV Eindhoven,AZ Alkmaar,3.0,0.0,1.25,4.8,8.7,,,,,,,,
2001-12-01,Waalwijk,Roda JC,3.0,0.0,1.75,3.5,3.8,,,,,,,,
2001-12-01,Twente,For Sittard,1.0,1.0,1.5,3.7,5.5,,,,,,,,
2001-12-02,Sparta,Nijmegen,0.0,0.0,2.1,3.3,2.9,,,,,,,,
2001-12-02,Utrecht,Vitesse,3.0,1.0,2.0,3.3,3.2,,,,,,,,
2001-12-02,Willem II,NAC Breda,2.0,2.0,2.0,3.3,3.15,,,,,,,,
2001-12-04,Ajax,For Sittard,4.0,0.0,1.15,5.65,11.5,,,,,,,,
2001-12-07,For Sittard,Den Bosch,1.0,3.0,2.1,3.3,2.9,,,,,,,,
2001-12-07,Vitesse,Graafschap,2.0,1.0,1.4,3.9,6.5,,,,,,,,
2001-12-08,AZ Alkmaar,Roda JC,1.0,2.0,1.85,3.25,3.65,,,,,,,,
2001-12-08,NAC Breda,Waalwijk,0.0,1.0,1.7,3.4,4.15,,,,,,,,
2001-12-08,Willem II,Heerenveen,2.0,2.0,2.35,3.1,2.65,,,,,,,,
2001-12-09,Feyenoord,Nijmegen,5.0,0.0,1.25,4.8,9.0,,,,,,,,
2001-12-09,Groningen,Sparta,0.0,0.0,1.8,3.3,3.8,,,,,,,,
2001-12-09,PSV Eindhoven,Twente,1.0,0.0,1.33,4.25,7.25,,,,,,,,
2001-12-14,For Sittard,NAC Breda,2.0,3.0,3.35,3.2,1.95,,,,,,,,
2001-12-15,Graafschap,Willem II,1.0,1.0,2.27,3.2,2.75,,,,,,,,
2001-12-15,Den Bosch,Vitesse,4.0,1.0,2.85,3.2,2.18,,,,,,,,
2001-12-15,Roda JC,Ajax,1.0,1.0,3.25,3.25,2.0,,,,,,,,
2001-12-15,Twente,AZ Alkmaar,0.0,0.0,1.82,3.4,3.6,,,,,,,,
2001-12-16,Feyenoord,PSV Eindhoven,0.0,0.0,2.05,3.3,3.1,,,,,,,,
2001-12-16,Groningen,Utrecht,2.0,2.0,2.52,3.2,2.47,,,,,,,,
2001-12-16,Nijmegen,Heerenveen,1.0,0.0,2.85,3.3,2.12,,,,,,,,
2001-12-16,Waalwijk,Sparta,1.0,1.0,1.55,3.7,5.0,,,,,,,,
2001-12-19,Ajax,Vitesse,5.0,1.0,1.57,3.6,5.0,,,,,,,,
2001-12-19,For Sittard,Utrecht,3.0,3.0,3.15,3.3,2.0,,,,,,,,
2001-12-19,Heerenveen,Den Bosch,2.0,0.0,1.45,3.8,6.2,,,,,,,,
2001-12-19,Twente,Feyenoord,3.0,2.0,3.55,3.3,1.88,,,,,,,,
2001-12-22,NAC Breda,Heerenveen,2.0,1.0,2.2,3.15,2.85,,,,,,,,
2001-12-22,PSV Eindhoven,Groningen,8.0,0.0,1.2,5.25,10.0,,,,,,,,
2001-12-22,Vitesse,Waalwijk,1.0,1.0,1.63,3.45,4.6,,,,,,,,
2001-12-22,Willem II,Twente,3.0,3.0,1.9,3.3,3.4,,,,,,,,
2001-12-23,Nijmegen,Roda JC,1.0,0.0,2.25,3.15,2.75,,,,,,,,
2001-12-23,Utrecht,Ajax,3.0,1.0,2.55,3.15,2.43,,,,,,,,
2002-01-25,Sparta,Heerenveen,1.0,4.0,2.75,3.1,2.3,,,,,,,,
2002-01-26,AZ Alkmaar,Groningen,3.0,2.0,1.67,3.4,4.4,,,,,,,,
2002-01-26,Graafschap,For Sittard,5.0,0.0,1.63,3.5,4.5,,,,,,,,
2002-01-26,PSV Eindhoven,NAC Breda,3.0,1.0,1.4,3.9,6.5,,,,,,,,
2002-01-26,Roda JC,Twente,2.0,1.0,2.02,3.15,3.25,,,,,,,,
2002-01-27,Den Bosch,Ajax,0.0,1.0,4.0,3.3,1.75,,,,,,,,
2002-01-27,Waalwijk,Willem II,0.0,1.0,1.82,3.25,3.8,,,,,,,,
2002-01-27,Utrecht,Feyenoord,2.0,2.0,2.6,3.05,2.45,,,,,,,,
2002-01-27,Vitesse,Nijmegen,2.0,1.0,1.55,3.6,5.1,,,,,,,,
2002-01-31,Willem II,Groningen,3.0,1.0,1.6,3.5,4.7,,,,,,,,
2002-02-01,Nijmegen,Sparta,1.0,1.0,1.65,3.5,4.3,,,,,,,,
2002-02-02,AZ Alkmaar,Vitesse,0.0,0.0,2.25,3.35,2.62,,,,,,,,
2002-02-02,Den Bosch,Waalwijk,1.0,0.0,2.25,3.35,2.62,,,,,,,,
2002-02-02,For Sittard,PSV Eindhoven,0.0,1.0,6.3,3.85,1.42,,,,,,,,
2002-02-02,Twente,Graafschap,0.0,0.0,1.6,3.5,4.7,,,,,,,,
2002-02-03,Feyenoord,Roda JC,5.0,0.0,1.32,4.3,7.45,,,,,,,,
2002-02-03,Groningen,NAC Breda,3.0,0.0,2.5,3.35,2.35,,,,,,,,
2002-02-03,Utrecht,Heerenveen,0.0,0.0,1.92,3.25,3.4,,,,,,,,
2002-02-03,Willem II,Ajax,1.0,3.0,3.18,3.3,1.98,,,,,,,,
2002-02-05,Waalwijk,PSV Eindhoven,2.0,1.0,3.75,3.35,1.81,,,,,,,,
2002-02-06,Feyenoord,For Sittard,1.0,0.0,1.15,6.0,11.5,,,,,,,,
2002-02-06,NAC Breda,Sparta,2.0,2.0,1.45,3.75,6.0,,,,,,,,
2002-02-06,Roda JC,Utrecht,1.0,0.0,2.25,3.3,2.65,,,,,,,,
2002-02-08,Twente,Den Bosch,4.0,0.0,1.75,3.25,4.1,,,,,,,,
2002-02-09,AZ Alkmaar,Heerenveen,0.0,2.0,2.45,3.15,2.52,,,,,,,,
2002-02-09,Sparta,Graafschap,1.0,3.0,1.92,3.3,3.35,,,,,,,,
2002-02-09,Vitesse,For Sittard,1.0,1.0,1.22,4.95,9.7,,,,,,,,
2002-02-10,Ajax,Waalwijk,3.0,1.0,1.32,4.3,7.5,,,,,,,,
2002-02-10,Groningen,Feyenoord,0.0,1.0,4.2,3.4,1.7,,,,,,,,
2002-02-10,Utrecht,Nijmegen,1.0,4.0,1.44,4.0,5.7,,,,,,,,
2002-02-15,Den Bosch,Sparta,1.0,1.0,1.7,3.35,4.22,,,,,,,,
2002-02-16,Graafschap,Roda JC,2.0,1.0,2.1,3.3,2.9,,,,,,,,
2002-02-16,Heerenveen,Willem II,3.0,0.0,1.56,3.55,5.0,,,,,,,,
2002-02-16,Nijmegen,PSV Eindhoven,0.0,4.0,3.65,3.4,1.8,,,,,,,,
2002-02-17,AZ Alkmaar,Ajax,0.0,0.0,4.1,3.45,1.7,,,,,,,,
2002-02-17,Twente,NAC Breda,1.0,2.0,2.12,3.2,2.95,,,,,,,,
2002-02-17,Vitesse,Feyenoord,2.0,1.0,2.7,3.25,2.25,,,,,,,,
2002-02-20,Den Bosch,Groningen,1.0,4.0,1.7,3.4,4.2,,,,,,,,
2002-02-20,Sparta,AZ Alkmaar,0.0,4.0,2.1,3.2,3.0,,,,,,,,
2002-02-23,Roda JC,Willem II,2.0,0.0,2.02,3.2,3.2,,,,,,,,
2002-02-23,Vitesse,Den Bosch,1.0,1.0,1.48,3.65,5.85,,,,,,,,
2002-02-24,Feyenoord,Twente,1.0,2.0,1.3,4.35,7.9,,,,,,,,
2002-02-24,NAC Breda,Ajax,0.0,1.0,3.1,3.2,2.05,,,,,,,,
2002-02-24,PSV Eindhoven,Utrecht,4.0,0.0,1.38,4.0,6.85,,,,,,,,
2002-02-24,Waalwijk,AZ Alkmaar,3.0,2.0,1.7,3.4,4.2,,,,,,,,
2002-02-27,For Sittard,Ajax,1.0,1.0,6.5,3.9,1.42,,,,,,,,
2002-03-01,NAC Breda,AZ Alkmaar,3.0,1.0,1.65,3.4,4.65,,,,,,,,
2002-03-02,Graafschap,Den Bosch,0.0,1.0,1.8,3.25,4.0,,,,,,,,
2002-03-02,Willem II,Utrecht,4.0,2.0,2.15,3.1,3.05,,,,,,,,
2002-03-03,Ajax,Feyenoord,1.0,1.0,1.93,3.2,3.5,,,,,,,,
2002-03-03,Groningen,Waalwijk,1.0,1.0,2.4,3.1,2.65,,,,,,,,
2002-03-03,Sparta,For Sittard,0.0,0.0,1.68,3.4,4.4,,,,,,,,
2002-03-03,Twente,Nijmegen,2.0,0.0,1.8,3.3,3.8,,,,,,,,
2002-03-04,Roda JC,Vitesse,0.0,2.0,2.4,3.05,2.7,,,,,,,,
2002-03-08,Utrecht,Sparta,4.0,2.0,1.53,3.6,5.25,,,,,,,,
2002-03-09,Den Bosch,NAC Breda,1.0,2.0,2.45,3.1,2.55,,,,,,,,
2002-03-09,For Sittard,Groningen,0.0,1.0,2.33,3.1,2.7,,,,,,,,
2002-03-09,Heerenveen,Waalwijk,2.0,0.0,1.55,3.5,5.2,,,,,,,,
2002-03-09,PSV Eindhoven,Roda JC,4.0,1.0,1.3,4.5,7.85,,,,,,,,
2002-03-09,Vitesse,Twente,2.0,0.0,1.68,3.35,4.4,,,,,,,,
2002-03-10,Ajax,Graafschap,4.0,0.0,1.23,5.0,9.25,,,,,,,,
2002-03-10,Feyenoord,AZ Alkmaar,4.0,1.0,1.26,4.65,9.0,,,,,,,,
2002-03-10,Nijmegen,Willem II,3.0,0.0,2.03,3.1,3.25,,,,,,,,
2002-03-13,Heerenveen,For Sittard,3.0,1.0,1.21,5.25,10.0,,,,,,,,
2002-03-13,Nijmegen,Graafschap,3.0,1.0,1.8,3.25,3.9,,,,,,,,
2002-03-15,Roda JC,NAC Breda,1.0,1.0,2.15,3.15,2.95,,,,,,,,
2002-03-16,AZ Alkmaar,Graafschap,2.0,1.0,1.82,3.25,3.8,,,,,,,,
2002-03-16,Willem II,Sparta,4.0,0.0,1.6,3.45,4.85,,,,,,,,
2002-03-17,Ajax,Heerenveen,2.0,0.0,1.52,3.6,5.3,,,,,,,,
2002-03-17,Feyenoord,Den Bosch,3.0,0.0,1.24,4.8,9.25,,,,,,,,
2002-03-17,Waalwijk,Nijmegen,2.0,1.0,1.75,3.35,4.0,,,,,,,,
2002-03-17,Twente,Groningen,0.0,1.0,1.64,3.45,4.5,,,,,,,,
2002-03-17,Utrecht,For Sittard,3.0,0.0,1.32,4.25,8.0,,,,,,,,
2002-03-17,Vitesse,PSV Eindhoven,0.0,0.0,2.7,3.1,2.33,,,,,,,,
2002-03-22,For Sittard,AZ Alkmaar,0.0,1.0,3.05,3.25,2.05,,,,,,,,
2002-03-23,Den Bosch,Willem II,1.0,2.0,2.15,3.1,2.95,,,,,,,,
2002-03-23,Heerenveen,Nijmegen,4.0,0.0,1.38,3.85,7.2,,,,,,,,
2002-03-23,NAC Breda,Vitesse,3.0,3.0,2.1,3.15,3.0,,,,,,,,
2002-03-24,Graafschap,Utrecht,0.0,0.0,2.3,3.15,2.7,,,,,,,,
2002-03-24,Groningen,Roda JC,0.0,2.0,2.0,3.15,3.25,,,,,,,,
2002-03-24,PSV Eindhoven,Ajax,1.0,1.0,1.9,3.1,3.65,,,,,,,,
2002-03-24,Waalwijk,Twente,3.0,1.0,1.83,3.2,3.8,,,,,,,,
2002-03-24,Sparta,Feyenoord,0.0,5.0,6.15,3.85,1.42,,,,,,,,
2002-03-30,AZ Alkmaar,Twente,0.0,2.0,1.9,3.3,3.4,,,,,,,,
2002-03-30,NAC Breda,Graafschap,1.0,0.0,1.45,3.8,5.9,,,,,,,,
2002-03-30,Nijmegen,For Sittard,3.0,1.0,1.35,4.1,7.15,,,,,,,,
2002-03-30,Roda JC,Sparta,3.0,0.0,1.5,3.7,5.3,,,,,,,,
2002-03-31,Feyenoord,Waalwijk,1.0,1.0,1.25,4.65,9.05,,,,,,,,
2002-03-31,Vitesse,Ajax,3.0,1.0,2.45,3.25,2.45,,,,,,,,
2002-04-01,PSV Eindhoven,Heerenveen,4.0,1.0,1.55,3.5,5.15,,,,,,,,
2002-04-01,Utrecht,Den Bosch,3.0,1.0,1.5,3.65,5.45,,,,,,,,
2002-04-03,Ajax,Groningen,4.0,3.0,1.18,5.5,10.0,,,,,,,,
2002-04-05,Twente,Sparta,2.0,0.0,1.35,4.25,6.8,,,,,,,,
2002-04-06,Graafschap,Waalwijk,3.0,1.0,2.1,3.25,2.95,,,,,,,,
2002-04-06,Roda JC,AZ Alkmaar,0.0,0.0,1.75,3.25,4.1,,,,,,,,
2002-04-06,Vitesse,Heerenveen,0.0,0.0,1.9,3.2,3.4,,,,,,,,
2002-04-06,Willem II,For Sittard,3.0,0.0,1.25,4.6,9.7,,,,,,,,
2002-04-07,Den Bosch,PSV Eindhoven,0.0,1.0,5.7,3.55,1.5,,,,,,,,
2002-04-07,Feyenoord,NAC Breda,0.0,0.0,1.35,4.0,7.5,,,,,,,,
2002-04-07,Groningen,Nijmegen,2.0,2.0,1.75,3.35,4.0,,,,,,,,
2002-04-13,AZ Alkmaar,Willem II,2.0,2.0,1.85,3.3,3.6,,,,,,,,
2002-04-13,Graafschap,Heerenveen,1.0,2.0,2.85,3.2,2.15,,,,,,,,
2002-04-13,Den Bosch,Roda JC,3.0,1.0,2.2,3.2,2.8,,,,,,,,
2002-04-13,For Sittard,Twente,2.0,0.0,4.3,3.6,1.6,,,,,,,,
2002-04-13,NAC Breda,Nijmegen,1.0,3.0,1.4,3.6,6.5,,,,,,,,
2002-04-14,Groningen,Vitesse,0.0,1.0,,,,,,,,,,,
2002-04-14,PSV Eindhoven,Feyenoord,2.0,0.0,1.9,3.15,3.5,,,,,,,,
2002-04-14,Waalwijk,Utrecht,1.0,2.0,1.9,3.2,3.5,,,,,,,,
2002-04-14,Sparta,Ajax,0.0,4.0,7.5,4.4,1.31,,,,,,,,
2002-04-19,For Sittard,Feyenoord,1.0,2.0,7.8,4.6,1.3,,,,,,,,
2002-04-20,Heerenveen,Roda JC,0.0,0.0,1.35,4.1,6.6,,,,,,,,
2002-04-20,Waalwijk,NAC Breda,4.0,1.0,2.3,3.3,2.6,,,,,,,,
2002-04-20,Sparta,Vitesse,0.0,1.0,5.8,3.8,1.47,,,,,,,,
2002-04-20,Twente,PSV Eindhoven,1.0,1.0,4.6,3.65,1.6,,,,,,,,
2002-04-20,Willem II,Graafschap,2.0,2.0,1.8,3.6,3.5,,,,,,,,
2002-04-21,Ajax,Utrecht,1.0,0.0,1.25,5.1,8.4,,,,,,,,
2002-04-21,Nijmegen,Den Bosch,2.0,1.0,1.88,3.4,3.4,,,,,,,,
2002-04-24,Heerenveen,Groningen,2.0,0.0,1.35,4.2,7.3,,,,,,,,
2002-04-24,PSV Eindhoven,Willem II,6.0,0.0,1.2,5.35,10.0,,,,,,,,
2002-04-24,Utrecht,AZ Alkmaar,3.0,2.0,1.6,3.5,4.6,,,,,,,,
2002-04-25,Graafschap,Feyenoord,1.0,0.0,5.0,3.6,1.52,,,,,,,,
2002-04-28,Ajax,Den Bosch,2.0,0.0,1.15,6.0,11.0,,,,,,,,
2002-04-28,AZ Alkmaar,Nijmegen,5.0,0.0,1.77,3.3,3.9,,,,,,,,
2002-04-28,Feyenoord,Heerenveen,3.0,2.0,1.47,3.8,5.5,,,,,,,,
2002-04-28,Groningen,Graafschap,2.0,0.0,1.83,3.3,3.6,,,,,,,,
2002-04-28,NAC Breda,For Sittard,3.0,1.0,1.25,4.85,8.25,,,,,,,,
2002-04-28,PSV Eindhoven,Sparta,3.0,0.0,1.1,6.75,14.0,,,,,,,,
2002-04-28,Roda JC,Waalwijk,1.0,0.0,1.75,3.4,3.85,,,,,,,,
2002-04-28,Twente,Utrecht,2.0,0.0,1.9,3.25,3.4,,,,,,,,
2002-04-28,Vitesse,Willem II,4.0,2.0,1.33,4.3,7.0,,,,,,,,
2002-05-05,Graafschap,PSV Eindhoven,2.0,2.0,4.6,3.5,1.6,,,,,,,,
2002-05-05,Den Bosch,AZ Alkmaar,0.0,1.0,1.55,3.7,4.7,,,,,,,,
2002-05-05,For Sittard,Roda JC,0.0,0.0,3.15,3.2,2.0,,,,,,,,
2002-05-05,Heerenveen,Twente,0.0,0.0,1.42,3.9,6.0,,,,,,,,
2002-05-05,Nijmegen,Ajax,0.0,2.0,6.75,3.2,1.5,,,,,,,,
2002-05-05,Waalwijk,Vitesse,3.0,2.0,2.5,3.15,2.45,,,,,,,,
2002-05-05,Sparta,Groningen,0.0,0.0,4.4,2.7,1.8,,,,,,,,
2002-05-05,Utrecht,NAC Breda,0.0,0.0,1.9,3.2,3.45,,,,,,,,
2002-05-05,Willem II,Feyenoord,0.0,0.0,2.25,3.25,2.6,,,,,,,,
2002-08-16,Roosendaal,Zwolle,1.0,1.0,2.0,3.4,3.0,,,,,,,,
2002-08-17,AZ Alkmaar,Heerenveen,3.0,3.0,2.4,3.25,2.5,,,,,,,,
2002-08-17,Excelsior,PSV Eindhoven,0.0,2.0,5.0,3.5,1.57,,,,,,,,
2002-08-17,NAC Breda,Roda JC,2.0,2.0,2.0,3.4,3.0,,,,,,,,
2002-08-17,Twente,Willem II,0.0,2.0,2.0,3.4,3.0,,,,,,,,
2002-08-18,Ajax,Utrecht,3.0,1.0,1.33,4.0,8.0,,,,,,,,
2002-08-18,Feyenoord,Nijmegen,2.0,0.0,1.36,3.75,8.0,,,,,,,,
2002-08-18,Groningen,Vitesse,1.0,2.0,2.7,3.25,2.25,,,,,,,,
2002-08-18,Waalwijk,Graafschap,4.0,2.0,1.57,3.5,5.0,,,,,,,,
2002-08-23,Nijmegen,AZ Alkmaar,2.0,0.0,1.83,3.2,3.75,,,,,,,,
2002-08-24,Graafschap,Roosendaal,2.0,0.0,1.8,3.25,3.75,,,,,,,,
2002-08-24,Heerenveen,Waalwijk,1.0,2.0,1.62,3.25,5.0,,,,,,,,
2002-08-24,PSV Eindhoven,Groningen,1.0,0.0,1.17,5.5,11.0,,,,,,,,
2002-08-24,Roda JC,Feyenoord,2.0,2.0,3.0,3.2,2.1,,,,,,,,
2002-08-24,Zwolle,Excelsior,1.0,1.0,1.91,3.25,3.4,,,,,,,,
2002-08-25,Twente,Utrecht,1.0,1.0,2.1,3.2,3.0,,,,,,,,
2002-08-25,Vitesse,Ajax,1.0,2.0,3.2,3.2,2.0,,,,,,,,
2002-08-25,Willem II,NAC Breda,1.0,1.0,1.83,3.4,3.5,,,,,,,,
2002-08-30,Waalwijk,Twente,3.0,2.0,1.73,3.4,4.0,,,,,,,,
2002-08-31,NAC Breda,Nijmegen,0.0,0.0,1.83,3.2,3.75,,,,,,,,
2002-08-31,Roda JC,Willem II,1.0,0.0,1.83,3.2,3.75,,,,,,,,
2002-08-31,Zwolle,Vitesse,1.0,0.0,3.0,3.2,2.1,,,,,,,,
2002-09-01,Groningen,Ajax,1.0,3.0,4.5,3.75,1.57,,,,,,,,
2002-09-01,Roosendaal,Heerenveen,3.0,0.0,3.0,3.2,2.1,,,,,,,,
2002-09-10,AZ Alkmaar,PSV Eindhoven,0.0,4.0,4.5,3.5,1.62,,,,,,,,
2002-09-10,Feyenoord,Excelsior,4.0,1.0,,,,,,,,,,,
2002-09-10,Utrecht,Graafschap,4.0,0.0,1.5,3.4,6.0,,,,,,,,
2002-09-13,Vitesse,Roosendaal,3.0,0.0,1.44,3.75,6.0,,,,,,,,
2002-09-14,Ajax,Zwolle,2.0,0.0,1.17,5.5,11.0,,,,,,,,
2002-09-14,Excelsior,Groningen,4.0,2.0,2.0,3.4,3.0,,,,,,,,
2002-09-14,Heerenveen,NAC Breda,0.0,2.0,1.8,3.4,3.6,,,,,,,,
2002-09-14,PSV Eindhoven,Waalwijk,4.0,0.0,1.36,4.0,7.0,,,,,,,,
2002-09-14,Twente,Feyenoord,1.0,5.0,3.5,3.4,1.83,,,,,,,,
2002-09-14,Willem II,Utrecht,2.0,0.0,2.0,3.2,2.75,,,,,,,,
2002-09-15,Graafschap,AZ Alkmaar,1.0,2.0,2.2,3.25,2.75,,,,,,,,
2002-09-15,Nijmegen,Roda JC,2.0,4.0,2.1,3.4,2.8,,,,,,,,
2002-09-20,Excelsior,AZ Alkmaar,1.0,2.0,,,,,,,,,,,
2002-09-20,NAC Breda,Twente,2.0,0.0,1.73,3.4,4.0,,,,,,,,
2002-09-21,Feyenoord,Graafschap,2.0,0.0,1.2,5.0,11.0,,,,,,,,
2002-09-21,Roosendaal,Ajax,2.0,3.0,5.5,3.5,1.53,,,,,,,,
2002-09-21,Willem II,Nijmegen,1.0,1.0,1.8,3.25,3.8,,,,,,,,
2002-09-21,Zwolle,PSV Eindhoven,1.0,3.0,5.0,3.5,1.57,,,,,,,,
2002-09-22,Groningen,Utrecht,0.0,0.0,2.5,3.2,2.4,,,,,,,,
2002-09-22,Roda JC,Heerenveen,1.0,0.0,1.8,3.25,3.8,,,,,,,,
2002-09-22,Vitesse,Waalwijk,1.0,1.0,1.8,3.25,3.8,,,,,,,,
2002-09-27,AZ Alkmaar,Groningen,4.0,1.0,1.57,3.5,5.0,,,,,,,,
2002-09-28,PSV Eindhoven,Graafschap,4.0,0.0,1.14,6.0,12.0,,,,,,,,
2002-09-28,Roosendaal,Feyenoord,4.0,2.0,5.0,3.6,1.53,,,,,,,,
2002-09-28,Twente,Roda JC,3.0,3.0,2.75,3.2,2.25,,,,,,,,
2002-09-28,Willem II,Zwolle,5.0,2.0,1.44,3.6,6.5,,,,,,,,
2002-09-29,Ajax,NAC Breda,2.0,2.0,1.29,4.5,8.0,,,,,,,,
2002-09-29,Nijmegen,Heerenveen,4.0,2.0,2.0,3.3,3.1,,,,,,,,
2002-09-29,Utrecht,Vitesse,1.0,0.0,2.0,3.2,3.2,,,,,,,,
2002-09-29,Waalwijk,Excelsior,0.0,3.0,1.44,3.6,6.5,,,,,,,,
2002-10-02,Nijmegen,Groningen,2.0,0.0,1.62,3.5,4.5,,,,,,,,
2002-10-04,Waalwijk,Zwolle,0.0,2.0,1.5,3.6,5.5,,,,,,,,
2002-10-05,Graafschap,Twente,0.0,1.0,2.2,3.25,2.75,,,,,,,,
2002-10-05,NAC Breda,PSV Eindhoven,2.0,2.0,4.0,3.4,1.73,,,,,,,,
2002-10-05,Roda JC,Excelsior,2.0,3.0,1.44,3.75,6.0,,,,,,,,
2002-10-06,AZ Alkmaar,Vitesse,1.0,3.0,2.1,3.2,3.0,,,,,,,,
2002-10-06,Feyenoord,Ajax,1.0,2.0,2.1,3.2,3.0,,,,,,,,
2002-10-06,Heerenveen,Willem II,1.0,1.0,2.2,3.25,2.75,,,,,,,,
2002-10-06,Utrecht,Roosendaal,2.0,2.0,1.44,3.75,6.0,,,,,,,,
2002-10-18,Graafschap,Nijmegen,1.0,3.0,2.5,3.4,2.3,,,,,,,,
2002-10-19,Ajax,AZ Alkmaar,6.0,2.0,1.25,4.5,10.0,,,,,,,,
2002-10-19,PSV Eindhoven,Roda JC,0.0,0.0,1.33,4.0,8.0,,,,,,,,
2002-10-19,Twente,Heerenveen,1.0,1.0,1.91,3.3,3.3,,,,,,,,
2002-10-19,Vitesse,Feyenoord,1.0,1.0,2.75,3.25,2.2,,,,,,,,
2002-10-19,Willem II,Roosendaal,3.0,1.0,1.57,3.5,5.0,,,,,,,,
2002-10-20,Excelsior,Utrecht,1.0,1.0,2.1,3.4,2.8,,,,,,,,
2002-10-20,Groningen,Waalwijk,2.0,3.0,2.5,3.4,2.3,,,,,,,,
2002-10-20,Zwolle,NAC Breda,0.0,3.0,2.5,3.4,2.3,,,,,,,,
2002-10-22,Vitesse,Roda JC,0.0,2.0,2.0,3.2,3.0,,,,,,,,
2002-10-25,NAC Breda,Vitesse,0.0,0.0,2.0,3.2,3.2,,,,,,,,
2002-10-26,AZ Alkmaar,Twente,1.0,2.0,1.8,3.3,3.75,,,,,,,,
2002-10-26,Feyenoord,Willem II,5.0,1.0,1.53,3.4,5.5,,,,,,,,
2002-10-26,Heerenveen,Excelsior,2.0,0.0,1.73,3.4,4.0,,,,,,,,
2002-10-26,Nijmegen,PSV Eindhoven,0.0,5.0,4.0,3.4,1.73,,,,,,,,
2002-10-26,Roda JC,Graafschap,5.0,0.0,1.36,4.0,7.0,,,,,,,,
2002-10-26,Waalwijk,Ajax,1.0,1.0,4.5,3.3,1.67,,,,,,,,
2002-11-01,Zwolle,AZ Alkmaar,5.0,1.0,2.3,3.2,2.63,,,,,,,,
2002-11-02,Excelsior,Nijmegen,0.0,0.0,2.2,3.25,2.75,,,,,,,,
2002-11-02,Heerenveen,Graafschap,3.0,1.0,1.57,3.5,5.0,,,,,,,,
2002-11-02,Roosendaal,Waalwijk,0.0,0.0,2.38,3.25,2.5,,,,,,,,
2002-11-02,Twente,PSV Eindhoven,0.0,0.0,4.33,3.4,1.67,,,,,,,,
2002-11-03,Ajax,Willem II,3.0,0.0,1.3,4.33,8.0,,,,,,,,
2002-11-03,Groningen,Feyenoord,0.0,2.0,5.5,3.6,1.5,,,,,,,,
2002-11-03,Utrecht,NAC Breda,1.0,0.0,2.2,3.25,2.75,,,,,,,,
2002-11-08,Roda JC,Ajax,1.0,1.0,3.0,3.2,2.1,,,,,,,,
2002-11-09,AZ Alkmaar,Roosendaal,2.0,0.0,1.72,3.4,4.0,,,,,,,,
2002-11-09,Graafschap,Excelsior,1.0,1.0,2.3,3.2,2.62,,,,,,,,
2002-11-09,NAC Breda,Groningen,0.0,0.0,1.36,4.0,7.0,,,,,,,,
2002-11-09,PSV Eindhoven,Heerenveen,3.0,1.0,1.3,4.33,8.0,,,,,,,,
2002-11-09,Willem II,Vitesse,1.0,3.0,2.0,3.2,3.2,,,,,,,,
2002-11-10,Feyenoord,Zwolle,2.0,0.0,1.2,5.0,11.0,,,,,,,,
2003-02-08,Heerenveen,AZ Alkmaar,5.0,0.0,1.73,3.4,4.0,,,,,,,,
2003-02-08,Roda JC,Vitesse,2.0,0.0,1.73,3.4,4.0,,,,,,,,
2003-02-08,Roosendaal,Graafschap,1.0,0.0,2.0,3.2,3.2,,,,,,,,
2003-02-08,Waalwijk,PSV Eindhoven,0.0,1.0,4.33,3.4,1.67,,,,,,,,
2003-02-09,Ajax,Feyenoord,1.0,1.0,1.8,3.3,3.75,,,,,,,,
2003-02-09,Groningen,Twente,0.0,0.0,2.4,3.2,2.5,,,,,,,,
2003-02-09,Nijmegen,NAC Breda,2.0,0.0,2.25,3.2,2.7,,,,,,,,
2003-02-09,Utrecht,Excelsior,2.0,2.0,1.57,3.5,5.0,,,,,,,,
2003-02-14,Roosendaal,Utrecht,0.0,1.0,2.38,3.1,2.63,,,,,,,,
2003-02-15,Ajax,Groningen,2.0,1.0,1.1,7.0,13.0,,,,,,,,
2003-02-15,AZ Alkmaar,Feyenoord,1.0,4.0,4.0,3.4,1.73,,,,,,,,
2003-02-15,NAC Breda,Excelsior,2.0,1.0,1.73,3.1,4.5,,,,,,,,
2003-02-15,PSV Eindhoven,Zwolle,6.0,0.0,1.08,8.0,13.0,,,,,,,,
2003-02-15,Willem II,Roda JC,5.0,0.0,2.0,3.2,3.2,,,,,,,,
2003-02-16,Graafschap,Heerenveen,1.0,5.0,2.75,3.2,2.25,,,,,,,,
2003-02-16,Twente,Nijmegen,1.0,2.0,1.91,3.2,3.5,,,,,,,,
2003-03-15,Graafschap,Waalwijk,2.0,4.0,2.8,3.4,2.1,,,,,,,,
2003-03-15,Heerenveen,Twente,3.0,0.0,1.72,3.4,4.0,,,,,,,,
2003-03-15,Roda JC,NAC Breda,0.0,0.0,1.72,3.4,4.0,,,,,,,,
2003-03-15,Vitesse,PSV Eindhoven,0.0,5.0,5.5,3.6,1.5,,,,,,,,
2003-03-15,Zwolle,Roosendaal,1.0,1.0,2.37,3.25,2.5,,,,,,,,
2003-03-16,Ajax,Excelsior,2.0,1.0,1.1,7.0,13.0,,,,,,,,
2003-03-16,AZ Alkmaar,Utrecht,2.0,0.0,2.25,3.25,2.7,,,,,,,,
2003-03-16,Groningen,Willem II,1.0,1.0,,,,,,,,,,,
2003-03-16,Nijmegen,Feyenoord,1.0,2.0,3.5,3.4,1.83,,,,,,,,
2003-03-21,Excelsior,Zwolle,0.0,1.0,1.9,3.25,3.4,,,,,,,,
2003-03-22,AZ Alkmaar,Graafschap,3.0,1.0,1.44,3.75,6.0,,,,,,,,
2003-03-22,Feyenoord,Heerenveen,5.0,0.0,1.33,4.33,7.0,,,,,,,,
2003-03-22,Roda JC,Nijmegen,2.0,1.0,1.8,3.3,3.75,,,,,,,,
2003-03-22,Roosendaal,Vitesse,3.0,1.0,2.0,3.2,3.2,,,,,,,,
2003-03-22,Twente,Waalwijk,2.0,1.0,2.5,3.25,2.38,,,,,,,,
2003-03-23,NAC Breda,Willem II,0.0,0.0,1.83,3.4,3.5,,,,,,,,
2003-05-29,Vitesse,Willem II,2.0,0.0,1.53,3.6,5.0,,,,,,,,
2003-05-29,Waalwijk,Nijmegen,0.0,1.0,2.0,3.5,3.0,,,,,,,,
2003-05-29,Zwolle,Graafschap,2.0,1.0,1.66,3.75,3.8,,,,,,,,
2003-08-15,Roda JC,PSV Eindhoven,2.0,2.0,3.4,3.5,1.83,,,,,,,,
2003-08-16,Twente,Roosendaal,3.0,1.0,1.8,3.4,3.6,,,,,,,,
2003-08-16,Waalwijk,Den Haag,1.0,0.0,1.57,3.5,5.0,,,,,,,,
2003-08-16,Willem II,AZ Alkmaar,1.0,0.0,1.91,3.4,3.25,,,,,,,,
2003-08-17,Feyenoord,Nijmegen,2.0,1.0,1.33,4.0,8.0,,,,,,,,
2003-08-17,Groningen,NAC Breda,1.0,0.0,2.4,3.4,2.4,,,,,,,,
2003-08-17,Utrecht,Zwolle,1.0,0.0,1.53,3.4,5.5,,,,,,,,
2003-08-17,Vitesse,Ajax,1.0,2.0,4.0,3.4,1.73,,,,,,,,
2003-08-17,Volendam,Heerenveen,0.0,1.0,3.6,3.4,1.8,,,,,,,,
2003-08-22,AZ Alkmaar,Twente,3.0,0.0,1.91,3.4,3.25,,,,,,,,
2003-08-23,Den Haag,Utrecht,1.0,1.0,2.38,3.5,2.38,,,,,,,,
2003-08-23,Heerenveen,Feyenoord,1.0,0.0,2.6,3.4,2.25,,,,,,,,
2003-08-23,NAC Breda,Vitesse,2.0,0.0,1.67,3.4,4.33,,,,,,,,
2003-08-23,PSV Eindhoven,Willem II,6.0,1.0,1.17,5.5,11.0,,,,,,,,
2003-08-23,Roosendaal,Ajax,0.0,1.0,6.0,3.75,1.44,,,,,,,,
2003-08-24,Nijmegen,Roda JC,1.0,3.0,2.2,3.4,2.63,,,,,,,,
2003-08-24,Volendam,Groningen,3.0,0.0,2.25,3.4,2.6,,,,,,,,
2003-08-24,Zwolle,Waalwijk,0.0,3.0,2.38,3.5,2.38,,,,,,,,
2003-08-29,Vitesse,AZ Alkmaar,1.0,2.0,2.0,3.4,3.0,,,,,,,,
2003-08-29,Willem II,Heerenveen,2.0,0.0,2.38,3.25,2.5,,,,,,,,
2003-08-30,Roda JC,Roosendaal,0.0,2.0,1.4,3.75,7.0,,,,,,,,
2003-08-30,Twente,PSV Eindhoven,0.0,2.0,5.0,3.6,1.53,,,,,,,,
2003-08-31,Ajax,Zwolle,1.0,0.0,1.1,7.0,13.0,,,,,,,,
2003-08-31,Feyenoord,NAC Breda,2.0,1.0,1.36,4.0,7.0,,,,,,,,
2003-08-31,Groningen,Den Haag,2.0,0.0,1.83,3.2,3.75,,,,,,,,
2003-08-31,Utrecht,Nijmegen,0.0,1.0,2.1,3.2,3.0,,,,,,,,
2003-08-31,Waalwijk,Volendam,3.0,0.0,1.5,3.75,5.0,,,,,,,,
2003-09-12,Den Haag,Volendam,1.0,1.0,1.72,3.6,3.75,,,,,,,,
2003-09-13,Ajax,Waalwijk,4.0,1.0,1.28,4.5,8.0,,,,,,,,
2003-09-13,Heerenveen,Groningen,1.0,0.0,1.44,3.75,6.0,,,,,,,,
2003-09-13,PSV Eindhoven,Utrecht,2.0,1.0,1.2,5.0,11.0,,,,,,,,
2003-09-13,Roosendaal,Vitesse,1.0,1.0,1.9,3.4,3.25,,,,,,,,
2003-09-13,Zwolle,Roda JC,0.0,0.0,3.0,3.4,2.0,,,,,,,,
2003-09-14,AZ Alkmaar,Feyenoord,2.0,2.0,3.0,3.4,2.0,,,,,,,,
2003-09-14,NAC Breda,Willem II,1.0,1.0,1.8,3.4,3.6,,,,,,,,
2003-09-14,Nijmegen,Twente,2.0,1.0,1.8,3.4,3.6,,,,,,,,
2003-09-19,Volendam,Nijmegen,2.0,3.0,2.75,3.2,2.25,,,,,,,,
2003-09-20,AZ Alkmaar,Heerenveen,3.0,1.0,2.2,3.4,2.75,,,,,,,,
2003-09-20,Den Haag,Roosendaal,1.0,2.0,2.2,3.2,2.8,,,,,,,,
2003-09-20,Twente,Waalwijk,2.0,1.0,2.25,3.4,2.62,,,,,,,,
2003-09-20,Vitesse,Roda JC,1.0,1.0,2.4,3.4,2.4,,,,,,,,
2003-09-20,Willem II,Zwolle,2.0,1.0,1.4,3.75,7.0,,,,,,,,
2003-09-21,Feyenoord,PSV Eindhoven,1.0,3.0,2.37,3.4,2.5,,,,,,,,
2003-09-21,Groningen,Utrecht,1.0,1.0,2.1,3.4,2.87,,,,,,,,
2003-09-21,NAC Breda,Ajax,4.0,2.0,4.5,3.5,1.61,,,,,,,,
2003-09-27,Heerenveen,Twente,3.0,0.0,1.72,3.5,4.0,,,,,,,,
2003-09-27,PSV Eindhoven,AZ Alkmaar,0.0,1.0,1.25,5.0,8.0,,,,,,,,
2003-09-27,Roosendaal,Volendam,1.0,1.0,1.66,3.4,4.33,,,,,,,,
2003-09-28,Ajax,Willem II,6.0,0.0,1.25,5.0,8.0,,,,,,,,
2003-09-28,Nijmegen,Den Haag,1.0,2.0,1.61,3.5,4.5,,,,,,,,
2003-09-28,Roda JC,Groningen,0.0,0.0,1.61,3.5,4.5,,,,,,,,
2003-09-28,Utrecht,Vitesse,1.0,3.0,1.72,3.5,4.0,,,,,,,,
2003-09-28,Waalwijk,NAC Breda,2.0,0.0,1.8,3.4,3.6,,,,,,,,
2003-09-28,Zwolle,Feyenoord,0.0,3.0,5.0,4.0,1.5,,,,,,,,
2003-10-03,Vitesse,Twente,3.0,5.0,2.0,3.4,3.0,,,,,,,,
2003-10-04,AZ Alkmaar,Nijmegen,2.0,0.0,1.83,3.25,3.75,,,,,,,,
2003-10-04,Den Haag,PSV Eindhoven,0.0,4.0,7.5,4.33,1.33,,,,,,,,
2003-10-04,Heerenveen,Waalwijk,1.0,0.0,1.61,3.5,4.5,,,,,,,,
2003-10-04,NAC Breda,Utrecht,1.0,2.0,1.66,3.4,4.33,,,,,,,,
2003-10-04,Willem II,Roda JC,0.0,2.0,2.0,3.4,3.0,,,,,,,,
2003-10-05,Feyenoord,Roosendaal,2.0,0.0,1.25,4.5,10.0,,,,,,,,
2003-10-05,Groningen,Ajax,1.0,3.0,5.0,3.5,1.57,,,,,,,,
2003-10-05,Volendam,Zwolle,2.0,2.0,1.9,3.4,3.25,,,,,,,,
2003-10-17,Ajax,Volendam,5.0,1.0,1.1,7.0,13.0,,,,,,,,
2003-10-18,PSV Eindhoven,Heerenveen,2.0,0.0,1.3,4.33,8.0,,,,,,,,
2003-10-18,Roosendaal,Willem II,0.0,0.0,2.1,3.3,2.87,,,,,,,,
2003-10-18,Waalwijk,Vitesse,2.0,2.0,1.66,3.4,4.33,,,,,,,,
2003-10-19,Nijmegen,NAC Breda,0.0,3.0,2.0,3.4,3.0,,,,,,,,
2003-10-19,Roda JC,Feyenoord,1.0,1.0,2.8,3.4,2.1,,,,,,,,
2003-10-19,Twente,Groningen,5.0,3.0,1.66,3.4,4.33,,,,,,,,
2003-10-19,Utrecht,AZ Alkmaar,0.0,3.0,2.37,3.25,2.5,,,,,,,,
2003-10-19,Zwolle,Den Haag,1.0,2.0,2.0,3.2,3.2,,,,,,,,
2003-10-24,Volendam,Roda JC,2.0,1.0,3.25,3.4,1.9,,,,,,,,
2003-10-25,AZ Alkmaar,Zwolle,4.0,0.0,1.25,5.0,8.0,,,,,,,,
2003-10-25,Den Haag,NAC Breda,1.0,1.0,2.4,3.25,2.5,,,,,,,,
2003-10-25,Groningen,Vitesse,2.0,1.0,1.83,3.4,3.5,,,,,,,,
2003-10-25,Heerenveen,Nijmegen,1.0,2.0,1.5,3.6,5.5,,,,,,,,
2003-10-25,Waalwijk,Roosendaal,1.0,2.0,1.8,3.4,3.75,,,,,,,,
2003-10-26,Feyenoord,Willem II,2.0,1.0,1.28,4.5,8.0,,,,,,,,
2003-10-26,PSV Eindhoven,Ajax,2.0,2.0,2.2,3.2,2.8,,,,,,,,
2003-10-26,Twente,Utrecht,2.0,2.0,1.83,3.25,3.75,,,,,,,,
2003-10-31,Roda JC,Den Haag,5.0,1.0,1.53,3.6,5.0,,,,,,,,
2003-11-01,Ajax,AZ Alkmaar,3.0,2.0,1.3,4.33,8.0,,,,,,,,
2003-11-01,NAC Breda,PSV Eindhoven,1.0,3.0,4.33,3.4,1.66,,,,,,,,
2003-11-01,Roosendaal,Nijmegen,1.0,0.0,2.1,3.4,2.8,,,,,,,,
2003-11-01,Vitesse,Volendam,2.0,2.0,1.72,3.4,4.0,,,,,,,,
2003-11-02,Groningen,Feyenoord,3.0,3.0,4.0,3.4,1.72,,,,,,,,
2003-11-02,Utrecht,Heerenveen,2.0,1.0,2.37,3.25,2.5,,,,,,,,
2003-11-02,Willem II,Waalwijk,4.0,1.0,2.0,3.4,3.0,,,,,,,,
2003-11-02,Zwolle,Twente,1.0,0.0,3.0,3.4,2.0,,,,,,,,
2003-11-07,Vitesse,Willem II,2.0,2.0,2.3,3.4,2.5,,,,,,,,
2003-11-08,Heerenveen,Zwolle,1.0,1.0,1.25,5.0,8.0,,,,,,,,
2003-11-08,NAC Breda,AZ Alkmaar,1.0,2.0,2.5,3.25,2.37,,,,,,,,
2003-11-08,PSV Eindhoven,Roosendaal,1.0,1.0,1.2,5.0,11.0,,,,,,,,
2003-11-08,Roda JC,Twente,2.0,1.0,1.83,3.25,3.6,,,,,,,,
2003-11-09,Den Haag,Ajax,1.0,4.0,7.0,3.75,1.4,,,,,,,,
2003-11-09,Nijmegen,Groningen,2.0,3.0,1.72,3.4,4.0,,,,,,,,
2003-11-09,Utrecht,Waalwijk,1.0,0.0,2.0,3.4,3.0,,,,,,,,
2003-11-09,Volendam,Feyenoord,1.0,3.0,5.5,3.6,1.5,,,,,,,,
2003-11-21,Waalwijk,Groningen,1.0,1.0,1.83,3.4,3.5,,,,,,,,
2003-11-22,AZ Alkmaar,Roda JC,1.0,5.0,1.9,3.4,3.25,,,,,,,,
2003-11-22,Feyenoord,Vitesse,3.0,0.0,1.28,4.5,8.0,,,,,,,,
2003-11-22,Nijmegen,PSV Eindhoven,2.0,3.0,5.0,3.75,1.53,,,,,,,,
2003-11-22,Willem II,Volendam,6.0,0.0,1.53,3.75,5.0,,,,,,,,
2003-11-22,Zwolle,NAC Breda,0.0,2.0,2.62,3.25,2.3,,,,,,,,
2003-11-23,Ajax,Heerenveen,3.0,1.0,1.28,4.5,8.0,,,,,,,,
2003-11-23,Roosendaal,Utrecht,1.0,1.0,2.1,3.25,3.0,,,,,,,,
2003-11-23,Twente,Den Haag,4.0,0.0,1.66,3.4,4.33,,,,,,,,
2003-11-28,Groningen,Roosendaal,2.0,0.0,2.0,3.4,3.0,,,,,,,,
2003-11-29,Den Haag,Vitesse,1.0,1.0,2.2,3.25,2.75,,,,,,,,
2003-11-29,Twente,NAC Breda,2.0,1.0,1.83,3.4,3.5,,,,,,,,
2003-11-29,Willem II,Nijmegen,3.0,0.0,1.66,3.4,4.33,,,,,,,,
2003-11-29,Zwolle,PSV Eindhoven,0.0,4.0,8.0,4.5,1.28,,,,,,,,
2003-11-30,Ajax,Feyenoord,2.0,0.0,1.57,3.5,5.0,,,,,,,,
2003-11-30,Utrecht,Roda JC,3.0,1.0,2.37,3.3,2.5,,,,,,,,
2003-11-30,Waalwijk,AZ Alkmaar,1.0,1.0,2.5,3.3,2.37,,,,,,,,
2003-12-03,AZ Alkmaar,Groningen,2.0,1.0,1.57,3.5,5.0,,,,,,,,
2003-12-03,Heerenveen,Den Haag,2.0,0.0,1.44,3.75,6.0,,,,,,,,
2003-12-03,Volendam,Twente,2.0,0.0,2.5,3.25,2.37,,,,,,,,
2003-12-06,Nijmegen,Waalwijk,1.0,1.0,2.0,3.4,3.0,,,,,,,,
2003-12-06,PSV Eindhoven,Volendam,7.0,0.0,1.14,6.0,12.0,,,,,,,,
2003-12-06,Willem II,Utrecht,0.0,2.0,1.83,3.4,3.5,,,,,,,,
2003-12-07,Feyenoord,Den Haag,4.0,1.0,1.2,5.0,11.0,,,,,,,,
2003-12-07,NAC Breda,Heerenveen,2.0,3.0,2.1,3.4,2.87,,,,,,,,
2003-12-07,Roosendaal,AZ Alkmaar,1.0,0.0,2.3,3.4,2.5,,,,,,,,
2003-12-07,Vitesse,Zwolle,5.0,2.0,1.61,3.5,4.5,,,,,,,,
2003-12-12,Roda JC,NAC Breda,2.0,2.0,1.73,3.5,4.0,,,,,,,,
2003-12-13,Den Haag,Willem II,0.0,1.0,2.5,3.4,2.3,,,,,,,,
2003-12-13,PSV Eindhoven,Waalwijk,3.0,1.0,1.2,5.0,11.0,,,,,,,,
2003-12-13,Roosendaal,Heerenveen,1.0,1.0,2.3,3.4,2.5,,,,,,,,
2003-12-13,Twente,Feyenoord,4.0,2.0,3.0,3.4,2.0,,,,,,,,
2003-12-14,Ajax,Utrecht,1.0,0.0,1.2,5.0,11.0,,,,,,,,
2003-12-14,Nijmegen,Vitesse,2.0,0.0,2.0,3.2,3.2,,,,,,,,
2003-12-14,Volendam,AZ Alkmaar,0.0,6.0,3.2,3.2,2.0,,,,,,,,
2003-12-14,Zwolle,Groningen,1.0,1.0,2.38,3.3,2.5,,,,,,,,
2003-12-20,Heerenveen,Roda JC,2.0,1.0,1.91,3.4,3.25,,,,,,,,
2003-12-20,NAC Breda,Roosendaal,3.0,2.0,2.0,3.4,3.0,,,,,,,,
2003-12-20,Nijmegen,Zwolle,1.0,0.0,1.5,3.75,5.5,,,,,,,,
2003-12-20,Vitesse,PSV Eindhoven,0.0,0.0,6.0,3.75,1.44,,,,,,,,
2003-12-21,Groningen,Willem II,1.0,2.0,2.2,3.4,2.63,,,,,,,,
2003-12-21,Twente,Ajax,2.0,0.0,4.0,3.6,1.67,,,,,,,,
2003-12-21,Utrecht,Volendam,3.0,0.0,1.36,4.0,7.0,,,,,,,,
2003-12-21,Waalwijk,Feyenoord,0.0,0.0,3.0,3.4,2.0,,,,,,,,
2004-01-21,Roda JC,Ajax,1.0,2.0,4.5,3.5,1.61,,,,,,,,
2004-01-23,AZ Alkmaar,Den Haag,0.0,1.0,1.36,4.0,7.0,,,,,,,,
2004-01-24,NAC Breda,Volendam,3.0,2.0,1.53,3.6,5.0,,,,,,,,
2004-01-24,Roda JC,Waalwijk,2.0,1.0,1.72,3.4,4.0,,,,,,,,
2004-01-24,Vitesse,Heerenveen,0.0,1.0,2.3,3.4,2.5,,,,,,,,
2004-01-24,Willem II,Twente,2.0,3.0,1.83,3.4,3.5,,,,,,,,
2004-01-24,Zwolle,Roosendaal,0.0,3.0,2.7,3.25,2.25,,,,,,,,
2004-01-25,Ajax,Nijmegen,1.0,0.0,1.2,5.5,9.0,,,,,,,,
2004-01-25,Feyenoord,Utrecht,3.0,2.0,1.44,3.75,6.0,,,,,,,,
2004-01-25,Groningen,PSV Eindhoven,0.0,2.0,5.0,3.8,1.5,,,,,,,,
2004-01-28,AZ Alkmaar,Willem II,0.0,0.0,1.8,3.3,3.75,,,,,,,,
2004-01-28,Nijmegen,Feyenoord,1.0,2.0,3.6,3.4,1.8,,,,,,,,
2004-01-28,PSV Eindhoven,Zwolle,5.0,1.0,1.1,6.5,17.0,,,,,,,,
2004-01-28,Twente,Vitesse,0.0,0.0,1.57,3.5,5.0,,,,,,,,
2004-01-28,Utrecht,Roosendaal,0.0,1.0,1.72,3.4,4.0,,,,,,,,
2004-01-28,Volendam,Waalwijk,0.0,4.0,2.37,3.3,2.5,,,,,,,,
2004-01-31,PSV Eindhoven,Vitesse,3.0,0.0,1.14,5.5,15.0,,,,,,,,
2004-01-31,Roda JC,AZ Alkmaar,3.0,1.0,2.3,3.2,2.63,,,,,,,,
2004-01-31,Waalwijk,Nijmegen,1.0,2.0,2.0,3.2,3.2,,,,,,,,
2004-02-01,Ajax,Den Haag,4.0,0.0,1.1,6.5,15.0,,,,,,,,
2004-02-01,Feyenoord,Twente,3.0,2.0,1.4,3.75,7.0,,,,,,,,
2004-02-01,Groningen,Volendam,0.0,1.0,1.57,3.5,5.0,,,,,,,,
2004-02-01,Willem II,NAC Breda,1.0,1.0,1.73,3.4,4.0,,,,,,,,
2004-02-01,Zwolle,Utrecht,1.0,1.0,3.25,3.4,1.91,,,,,,,,
2004-02-06,Roosendaal,Waalwijk,1.0,3.0,2.0,3.2,3.2,,,,,,,,
2004-02-07,AZ Alkmaar,Volendam,3.0,0.0,1.4,3.75,7.0,,,,,,,,
2004-02-07,Heerenveen,NAC Breda,3.0,4.0,1.67,3.4,4.33,,,,,,,,
2004-02-07,Twente,Zwolle,2.0,0.0,1.25,4.5,10.0,,,,,,,,
2004-02-08,Ajax,PSV Eindhoven,2.0,1.0,2.25,3.0,3.0,,,,,,,,
2004-02-08,Groningen,Nijmegen,2.0,0.0,2.2,3.2,2.8,,,,,,,,
2004-02-08,Vitesse,Feyenoord,0.0,0.0,4.0,3.5,1.73,,,,,,,,
2004-02-08,Willem II,Den Haag,1.0,0.0,1.57,3.5,5.0,,,,,,,,
2004-02-11,Den Haag,Groningen,3.0,1.0,2.25,3.2,2.75,,,,,,,,
2004-02-11,Feyenoord,AZ Alkmaar,0.0,3.0,1.44,3.75,6.0,,,,,,,,
2004-02-11,Roosendaal,Roda JC,1.0,4.0,2.2,3.25,2.75,,,,,,,,
2004-02-11,Utrecht,Willem II,2.0,2.0,1.9,3.4,3.25,,,,,,,,
2004-02-11,Waalwijk,Heerenveen,0.0,0.0,2.37,3.3,2.5,,,,,,,,
2004-02-14,Heerenveen,Willem II,1.0,1.0,1.83,3.4,3.5,,,,,,,,
2004-02-14,NAC Breda,Roda JC,0.0,0.0,2.25,3.2,2.75,,,,,,,,
2004-02-14,PSV Eindhoven,Twente,1.0,0.0,1.25,4.5,10.0,,,,,,,,
2004-02-14,Vitesse,Roosendaal,1.0,2.0,2.4,3.25,2.5,,,,,,,,
2004-02-15,Den Haag,Feyenoord,2.0,2.0,4.5,3.5,1.62,,,,,,,,
2004-02-15,Nijmegen,Utrecht,4.0,0.0,2.25,3.2,2.75,,,,,,,,
2004-02-15,Volendam,Ajax,0.0,2.0,8.0,4.5,1.29,,,,,,,,
2004-02-15,Waalwijk,Zwolle,2.0,0.0,1.4,3.75,7.0,,,,,,,,
2004-02-20,Roda JC,Volendam,1.0,0.0,1.33,4.0,8.0,,,,,,,,
2004-02-21,AZ Alkmaar,Roosendaal,2.0,1.0,1.62,3.5,4.5,,,,,,,,
2004-02-21,Heerenveen,PSV Eindhoven,3.0,2.0,3.75,3.3,1.8,,,,,,,,
2004-02-21,Vitesse,Groningen,1.0,2.0,2.0,3.2,3.2,,,,,,,,
2004-02-21,Zwolle,Nijmegen,2.0,1.0,2.8,3.4,2.1,,,,,,,,
2004-02-22,Ajax,Twente,1.0,0.0,1.25,5.0,8.0,,,,,,,,
2004-02-22,Utrecht,NAC Breda,1.0,2.0,2.1,3.2,3.0,,,,,,,,
2004-02-25,Den Haag,Roda JC,1.0,0.0,2.7,3.25,2.25,,,,,,,,
2004-02-25,Heerenveen,Ajax,4.0,1.0,4.5,3.5,1.61,,,,,,,,
2004-02-25,NAC Breda,Groningen,1.0,1.0,1.72,3.4,4.0,,,,,,,,
2004-02-27,Zwolle,Vitesse,1.0,1.0,2.38,3.25,2.5,,,,,,,,
2004-02-28,Nijmegen,Heerenveen,1.0,2.0,2.5,3.25,2.4,,,,,,,,
2004-02-28,Roosendaal,NAC Breda,1.0,1.0,2.25,3.4,2.6,,,,,,,,
2004-02-28,Twente,AZ Alkmaar,4.0,1.0,2.25,3.25,2.75,,,,,,,,
2004-02-29,Groningen,Waalwijk,1.0,2.0,2.1,3.4,2.88,,,,,,,,
2004-02-29,PSV Eindhoven,Roda JC,1.0,2.0,1.33,4.33,7.0,,,,,,,,
2004-02-29,Utrecht,Ajax,1.0,0.0,4.5,3.5,1.62,,,,,,,,
2004-02-29,Volendam,Den Haag,0.0,2.0,2.38,3.2,2.63,,,,,,,,
2004-02-29,Willem II,Feyenoord,0.0,3.0,2.63,3.2,2.38,,,,,,,,
2004-03-05,NAC Breda,Twente,0.0,1.0,2.1,3.25,3.0,,,,,,,,
2004-03-06,Den Haag,AZ Alkmaar,2.0,3.0,2.88,3.25,2.1,,,,,,,,
2004-03-06,Nijmegen,Roosendaal,1.0,2.0,2.1,3.25,3.0,,,,,,,,
2004-03-06,Roda JC,Zwolle,1.0,1.0,1.25,5.0,8.5,,,,,,,,
2004-03-06,Waalwijk,Ajax,0.0,1.0,4.5,3.25,1.67,,,,,,,,
2004-03-06,Willem II,Groningen,2.0,0.0,1.67,3.4,4.33,,,,,,,,
2004-03-07,Feyenoord,Heerenveen,2.0,2.0,1.62,3.5,4.5,,,,,,,,
2004-03-07,Utrecht,PSV Eindhoven,0.0,4.0,4.0,3.5,1.73,,,,,,,,
2004-03-07,Volendam,Vitesse,0.0,0.0,2.4,3.25,2.5,,,,,,,,
2004-03-12,Twente,Nijmegen,2.0,5.0,1.62,3.5,4.5,,,,,,,,
2004-03-13,Heerenveen,Volendam,2.0,1.0,1.22,5.0,9.5,,,,,,,,
2004-03-13,NAC Breda,Zwolle,3.0,1.0,1.4,3.75,7.0,,,,,,,,
2004-03-13,Roosendaal,Groningen,1.0,0.0,1.8,3.3,3.75,,,,,,,,
2004-03-14,Ajax,Roda JC,4.0,2.0,1.29,4.5,8.0,,,,,,,,
2004-03-14,AZ Alkmaar,Utrecht,1.0,2.0,1.62,3.5,4.5,,,,,,,,
2004-03-14,PSV Eindhoven,Feyenoord,0.0,1.0,1.67,3.3,4.5,,,,,,,,
2004-03-14,Vitesse,Den Haag,1.0,0.0,2.2,3.2,2.8,,,,,,,,
2004-03-14,Waalwijk,Willem II,1.0,1.0,2.1,3.2,3.0,,,,,,,,
2004-03-19,Groningen,Heerenveen,0.0,0.0,2.75,3.25,2.2,,,,,,,,
2004-03-20,Nijmegen,AZ Alkmaar,0.0,2.0,2.75,3.25,2.2,,,,,,,,
2004-03-20,PSV Eindhoven,NAC Breda,1.0,1.0,1.3,4.5,7.5,,,,,,,,
2004-03-20,Roda JC,Willem II,6.0,1.0,1.91,3.25,3.4,,,,,,,,
2004-03-20,Zwolle,Volendam,3.0,0.0,2.1,3.4,2.8,,,,,,,,
2004-03-21,Ajax,Vitesse,5.0,0.0,1.17,5.5,12.0,,,,,,,,
2004-03-21,Feyenoord,Waalwijk,1.0,0.0,1.36,4.0,7.0,,,,,,,,
2004-03-21,Roosendaal,Den Haag,0.0,0.0,1.73,3.4,4.0,,,,,,,,
2004-03-21,Utrecht,Twente,2.0,0.0,2.2,3.25,2.75,,,,,,,,
2004-03-26,Den Haag,Zwolle,1.0,1.0,1.67,3.4,4.33,,,,,,,,
2004-03-27,Heerenveen,Roosendaal,1.0,0.0,1.62,3.5,4.5,,,,,,,,
2004-03-27,NAC Breda,Nijmegen,5.0,2.0,1.83,3.25,3.75,,,,,,,,
2004-03-27,Vitesse,Waalwijk,3.0,3.0,2.5,3.0,2.63,,,,,,,,
2004-03-28,AZ Alkmaar,Ajax,1.0,1.0,3.5,3.5,1.83,,,,,,,,
2004-03-28,Feyenoord,Roda JC,3.0,0.0,1.5,3.75,5.5,,,,,,,,
2004-03-28,Groningen,Twente,1.0,0.0,2.38,3.2,2.63,,,,,,,,
2004-03-28,Volendam,Utrecht,1.0,2.0,2.4,3.2,2.25,,,,,,,,
2004-03-28,Willem II,PSV Eindhoven,3.0,1.0,3.5,3.25,1.91,,,,,,,,
2004-04-02,Nijmegen,Willem II,4.0,0.0,2.4,3.4,2.4,,,,,,,,
2004-04-03,AZ Alkmaar,Vitesse,2.0,1.0,1.5,3.6,5.5,,,,,,,,
2004-04-03,Roda JC,Heerenveen,0.0,1.0,2.25,3.2,2.75,,,,,,,,
2004-04-03,Roosendaal,Zwolle,1.0,1.0,1.57,3.25,5.5,,,,,,,,
2004-04-03,Twente,Volendam,1.0,2.0,1.4,3.75,7.0,,,,,,,,
2004-04-03,Waalwijk,PSV Eindhoven,0.0,4.0,3.75,3.4,1.8,,,,,,,,
2004-04-04,Ajax,Groningen,2.0,1.0,1.14,6.0,13.0,,,,,,,,
2004-04-04,NAC Breda,Feyenoord,0.0,3.0,3.2,3.2,2.0,,,,,,,,
2004-04-04,Utrecht,Den Haag,5.0,3.0,1.67,3.4,4.33,,,,,,,,
2004-04-09,Roda JC,Nijmegen,4.0,0.0,1.73,3.4,4.0,,,,,,,,
2004-04-10,Den Haag,Waalwijk,1.0,3.0,2.1,3.2,3.0,,,,,,,,
2004-04-10,Heerenveen,Utrecht,4.0,0.0,1.62,3.5,4.5,,,,,,,,
2004-04-10,Volendam,Willem II,0.0,1.0,2.6,3.4,2.25,,,,,,,,
2004-04-10,Zwolle,AZ Alkmaar,2.0,0.0,3.2,3.5,1.91,,,,,,,,
2004-04-11,Feyenoord,Ajax,1.0,1.0,2.4,3.1,2.6,,,,,,,,
2004-04-11,PSV Eindhoven,Groningen,5.0,0.0,1.17,5.5,11.0,,,,,,,,
2004-04-11,Roosendaal,Twente,1.0,2.0,2.0,3.2,3.2,,,,,,,,
2004-04-11,Vitesse,NAC Breda,2.0,2.0,2.25,3.25,2.7,,,,,,,,
2004-04-16,Willem II,Vitesse,1.0,1.0,1.73,3.4,4.0,,,,,,,,
2004-04-17,Den Haag,Twente,1.0,0.0,2.2,3.4,2.88,,,,,,,,
2004-04-17,PSV Eindhoven,Nijmegen,3.0,0.0,1.2,5.0,11.0,,,,,,,,
2004-04-17,Waalwijk,Roda JC,1.0,1.0,2.38,3.4,2.5,,,,,,,,
2004-04-17,Zwolle,Heerenveen,1.0,0.0,3.2,3.2,2.0,,,,,,,,
2004-04-18,Ajax,Roosendaal,1.0,1.0,1.14,6.0,13.0,,,,,,,,
2004-04-18,Groningen,AZ Alkmaar,1.0,1.0,2.75,3.25,2.2,,,,,,,,
2004-04-18,Utrecht,Feyenoord,0.0,3.0,3.5,3.5,1.83,,,,,,,,
2004-04-18,Volendam,NAC Breda,4.0,2.0,2.6,3.4,2.25,,,,,,,,
2004-04-23,Roda JC,Utrecht,1.0,1.0,1.72,3.4,4.0,,,,,,,,
2004-04-24,AZ Alkmaar,Waalwijk,7.0,0.0,1.61,3.5,4.5,,,,,,,,
2004-04-24,Heerenveen,Vitesse,0.0,0.0,1.61,3.5,4.5,,,,,,,,
2004-04-24,Roosendaal,PSV Eindhoven,0.0,3.0,5.0,3.75,1.53,,,,,,,,
2004-04-24,Twente,Willem II,2.0,0.0,2.0,3.4,3.0,,,,,,,,
2004-04-25,Feyenoord,Volendam,2.0,0.0,1.11,6.5,15.0,,,,,,,,
2004-04-25,Groningen,Zwolle,2.0,2.0,2.0,3.2,3.2,,,,,,,,
2004-04-25,NAC Breda,Den Haag,1.0,0.0,2.0,3.2,3.2,,,,,,,,
2004-04-25,Nijmegen,Ajax,0.0,0.0,4.5,3.5,1.61,,,,,,,,
2004-05-01,AZ Alkmaar,NAC Breda,2.0,2.0,1.61,3.5,4.5,,,,,,,,
2004-05-01,Den Haag,Heerenveen,1.0,0.0,2.4,3.25,2.5,,,,,,,,
2004-05-01,Twente,Roda JC,1.0,2.0,2.1,3.2,3.0,,,,,,,,
2004-05-01,Willem II,Roosendaal,3.0,0.0,1.8,3.3,3.75,,,,,,,,
2004-05-02,Feyenoord,Groningen,1.0,2.0,1.2,5.0,11.0,,,,,,,,
2004-05-02,Vitesse,Nijmegen,2.0,2.0,2.0,3.2,3.2,,,,,,,,
2004-05-02,Volendam,PSV Eindhoven,0.0,5.0,6.5,4.0,1.4,,,,,,,,
2004-05-02,Waalwijk,Utrecht,1.0,0.0,2.3,3.1,2.7,,,,,,,,
2004-05-02,Zwolle,Ajax,0.0,5.0,5.0,3.6,1.53,,,,,,,,
2004-05-09,Ajax,NAC Breda,2.0,0.0,1.22,4.5,11.0,,,,,,,,
2004-05-09,Heerenveen,AZ Alkmaar,1.0,0.0,2.0,3.2,3.2,,,,,,,,
2004-05-09,Nijmegen,Volendam,1.0,1.0,2.1,3.2,3.0,,,,,,,,
2004-05-09,PSV Eindhoven,Den Haag,3.0,2.0,1.22,4.5,11.0,,,,,,,,
2004-05-09,Roda JC,Vitesse,2.0,0.0,1.8,3.25,4.0,,,,,,,,
2004-05-09,Roosendaal,Feyenoord,1.0,4.0,4.0,3.4,1.72,,,,,,,,
2004-05-09,Utrecht,Groningen,2.0,0.0,1.72,3.4,4.0,,,,,,,,
2004-05-09,Waalwijk,Twente,3.0,3.0,2.0,3.2,3.2,,,,,,,,
2004-05-09,Zwolle,Willem II,0.0,0.0,,,,,,,,,,,
2004-05-16,AZ Alkmaar,PSV Eindhoven,2.0,4.0,3.2,3.2,2.0,,,,,,,,
2004-05-16,Den Haag,Nijmegen,4.0,1.0,2.1,3.2,3.0,,,,,,,,
2004-05-16,Feyenoord,Zwolle,7.0,1.0,1.5,3.6,5.5,,,,,,,,
2004-05-16,Groningen,Roda JC,2.0,2.0,2.5,3.25,2.37,,,,,,,,
2004-05-16,NAC Breda,Waalwijk,5.0,3.0,1.83,3.2,3.75,,,,,,,,
2004-05-16,Twente,Heerenveen,2.0,0.0,2.37,3.25,2.5,,,,,,,,
2004-05-16,Vitesse,Utrecht,3.0,0.0,1.66,3.3,4.5,,,,,,,,
2004-05-16,Volendam,Roosendaal,2.0,1.0,1.66,3.6,4.0,,,,,,,,
2004-05-16,Willem II,Ajax,2.0,5.0,3.4,3.25,1.9,,,,,,,,
2004-08-13,Roda JC,Vitesse,2.0,3.0,1.66,3.4,4.5,,,,,,,,
2004-08-14,AZ Alkmaar,Heerenveen,1.0,1.0,1.9,3.25,3.5,,,,,,,,
2004-08-14,NAC Breda,Utrecht,3.0,2.0,2.0,3.25,3.25,,,,,,,,
2004-08-14,Nijmegen,Willem II,2.0,0.0,2.2,3.25,2.8,,,,,,,,
2004-08-14,Roosendaal,PSV Eindhoven,2.0,5.0,5.0,3.6,1.57,,,,,,,,
2004-08-15,Den Bosch,Den Haag,1.0,0.0,2.2,3.25,2.8,,,,,,,,
2004-08-15,Feyenoord,Graafschap,6.0,1.0,1.16,5.5,13.0,,,,,,,,
2004-08-15,Groningen,Waalwijk,0.0,0.0,2.1,3.25,3.0,,,,,,,,
2004-08-15,Twente,Ajax,2.0,3.0,4.0,3.5,1.72,,,,,,,,
2004-08-20,Vitesse,Groningen,1.0,0.0,1.8,3.3,3.75,,,,,,,,
2004-08-21,Den Haag,Nijmegen,1.0,2.0,2.2,3.25,2.75,,,,,,,,
2004-08-21,Heerenveen,Roda JC,3.0,4.0,1.9,3.25,3.4,,,,,,,,
2004-08-21,PSV Eindhoven,AZ Alkmaar,5.0,1.0,1.44,3.75,6.0,,,,,,,,
2004-08-21,Waalwijk,Twente,1.0,0.0,2.2,3.25,2.75,,,,,,,,
2004-08-22,Ajax,NAC Breda,6.0,2.0,1.22,5.0,9.0,,,,,,,,
2004-08-22,Graafschap,Den Bosch,1.0,1.0,2.3,3.4,2.5,,,,,,,,
2004-08-22,Utrecht,Roosendaal,5.0,1.0,1.66,3.4,4.33,,,,,,,,
2004-08-22,Willem II,Feyenoord,0.0,4.0,3.5,3.2,1.9,,,,,,,,
2004-08-27,Den Bosch,Willem II,1.0,2.0,2.5,3.1,2.5,,,,,,,,
2004-08-28,NAC Breda,PSV Eindhoven,2.0,2.0,4.5,3.5,1.61,,,,,,,,
2004-08-28,Nijmegen,AZ Alkmaar,1.0,2.0,2.37,3.1,2.62,,,,,,,,
2004-08-28,Roda JC,Graafschap,2.0,1.0,1.44,3.75,6.0,,,,,,,,
2004-08-28,Twente,Heerenveen,4.0,1.0,2.25,3.2,2.75,,,,,,,,
2004-08-29,Ajax,Utrecht,1.0,1.0,1.25,5.0,8.0,,,,,,,,
2004-08-29,Roosendaal,Groningen,2.0,2.0,2.1,3.2,3.0,,,,,,,,
2004-08-29,Vitesse,Feyenoord,1.0,1.0,4.0,3.4,1.72,,,,,,,,
2004-08-29,Waalwijk,Den Haag,1.0,3.0,1.66,3.4,4.33,,,,,,,,
2004-09-10,AZ Alkmaar,Den Bosch,5.0,0.0,1.4,3.75,7.0,,,,,,,,
2004-09-11,Heerenveen,Graafschap,2.0,0.0,1.44,3.75,6.0,,,,,,,,
2004-09-11,PSV Eindhoven,Waalwijk,1.0,0.0,1.25,5.0,8.0,,,,,,,,
2004-09-11,Roosendaal,Vitesse,4.0,1.0,2.38,3.1,2.63,,,,,,,,
2004-09-11,Willem II,Roda JC,3.0,1.0,2.25,3.2,2.75,,,,,,,,
2004-09-12,Den Haag,Ajax,3.0,3.0,5.5,3.6,1.5,,,,,,,,
2004-09-12,Feyenoord,Twente,3.0,1.0,1.3,4.5,7.5,,,,,,,,
2004-09-12,Groningen,NAC Breda,2.0,3.0,2.25,3.2,2.75,,,,,,,,
2004-09-12,Utrecht,Nijmegen,1.0,0.0,1.73,3.4,4.0,,,,,,,,
2004-09-17,Den Haag,Vitesse,0.0,4.0,2.5,3.1,2.5,,,,,,,,
2004-09-18,Graafschap,Groningen,2.0,2.0,2.25,3.2,2.75,,,,,,,,
2004-09-18,Heerenveen,NAC Breda,3.0,0.0,1.83,3.2,3.75,,,,,,,,
2004-09-18,Nijmegen,PSV Eindhoven,0.0,3.0,4.5,3.5,1.61,,,,,,,,
2004-09-18,Twente,Willem II,0.0,0.0,2.1,3.2,3.0,,,,,,,,
2004-09-18,Waalwijk,Roosendaal,2.0,0.0,1.83,3.2,3.75,,,,,,,,
2004-09-19,Den Bosch,Ajax,0.0,5.0,6.0,3.75,1.44,,,,,,,,
2004-09-19,Feyenoord,Utrecht,0.0,3.0,1.33,4.33,7.0,,,,,,,,
2004-09-19,Roda JC,AZ Alkmaar,1.0,1.0,2.2,3.25,2.75,,,,,,,,
2004-09-25,Ajax,Roda JC,1.0,0.0,1.25,5.0,8.0,,,,,,,,
2004-09-25,AZ Alkmaar,Willem II,3.0,1.0,1.83,3.2,3.75,,,,,,,,
2004-09-25,PSV Eindhoven,Heerenveen,4.0,0.0,1.36,4.0,7.0,,,,,,,,
2004-09-25,Roosendaal,Feyenoord,0.0,4.0,4.33,3.4,1.66,,,,,,,,
2004-09-25,Vitesse,Den Bosch,0.0,0.0,1.53,3.6,5.0,,,,,,,,
2004-09-26,Graafschap,Twente,0.0,0.0,2.5,3.1,2.5,,,,,,,,
2004-09-26,Groningen,Nijmegen,0.0,0.0,2.25,3.2,2.75,,,,,,,,
2004-09-26,NAC Breda,Waalwijk,0.0,4.0,1.9,3.2,3.5,,,,,,,,
2004-09-26,Utrecht,Den Haag,2.0,0.0,1.53,3.6,5.5,,,,,,,,
2004-10-01,Nijmegen,Roosendaal,3.0,0.0,1.66,3.4,4.33,,,,,,,,
2004-10-02,NAC Breda,Graafschap,3.0,2.0,1.57,3.5,5.0,,,,,,,,
2004-10-02,PSV Eindhoven,Groningen,3.0,0.0,1.2,5.0,11.0,,,,,,,,
2004-10-02,Twente,Roda JC,2.0,3.0,2.2,3.2,2.8,,,,,,,,
2004-10-02,Willem II,Vitesse,3.0,2.0,2.1,3.2,3.0,,,,,,,,
2004-10-03,AZ Alkmaar,Ajax,0.0,0.0,4.0,3.4,1.72,,,,,,,,
2004-10-03,Feyenoord,Den Bosch,4.0,2.0,1.16,6.0,15.0,,,,,,,,
2004-10-03,Heerenveen,Den Haag,1.0,0.0,1.44,3.6,6.5,,,,,,,,
2004-10-03,Utrecht,Waalwijk,3.0,2.0,1.72,3.2,4.33,,,,,,,,
2004-10-24,Roda JC,Den Bosch,5.0,0.0,1.5,3.6,5.5,,,,,,,,
2004-10-27,Den Haag,Twente,0.0,1.0,2.3,3.25,2.62,,,,,,,,
2004-10-27,Graafschap,Willem II,2.0,2.0,2.87,3.4,2.1,,,,,,,,
2004-10-27,NAC Breda,Roda JC,4.0,0.0,2.1,3.2,3.0,,,,,,,,
2004-10-29,Utrecht,PSV Eindhoven,0.0,0.0,3.75,3.4,1.8,,,,,,,,
2004-10-30,Roda JC,Waalwijk,1.0,1.0,1.8,3.4,3.75,,,,,,,,
2004-10-30,Twente,Vitesse,1.0,4.0,1.9,3.4,3.4,,,,,,,,
2004-10-30,Willem II,Roosendaal,3.0,0.0,1.44,3.75,6.5,,,,,,,,
2004-10-31,Ajax,Nijmegen,1.0,0.0,1.28,4.5,9.0,,,,,,,,
2004-10-31,AZ Alkmaar,Feyenoord,4.0,1.0,3.0,3.25,2.1,,,,,,,,
2004-10-31,Den Bosch,Heerenveen,2.0,4.0,3.75,3.3,1.8,,,,,,,,
2004-10-31,Groningen,Den Haag,4.0,3.0,1.83,3.25,3.75,,,,,,,,
2004-11-05,Roosendaal,Graafschap,3.0,0.0,1.9,3.25,3.4,,,,,,,,
2004-11-06,Waalwijk,Heerenveen,0.0,0.0,2.3,3.1,2.7,,,,,,,,
2004-11-07,AZ Alkmaar,Utrecht,4.0,0.0,1.72,3.4,4.0,,,,,,,,
2004-11-07,Den Bosch,PSV Eindhoven,0.0,3.0,8.0,4.5,1.28,,,,,,,,
2004-12-04,Graafschap,PSV Eindhoven,0.0,4.0,8.0,5.0,1.25,,,,,,,,
2004-12-04,Roda JC,Groningen,5.0,1.0,1.9,3.25,3.4,,,,,,,,
2004-12-04,Roosendaal,NAC Breda,0.0,0.0,3.0,3.4,2.0,,,,,,,,
2004-12-04,Twente,Den Bosch,4.0,0.0,1.57,3.5,5.0,,,,,,,,
2004-12-05,AZ Alkmaar,Den Haag,2.0,0.0,1.28,4.5,8.0,,,,,,,,
2004-12-05,Feyenoord,Nijmegen,2.0,1.0,1.28,4.5,8.0,,,,,,,,
2004-12-05,Vitesse,Utrecht,2.0,1.0,2.0,3.4,3.0,,,,,,,,
2004-12-05,Willem II,Heerenveen,2.0,2.0,2.25,3.4,2.6,,,,,,,,
2004-12-10,Heerenveen,Groningen,1.0,0.0,1.57,3.5,5.0,,,,,,,,
2004-12-11,AZ Alkmaar,Twente,5.0,0.0,1.33,4.0,8.0,,,,,,,,
2004-12-11,Den Bosch,Waalwijk,0.0,2.0,2.5,3.1,2.5,,,,,,,,
2004-12-11,Roda JC,Roosendaal,3.0,1.0,1.36,4.0,7.0,,,,,,,,
2004-12-11,Willem II,Utrecht,0.0,0.0,2.1,3.2,3.0,,,,,,,,
2004-12-12,Ajax,Vitesse,1.0,0.0,1.36,4.0,7.0,,,,,,,,
2004-12-12,Feyenoord,PSV Eindhoven,3.0,3.0,2.37,3.1,2.62,,,,,,,,
2004-12-12,Graafschap,Nijmegen,3.0,2.0,2.5,3.1,2.5,,,,,,,,
2004-12-12,NAC Breda,Den Haag,1.0,1.0,1.5,3.6,5.5,,,,,,,,
2004-12-16,Vitesse,Graafschap,3.0,1.0,1.3,4.33,8.0,,,,,,,,
2004-12-17,Twente,NAC Breda,0.0,0.0,2.2,3.2,2.8,,,,,,,,
2004-12-18,PSV Eindhoven,Roda JC,0.0,2.0,1.25,5.0,8.5,,,,,,,,
2004-12-18,Roosendaal,AZ Alkmaar,0.0,2.0,5.5,3.75,1.5,,,,,,,,
2004-12-18,Waalwijk,Willem II,1.0,0.0,2.2,3.2,2.8,,,,,,,,
2004-12-19,Den Haag,Feyenoord,2.0,0.0,6.0,3.75,1.44,,,,,,,,
2004-12-19,Groningen,Ajax,0.0,4.0,5.0,3.5,1.57,,,,,,,,
2004-12-19,Nijmegen,Heerenveen,3.0,2.0,2.8,3.2,2.2,,,,,,,,
2004-12-19,Utrecht,Den Bosch,1.0,0.0,1.3,4.0,9.5,,,,,,,,
2005-01-21,AZ Alkmaar,Nijmegen,1.0,1.0,1.3,4.5,7.5,,,,,,,,
2005-01-22,Graafschap,Roda JC,2.0,0.0,3.5,3.2,1.9,,,,,,,,
2005-01-22,Heerenveen,Den Bosch,2.0,1.0,1.3,4.5,7.5,,,,,,,,
2005-01-22,PSV Eindhoven,NAC Breda,4.0,0.0,1.22,5.0,9.0,,,,,,,,
2005-01-22,Willem II,Twente,0.0,3.0,1.83,3.25,3.6,,,,,,,,
2005-01-23,Den Haag,Groningen,0.0,3.0,2.2,3.2,2.8,,,,,,,,
2005-01-23,Feyenoord,Vitesse,1.0,2.0,1.44,3.75,6.0,,,,,,,,
2005-01-23,Roosendaal,Waalwijk,0.0,1.0,2.75,3.2,2.25,,,,,,,,
2005-01-23,Utrecht,Ajax,0.0,2.0,3.4,3.25,1.9,,,,,,,,
2005-01-28,Roda JC,Willem II,4.0,0.0,1.7,3.39,4.5,,,,,,,,
2005-01-29,Den Bosch,AZ Alkmaar,0.0,1.0,5.5,3.6,1.5,,,,,,,,
2005-01-29,Twente,Feyenoord,0.0,0.0,3.2,3.2,2.0,,,,,,,,
2005-01-29,Vitesse,Roosendaal,1.0,3.0,1.33,4.33,7.0,,,,,,,,
2005-01-30,Ajax,Den Haag,0.0,0.0,1.16,6.0,10.0,,,,,,,,
2005-01-30,Groningen,Graafschap,1.0,0.0,1.61,3.5,4.5,,,,,,,,
2005-01-30,NAC Breda,Heerenveen,1.0,1.0,2.25,3.2,2.75,,,,,,,,
2005-01-30,Nijmegen,Utrecht,0.0,0.0,2.1,3.25,3.0,,,,,,,,
2005-01-30,Waalwijk,PSV Eindhoven,1.0,4.0,6.5,3.75,1.44,,,,,,,,
2005-02-02,PSV Eindhoven,Roosendaal,4.0,1.0,1.1,7.0,13.0,,,,,,,,
2005-02-04,Graafschap,Feyenoord,2.0,7.0,5.5,3.6,1.5,,,,,,,,
2005-02-04,Willem II,Nijmegen,3.0,1.0,2.0,3.2,3.2,,,,,,,,
2005-02-05,Den Haag,Den Bosch,2.0,0.0,1.66,3.4,4.33,,,,,,,,
2005-02-20,Ajax,Den Bosch,2.0,0.0,1.1,7.0,13.0,,,,,,,,
2005-02-20,AZ Alkmaar,Roda JC,1.0,1.0,1.5,3.6,5.5,,,,,,,,
2005-02-20,Graafschap,Heerenveen,2.0,1.0,3.0,3.2,2.1,,,,,,,,
2005-02-20,Groningen,Twente,0.0,1.0,2.25,3.2,2.75,,,,,,,,
2005-02-20,Utrecht,Feyenoord,0.0,2.0,2.62,3.25,2.3,,,,,,,,
2005-02-20,Vitesse,Den Haag,3.0,4.0,1.53,3.6,5.0,,,,,,,,
2005-02-20,Waalwijk,NAC Breda,1.0,0.0,1.9,3.3,3.3,,,,,,,,
2005-02-25,Nijmegen,Waalwijk,1.0,0.0,2.2,3.2,2.8,,,,,,,,
2005-02-26,NAC Breda,Groningen,1.0,4.0,1.83,3.25,3.6,,,,,,,,
2005-02-26,Twente,Graafschap,0.0,0.0,1.5,3.6,5.5,,,,,,,,
2005-02-27,Den Bosch,Vitesse,1.0,2.0,3.75,3.25,1.8,,,,,,,,
2005-02-27,Den Haag,Utrecht,1.0,0.0,2.37,3.25,2.5,,,,,,,,
2005-02-27,Feyenoord,Roosendaal,3.0,0.0,1.2,5.0,11.0,,,,,,,,
2005-02-27,Heerenveen,PSV Eindhoven,0.0,3.0,4.33,3.2,1.72,,,,,,,,
2005-02-27,Roda JC,Ajax,1.0,2.0,3.75,3.25,1.8,,,,,,,,
2005-02-27,Willem II,AZ Alkmaar,1.0,3.0,3.6,3.25,1.83,,,,,,,,
2005-03-04,Roosendaal,Nijmegen,1.0,0.0,2.3,3.25,2.62,,,,,,,,
2005-03-05,Vitesse,Willem II,2.0,0.0,1.66,3.3,4.5,,,,,,,,
2005-03-05,Waalwijk,Utrecht,2.0,2.0,2.2,3.25,2.75,,,,,,,,
2005-03-06,Graafschap,NAC Breda,0.0,2.0,2.37,3.1,2.62,,,,,,,,
2005-03-06,Roda JC,Twente,1.0,2.0,2.0,3.2,3.2,,,,,,,,
2005-03-11,Twente,Roosendaal,3.0,0.0,1.4,3.5,8.5,,,,,,,,
2005-03-12,Heerenveen,Waalwijk,1.0,2.0,1.72,3.2,4.33,,,,,,,,
2005-03-12,NAC Breda,Vitesse,1.0,2.0,2.5,3.25,2.4,,,,,,,,
2005-03-12,Willem II,Den Bosch,2.0,1.0,1.44,3.75,6.5,,,,,,,,
2005-03-13,AZ Alkmaar,Graafschap,3.0,2.0,1.28,4.5,8.5,,,,,,,,
2005-03-13,Feyenoord,Roda JC,4.0,1.0,1.36,4.0,7.0,,,,,,,,
2005-03-13,Nijmegen,Ajax,0.0,1.0,6.0,3.5,1.5,,,,,,,,
2005-03-13,PSV Eindhoven,Den Haag,4.0,0.0,1.14,6.0,13.0,,,,,,,,
2005-03-13,Utrecht,Groningen,1.0,2.0,1.66,3.4,4.33,,,,,,,,
2005-03-16,Den Haag,Heerenveen,0.0,2.0,2.5,3.25,2.37,,,,,,,,
2005-03-17,Groningen,PSV Eindhoven,0.0,1.0,5.5,3.5,1.53,,,,,,,,
2005-03-18,Den Bosch,Roda JC,0.0,3.0,4.0,3.4,1.72,,,,,,,,
2005-03-19,AZ Alkmaar,Vitesse,3.0,0.0,1.44,3.75,6.0,,,,,,,,
2005-03-19,Graafschap,Roosendaal,0.0,1.0,1.83,3.4,3.5,,,,,,,,
2005-03-19,NAC Breda,Nijmegen,1.0,2.0,1.83,3.4,3.5,,,,,,,,
2005-03-19,Waalwijk,Feyenoord,2.0,4.0,4.33,3.4,1.66,,,,,,,,
2005-03-20,Ajax,PSV Eindhoven,0.0,4.0,2.37,3.0,2.7,,,,,,,,
2005-03-20,Groningen,Willem II,1.0,1.0,1.83,3.4,3.5,,,,,,,,
2005-03-20,Twente,Den Haag,2.0,1.0,1.44,3.6,6.5,,,,,,,,
2005-03-20,Utrecht,Heerenveen,0.0,1.0,2.0,3.2,3.2,,,,,,,,
2005-04-01,Vitesse,Twente,1.0,1.0,2.0,3.25,3.25,,,,,,,,
2005-04-02,Den Haag,Waalwijk,0.0,0.0,2.37,3.25,2.5,,,,,,,,
2005-04-02,Heerenveen,Ajax,2.0,1.0,3.5,3.25,1.9,,,,,,,,
2005-04-02,PSV Eindhoven,Utrecht,2.0,0.0,1.2,5.0,11.0,,,,,,,,
2005-04-02,Willem II,Graafschap,4.0,1.0,1.53,3.5,5.5,,,,,,,,
2005-04-03,Feyenoord,AZ Alkmaar,4.0,2.0,2.0,3.25,3.25,,,,,,,,
2005-04-03,Nijmegen,Groningen,4.0,3.0,2.1,3.25,3.0,,,,,,,,
2005-04-17,AZ Alkmaar,NAC Breda,1.0,1.0,1.33,4.33,7.0,,,,,,,,
2005-04-17,Den Bosch,Groningen,1.0,2.0,3.0,3.25,2.1,,,,,,,,
2005-04-17,Feyenoord,Ajax,2.0,3.0,2.2,3.2,2.8,,,,,,,,
2005-04-17,Twente,Nijmegen,2.0,1.0,1.61,3.5,4.5,,,,,,,,
2005-04-17,Willem II,PSV Eindhoven,0.0,1.0,5.0,3.75,1.53,,,,,,,,
2005-04-20,Utrecht,AZ Alkmaar,3.0,2.0,3.0,3.2,2.1,,,,,,,,
2005-04-22,Heerenveen,Roosendaal,7.0,1.0,1.36,4.0,7.0,,,,,,,,
2005-04-23,Den Haag,Roda JC,1.0,4.0,2.37,3.1,2.62,,,,,,,,
2005-04-23,PSV Eindhoven,Vitesse,3.0,0.0,1.3,4.33,8.0,,,,,,,,
2005-04-23,Waalwijk,AZ Alkmaar,2.0,1.0,3.0,3.2,2.1,,,,,,,,
2005-04-24,Ajax,Graafschap,1.0,0.0,1.1,6.5,15.0,,,,,,,,
2005-04-24,Groningen,Feyenoord,0.0,2.0,4.0,3.4,1.72,,,,,,,,
2005-04-24,NAC Breda,Willem II,1.0,2.0,1.9,3.25,3.5,,,,,,,,
2005-04-24,Nijmegen,Den Bosch,2.0,2.0,1.57,3.5,5.0,,,,,,,,
2005-04-24,Utrecht,Twente,2.0,2.0,2.5,3.1,2.5,,,,,,,,
2005-04-29,Roda JC,Nijmegen,1.0,0.0,1.72,3.4,4.0,,,,,,,,
2005-04-29,Twente,PSV Eindhoven,2.0,2.0,2.5,3.3,2.4,,,,,,,,
2005-04-30,Roosendaal,Ajax,1.0,4.0,7.0,4.0,1.36,,,,,,,,
2005-05-01,AZ Alkmaar,Groningen,2.0,1.0,1.36,4.0,7.0,,,,,,,,
2005-05-01,Den Bosch,NAC Breda,0.0,2.0,2.5,3.1,2.5,,,,,,,,
2005-05-01,Feyenoord,Heerenveen,1.0,3.0,1.53,3.6,5.0,,,,,,,,
2005-05-01,Graafschap,Utrecht,0.0,0.0,2.37,3.25,2.5,,,,,,,,
2005-05-01,Vitesse,Waalwijk,3.0,1.0,1.83,3.2,3.75,,,,,,,,
2005-05-01,Willem II,Den Haag,1.0,0.0,1.66,3.4,4.33,,,,,,,,
2005-05-06,NAC Breda,Roosendaal,1.0,2.0,1.72,3.4,4.0,,,,,,,,
2005-05-07,Ajax,Waalwijk,4.0,0.0,1.25,5.0,8.0,,,,,,,,
2005-05-07,Den Bosch,Twente,1.0,0.0,3.6,3.4,1.8,,,,,,,,
2005-05-07,Heerenveen,Willem II,2.0,2.0,1.44,3.75,6.0,,,,,,,,
2005-05-08,Den Haag,AZ Alkmaar,2.0,1.0,3.5,3.25,1.9,,,,,,,,
2005-05-08,Groningen,Roda JC,4.0,4.0,2.37,3.2,2.62,,,,,,,,
2005-05-08,Nijmegen,Feyenoord,2.0,0.0,3.5,3.4,1.83,,,,,,,,
2005-05-08,PSV Eindhoven,Graafschap,4.0,1.0,1.25,5.0,8.0,,,,,,,,
2005-05-08,Utrecht,Vitesse,1.0,2.0,2.37,3.25,2.6,,,,,,,,
2005-05-15,Den Haag,NAC Breda,6.0,2.0,2.0,3.4,3.0,,,,,,,,
2005-05-15,Groningen,Heerenveen,1.0,2.0,3.25,3.25,2.0,,,,,,,,
2005-05-15,Nijmegen,Graafschap,3.0,0.0,1.83,3.25,3.75,,,,,,,,
2005-05-15,PSV Eindhoven,Feyenoord,4.0,2.0,1.61,3.5,4.5,,,,,,,,
2005-05-15,Roosendaal,Roda JC,3.0,1.0,2.5,3.2,2.5,,,,,,,,
2005-05-15,Twente,AZ Alkmaar,3.0,0.0,2.2,3.2,2.8,,,,,,,,
2005-05-15,Utrecht,Willem II,0.0,3.0,1.9,3.25,3.5,,,,,,,,
2005-05-15,Vitesse,Ajax,0.0,2.0,3.25,3.25,2.0,,,,,,,,
2005-05-15,Waalwijk,Den Bosch,2.0,0.0,1.9,3.25,3.5,,,,,,,,
2005-05-22,Ajax,Groningen,2.0,1.0,1.2,5.5,9.0,,,,,,,,
2005-05-22,AZ Alkmaar,Roosendaal,1.0,3.0,1.28,4.5,8.0,,,,,,,,
2005-05-22,Den Bosch,Utrecht,0.0,3.0,1.8,3.3,3.75,,,,,,,,
2005-05-22,Feyenoord,Den Haag,6.0,3.0,1.25,5.0,8.0,,,,,,,,
2005-05-22,Graafschap,Vitesse,1.0,2.0,2.0,3.4,3.0,,,,,,,,
2005-05-22,Heerenveen,Nijmegen,2.0,1.0,1.5,3.6,5.5,,,,,,,,
2005-05-22,NAC Breda,Twente,1.0,1.0,2.75,3.2,2.25,,,,,,,,
2005-05-22,Roda JC,PSV Eindhoven,0.0,0.0,4.0,3.4,1.72,,,,,,,,
2005-05-22,Willem II,Waalwijk,3.0,0.0,1.9,3.4,3.25,,,,,,,,
2005-08-12,AZ Alkmaar,Sparta,3.0,0.0,1.36,4.0,7.0,1.57,2.21,,,,,,
2005-08-13,Heracles,PSV Eindhoven,1.0,1.0,8.0,4.5,1.28,1.54,2.24,,,,,,
2005-08-13,Roda JC,Twente,2.0,0.0,2.1,3.2,3.0,1.67,2.0,,,,,,
2005-08-13,Vitesse,Heerenveen,2.0,2.0,2.0,3.2,3.2,1.62,2.1,,,,,,
2005-08-13,Willem II,Waalwijk,1.0,2.0,1.83,3.4,3.5,1.61,2.09,,,,,,
2005-08-14,Feyenoord,NAC Breda,2.0,0.0,1.44,3.75,6.0,1.58,2.1,,,,,,
2005-08-14,Groningen,Roosendaal,1.0,0.0,1.66,3.4,4.33,1.67,1.99,,,,,,
2005-08-14,Nijmegen,Utrecht,0.0,0.0,2.0,3.4,3.0,1.7,1.95,,,,,,
2005-08-19,NAC Breda,Willem II,1.0,0.0,1.9,3.5,3.75,1.72,1.97,,,,,,
2005-08-20,Den Haag,Heracles,1.0,2.0,1.72,3.4,4.0,1.74,1.92,,,,,,
2005-08-20,Heerenveen,Roda JC,5.0,4.0,1.83,3.2,3.75,1.65,2.02,,,,,,
2005-08-20,Roosendaal,Ajax,0.0,2.0,8.5,4.5,1.28,1.6,2.1,,,,,,
2005-08-20,Twente,Nijmegen,0.0,1.0,1.61,3.5,4.5,1.69,1.97,,,,,,
2005-08-21,PSV Eindhoven,Vitesse,2.0,1.0,1.25,5.0,8.5,1.5,2.29,,,,,,
2005-08-21,Sparta,Feyenoord,1.0,3.0,5.5,3.6,1.5,1.6,2.07,,,,,,
2005-08-21,Utrecht,AZ Alkmaar,1.0,2.0,2.75,3.2,2.25,1.65,2.02,,,,,,
2005-08-21,Waalwijk,Groningen,2.0,1.0,2.0,3.2,3.2,1.67,2.0,,,,,,
2005-08-26,Den Haag,Heerenveen,1.0,0.0,3.0,3.3,2.1,1.61,2.1,,,,,,
2005-08-27,Nijmegen,Waalwijk,1.0,3.0,2.1,3.25,3.0,1.8,1.91,,,,,,
2005-08-27,Sparta,NAC Breda,1.0,0.0,2.37,3.3,2.5,1.66,2.02,,,,,,
2005-08-27,Vitesse,AZ Alkmaar,0.0,5.0,2.5,3.3,2.37,1.61,2.1,,,,,,
2005-08-28,Ajax,Feyenoord,1.0,2.0,1.8,3.4,3.75,1.67,1.99,,,,,,
2005-08-28,Heracles,Groningen,2.0,1.0,2.25,3.25,2.75,1.77,1.92,,,,,,
2005-08-28,Roda JC,PSV Eindhoven,0.0,3.0,4.33,3.3,1.72,1.66,2.02,,,,,,
2005-08-28,Roosendaal,Willem II,1.0,1.0,2.5,3.3,2.4,1.77,1.9,,,,,,
2005-08-28,Utrecht,Twente,1.0,3.0,2.25,3.25,2.75,1.75,1.9,,,,,,
2005-09-09,Waalwijk,Roda JC,2.0,0.0,2.1,3.25,3.0,1.63,2.07,,,,,,
2005-09-10,AZ Alkmaar,Roosendaal,7.0,0.0,1.2,5.0,11.0,1.79,1.99,,,,,,
2005-09-10,Heerenveen,Heracles,1.0,2.0,1.57,3.6,5.0,1.52,2.26,,,,,,
2005-09-10,PSV Eindhoven,Utrecht,1.0,0.0,1.25,5.0,9.0,1.5,2.3,,,,,,
2005-09-10,Willem II,Ajax,0.0,2.0,5.5,3.4,1.57,1.63,2.06,,,,,,
2005-09-11,Feyenoord,Nijmegen,3.0,0.0,1.25,5.0,9.0,1.51,2.27,,,,,,
2005-09-11,Groningen,Sparta,0.0,1.0,1.72,3.25,4.33,1.66,2.03,,,,,,
2005-09-11,NAC Breda,Den Haag,4.0,1.0,1.72,3.5,4.0,1.75,1.91,,,,,,
2005-09-11,Twente,Vitesse,0.0,1.0,1.83,3.25,3.75,1.67,2.0,,,,,,
2005-09-16,Den Haag,Twente,0.0,0.0,2.5,3.25,2.5,1.77,1.92,,,,,,
2005-09-17,Heracles,Waalwijk,0.0,2.0,2.5,3.25,2.5,1.65,2.04,,,,,,
2005-09-17,Nijmegen,NAC Breda,1.0,1.0,2.1,3.5,2.8,1.71,1.96,,,,,,
2005-09-17,Roosendaal,Sparta,1.0,1.0,2.25,3.25,2.75,1.71,1.96,,,,,,
2005-09-18,AZ Alkmaar,Ajax,4.0,2.0,2.5,3.25,2.5,1.66,2.02,,,,,,
2005-09-18,Feyenoord,Heerenveen,5.0,1.0,1.4,3.75,7.0,1.78,2.03,,,,,,
2005-09-18,Groningen,PSV Eindhoven,1.0,0.0,6.0,3.5,1.5,1.61,2.07,,,,,,
2005-09-18,Roda JC,Willem II,0.0,2.0,1.72,3.5,4.0,1.69,1.97,,,,,,
2005-09-18,Utrecht,Vitesse,1.0,0.0,2.2,3.25,2.8,1.67,2.01,,,,,,
2005-09-21,Ajax,Den Haag,2.0,2.0,1.16,5.5,11.0,1.52,2.24,,,,,,
2005-09-23,Heerenveen,Nijmegen,2.0,1.0,1.72,3.4,4.2,1.65,2.06,,,,,,
2005-09-24,Ajax,Roda JC,4.0,1.0,1.28,4.5,9.0,1.56,2.18,,,,,,
2005-09-24,PSV Eindhoven,Roosendaal,2.0,0.0,1.16,6.0,11.0,1.37,2.68,,,,,,
2005-09-24,Vitesse,Groningen,2.0,0.0,1.83,3.25,3.75,1.7,1.96,,,,,,
2005-09-24,Waalwijk,Utrecht,2.0,3.0,1.66,3.4,4.5,1.7,1.97,,,,,,
2005-09-24,Willem II,Den Haag,1.0,0.0,1.8,3.4,3.75,1.75,1.97,,,,,,
2005-09-25,NAC Breda,AZ Alkmaar,2.0,1.0,3.75,3.25,1.83,1.55,2.21,,,,,,
2005-09-25,Sparta,Heracles,2.0,0.0,2.2,3.25,2.8,1.67,2.0,,,,,,
2005-09-25,Twente,Feyenoord,1.0,3.0,3.75,3.25,1.83,1.62,2.09,,,,,,
2005-09-30,Roosendaal,NAC Breda,1.0,2.0,2.87,3.2,2.2,1.8,1.89,,,,,,
2005-10-01,Den Haag,Waalwijk,2.0,1.0,2.5,3.2,2.5,1.74,1.96,,,,,,
2005-10-01,Roda JC,Vitesse,3.0,2.0,2.2,3.2,2.87,1.73,1.98,,,,,,
2005-10-02,AZ Alkmaar,Nijmegen,3.0,2.0,1.33,4.33,7.5,1.47,2.36,,,,,,
2005-10-02,Groningen,Willem II,2.0,0.0,2.2,3.2,2.87,1.81,1.91,,,,,,
2005-10-02,Heerenveen,PSV Eindhoven,2.0,3.0,4.0,3.25,1.8,1.65,2.04,,,,,,
2005-10-02,Heracles,Twente,0.0,4.0,2.37,3.2,2.62,1.82,1.88,,,,,,
2005-10-02,Sparta,Ajax,1.0,2.0,5.5,3.6,1.53,1.6,2.12,,,,,,
2005-10-02,Utrecht,Feyenoord,3.0,1.0,4.33,3.25,1.72,1.58,2.15,,,,,,
2005-10-14,Willem II,Sparta,0.0,0.0,1.83,3.4,3.75,1.84,1.86,,,,,,
2005-10-15,Ajax,Heracles,0.0,0.0,1.22,5.5,11.0,1.48,2.35,,,,,,
2005-10-15,NAC Breda,Heerenveen,0.0,3.0,1.9,3.3,3.5,1.6,2.12,,,,,,
2005-10-15,PSV Eindhoven,AZ Alkmaar,3.0,0.0,1.8,3.4,4.0,1.6,2.12,,,,,,
2005-10-15,Twente,Waalwijk,2.0,0.0,2.1,3.25,3.2,1.71,1.95,,,,,,
2005-10-16,Feyenoord,Groningen,4.0,1.0,1.28,5.0,8.5,1.48,2.34,,,,,,
2005-10-16,Nijmegen,Roosendaal,3.0,1.0,1.72,3.4,4.33,1.7,1.97,,,,,,
2005-10-16,Roda JC,Utrecht,2.0,1.0,2.1,3.3,3.0,1.67,2.0,,,,,,
2005-10-16,Vitesse,Den Haag,3.0,1.0,1.72,3.5,4.33,1.68,1.98,,,,,,
2005-10-21,Heracles,Nijmegen,0.0,2.0,2.25,3.4,2.6,1.67,2.03,,,,,,
2005-10-22,NAC Breda,Twente,1.0,1.0,2.1,3.2,3.0,1.69,1.97,,,,,,
2005-10-22,Roosendaal,Vitesse,0.0,3.0,2.75,3.25,2.2,1.69,1.98,,,,,,
2005-10-22,Sparta,Roda JC,2.0,3.0,2.2,3.25,2.75,1.68,1.99,,,,,,
2005-10-23,AZ Alkmaar,Willem II,5.0,1.0,1.4,3.75,7.0,1.49,2.32,,,,,,
2005-10-23,Groningen,Den Haag,3.0,1.0,1.8,3.4,3.6,1.72,1.94,,,,,,
2005-10-23,Heerenveen,Utrecht,1.0,1.0,1.9,3.25,3.4,1.57,2.15,,,,,,
2005-10-23,PSV Eindhoven,Ajax,1.0,0.0,1.9,3.25,3.4,1.68,1.97,,,,,,
2005-10-23,Waalwijk,Feyenoord,2.0,1.0,3.4,3.25,1.9,1.56,2.18,,,,,,
2005-10-28,Ajax,Heerenveen,0.0,0.0,1.4,4.33,7.5,1.53,2.24,,,,,,
2005-10-29,Den Haag,AZ Alkmaar,0.0,2.0,4.2,3.5,1.72,1.52,2.24,,,,,,
2005-10-29,Twente,PSV Eindhoven,0.0,1.0,4.5,3.4,1.66,1.66,2.0,,,,,,
2005-10-29,Vitesse,Heracles,5.0,1.0,1.61,3.75,4.5,1.6,2.11,,,,,,
2005-10-29,Waalwijk,NAC Breda,4.0,1.0,1.9,3.3,3.6,1.64,2.04,,,,,,
2005-10-30,Groningen,Roda JC,1.0,0.0,2.0,3.3,3.3,1.65,2.03,,,,,,
2005-10-30,Nijmegen,Sparta,0.0,0.0,1.8,3.3,4.0,1.68,2.0,,,,,,
2005-10-30,Utrecht,Roosendaal,4.0,1.0,1.5,3.75,6.0,1.58,2.13,,,,,,
2005-10-30,Willem II,Feyenoord,1.0,3.0,4.33,3.5,1.66,1.59,2.12,,,,,,
2005-11-04,Roosendaal,Waalwijk,1.0,1.0,3.6,3.4,1.83,1.68,2.01,,,,,,
2005-11-05,AZ Alkmaar,Heracles,2.0,2.0,1.16,6.0,11.0,1.37,2.67,,,,,,
2005-11-05,PSV Eindhoven,Sparta,3.0,0.0,1.2,5.5,11.0,1.52,2.26,,,,,,
2005-11-05,Roda JC,NAC Breda,3.0,3.0,1.9,3.4,3.5,1.63,2.06,,,,,,
2005-11-05,Twente,Willem II,3.0,1.0,1.8,3.3,4.0,1.76,1.92,,,,,,
2005-11-06,Feyenoord,Vitesse,0.0,0.0,1.36,4.0,7.5,1.49,2.34,,,,,,
2005-11-06,Heerenveen,Groningen,4.0,0.0,1.83,3.4,3.75,1.73,1.98,,,,,,
2005-11-06,Nijmegen,Ajax,1.0,0.0,4.5,3.3,1.72,1.7,1.96,,,,,,
2005-11-06,Utrecht,Den Haag,1.0,1.0,1.53,3.75,5.0,1.63,2.06,,,,,,
2005-11-18,Willem II,Vitesse,3.0,4.0,2.5,3.2,2.5,1.71,1.97,,,,,,
2005-11-19,Ajax,Twente,2.0,0.0,1.44,3.75,6.5,1.64,2.07,,,,,,
2005-11-19,Den Haag,Nijmegen,0.0,1.0,2.37,3.2,2.62,1.74,1.93,,,,,,
2005-11-19,NAC Breda,Utrecht,0.0,1.0,1.9,3.25,3.5,1.65,2.03,,,,,,
2005-11-19,Waalwijk,PSV Eindhoven,4.0,4.0,4.33,3.25,1.72,1.61,2.09,,,,,,
2005-11-20,Groningen,AZ Alkmaar,0.0,0.0,3.75,3.2,1.83,1.6,2.09,,,,,,
2005-11-20,Heracles,Roosendaal,3.0,0.0,1.83,3.3,3.75,1.66,2.0,,,,,,
2005-11-20,Roda JC,Feyenoord,2.0,3.0,3.75,3.3,1.8,1.54,2.15,,,,,,
2005-11-20,Sparta,Heerenveen,1.0,2.0,2.6,3.2,2.4,1.62,2.06,,,,,,
2005-11-27,AZ Alkmaar,Roda JC,2.0,0.0,1.4,3.75,7.5,1.45,2.41,,,,,,
2005-11-27,Feyenoord,Heracles,7.0,1.0,1.25,4.5,11.0,1.46,2.42,,,,,,
2005-11-27,Heerenveen,Roosendaal,2.0,0.0,1.28,4.33,9.5,1.48,2.35,,,,,,
2005-11-27,PSV Eindhoven,Den Haag,3.0,0.0,1.14,6.0,13.0,1.48,2.34,,,,,,
2005-11-27,Utrecht,Ajax,1.0,0.0,3.1,3.2,2.1,1.75,1.91,,,,,,
2005-11-29,Vitesse,Waalwijk,4.0,2.0,2.0,3.2,3.2,1.63,2.06,,,,,,
2005-11-30,NAC Breda,Groningen,2.0,2.0,1.83,3.3,3.6,1.72,1.9,,,,,,
2005-11-30,Nijmegen,Willem II,2.0,0.0,1.72,3.4,4.33,1.79,1.93,,,,,,
2005-11-30,Twente,Sparta,1.0,0.0,1.72,3.4,4.33,1.87,1.86,,,,,,
2005-12-02,Heracles,Roda JC,0.0,1.0,2.37,3.25,2.62,1.59,2.15,,,,,,
2005-12-03,AZ Alkmaar,Heerenveen,2.0,1.0,1.61,3.5,5.0,1.49,2.34,,,,,,
2005-12-03,PSV Eindhoven,NAC Breda,3.0,0.0,1.2,5.5,11.0,1.49,2.32,,,,,,
2005-12-03,Roosendaal,Feyenoord,2.0,2.0,10.0,5.0,1.22,1.46,2.38,,,,,,
2005-12-04,Ajax,Waalwijk,4.0,1.0,1.5,3.5,6.5,1.64,2.06,,,,,,
2005-12-04,Groningen,Twente,1.0,0.0,2.0,3.3,3.3,1.9,1.81,,,,,,
2005-12-04,Nijmegen,Vitesse,1.0,0.0,2.3,3.25,2.75,1.69,1.96,,,,,,
2005-12-04,Sparta,Den Haag,2.0,3.0,1.9,3.4,3.5,1.69,1.99,,,,,,
2005-12-09,Roda JC,Nijmegen,0.0,1.0,2.1,3.3,3.0,1.71,1.98,,,,,,
2005-12-10,Den Haag,Roosendaal,3.0,0.0,1.66,3.4,4.5,1.69,1.98,,,,,,
2005-12-10,Heerenveen,Willem II,3.0,3.0,1.5,3.6,6.0,1.56,2.18,,,,,,
2005-12-10,NAC Breda,Heracles,2.0,1.0,1.72,3.4,4.2,1.64,2.05,,,,,,
2005-12-10,Twente,AZ Alkmaar,1.0,3.0,3.25,3.25,2.0,1.67,2.02,,,,,,
2005-12-11,Feyenoord,PSV Eindhoven,1.0,0.0,2.5,3.2,2.75,1.71,1.98,,,,,,
2005-12-11,Utrecht,Groningen,0.0,2.0,1.72,3.4,4.2,1.72,1.99,,,,,,
2005-12-11,Vitesse,Ajax,0.0,2.0,2.87,3.2,2.2,1.67,2.01,,,,,,
2005-12-11,Waalwijk,Sparta,3.0,2.0,1.57,3.6,5.0,1.61,2.09,,,,,,
2005-12-14,Willem II,Utrecht,0.0,1.0,2.6,3.2,2.4,1.73,1.95,,,,,,
2005-12-16,Sparta,Vitesse,1.0,0.0,2.75,3.25,2.25,1.66,2.05,,,,,,
2005-12-17,Heerenveen,Twente,3.0,1.0,1.72,3.4,4.2,1.65,2.03,,,,,,
2005-12-17,PSV Eindhoven,Willem II,4.0,1.0,1.16,6.5,15.0,1.48,2.35,,,,,,
2005-12-17,Roosendaal,Roda JC,0.0,2.0,3.0,3.25,2.1,1.66,2.02,,,,,,
2005-12-18,AZ Alkmaar,Waalwijk,3.0,0.0,1.44,3.75,6.5,1.5,2.3,,,,,,
2005-12-18,Den Haag,Feyenoord,2.0,1.0,5.5,3.75,1.57,1.52,2.26,,,,,,
2005-12-18,Groningen,Nijmegen,3.0,0.0,2.1,3.25,3.0,1.96,1.75,,,,,,
2005-12-18,Heracles,Utrecht,1.0,1.0,2.5,3.2,2.5,1.78,1.93,,,,,,
2005-12-18,NAC Breda,Ajax,0.0,2.0,3.8,3.4,1.9,1.69,1.98,,,,,,
2005-12-26,Feyenoord,AZ Alkmaar,2.0,0.0,1.9,3.3,3.5,1.59,2.13,,,,,,
2005-12-26,Nijmegen,PSV Eindhoven,0.0,2.0,4.33,3.3,1.72,1.67,1.98,,,,,,
2005-12-26,Twente,Roosendaal,4.0,1.0,1.44,3.6,7.0,1.66,1.98,,,,,,
2005-12-26,Utrecht,Sparta,1.0,1.0,1.57,3.4,5.0,1.74,1.95,,,,,,
2005-12-27,Ajax,Groningen,3.0,2.0,1.4,3.75,7.5,1.59,2.12,,,,,,
2005-12-27,Roda JC,Den Haag,3.0,1.0,1.72,3.3,4.33,1.63,2.05,,,,,,
2005-12-27,Vitesse,NAC Breda,2.0,1.0,1.8,3.25,4.0,1.63,2.02,,,,,,
2005-12-27,Waalwijk,Heerenveen,2.0,2.0,2.1,3.25,3.0,1.57,2.14,,,,,,
2005-12-29,Feyenoord,Willem II,6.0,1.0,1.16,6.5,15.0,1.46,2.36,,,,,,
2005-12-29,PSV Eindhoven,Twente,1.0,1.0,1.16,6.0,19.0,1.49,2.29,,,,,,
2005-12-29,Roosendaal,Utrecht,1.0,2.0,4.0,3.4,1.72,1.75,1.91,,,,,,
2005-12-30,Heerenveen,Ajax,4.0,2.0,3.0,3.3,2.25,1.66,2.04,,,,,,
2005-12-30,Heracles,Vitesse,3.0,1.0,2.75,3.25,2.25,1.7,2.0,,,,,,
2005-12-30,Roda JC,Groningen,1.0,3.0,2.0,3.25,3.25,1.66,2.05,,,,,,
2006-01-11,NAC Breda,Waalwijk,1.0,2.0,2.25,3.25,2.75,1.61,2.11,,,,,,
2006-01-11,Willem II,Heracles,1.0,2.0,2.25,3.25,2.75,1.69,1.98,,,,,,
2006-01-13,Groningen,Heerenveen,2.0,0.0,2.25,3.25,2.75,1.65,2.07,,,,,,
2006-01-14,Heracles,AZ Alkmaar,0.0,2.0,5.0,3.5,1.57,1.59,2.13,,,,,,
2006-01-14,NAC Breda,Roda JC,0.0,4.0,2.25,3.25,2.75,1.72,1.98,,,,,,
2006-01-14,Waalwijk,Roosendaal,1.0,1.0,1.25,5.0,8.0,1.48,2.34,,,,,,
2006-01-15,Ajax,Nijmegen,1.0,1.0,1.28,4.5,9.0,1.63,2.05,,,,,,
2006-01-15,Den Haag,Utrecht,2.0,3.0,2.5,3.2,2.5,1.89,1.81,,,,,,
2006-01-15,Sparta,PSV Eindhoven,0.0,1.0,6.5,4.5,1.33,1.6,2.1,,,,,,
2006-01-15,Vitesse,Feyenoord,0.0,1.0,4.33,3.3,1.83,1.56,2.2,,,,,,
2006-01-15,Willem II,Twente,1.0,1.0,2.5,3.2,2.5,1.83,1.87,,,,,,
2006-01-18,AZ Alkmaar,Den Haag,3.0,1.0,1.16,5.5,13.0,1.41,2.53,,,,,,
2006-01-18,Sparta,Nijmegen,1.0,3.0,2.5,3.2,2.5,1.91,1.79,,,,,,
2006-01-20,PSV Eindhoven,Waalwijk,2.0,0.0,1.2,5.5,11.0,1.53,2.23,,,,,,
2006-01-21,AZ Alkmaar,Groningen,1.0,1.0,1.33,4.0,9.0,1.52,2.26,,,,,,
2006-01-21,Heerenveen,Sparta,0.0,0.0,1.5,3.5,6.0,1.61,2.09,,,,,,
2006-01-21,Roosendaal,Heracles,1.0,2.0,2.62,3.2,2.37,1.7,1.95,,,,,,
2006-01-21,Vitesse,Willem II,2.0,1.0,1.5,3.5,6.0,1.62,2.07,,,,,,
2006-01-22,Feyenoord,Roda JC,0.0,0.0,1.28,4.5,9.0,1.49,2.34,,,,,,
2006-01-22,Nijmegen,Den Haag,5.0,0.0,1.61,3.4,5.0,1.77,1.92,,,,,,
2006-01-22,Twente,Ajax,2.0,3.0,3.5,3.25,1.9,1.77,1.93,,,,,,
2006-01-22,Utrecht,NAC Breda,2.0,2.0,1.61,3.4,5.0,1.7,2.01,,,,,,
2006-01-27,Roda JC,AZ Alkmaar,1.0,4.0,3.25,3.25,2.0,1.61,2.11,,,,,,
2006-01-28,Roosendaal,Heerenveen,0.0,2.0,3.5,3.5,1.83,1.68,2.06,,,,,,
2006-01-28,Sparta,Twente,1.0,0.0,2.5,3.2,2.5,1.76,1.94,,,,,,
2006-01-28,Willem II,Nijmegen,2.0,2.0,2.7,3.2,2.3,1.73,1.98,,,,,,
2006-01-29,Ajax,Utrecht,1.0,4.0,1.5,3.5,6.0,1.58,2.15,,,,,,
2006-01-29,Den Haag,PSV Eindhoven,0.0,2.0,7.5,4.0,1.36,1.56,2.2,,,,,,
2006-01-29,Groningen,NAC Breda,3.0,2.0,1.61,3.4,5.0,1.7,1.97,,,,,,
2006-01-29,Heracles,Feyenoord,0.0,4.0,4.75,3.6,1.57,1.56,2.19,,,,,,
2006-01-29,Waalwijk,Vitesse,0.0,1.0,2.0,3.25,3.25,1.62,2.09,,,,,,
2006-02-03,Willem II,Roosendaal,3.0,1.0,1.5,3.6,5.5,1.66,2.02,,,,,,
2006-02-04,AZ Alkmaar,Vitesse,1.0,1.0,1.4,4.0,6.5,1.49,2.33,,,,,,
2006-02-04,Groningen,Heracles,0.0,0.0,1.57,3.4,5.5,1.62,2.08,,,,,,
2006-02-04,NAC Breda,Sparta,0.0,0.0,1.9,3.25,3.5,1.69,1.98,,,,,,
2006-02-04,PSV Eindhoven,Roda JC,3.0,2.0,1.25,5.0,9.0,1.54,2.23,,,,,,
2006-02-05,Feyenoord,Ajax,3.0,2.0,1.83,3.25,3.75,1.64,2.05,,,,,,
2006-02-05,Heerenveen,Den Haag,3.0,0.0,1.44,3.75,6.5,1.57,2.18,,,,,,
2006-02-05,Twente,Utrecht,3.0,0.0,2.37,3.4,2.5,1.68,2.0,,,,,,
2006-02-05,Waalwijk,Nijmegen,1.0,3.0,2.25,3.25,2.75,1.64,2.07,,,,,,
2006-02-07,Roosendaal,AZ Alkmaar,0.0,5.0,8.0,5.0,1.25,1.43,2.51,,,,,,
2006-02-07,Sparta,Groningen,1.0,0.0,2.62,3.2,2.37,1.84,1.87,,,,,,
2006-02-08,Ajax,Willem II,1.0,0.0,1.2,5.0,11.0,1.45,2.47,,,,,,
2006-02-08,Den Haag,NAC Breda,0.0,3.0,2.1,3.2,3.0,1.66,2.04,,,,,,
2006-02-08,Heracles,Heerenveen,1.0,1.0,2.62,3.2,2.37,1.63,2.09,,,,,,
2006-02-08,Nijmegen,Feyenoord,1.0,2.0,3.6,3.4,1.8,1.63,2.08,,,,,,
2006-02-08,Roda JC,Waalwijk,1.0,0.0,1.9,3.25,3.5,1.59,2.13,,,,,,
2006-02-08,Utrecht,PSV Eindhoven,1.0,2.0,4.0,3.4,1.72,1.67,2.02,,,,,,
2006-02-08,Vitesse,Twente,1.0,2.0,1.66,3.4,4.33,1.66,2.02,,,,,,
2006-02-10,Sparta,AZ Alkmaar,0.0,1.0,5.0,3.75,1.53,1.52,2.24,,,,,,
2006-02-11,Heerenveen,Vitesse,4.0,1.0,1.8,3.25,4.0,1.64,2.07,,,,,,
2006-02-11,PSV Eindhoven,Heracles,1.0,0.0,1.16,6.0,11.0,1.47,2.4,,,,,,
2006-02-11,Twente,Roda JC,1.0,0.0,2.2,3.25,2.8,1.62,2.1,,,,,,
2006-02-11,Waalwijk,Willem II,1.0,0.0,1.61,3.4,5.0,1.69,2.0,,,,,,
2006-02-12,Den Haag,Ajax,1.0,2.0,5.0,3.4,1.61,1.59,2.16,,,,,,
2006-02-12,NAC Breda,Feyenoord,3.0,3.0,4.5,3.4,1.66,1.56,2.21,,,,,,
2006-02-12,Roosendaal,Groningen,1.0,2.0,4.2,3.3,1.72,1.69,2.01,,,,,,
2006-02-12,Utrecht,Nijmegen,1.0,1.0,2.0,3.25,3.25,1.72,1.99,,,,,,
2006-02-17,Nijmegen,Twente,0.0,3.0,1.72,3.4,4.2,1.74,1.95,,,,,,
2006-02-17,Vitesse,PSV Eindhoven,1.0,3.0,5.0,3.4,1.61,1.66,2.03,,,,,,
2006-02-18,Groningen,Waalwijk,1.0,0.0,1.66,3.4,4.5,1.72,1.95,,,,,,
2006-02-18,Roda JC,Heerenveen,2.0,1.0,2.4,3.2,2.6,1.68,2.0,,,,,,
2006-02-19,Ajax,Roosendaal,6.0,0.0,1.12,6.5,15.0,1.41,2.56,,,,,,
2006-02-19,AZ Alkmaar,Utrecht,2.0,3.0,1.5,3.6,6.0,1.55,2.22,,,,,,
2006-02-19,Feyenoord,Sparta,4.0,0.0,1.25,4.5,11.0,1.5,2.28,,,,,,
2006-02-19,Heracles,Den Haag,1.0,3.0,1.8,3.25,4.0,1.68,1.99,,,,,,
2006-02-19,Willem II,NAC Breda,2.0,0.0,2.37,3.2,2.62,1.66,2.02,,,,,,
2006-02-24,Roosendaal,Nijmegen,2.0,0.0,4.5,3.4,1.66,1.65,2.07,,,,,,
2006-02-24,Waalwijk,Twente,0.0,0.0,2.25,3.25,2.75,1.77,1.94,,,,,,
2006-02-25,Den Haag,Vitesse,2.0,0.0,2.5,3.4,2.37,1.7,2.03,,,,,,
2006-02-25,Sparta,Willem II,3.0,2.0,1.83,3.25,3.75,1.87,1.85,,,,,,
2006-02-26,AZ Alkmaar,PSV Eindhoven,1.0,2.0,2.62,3.3,2.5,1.62,2.12,,,,,,
2006-02-26,Groningen,Feyenoord,1.0,1.0,3.25,3.25,2.0,1.65,2.05,,,,,,
2006-02-26,Heerenveen,NAC Breda,2.0,1.0,1.61,3.4,5.0,1.56,2.21,,,,,,
2006-02-26,Heracles,Ajax,1.0,3.0,4.5,3.6,1.61,1.62,2.11,,,,,,
2006-02-26,Utrecht,Roda JC,2.0,1.0,1.83,3.25,3.75,1.65,2.06,,,,,,
2006-03-03,Nijmegen,AZ Alkmaar,0.0,2.0,3.5,3.4,1.83,1.59,2.15,,,,,,
2006-03-04,NAC Breda,Roosendaal,2.0,1.0,1.5,3.5,6.0,1.62,2.09,,,,,,
2006-03-04,PSV Eindhoven,Heerenveen,4.0,1.0,1.36,4.0,7.5,1.56,2.21,,,,,,
2006-03-04,Vitesse,Roda JC,1.0,3.0,2.1,3.25,3.0,1.66,2.04,,,,,,
2006-03-04,Willem II,Groningen,5.0,0.0,3.0,3.25,2.1,1.75,1.96,,,,,,
2006-03-05,Ajax,Sparta,6.0,0.0,1.25,4.5,10.0,1.53,2.25,,,,,,
2006-03-05,Feyenoord,Utrecht,3.0,0.0,1.5,3.75,5.5,1.58,2.15,,,,,,
2006-03-05,Twente,Heracles,2.0,0.0,1.72,3.4,4.2,1.68,2.0,,,,,,
2006-03-05,Waalwijk,Den Haag,3.0,0.0,1.8,3.4,3.75,1.68,2.01,,,,,,
2006-03-10,Twente,NAC Breda,1.0,0.0,1.57,3.75,4.5,1.65,2.06,,,,,,
2006-03-11,Ajax,PSV Eindhoven,0.0,0.0,2.5,3.2,2.5,1.67,2.05,,,,,,
2006-03-11,Den Haag,Groningen,2.0,1.0,2.7,3.25,2.3,1.65,2.06,,,,,,
2006-03-11,Nijmegen,Heracles,2.0,0.0,1.66,3.4,4.5,1.77,1.95,,,,,,
2006-03-11,Roda JC,Sparta,1.0,1.0,1.53,3.75,5.0,1.63,2.07,,,,,,
2006-03-12,Feyenoord,Waalwijk,1.0,1.0,1.2,5.5,10.0,1.44,2.5,,,,,,
2006-03-12,Utrecht,Heerenveen,2.0,0.0,2.1,3.2,3.1,1.59,2.14,,,,,,
2006-03-12,Vitesse,Roosendaal,5.0,1.0,1.4,3.75,7.0,1.54,2.25,,,,,,
2006-03-12,Willem II,AZ Alkmaar,1.0,3.0,4.2,3.4,1.72,1.58,2.17,,,,,,
2006-03-17,NAC Breda,Vitesse,2.0,2.0,2.25,3.2,2.8,1.61,2.11,,,,,,
2006-03-18,Den Haag,Roda JC,1.0,1.0,2.5,3.2,2.5,1.64,2.05,,,,,,
2006-03-18,Heerenveen,Waalwijk,2.0,1.0,1.8,3.3,3.75,1.64,2.05,,,,,,
2006-03-18,Heracles,Willem II,1.0,0.0,2.1,3.25,3.0,1.66,2.03,,,,,,
2006-03-18,PSV Eindhoven,Nijmegen,1.0,0.0,1.22,5.0,10.0,1.51,2.32,,,,,,
2006-03-19,AZ Alkmaar,Feyenoord,1.0,0.0,2.37,3.2,2.62,1.57,2.2,,,,,,
2006-03-19,Groningen,Ajax,3.0,2.0,3.4,3.4,1.9,1.67,2.01,,,,,,
2006-03-19,Roosendaal,Twente,1.0,1.0,5.5,3.6,1.5,1.63,2.07,,,,,,
2006-03-19,Sparta,Utrecht,0.0,1.0,2.62,3.2,2.37,1.69,1.99,,,,,,
2006-03-24,Vitesse,Sparta,3.0,1.0,1.61,3.5,4.5,1.64,2.1,,,,,,
2006-03-25,Nijmegen,Groningen,2.0,2.0,2.2,3.2,2.87,1.71,1.96,,,,,,
2006-03-25,Twente,Heerenveen,1.0,2.0,2.2,3.2,2.87,1.67,2.01,,,,,,
2006-03-25,Willem II,PSV Eindhoven,0.0,3.0,7.5,3.75,1.4,1.58,2.17,,,,,,
2006-03-26,Ajax,NAC Breda,1.0,1.0,1.28,4.5,9.0,1.55,2.23,,,,,,
2006-03-26,Feyenoord,Den Haag,0.0,2.0,1.2,5.5,10.0,1.48,2.41,,,,,,
2006-03-26,Roda JC,Roosendaal,5.0,1.0,1.33,4.33,7.5,1.52,2.28,,,,,,
2006-03-26,Utrecht,Heracles,1.0,0.0,1.5,3.75,5.5,1.62,2.09,,,,,,
2006-03-26,Waalwijk,AZ Alkmaar,0.0,1.0,3.5,3.25,1.9,1.61,2.12,,,,,,
2006-03-31,Utrecht,Waalwijk,3.0,1.0,1.57,3.5,5.0,1.69,2.01,,,,,,
2006-04-01,Den Haag,Willem II,1.0,1.0,1.83,3.4,3.6,1.72,1.97,,,,,,
2006-04-01,Heracles,Sparta,1.0,0.0,2.1,3.2,3.0,1.8,1.91,,,,,,
2006-04-01,Nijmegen,Heerenveen,4.0,1.0,2.3,3.2,2.75,1.7,1.99,,,,,,
2006-04-01,Roosendaal,PSV Eindhoven,1.0,2.0,12.0,7.0,1.12,1.46,2.46,,,,,,
2006-04-02,Feyenoord,Twente,4.0,2.0,1.4,3.75,7.0,1.59,2.14,,,,,,
2006-04-02,Groningen,Vitesse,2.0,1.0,1.8,3.3,3.8,1.68,2.0,,,,,,
2006-04-02,Roda JC,Ajax,2.0,1.0,3.0,3.2,2.1,1.59,2.15,,,,,,
2006-04-04,AZ Alkmaar,NAC Breda,3.0,2.0,1.33,4.33,7.5,1.55,2.24,,,,,,
2006-04-07,Heerenveen,Feyenoord,1.0,1.0,3.25,3.2,2.2,1.57,2.22,,,,,,
2006-04-08,NAC Breda,Nijmegen,2.0,1.0,2.3,3.25,2.7,1.66,2.05,,,,,,
2006-04-08,Sparta,Roosendaal,5.0,0.0,1.44,3.75,6.5,1.6,2.18,,,,,,
2006-04-08,Waalwijk,Heracles,0.0,2.0,1.8,3.25,4.0,1.72,1.99,,,,,,
2006-04-09,Ajax,AZ Alkmaar,1.0,0.0,2.1,3.25,3.0,1.58,2.18,,,,,,
2006-04-09,PSV Eindhoven,Groningen,1.0,1.0,1.33,4.33,7.5,1.59,2.19,,,,,,
2006-04-09,Twente,Den Haag,2.0,0.0,1.72,3.4,4.2,1.66,2.03,,,,,,
2006-04-09,Vitesse,Utrecht,1.0,0.0,2.4,3.2,2.6,1.62,2.11,,,,,,
2006-04-09,Willem II,Roda JC,2.0,2.0,2.7,3.25,2.3,1.61,2.14,,,,,,
2006-04-12,Ajax,Vitesse,2.0,1.0,1.36,4.0,7.0,1.58,2.19,,,,,,
2006-04-12,AZ Alkmaar,Twente,0.0,0.0,1.44,3.75,6.5,1.55,2.25,,,,,,
2006-04-12,Groningen,Utrecht,2.0,1.0,2.0,3.2,3.2,1.71,1.97,,,,,,
2006-04-12,Heracles,NAC Breda,4.0,2.0,2.62,3.2,2.37,1.78,1.95,,,,,,
2006-04-12,Nijmegen,Roda JC,0.0,3.0,2.1,3.2,3.0,1.68,2.01,,,,,,
2006-04-12,PSV Eindhoven,Feyenoord,1.0,1.0,1.83,3.3,3.6,1.65,2.07,,,,,,
2006-04-12,Roosendaal,Den Haag,1.0,2.0,4.5,3.5,1.61,1.63,2.13,,,,,,
2006-04-12,Sparta,Waalwijk,3.0,2.0,1.72,3.5,4.0,1.82,1.91,,,,,,
2006-04-12,Willem II,Heerenveen,4.0,3.0,3.75,3.25,1.8,1.58,2.18,,,,,,
2006-04-16,Den Haag,Sparta,0.0,2.0,2.1,2.75,3.6,1.98,1.79,,,,,,
2006-04-16,Feyenoord,Roosendaal,2.0,0.0,1.1,7.5,13.0,1.35,2.79,,,,,,
2006-04-16,Heerenveen,AZ Alkmaar,2.0,4.0,2.75,3.25,2.25,1.61,2.14,,,,,,
2006-04-16,NAC Breda,PSV Eindhoven,2.0,6.0,2.5,3.5,2.3,1.66,2.05,,,,,,
2006-04-16,Roda JC,Heracles,2.0,1.0,1.44,3.75,6.5,1.49,2.35,,,,,,
2006-04-16,Twente,Groningen,1.0,1.0,2.25,3.4,2.62,1.56,2.21,,,,,,
2006-04-16,Utrecht,Willem II,1.0,4.0,1.2,5.5,9.5,1.46,2.46,,,,,,
2006-04-16,Vitesse,Nijmegen,1.0,1.0,2.25,3.4,2.62,1.61,2.12,,,,,,
2006-04-16,Waalwijk,Ajax,2.0,4.0,5.0,3.2,1.66,1.6,2.15,,,,,,
2006-08-18,Sparta,Vitesse,1.0,2.0,2.37,3.2,2.62,1.79,1.94,,,,,,
2006-08-19,AZ Alkmaar,NAC Breda,8.0,1.0,1.28,4.5,8.5,1.55,2.24,,,,,,
2006-08-19,Den Haag,Heerenveen,2.0,3.0,2.75,3.25,2.25,1.8,1.94,,,,,,
2006-08-19,Excelsior,Roda JC,0.0,1.0,2.7,3.2,2.3,1.71,2.01,,,,,,
2006-08-19,Willem II,Utrecht,2.0,1.0,2.62,3.2,2.37,1.75,1.97,,,,,,
2006-08-20,Ajax,Waalwijk,5.0,0.0,1.22,5.0,10.0,1.56,2.22,,,,,,
2006-08-20,Groningen,Feyenoord,3.0,0.0,3.0,3.25,2.1,1.73,1.95,,,,,,
2006-08-20,Heracles,Twente,3.0,0.0,2.7,3.2,2.3,1.81,1.92,,,,,,
2006-08-20,PSV Eindhoven,Nijmegen,3.0,1.0,1.25,5.0,8.5,1.56,2.22,,,,,,
2006-08-25,Roda JC,Den Haag,1.0,0.0,1.61,3.4,5.0,1.64,2.1,,,,,,
2006-08-26,Heerenveen,Willem II,5.0,0.0,1.57,3.6,5.0,1.61,2.14,,,,,,
2006-08-26,Utrecht,Sparta,2.0,2.0,1.66,3.4,4.5,1.68,2.04,,,,,,
2006-08-26,Vitesse,AZ Alkmaar,1.0,3.0,3.5,3.25,1.9,1.57,2.2,,,,,,
2006-08-26,Waalwijk,Excelsior,1.0,1.0,1.8,3.3,3.8,1.67,2.06,,,,,,
2006-08-27,Feyenoord,Heracles,0.0,0.0,1.33,4.33,7.5,1.56,2.23,,,,,,
2006-08-27,NAC Breda,Ajax,1.0,2.0,5.0,3.75,1.53,1.58,2.19,,,,,,
2006-08-27,Nijmegen,Groningen,1.0,1.0,2.5,3.2,2.5,1.7,2.02,,,,,,
2006-08-27,Twente,PSV Eindhoven,1.0,0.0,5.0,3.4,1.61,1.66,2.06,,,,,,
2006-09-08,Den Haag,NAC Breda,0.0,2.0,2.1,3.25,3.0,1.65,2.07,,,,,,
2006-09-08,Twente,Roda JC,2.0,2.0,2.1,3.25,3.0,1.83,1.88,,,,,,
2006-09-09,Excelsior,Heerenveen,3.0,1.0,3.75,3.25,1.83,1.62,2.1,,,,,,
2006-09-09,Willem II,PSV Eindhoven,1.0,3.0,6.5,3.75,1.44,1.57,2.17,,,,,,
2006-09-10,Ajax,Vitesse,3.0,0.0,1.25,5.0,9.0,1.47,2.41,,,,,,
2006-09-10,Groningen,Heracles,2.0,1.0,1.53,3.5,5.5,1.64,2.06,,,,,,
2006-09-10,Nijmegen,AZ Alkmaar,0.0,2.0,4.5,3.4,1.66,1.55,2.21,,,,,,
2006-09-10,Sparta,Feyenoord,1.0,4.0,4.2,3.4,1.72,1.61,2.12,,,,,,
2006-09-10,Utrecht,Waalwijk,5.0,0.0,1.66,3.4,4.5,1.62,2.08,,,,,,
2006-09-15,Waalwijk,Den Haag,1.0,0.0,1.9,3.25,3.5,1.66,2.07,,,,,,
2006-09-16,Excelsior,Willem II,3.0,2.0,2.0,3.25,3.25,1.63,2.05,,,,,,
2006-09-16,Heracles,Utrecht,3.0,0.0,2.5,3.2,2.5,1.64,2.05,,,,,,
2006-09-16,Vitesse,NAC Breda,0.0,1.0,1.9,3.25,3.5,1.58,2.16,,,,,,
2006-09-17,AZ Alkmaar,Twente,2.0,2.0,1.28,4.5,8.5,1.45,2.44,,,,,,
2006-09-17,Heerenveen,Nijmegen,3.0,0.0,1.66,3.4,4.5,1.53,2.25,,,,,,
2006-09-17,PSV Eindhoven,Feyenoord,2.0,1.0,1.66,3.4,4.5,1.63,2.06,,,,,,
2006-09-17,Roda JC,Ajax,2.0,0.0,3.75,3.25,1.83,1.55,2.21,,,,,,
2006-09-17,Sparta,Groningen,0.0,1.0,2.62,3.2,2.37,1.65,2.06,,,,,,
2006-09-22,NAC Breda,Willem II,0.0,0.0,1.83,3.25,3.75,1.66,2.07,,,,,,
2006-09-23,Den Haag,PSV Eindhoven,0.0,2.0,7.0,4.33,1.33,1.56,2.21,,,,,,
2006-09-23,Twente,Sparta,2.0,0.0,1.57,3.6,5.0,1.62,2.1,,,,,,
2006-09-23,Vitesse,Heracles,4.0,0.0,1.83,3.25,3.75,1.67,2.02,,,,,,
2006-09-24,Ajax,Nijmegen,2.0,0.0,1.2,5.5,10.0,1.47,2.4,,,,,,
2006-09-24,Feyenoord,Excelsior,1.0,0.0,1.28,4.5,9.0,1.52,2.27,,,,,,
2006-09-24,Groningen,Waalwijk,1.0,1.0,1.5,3.75,5.5,1.58,2.16,,,,,,
2006-09-24,Roda JC,AZ Alkmaar,0.0,2.0,2.75,3.25,2.25,1.53,2.23,,,,,,
2006-09-24,Utrecht,Heerenveen,1.0,0.0,2.3,3.2,2.7,1.55,2.22,,,,,,
2006-09-29,Nijmegen,Heracles,2.0,0.0,1.9,3.25,3.5,1.79,1.92,,,,,,
2006-09-30,Excelsior,Sparta,3.0,1.0,2.05,3.25,3.1,1.69,1.99,,,,,,
2006-09-30,Twente,Waalwijk,4.0,3.0,1.65,3.25,5.25,1.66,2.03,,,,,,
2006-09-30,Willem II,Roda JC,0.0,1.0,2.7,3.2,2.37,1.66,2.03,,,,,,
2006-10-01,AZ Alkmaar,Den Haag,2.0,2.0,1.16,6.0,11.0,1.44,2.47,,,,,,
2006-10-01,Feyenoord,NAC Breda,3.0,2.0,1.3,4.0,10.0,1.59,2.13,,,,,,
2006-10-01,Groningen,Vitesse,4.0,3.0,1.8,3.4,3.8,1.68,2.0,,,,,,
2006-10-01,Heerenveen,PSV Eindhoven,0.0,0.0,4.0,3.25,1.8,1.62,2.09,,,,,,
2006-10-01,Utrecht,Ajax,2.0,3.0,4.0,3.25,1.8,1.65,2.05,,,,,,
2006-10-13,Den Haag,Twente,1.0,2.0,3.0,3.2,2.15,1.73,1.98,,,,,,
2006-10-14,Ajax,Groningen,3.0,2.0,1.36,3.6,8.0,1.52,2.28,,,,,,
2006-10-14,NAC Breda,Nijmegen,0.0,2.0,2.1,3.2,3.0,1.72,1.96,,,,,,
2006-10-14,Sparta,AZ Alkmaar,0.0,2.0,7.0,4.33,1.33,1.52,2.31,,,,,,
2006-10-14,Vitesse,Willem II,1.0,0.0,1.65,3.4,4.5,1.6,2.13,,,,,,
2006-10-15,Excelsior,Utrecht,0.0,1.0,2.4,3.2,2.62,1.63,2.08,,,,,,
2006-10-15,Heracles,Heerenveen,1.0,0.0,3.1,3.1,2.1,1.67,2.03,,,,,,
2006-10-15,PSV Eindhoven,Roda JC,4.0,1.0,1.4,4.0,7.5,1.55,2.24,,,,,,
2006-10-15,Waalwijk,Feyenoord,2.0,2.0,4.5,3.2,1.72,1.6,2.14,,,,,,
2006-10-20,Willem II,Heracles,2.0,0.0,2.0,3.25,3.2,1.82,1.88,,,,,,
2006-10-21,Roda JC,Sparta,2.0,1.0,1.4,4.0,7.0,1.61,2.11,,,,,,
2006-10-21,Twente,Excelsior,4.0,1.0,1.53,3.4,6.0,1.64,2.08,,,,,,
2006-10-21,Waalwijk,NAC Breda,0.0,1.0,1.9,3.25,3.5,1.65,2.06,,,,,,
2006-10-22,AZ Alkmaar,PSV Eindhoven,1.0,3.0,2.55,3.0,2.55,1.66,2.05,,,,,,
2006-10-22,Feyenoord,Ajax,0.0,4.0,2.75,3.2,2.3,1.64,2.07,,,,,,
2006-10-22,Heerenveen,Groningen,4.0,2.0,1.9,3.25,3.5,1.72,1.96,,,,,,
2006-10-22,Nijmegen,Vitesse,1.0,0.0,2.2,3.25,2.87,1.76,1.93,,,,,,
2006-10-22,Utrecht,Den Haag,2.0,0.0,1.45,3.75,6.5,1.6,2.13,,,,,,
2006-10-25,Ajax,Den Haag,2.0,0.0,1.12,7.0,15.0,1.35,2.78,,,,,,
2006-10-25,Groningen,Excelsior,2.0,1.0,1.4,4.0,6.5,1.57,2.16,,,,,,
2006-10-25,Heracles,Waalwijk,1.0,1.0,2.0,3.2,3.2,1.71,1.95,,,,,,
2006-10-25,Nijmegen,Roda JC,0.0,0.0,2.37,3.2,2.6,1.79,1.87,,,,,,
2006-10-25,PSV Eindhoven,Sparta,7.0,0.0,1.14,6.5,13.0,1.38,2.7,,,,,,
2006-10-26,Feyenoord,Twente,2.0,1.0,1.72,3.5,4.0,1.6,2.11,,,,,,
2006-10-26,NAC Breda,Utrecht,2.0,1.0,2.37,3.25,2.6,1.7,1.96,,,,,,
2006-10-26,Willem II,AZ Alkmaar,0.0,4.0,5.5,3.5,1.53,1.58,2.16,,,,,,
2006-10-28,Den Haag,Heracles,2.0,0.0,2.15,3.2,3.0,1.73,1.91,,,,,,
2006-10-28,Excelsior,Vitesse,2.0,2.0,2.55,3.2,2.45,1.62,2.08,,,,,,
2006-10-28,Heerenveen,Ajax,0.0,2.0,3.6,3.4,1.83,1.54,2.19,,,,,,
2006-10-28,Waalwijk,PSV Eindhoven,0.0,3.0,7.0,4.0,1.36,1.5,2.29,,,,,,
2006-10-29,AZ Alkmaar,Utrecht,5.0,1.0,1.4,4.0,6.5,1.43,2.45,,,,,,
2006-10-29,NAC Breda,Groningen,0.0,0.0,2.7,3.25,2.3,1.64,2.02,,,,,,
2006-10-29,Roda JC,Feyenoord,1.0,2.0,2.3,3.25,2.7,1.64,2.04,,,,,,
2006-10-29,Sparta,Willem II,1.0,0.0,2.25,3.25,2.75,1.71,1.93,,,,,,
2006-10-29,Twente,Nijmegen,4.0,0.0,1.57,3.5,5.25,1.63,2.05,,,,,,
2006-11-03,Nijmegen,Willem II,1.0,2.0,1.65,3.4,4.75,1.81,1.93,,,,,,
2006-11-04,Den Haag,Excelsior,2.0,2.0,1.9,3.2,3.6,1.72,1.97,,,,,,
2006-11-04,Groningen,Roda JC,2.0,1.0,1.85,3.25,3.6,1.64,2.08,,,,,,
2006-11-04,PSV Eindhoven,NAC Breda,3.0,0.0,1.12,6.0,17.0,1.4,2.59,,,,,,
2006-11-05,Feyenoord,Vitesse,2.0,1.0,1.5,4.0,4.5,1.57,2.2,,,,,,
2006-11-05,Heerenveen,Sparta,2.0,0.0,1.33,4.2,7.5,1.49,2.36,,,,,,
2006-11-05,Heracles,Ajax,0.0,3.0,10.0,4.33,1.33,1.51,2.31,,,,,,
2006-11-05,Utrecht,Twente,0.0,0.0,2.3,3.25,2.7,1.63,2.1,,,,,,
2006-11-05,Waalwijk,AZ Alkmaar,0.0,2.0,7.5,4.2,1.33,1.49,2.36,,,,,,
2006-11-10,NAC Breda,Heerenveen,1.0,1.0,2.55,3.2,2.45,1.71,1.99,,,,,,
2006-11-11,AZ Alkmaar,Heracles,5.0,0.0,1.2,5.0,11.0,1.41,2.58,,,,,,
2006-11-11,Excelsior,Nijmegen,1.0,1.0,2.3,3.25,2.62,1.69,2.0,,,,,,
2006-11-11,Roda JC,Waalwijk,1.0,1.0,1.5,3.5,6.0,1.62,2.11,,,,,,
2006-11-12,Ajax,PSV Eindhoven,0.0,1.0,2.15,3.2,3.0,1.68,2.01,,,,,,
2006-11-12,Sparta,Den Haag,2.0,1.0,2.15,3.25,2.87,1.85,1.87,,,,,,
2006-11-12,Twente,Groningen,7.0,1.0,1.9,3.25,3.5,1.64,2.09,,,,,,
2006-11-12,Vitesse,Utrecht,4.0,2.0,2.05,3.25,3.1,1.65,2.06,,,,,,
2006-11-12,Willem II,Feyenoord,3.0,5.0,4.75,3.3,1.65,1.58,2.19,,,,,,
2006-11-17,Heracles,NAC Breda,2.0,0.0,2.4,3.1,2.7,1.82,1.92,,,,,,
2006-11-18,Feyenoord,AZ Alkmaar,3.0,2.0,3.0,3.1,2.15,1.57,2.21,,,,,,
2006-11-18,Nijmegen,Sparta,1.0,2.0,1.55,3.6,5.25,1.78,1.95,,,,,,
2006-11-18,PSV Eindhoven,Excelsior,4.0,0.0,1.14,6.0,13.0,1.39,2.62,,,,,,
2006-11-18,Waalwijk,Heerenveen,0.0,2.0,2.7,3.1,2.3,1.7,2.01,,,,,,
2006-11-19,Ajax,Twente,1.0,1.0,1.36,3.8,8.0,1.53,2.29,,,,,,
2006-11-19,Den Haag,Vitesse,0.0,3.0,2.8,3.1,2.25,1.68,2.03,,,,,,
2006-11-19,Groningen,Willem II,4.0,1.0,1.36,3.8,7.0,1.56,2.23,,,,,,
2006-11-19,Utrecht,Roda JC,2.0,0.0,2.15,3.25,3.0,1.72,1.99,,,,,,
2006-11-24,Twente,Vitesse,2.0,0.0,1.53,3.5,5.5,1.57,2.24,,,,,,
2006-11-25,Excelsior,Heracles,6.0,1.0,2.2,3.1,2.9,1.84,1.9,,,,,,
2006-11-25,PSV Eindhoven,Utrecht,5.0,0.0,1.16,6.0,11.0,1.42,2.58,,,,,,
2006-11-25,Willem II,Waalwijk,3.0,1.0,2.05,3.2,3.1,1.66,2.06,,,,,,
2006-11-26,Groningen,Den Haag,2.0,5.0,1.36,4.33,7.0,1.5,2.36,,,,,,
2006-11-26,Heerenveen,AZ Alkmaar,1.0,3.0,4.0,3.25,1.8,1.54,2.27,,,,,,
2006-11-26,Nijmegen,Feyenoord,4.0,1.0,4.2,3.4,1.72,1.56,2.23,,,,,,
2006-11-26,Roda JC,NAC Breda,3.0,2.0,1.7,3.5,4.2,1.71,1.99,,,,,,
2006-11-26,Sparta,Ajax,3.0,0.0,8.0,4.5,1.3,1.54,2.28,,,,,,
2006-11-29,Vitesse,Heerenveen,1.0,3.0,2.1,3.2,3.2,1.64,2.08,,,,,,
2006-12-01,Waalwijk,Sparta,2.0,1.0,2.1,3.3,2.9,1.7,2.03,,,,,,
2006-12-02,Den Haag,Nijmegen,0.0,2.0,2.37,3.25,2.6,1.7,2.01,,,,,,
2006-12-02,Heracles,Roda JC,1.0,1.0,2.8,3.2,2.25,1.73,1.97,,,,,,
2006-12-02,NAC Breda,Twente,0.0,0.0,3.2,3.25,2.0,1.71,2.0,,,,,,
2006-12-02,Vitesse,PSV Eindhoven,0.0,1.0,6.5,4.75,1.33,1.54,2.24,,,,,,
2006-12-03,Ajax,Willem II,6.0,0.0,1.14,6.0,13.0,1.42,2.54,,,,,,
2006-12-03,AZ Alkmaar,Excelsior,5.0,0.0,1.14,6.0,13.0,1.36,2.78,,,,,,
2006-12-03,Feyenoord,Heerenveen,4.0,3.0,1.72,3.4,4.0,1.55,2.23,,,,,,
2006-12-03,Utrecht,Groningen,3.0,0.0,2.0,3.25,3.3,1.54,2.24,,,,,,
2006-12-08,Heerenveen,Roda JC,1.0,0.0,1.75,3.5,4.33,1.64,2.1,,,,,,
2006-12-09,Groningen,PSV Eindhoven,0.0,2.0,6.5,3.8,1.44,1.54,2.23,,,,,,
2006-12-09,Heracles,Sparta,2.0,3.0,1.95,3.25,3.4,1.71,1.98,,,,,,
2006-12-09,NAC Breda,Excelsior,2.0,1.0,1.61,3.4,4.75,1.66,2.05,,,,,,
2006-12-09,Nijmegen,Utrecht,2.0,0.0,2.05,3.25,3.1,1.69,2.01,,,,,,
2006-12-10,Ajax,AZ Alkmaar,2.0,2.0,1.9,3.3,3.4,1.56,2.2,,,,,,
2006-12-10,Feyenoord,Den Haag,3.0,1.0,1.16,5.5,12.0,1.39,2.62,,,,,,
2006-12-10,Vitesse,Waalwijk,3.0,1.0,1.61,3.4,4.75,1.59,2.15,,,,,,
2006-12-10,Willem II,Twente,1.0,3.0,3.5,3.3,1.9,1.6,2.14,,,,,,
2006-12-15,PSV Eindhoven,Heracles,3.0,0.0,1.07,9.0,26.0,1.34,2.81,,,,,,
2006-12-16,Den Haag,Willem II,2.0,1.0,1.9,3.25,3.6,1.66,2.05,,,,,,
2006-12-16,Roda JC,Vitesse,2.0,4.0,1.9,3.2,3.75,1.66,2.04,,,,,,
2006-12-16,Sparta,NAC Breda,0.0,3.0,2.1,3.2,3.1,1.68,2.01,,,,,,
2006-12-17,AZ Alkmaar,Groningen,2.0,0.0,1.22,5.0,10.0,1.38,2.62,,,,,,
2006-12-17,Excelsior,Ajax,1.0,3.0,8.0,5.0,1.25,1.44,2.48,,,,,,
2006-12-17,Twente,Heerenveen,5.0,1.0,1.75,3.2,4.5,1.63,2.08,,,,,,
2006-12-17,Utrecht,Feyenoord,2.0,1.0,2.75,3.2,2.3,1.55,2.2,,,,,,
2006-12-17,Waalwijk,Nijmegen,0.0,1.0,2.3,3.2,2.75,1.77,1.94,,,,,,
2006-12-22,Heracles,Groningen,0.0,1.0,2.75,3.4,2.37,1.64,2.1,,,,,,
2006-12-23,Feyenoord,Sparta,3.0,2.0,1.25,5.0,9.0,1.4,2.59,,,,,,
2006-12-23,Heerenveen,Excelsior,2.0,0.0,1.25,5.0,9.0,1.47,2.39,,,,,,
2006-12-23,NAC Breda,Den Haag,2.0,2.0,1.66,3.4,4.5,1.67,2.05,,,,,,
2006-12-23,PSV Eindhoven,Willem II,4.0,0.0,1.08,7.5,17.0,1.34,2.84,,,,,,
2006-12-24,AZ Alkmaar,Nijmegen,0.0,0.0,1.25,5.0,9.0,1.42,2.52,,,,,,
2006-12-24,Roda JC,Twente,2.0,0.0,2.8,3.25,2.25,1.59,2.15,,,,,,
2006-12-24,Vitesse,Ajax,4.0,2.0,5.5,3.6,1.5,1.45,2.47,,,,,,
2006-12-24,Waalwijk,Utrecht,1.0,1.0,2.62,3.2,2.37,1.66,2.06,,,,,,
2006-12-26,Feyenoord,PSV Eindhoven,1.0,1.0,3.1,3.2,2.1,1.58,2.17,,,,,,
2006-12-26,Groningen,Sparta,0.0,1.0,1.5,3.5,6.5,1.5,2.34,,,,,,
2006-12-26,Willem II,Excelsior,2.0,1.0,2.0,3.2,3.4,1.57,2.21,,,,,,
2006-12-27,Ajax,Roda JC,2.0,0.0,1.25,5.0,9.0,1.46,2.4,,,,,,
2006-12-27,Den Haag,Waalwijk,1.0,1.0,2.1,3.2,3.1,1.6,2.13,,,,,,
2006-12-27,NAC Breda,Vitesse,2.0,1.0,2.2,3.2,2.9,1.63,2.07,,,,,,
2006-12-27,Nijmegen,Heerenveen,0.0,2.0,2.2,3.2,2.9,1.66,2.03,,,,,,
2006-12-27,Twente,AZ Alkmaar,3.0,0.0,3.1,3.2,2.1,1.54,2.25,,,,,,
2006-12-27,Utrecht,Heracles,0.0,0.0,1.44,3.75,6.5,1.57,2.18,,,,,,
2006-12-29,Excelsior,Feyenoord,1.0,3.0,6.0,4.0,1.5,1.47,2.42,,,,,,
2006-12-30,Heerenveen,Utrecht,0.0,0.0,1.7,3.6,4.2,1.64,2.09,,,,,,
2006-12-30,Nijmegen,Ajax,2.0,2.0,4.75,3.75,1.53,1.59,2.16,,,,,,
2006-12-30,PSV Eindhoven,Den Haag,2.0,1.0,1.08,7.5,21.0,1.36,2.76,,,,,,
2006-12-30,Sparta,Twente,3.0,0.0,3.75,3.5,1.83,1.61,2.13,,,,,,
2006-12-30,Waalwijk,Groningen,0.0,2.0,2.62,3.25,2.37,1.72,2.0,,,,,,
2006-12-31,AZ Alkmaar,Roda JC,2.0,2.0,1.25,5.0,9.0,1.48,2.38,,,,,,
2006-12-31,Heracles,Vitesse,2.0,2.0,2.7,3.4,2.25,1.63,2.1,,,,,,
2007-01-14,Willem II,NAC Breda,0.0,2.0,2.3,3.4,2.87,1.64,2.06,,,,,,
2007-01-19,Den Haag,AZ Alkmaar,1.0,3.0,6.5,4.2,1.44,1.49,2.37,,,,,,
2007-01-20,Heracles,Nijmegen,0.0,0.0,2.55,3.2,2.5,1.83,1.89,,,,,,
2007-01-20,PSV Eindhoven,Heerenveen,3.0,1.0,1.28,5.0,10.0,1.45,2.45,,,,,,
2007-01-20,Roda JC,Willem II,2.0,1.0,1.5,3.6,5.75,1.56,2.22,,,,,,
2007-01-20,Waalwijk,Twente,1.0,2.0,3.8,3.4,1.83,1.67,2.03,,,,,,
2007-01-21,Ajax,Utrecht,2.0,0.0,1.3,5.0,9.0,1.46,2.39,,,,,,
2007-01-21,NAC Breda,Feyenoord,4.0,1.0,3.8,3.3,1.95,1.53,2.26,,,,,,
2007-01-21,Sparta,Excelsior,2.0,1.0,1.75,3.4,4.75,1.57,2.19,,,,,,
2007-01-21,Vitesse,Groningen,3.0,2.0,2.0,3.3,3.6,1.6,2.14,,,,,,
2007-01-26,Heerenveen,Heracles,5.0,1.0,1.3,4.75,9.5,1.57,2.19,,,,,,
2007-01-27,AZ Alkmaar,Sparta,3.0,0.0,1.18,5.25,12.0,1.4,2.58,,,,,,
2007-01-27,Nijmegen,NAC Breda,2.0,1.0,2.05,3.3,3.2,1.85,1.86,,,,,,
2007-01-27,Utrecht,Excelsior,1.0,0.0,1.36,4.0,7.5,1.55,2.23,,,,,,
2007-01-27,Willem II,Vitesse,0.0,0.0,2.9,3.4,2.1,1.56,2.23,,,,,,
2007-01-28,Feyenoord,Waalwijk,3.0,1.0,1.22,5.0,11.0,1.41,2.55,,,,,,
2007-01-28,Groningen,Ajax,2.0,3.0,4.33,3.5,1.7,1.56,2.19,,,,,,
2007-01-28,Roda JC,PSV Eindhoven,2.0,0.0,6.0,3.6,1.5,1.58,2.18,,,,,,
2007-01-28,Twente,Den Haag,3.0,1.0,1.3,4.5,8.5,1.46,2.41,,,,,,
2007-02-02,Groningen,Heerenveen,1.0,1.0,2.37,3.25,2.9,1.56,2.23,,,,,,
2007-02-03,Excelsior,Twente,1.0,2.0,5.0,3.6,1.65,1.53,2.27,,,,,,
2007-02-03,Heracles,Willem II,2.0,2.0,2.1,3.2,3.1,1.66,2.03,,,,,,
2007-02-03,NAC Breda,Waalwijk,2.0,1.0,1.66,3.3,4.75,1.59,2.15,,,,,,
2007-02-03,PSV Eindhoven,AZ Alkmaar,2.0,3.0,1.75,3.4,4.75,1.51,2.32,,,,,,
2007-02-04,Ajax,Feyenoord,4.0,1.0,1.65,3.6,5.0,1.5,2.32,,,,,,
2007-02-04,Den Haag,Utrecht,1.0,1.0,2.9,3.2,2.15,1.78,1.93,,,,,,
2007-02-04,Sparta,Roda JC,2.0,2.0,2.7,3.25,2.5,1.69,2.04,,,,,,
2007-02-04,Vitesse,Nijmegen,1.0,1.0,1.83,3.3,4.33,1.66,2.02,,,,,,
2007-02-09,Excelsior,Groningen,0.0,2.0,3.75,3.4,1.9,1.6,2.19,,,,,,
2007-02-10,AZ Alkmaar,Willem II,2.0,0.0,1.12,7.0,13.0,1.35,2.83,,,,,,
2007-02-10,Heerenveen,Vitesse,0.0,0.0,1.66,3.5,4.5,1.57,2.21,,,,,,
2007-02-10,Roda JC,Nijmegen,1.0,0.0,1.83,3.4,3.8,1.76,1.95,,,,,,
2007-02-10,Waalwijk,Heracles,2.0,0.0,1.9,3.3,3.5,1.78,1.95,,,,,,
2007-02-11,Den Haag,Ajax,1.0,2.0,7.0,4.0,1.4,1.43,2.53,,,,,,
2007-02-11,Sparta,PSV Eindhoven,1.0,1.0,6.5,3.75,1.44,1.51,2.34,,,,,,
2007-02-11,Twente,Feyenoord,3.0,0.0,1.9,3.4,3.4,1.49,2.38,,,,,,
2007-02-11,Utrecht,NAC Breda,1.0,0.0,1.9,3.2,3.75,1.72,1.98,,,,,,
2007-02-16,NAC Breda,Sparta,3.0,1.0,1.95,3.4,3.6,1.74,1.99,,,,,,
2007-02-16,Willem II,Den Haag,2.0,1.0,1.8,3.5,4.33,1.72,2.02,,,,,,
2007-02-17,Heracles,PSV Eindhoven,0.0,2.0,9.0,4.33,1.36,1.59,2.18,,,,,,
2007-02-17,Nijmegen,Waalwijk,1.0,0.0,1.75,3.4,4.0,1.79,1.93,,,,,,
2007-02-17,Vitesse,Roda JC,0.0,0.0,2.05,3.4,3.3,1.68,2.04,,,,,,
2007-02-18,Ajax,Excelsior,2.0,2.0,1.1,8.0,23.0,1.35,2.78,,,,,,
2007-02-18,Feyenoord,Utrecht,2.0,0.0,1.6,3.6,5.75,1.55,2.24,,,,,,
2007-02-18,Groningen,AZ Alkmaar,1.0,1.0,4.75,3.6,1.7,1.49,2.39,,,,,,
2007-02-18,Heerenveen,Twente,1.0,2.0,2.4,3.4,2.4,1.68,2.04,,,,,,
2007-02-23,Utrecht,Nijmegen,3.0,0.0,1.85,3.2,3.75,1.95,1.76,,,,,,
2007-02-24,PSV Eindhoven,Groningen,1.0,0.0,1.25,4.5,11.0,1.46,2.46,,,,,,
2007-02-24,Roda JC,Heerenveen,1.0,0.0,1.9,3.3,3.5,1.67,2.02,,,,,,
2007-02-24,Sparta,Heracles,0.0,0.0,1.7,3.5,4.33,1.64,2.07,,,,,,
2007-02-24,Twente,Willem II,0.0,0.0,1.25,4.5,11.0,1.46,2.45,,,,,,
2007-02-25,AZ Alkmaar,Ajax,1.0,1.0,2.3,3.3,2.7,1.51,2.32,,,,,,
2007-02-25,Den Haag,Feyenoord,3.0,3.0,4.75,3.3,1.66,1.49,2.36,,,,,,
2007-02-25,Excelsior,NAC Breda,0.0,2.0,3.2,3.25,2.05,1.64,2.09,,,,,,
2007-02-25,Waalwijk,Vitesse,3.0,1.0,2.55,3.25,2.45,1.68,2.03,,,,,,
2007-03-02,Nijmegen,Twente,0.0,3.0,3.6,3.2,2.05,1.8,1.92,,,,,,
2007-03-03,Groningen,NAC Breda,3.0,1.0,2.05,3.3,3.1,1.74,1.98,,,,,,
2007-03-03,PSV Eindhoven,Waalwijk,2.0,0.0,1.14,7.0,17.0,1.43,2.52,,,,,,
2007-03-03,Vitesse,Excelsior,2.0,3.0,1.4,3.75,7.0,1.54,2.23,,,,,,
2007-03-03,Willem II,Sparta,0.0,0.0,2.1,3.25,3.4,1.65,2.07,,,,,,
2007-03-04,Ajax,Heerenveen,0.0,1.0,1.28,5.0,10.0,1.46,2.46,,,,,,
2007-03-04,Feyenoord,Roda JC,1.0,1.0,1.65,3.6,5.25,1.55,2.23,,,,,,
2007-03-04,Heracles,Den Haag,3.0,1.0,1.95,3.2,3.5,1.67,2.02,,,,,,
2007-03-04,Utrecht,AZ Alkmaar,0.0,4.0,4.0,3.5,1.75,1.55,2.25,,,,,,
2007-03-09,Roda JC,Utrecht,0.0,0.0,1.75,3.6,4.5,1.85,1.86,,,,,,
2007-03-10,Heerenveen,Waalwijk,1.0,0.0,1.44,4.2,7.0,1.66,2.07,,,,,,
2007-03-10,NAC Breda,Heracles,1.0,1.0,1.55,3.6,5.25,1.66,2.07,,,,,,
2007-03-10,Sparta,Nijmegen,0.0,4.0,2.3,3.2,2.7,1.81,1.9,,,,,,
2007-03-10,Willem II,Groningen,3.0,0.0,2.8,3.2,2.25,1.73,1.98,,,,,,
2007-03-11,AZ Alkmaar,Feyenoord,0.0,0.0,1.66,3.4,5.5,1.46,2.46,,,,,,
2007-03-11,Excelsior,PSV Eindhoven,0.0,0.0,9.5,5.0,1.28,1.54,2.25,,,,,,
2007-03-11,Twente,Ajax,1.0,4.0,2.25,3.4,3.0,1.56,2.22,,,,,,
2007-03-11,Vitesse,Den Haag,2.0,2.0,1.55,3.8,5.75,1.58,2.18,,,,,,
2007-03-16,Waalwijk,Roda JC,3.0,2.0,2.7,3.2,2.6,1.93,1.78,,,,,,
2007-03-17,Den Haag,Sparta,2.0,4.0,1.95,3.5,3.5,1.64,2.09,,,,,,
2007-03-17,Heerenveen,NAC Breda,4.0,2.0,1.65,3.6,5.0,1.76,1.94,,,,,,
2007-03-17,Nijmegen,Excelsior,0.0,1.0,1.5,4.0,5.75,1.73,1.98,,,,,,
2007-03-18,Feyenoord,Willem II,0.0,0.0,1.33,5.0,8.0,1.49,2.38,,,,,,
2007-03-18,Groningen,Twente,1.0,1.0,2.9,3.2,2.2,1.68,2.06,,,,,,
2007-03-18,Heracles,AZ Alkmaar,0.0,0.0,5.5,3.75,1.5,1.53,2.3,,,,,,
2007-03-18,PSV Eindhoven,Ajax,1.0,5.0,2.1,3.25,3.4,1.71,2.01,,,,,,
2007-03-18,Utrecht,Vitesse,2.0,0.0,1.85,3.3,3.75,1.75,1.95,,,,,,
2007-03-30,Roda JC,Groningen,0.0,1.0,1.85,3.4,4.2,1.75,1.96,,,,,,
2007-03-31,AZ Alkmaar,Waalwijk,2.0,0.0,1.22,5.0,12.0,1.45,2.48,,,,,,
2007-03-31,NAC Breda,PSV Eindhoven,1.0,1.0,5.0,3.5,1.7,1.69,2.03,,,,,,
2007-03-31,Willem II,Nijmegen,1.0,0.0,2.2,3.3,2.87,1.75,1.95,,,,,,
2007-04-01,Ajax,Heracles,3.0,0.0,1.14,6.0,15.0,1.39,2.66,,,,,,
2007-04-01,Excelsior,Den Haag,3.0,1.0,2.05,3.2,3.1,1.66,2.07,,,,,,
2007-04-01,Sparta,Heerenveen,2.0,2.0,2.8,3.25,2.25,1.67,2.07,,,,,,
2007-04-01,Twente,Utrecht,3.0,0.0,1.53,3.75,6.5,1.61,2.13,,,,,,
2007-04-01,Vitesse,Feyenoord,0.0,1.0,2.8,3.2,2.5,1.59,2.16,,,,,,
2007-04-06,Vitesse,Sparta,3.0,0.0,1.72,3.75,4.33,1.65,2.1,,,,,,
2007-04-07,Heerenveen,Den Haag,1.0,1.0,1.22,5.0,9.5,1.53,2.28,,,,,,
2007-04-07,Nijmegen,PSV Eindhoven,2.0,1.0,5.0,3.6,1.66,1.76,1.95,,,,,,
2007-04-07,Roda JC,Excelsior,2.0,0.0,1.5,3.6,6.5,1.74,1.96,,,,,,
2007-04-08,Feyenoord,Groningen,0.0,4.0,1.72,3.5,4.75,1.64,2.08,,,,,,
2007-04-08,NAC Breda,AZ Alkmaar,1.0,4.0,4.5,3.5,1.66,1.58,2.19,,,,,,
2007-04-08,Twente,Heracles,1.0,1.0,1.22,4.75,11.0,1.53,2.3,,,,,,
2007-04-08,Utrecht,Willem II,3.0,0.0,1.7,3.4,4.5,1.72,2.01,,,,,,
2007-04-08,Waalwijk,Ajax,2.0,2.0,8.5,4.75,1.33,1.53,2.29,,,,,,
2007-04-13,Ajax,NAC Breda,2.0,0.0,1.22,6.0,11.0,1.46,2.46,,,,,,
2007-04-13,Sparta,Utrecht,1.0,1.0,2.5,3.25,2.7,1.71,2.0,,,,,,
2007-04-14,Den Haag,Roda JC,0.0,2.0,3.25,3.5,2.1,1.71,1.99,,,,,,
2007-04-14,Excelsior,Waalwijk,0.0,3.0,2.1,3.25,3.0,1.71,2.01,,,,,,
2007-04-14,PSV Eindhoven,Twente,2.0,0.0,1.61,3.8,5.0,1.65,2.09,,,,,,
2007-04-15,AZ Alkmaar,Vitesse,1.0,0.0,1.28,4.5,8.5,1.48,2.38,,,,,,
2007-04-15,Groningen,Nijmegen,4.0,1.0,1.75,3.3,4.2,1.75,1.97,,,,,,
2007-04-15,Heracles,Feyenoord,4.0,1.0,3.6,3.3,2.0,1.67,2.07,,,,,,
2007-04-15,Willem II,Heerenveen,1.0,3.0,3.0,3.4,2.05,1.69,2.04,,,,,,
2007-04-22,Ajax,Sparta,5.0,2.0,1.14,6.0,13.0,1.85,1.95,,,,,,
2007-04-22,AZ Alkmaar,Heerenveen,3.0,1.0,1.33,4.0,8.0,1.52,2.31,,,,,,
2007-04-22,Feyenoord,Nijmegen,1.0,1.0,1.6,3.5,4.75,1.64,2.1,,,,,,
2007-04-22,Heracles,Excelsior,3.0,2.0,1.7,3.4,4.33,1.81,1.92,,,,,,
2007-04-22,NAC Breda,Roda JC,0.0,2.0,2.25,3.25,2.75,1.88,1.85,,,,,,
2007-04-22,Utrecht,PSV Eindhoven,1.0,1.0,5.0,3.6,1.57,1.73,1.98,,,,,,
2007-04-22,Vitesse,Twente,1.0,1.0,2.9,3.1,2.2,1.66,2.06,,,,,,
2007-04-22,Waalwijk,Willem II,1.0,1.0,1.85,3.4,3.6,1.84,1.89,,,,,,
2007-04-25,Den Haag,Groningen,1.0,3.0,4.75,3.4,1.66,1.65,2.09,,,,,,
2007-04-29,Excelsior,AZ Alkmaar,3.0,2.0,10.0,5.5,1.2,1.37,2.74,,,,,,
2007-04-29,Groningen,Utrecht,0.0,2.0,2.0,3.2,3.25,1.6,2.12,,,,,,
2007-04-29,Heerenveen,Feyenoord,5.0,1.0,2.1,3.25,2.87,1.55,2.22,,,,,,
2007-04-29,Nijmegen,Den Haag,3.0,2.0,1.5,3.75,5.5,1.59,2.15,,,,,,
2007-04-29,PSV Eindhoven,Vitesse,5.0,1.0,1.12,7.0,12.0,1.42,2.56,,,,,,
2007-04-29,Roda JC,Heracles,7.0,0.0,1.33,4.33,7.5,1.59,2.12,,,,,,
2007-04-29,Sparta,Waalwijk,1.0,0.0,1.8,3.5,3.6,1.61,2.1,,,,,,
2007-04-29,Twente,NAC Breda,2.0,1.0,1.61,3.4,5.0,1.61,2.11,,,,,,
2007-04-29,Willem II,Ajax,0.0,2.0,8.5,5.0,1.25,1.3,3.11,,,,,,
2007-08-17,Heerenveen,Willem II,0.0,0.0,1.53,3.5,5.75,1.6,2.18,,,,,,
2007-08-18,AZ Alkmaar,VVV Venlo,4.0,0.0,1.2,5.5,11.0,1.37,2.77,,,,,,
2007-08-18,Excelsior,Twente,0.0,2.0,4.5,3.5,1.65,1.58,2.23,,,,,,
2007-08-18,NAC Breda,Groningen,0.0,3.0,2.3,3.2,2.7,1.69,2.05,,,,,,
2007-08-18,Nijmegen,Roda JC,1.0,1.0,2.3,3.2,2.7,1.91,1.81,,,,,,
2007-08-19,Graafschap,Ajax,1.0,8.0,5.0,3.6,1.57,1.48,2.46,,,,,,
2007-08-19,Heracles,PSV Eindhoven,0.0,2.0,7.0,4.0,1.4,1.6,2.19,,,,,,
2007-08-19,Sparta,Vitesse,1.0,2.0,2.37,3.2,2.6,1.61,2.17,,,,,,
2007-08-19,Utrecht,Feyenoord,0.0,3.0,3.1,3.3,2.0,1.58,2.22,,,,,,
2007-08-24,Roda JC,Heracles,2.0,1.0,1.61,3.75,5.25,1.7,2.01,,,,,,
2007-08-25,PSV Eindhoven,Nijmegen,5.0,0.0,1.2,5.5,10.0,1.5,2.36,,,,,,
2007-08-25,Vitesse,AZ Alkmaar,1.0,0.0,4.75,4.0,1.61,1.55,2.2,,,,,,
2007-08-25,VVV Venlo,Excelsior,3.0,1.0,2.0,3.3,3.2,1.68,2.02,,,,,,
2007-08-25,Willem II,Sparta,2.0,2.0,1.95,3.4,3.3,1.69,2.0,,,,,,
2007-08-26,Ajax,Heerenveen,4.0,1.0,1.3,4.5,8.0,1.46,2.46,,,,,,
2007-08-26,Feyenoord,NAC Breda,5.0,0.0,1.28,4.5,9.5,1.44,2.52,,,,,,
2007-08-26,Groningen,Graafschap,0.0,2.0,1.25,4.75,10.0,1.52,2.31,,,,,,
2007-08-26,Twente,Utrecht,2.0,2.0,1.5,3.8,6.0,1.61,2.11,,,,,,
2007-08-31,AZ Alkmaar,Excelsior,3.0,0.0,1.16,6.0,12.0,1.35,2.88,,,,,,
2007-09-01,Feyenoord,Willem II,2.0,0.0,1.14,7.0,16.0,1.9,1.93,,,,,,
2007-09-01,Heerenveen,Sparta,3.0,3.0,1.5,3.75,5.5,1.62,2.14,,,,,,
2007-09-01,NAC Breda,Heracles,4.0,1.0,1.83,3.4,3.6,1.67,2.07,,,,,,
2007-09-01,Twente,PSV Eindhoven,0.0,0.0,3.6,3.6,1.9,1.65,2.11,,,,,,
2007-09-02,Ajax,Groningen,2.0,2.0,1.28,5.0,10.0,1.43,2.58,,,,,,
2007-09-02,Utrecht,Graafschap,2.0,2.0,1.53,3.6,5.75,1.58,2.21,,,,,,
2007-09-02,Vitesse,Nijmegen,1.0,0.0,1.83,3.5,4.0,1.88,1.88,,,,,,
2007-09-02,VVV Venlo,Roda JC,3.0,5.0,3.2,3.3,2.0,1.7,2.04,,,,,,
2007-09-14,Groningen,Utrecht,0.0,2.0,2.0,3.5,3.6,1.68,2.06,,,,,,
2007-09-15,Excelsior,Heerenveen,2.0,5.0,3.25,3.25,2.0,1.58,2.21,,,,,,
2007-09-15,Graafschap,VVV Venlo,3.0,2.0,1.75,3.3,4.0,1.55,2.28,,,,,,
2007-09-15,Heracles,Ajax,0.0,1.0,6.5,3.75,1.44,1.5,2.41,,,,,,
2007-09-15,PSV Eindhoven,Vitesse,1.0,0.0,1.25,5.75,13.0,1.6,2.16,,,,,,
2007-09-16,Nijmegen,NAC Breda,0.0,1.0,2.1,3.25,3.0,1.74,2.01,,,,,,
2007-09-16,Roda JC,Feyenoord,1.0,3.0,3.6,3.6,1.95,1.6,2.17,,,,,,
2007-09-16,Sparta,AZ Alkmaar,2.0,2.0,5.0,3.5,1.57,1.53,2.33,,,,,,
2007-09-16,Willem II,Twente,1.0,3.0,3.25,3.25,2.0,1.68,2.06,,,,,,
2007-09-21,VVV Venlo,NAC Breda,1.0,3.0,2.62,3.2,2.37,1.61,2.17,,,,,,
2007-09-22,Sparta,Heracles,1.0,1.0,1.75,3.25,4.2,1.64,2.12,,,,,,
2007-09-22,Vitesse,Graafschap,0.0,2.0,1.53,3.5,6.0,1.63,2.11,,,,,,
2007-09-22,Willem II,Roda JC,1.0,0.0,3.2,3.25,2.05,1.7,2.04,,,,,,
2007-09-23,AZ Alkmaar,Ajax,2.0,3.0,2.05,3.25,3.1,1.62,2.14,,,,,,
2007-09-23,Excelsior,Groningen,1.0,3.0,3.6,3.4,1.83,1.64,2.11,,,,,,
2007-09-23,Heerenveen,Utrecht,2.0,3.0,1.7,3.3,4.5,1.66,2.08,,,,,,
2007-09-23,PSV Eindhoven,Feyenoord,4.0,0.0,1.83,3.4,3.75,1.64,2.11,,,,,,
2007-09-23,Twente,Nijmegen,3.0,0.0,1.4,3.8,8.0,1.6,2.18,,,,,,
2007-09-29,Feyenoord,Heerenveen,2.0,0.0,1.33,4.2,7.5,1.49,2.4,,,,,,
2007-09-29,Groningen,Sparta,1.0,0.0,1.57,3.5,5.25,1.55,2.27,,,,,,
2007-09-29,NAC Breda,PSV Eindhoven,1.0,1.0,5.75,3.6,1.5,1.59,2.18,,,,,,
2007-09-29,Roda JC,Excelsior,3.0,3.0,1.28,4.5,9.0,1.56,2.25,,,,,,
2007-09-30,Ajax,VVV Venlo,6.0,1.0,1.11,7.0,13.0,1.36,2.79,,,,,,
2007-09-30,Graafschap,Twente,0.0,0.0,3.4,3.25,1.95,1.52,2.31,,,,,,
2007-09-30,Heracles,AZ Alkmaar,2.0,1.0,7.0,3.75,1.44,1.51,2.34,,,,,,
2007-09-30,Nijmegen,Willem II,1.0,0.0,1.9,3.25,3.6,1.8,1.93,,,,,,
2007-09-30,Utrecht,Vitesse,2.0,4.0,1.85,3.2,3.8,1.67,2.07,,,,,,
2007-10-05,VVV Venlo,Utrecht,1.0,2.0,3.3,3.5,2.1,1.5,2.35,,,,,,
2007-10-06,Excelsior,Nijmegen,2.0,0.0,2.87,3.2,2.3,1.77,1.95,,,,,,
2007-10-06,NAC Breda,Graafschap,1.0,0.0,1.85,3.4,3.75,1.6,2.14,,,,,,
2007-10-06,PSV Eindhoven,Willem II,3.0,0.0,1.16,6.0,13.0,1.93,1.85,,,,,,
2007-10-07,AZ Alkmaar,Groningen,2.0,2.0,1.4,3.8,7.0,1.51,2.31,,,,,,
2007-10-07,Heerenveen,Heracles,9.0,0.0,1.5,3.75,6.0,1.52,2.31,,,,,,
2007-10-07,Sparta,Ajax,2.0,2.0,7.5,4.5,1.33,1.43,2.52,,,,,,
2007-10-07,Twente,Roda JC,0.0,1.0,1.65,3.3,5.0,1.59,2.15,,,,,,
2007-10-07,Vitesse,Feyenoord,0.0,1.0,3.5,3.3,1.9,1.61,2.13,,,,,,
2007-10-19,Graafschap,Sparta,4.0,0.0,2.0,3.6,3.5,1.61,2.17,,,,,,
2007-10-20,Ajax,Nijmegen,0.0,0.0,1.16,6.0,13.0,1.41,2.61,,,,,,
2007-10-20,Feyenoord,Excelsior,1.0,0.0,1.16,6.0,13.0,1.35,2.84,,,,,,
2007-10-20,Heracles,Vitesse,2.0,2.0,2.7,3.2,2.4,1.71,2.01,,,,,,
2007-10-20,PSV Eindhoven,VVV Venlo,3.0,1.0,1.1,7.0,21.0,1.33,2.95,,,,,,
2007-10-21,AZ Alkmaar,Heerenveen,0.0,1.0,1.66,3.5,4.75,1.43,2.53,,,,,,
2007-10-21,Groningen,Twente,1.0,0.0,2.4,3.25,2.7,1.74,1.98,,,,,,
2007-10-21,Roda JC,Utrecht,1.0,1.0,2.0,3.3,3.5,1.61,2.14,,,,,,
2007-10-21,Willem II,NAC Breda,0.0,0.0,2.6,3.25,2.5,1.78,1.93,,,,,,
2007-10-26,Vitesse,Willem II,1.0,0.0,1.61,3.75,5.5,1.76,1.98,,,,,,
2007-10-27,Excelsior,Heracles,1.0,1.0,2.25,3.4,2.8,1.62,2.12,,,,,,
2007-10-27,Roda JC,Graafschap,1.0,0.0,1.66,3.4,4.6,1.64,2.09,,,,,,
2007-10-27,Twente,Feyenoord,2.0,0.0,3.0,3.3,2.15,1.64,2.1,,,,,,
2007-10-27,VVV Venlo,Heerenveen,0.0,4.0,4.5,3.5,1.66,1.47,2.46,,,,,,
2007-10-28,NAC Breda,AZ Alkmaar,2.0,3.0,2.87,3.4,2.2,1.64,2.1,,,,,,
2007-10-28,Nijmegen,Groningen,5.0,1.0,2.5,3.25,2.6,1.95,1.79,,,,,,
2007-10-28,Sparta,PSV Eindhoven,1.0,4.0,7.5,3.7,1.44,1.56,2.25,,,,,,
2007-10-28,Utrecht,Ajax,0.0,1.0,3.8,3.4,1.85,1.57,2.22,,,,,,
2007-11-02,Willem II,VVV Venlo,1.0,2.0,1.57,3.8,6.0,1.64,2.12,,,,,,
2007-11-03,AZ Alkmaar,Nijmegen,4.0,0.0,1.33,4.33,9.5,1.54,2.28,,,,,,
2007-11-03,Excelsior,Sparta,4.0,3.0,2.4,3.25,2.62,1.61,2.17,,,,,,
2007-11-03,Heerenveen,PSV Eindhoven,2.0,1.0,3.25,3.4,2.05,1.58,2.21,,,,,,
2007-11-04,Ajax,Roda JC,4.0,2.0,1.36,4.2,8.5,1.52,2.33,,,,,,
2007-11-04,Feyenoord,Graafschap,2.0,0.0,1.22,5.5,10.0,1.5,2.37,,,,,,
2007-11-04,Groningen,Vitesse,0.0,0.0,1.85,3.4,3.8,1.7,2.01,,,,,,
2007-11-04,Heracles,Twente,0.0,3.0,4.0,3.4,1.83,1.74,1.98,,,,,,
2007-11-04,Utrecht,NAC Breda,0.0,1.0,1.9,3.3,3.75,1.74,2.0,,,,,,
2007-11-09,Nijmegen,Heracles,3.0,0.0,1.65,3.8,5.0,1.86,1.88,,,,,,
2007-11-10,Graafschap,Excelsior,1.0,1.0,1.7,3.5,4.5,1.63,2.12,,,,,,
2007-11-10,Twente,NAC Breda,1.0,1.0,1.57,3.8,6.0,1.78,1.96,,,,,,
2007-11-10,VVV Venlo,Sparta,2.0,0.0,2.3,3.3,2.75,1.56,2.24,,,,,,
2007-11-10,Willem II,Utrecht,1.0,4.0,2.62,3.3,2.37,1.89,1.85,,,,,,
2007-11-11,Feyenoord,Ajax,2.0,2.0,2.35,3.3,3.0,1.58,2.2,,,,,,
2007-11-11,PSV Eindhoven,AZ Alkmaar,1.0,1.0,1.8,3.6,4.33,1.56,2.24,,,,,,
2007-11-11,Roda JC,Groningen,5.0,1.0,1.9,3.4,3.6,1.72,2.01,,,,,,
2007-11-11,Vitesse,Heerenveen,0.0,1.0,2.6,3.3,2.4,1.61,2.16,,,,,,
2007-11-23,NAC Breda,Roda JC,0.0,0.0,2.6,3.4,2.6,1.69,2.05,,,,,,
2007-11-24,AZ Alkmaar,Willem II,2.0,0.0,1.22,5.25,11.0,1.46,2.47,,,,,,
2007-11-24,Excelsior,PSV Eindhoven,1.0,4.0,8.0,4.75,1.36,1.5,2.36,,,,,,
2007-11-24,Heerenveen,Graafschap,2.0,3.0,1.53,3.6,6.0,1.5,2.35,,,,,,
2007-11-24,Heracles,VVV Venlo,0.0,0.0,1.75,3.6,4.0,1.54,2.26,,,,,,
2007-11-25,Ajax,Vitesse,4.0,1.0,1.28,5.25,11.0,1.46,2.45,,,,,,
2007-11-25,Groningen,Feyenoord,3.0,2.0,3.4,3.4,2.0,1.62,2.12,,,,,,
2007-11-25,Sparta,Twente,1.0,1.0,5.0,3.5,1.66,1.67,2.05,,,,,,
2007-11-25,Utrecht,Nijmegen,3.0,2.0,1.8,3.5,4.0,1.87,1.85,,,,,,
2007-11-30,Utrecht,Sparta,7.0,1.0,1.57,4.0,5.5,1.56,2.25,,,,,,
2007-12-01,Graafschap,PSV Eindhoven,0.0,1.0,6.75,4.0,1.5,1.51,2.33,,,,,,
2007-12-01,Groningen,VVV Venlo,1.0,0.0,1.33,4.33,8.0,1.51,2.33,,,,,,
2007-12-01,Roda JC,Vitesse,3.0,2.0,1.75,3.5,4.2,1.68,2.04,,,,,,
2007-12-01,Willem II,Excelsior,6.0,0.0,1.75,3.5,4.2,1.69,2.05,,,,,,
2007-12-02,Ajax,NAC Breda,1.0,3.0,1.22,6.0,12.0,1.45,2.48,,,,,,
2007-12-02,Feyenoord,Heracles,6.0,0.0,1.18,6.5,15.0,1.44,2.52,,,,,,
2007-12-02,Nijmegen,Heerenveen,0.0,1.0,2.87,3.3,2.25,1.63,2.12,,,,,,
2007-12-02,Twente,AZ Alkmaar,2.0,1.0,2.2,3.3,3.0,1.64,2.11,,,,,,
2007-12-07,PSV Eindhoven,Roda JC,2.0,4.0,1.36,4.75,8.5,1.56,2.24,,,,,,
2007-12-08,Excelsior,NAC Breda,0.0,3.0,3.6,3.25,1.9,1.64,2.12,,,,,,
2007-12-08,Heracles,Graafschap,2.0,0.0,2.2,3.2,2.9,1.71,2.03,,,,,,
2007-12-08,Vitesse,Twente,2.0,2.0,3.3,3.3,2.05,1.91,1.83,,,,,,
2007-12-08,Willem II,Ajax,2.0,3.0,7.0,4.75,1.4,1.52,2.32,,,,,,
2007-12-09,AZ Alkmaar,Utrecht,2.0,1.0,1.5,3.6,5.5,1.52,2.32,,,,,,
2007-12-09,Heerenveen,Groningen,4.0,2.0,1.85,3.6,4.0,1.62,2.15,,,,,,
2007-12-09,Sparta,Nijmegen,1.0,0.0,2.3,3.2,2.7,1.74,2.0,,,,,,
2007-12-09,VVV Venlo,Feyenoord,0.0,0.0,7.5,4.5,1.4,1.46,2.46,,,,,,
2007-12-14,Roda JC,Sparta,2.0,3.0,1.3,5.25,10.0,1.45,2.48,,,,,,
2007-12-15,Graafschap,Nijmegen,1.0,1.0,2.15,3.2,3.2,1.85,1.88,,,,,,
2007-12-15,NAC Breda,Heerenveen,1.0,5.0,2.5,3.3,2.55,1.68,2.05,,,,,,
2007-12-15,Twente,VVV Venlo,1.0,1.0,1.22,5.0,10.0,1.51,2.36,,,,,,
2007-12-16,Groningen,Willem II,1.0,0.0,1.45,4.5,6.5,1.59,2.18,,,,,,
2007-12-16,Utrecht,Heracles,3.0,1.0,1.4,4.0,7.0,1.53,2.31,,,,,,
2007-12-16,Vitesse,Excelsior,3.0,0.0,1.5,3.75,6.5,1.6,2.16,,,,,,
2007-12-21,Willem II,Graafschap,1.0,2.0,2.2,3.4,3.2,1.76,1.98,,,,,,
2007-12-22,Heerenveen,Twente,1.0,2.0,1.95,3.5,3.4,1.6,2.18,,,,,,
2007-12-22,Heracles,Groningen,1.0,2.0,3.2,3.3,2.1,1.86,1.88,,,,,,
2007-12-22,PSV Eindhoven,Utrecht,4.0,1.0,1.36,4.75,8.5,1.49,2.4,,,,,,
2007-12-23,AZ Alkmaar,Roda JC,1.0,1.0,1.66,3.6,5.25,1.48,2.42,,,,,,
2007-12-23,Excelsior,Ajax,2.0,1.0,10.0,6.0,1.25,1.38,2.7,,,,,,
2007-12-23,Nijmegen,Feyenoord,0.0,2.0,3.75,3.4,2.0,1.75,2.0,,,,,,
2007-12-23,VVV Venlo,Vitesse,2.0,0.0,2.9,3.25,2.25,1.63,2.14,,,,,,
2007-12-26,Feyenoord,Sparta,2.0,0.0,1.22,5.5,12.0,1.38,2.75,,,,,,
2007-12-26,Groningen,PSV Eindhoven,2.0,1.0,3.75,3.2,1.9,1.67,2.08,,,,,,
2008-01-20,Twente,Groningen,3.0,1.0,1.72,3.4,4.33,1.65,2.11,,,,,,
2008-01-20,VVV Venlo,PSV Eindhoven,1.0,1.0,7.5,4.2,1.44,1.56,2.28,,,,,,
2008-01-22,AZ Alkmaar,NAC Breda,1.0,2.0,1.55,3.6,5.75,1.53,2.16,,,,,,
2008-01-22,Heracles,Excelsior,2.0,0.0,1.8,3.4,4.0,1.6,2.03,,,,,,
2008-01-22,Willem II,Vitesse,4.0,0.0,2.6,3.25,2.55,1.65,1.95,,,,,,
2008-01-23,Ajax,Utrecht,2.0,0.0,1.5,4.0,6.0,1.45,2.29,,,,,,
2008-01-23,Graafschap,Roda JC,2.0,1.0,3.6,3.3,1.95,1.57,2.09,,,,,,
2008-01-23,Groningen,Nijmegen,5.0,1.0,1.45,4.0,6.5,1.52,2.15,,,,,,
2008-01-23,Heerenveen,VVV Venlo,5.0,1.0,1.36,3.8,9.0,1.42,2.39,,,,,,
2008-01-23,PSV Eindhoven,Sparta,3.0,1.0,1.16,6.0,15.0,1.34,2.62,,,,,,
2008-01-24,Feyenoord,Twente,3.0,1.0,1.85,3.4,3.8,1.59,2.05,,,,,,
2008-01-25,Willem II,AZ Alkmaar,3.0,0.0,3.75,3.4,2.0,1.61,2.2,,,,,,
2008-01-26,Graafschap,Heerenveen,0.0,3.0,3.8,3.4,1.85,1.5,2.37,,,,,,
2008-01-26,PSV Eindhoven,Excelsior,2.0,1.0,1.14,7.0,13.0,1.89,1.93,,,,,,
2008-01-26,Roda JC,NAC Breda,0.0,2.0,1.75,3.4,4.33,1.57,2.22,,,,,,
2008-01-27,Feyenoord,Groningen,1.0,1.0,1.65,3.6,5.5,1.59,2.18,,,,,,
2008-01-27,Nijmegen,Utrecht,2.0,0.0,2.75,3.2,2.4,1.58,2.2,,,,,,
2008-01-27,Twente,Sparta,1.0,2.0,1.3,4.5,13.0,1.47,2.44,,,,,,
2008-01-27,Vitesse,Ajax,2.0,2.0,4.5,3.6,1.8,1.49,2.4,,,,,,
2008-01-27,VVV Venlo,Heracles,0.0,5.0,2.0,3.3,3.4,1.68,2.06,,,,,,
2008-01-30,Ajax,PSV Eindhoven,0.0,2.0,2.2,3.3,3.0,1.61,2.11,,,,,,
2008-01-30,Feyenoord,AZ Alkmaar,2.0,2.0,1.75,3.3,4.5,1.55,2.23,,,,,,
2008-02-01,NAC Breda,Twente,1.0,0.0,2.75,3.3,2.5,1.78,1.95,,,,,,
2008-02-02,AZ Alkmaar,PSV Eindhoven,0.0,2.0,3.2,3.3,2.1,1.58,2.21,,,,,,
2008-02-02,Excelsior,Graafschap,1.0,1.0,2.25,3.3,2.9,1.56,2.25,,,,,,
2008-02-02,Heerenveen,Vitesse,7.0,0.0,1.57,3.6,6.0,1.5,2.37,,,,,,
2008-02-02,Heracles,Nijmegen,0.0,2.0,2.05,3.2,3.5,1.79,1.93,,,,,,
2008-02-03,Ajax,Feyenoord,3.0,0.0,1.83,3.4,4.2,1.55,2.25,,,,,,
2008-02-03,Groningen,Roda JC,1.0,1.0,1.9,3.25,3.75,1.6,2.18,,,,,,
2008-02-03,Sparta,VVV Venlo,2.0,0.0,1.85,3.3,4.0,1.53,2.3,,,,,,
2008-02-03,Utrecht,Willem II,2.0,0.0,1.7,3.5,4.5,1.61,2.16,,,,,,
2008-02-06,Sparta,NAC Breda,0.0,1.0,2.8,3.3,2.45,1.59,2.19,,,,,,
2008-02-08,Twente,Heracles,2.0,1.0,1.28,5.0,11.0,1.54,2.3,,,,,,
2008-02-09,Graafschap,Feyenoord,1.0,3.0,4.75,3.5,1.7,1.6,2.16,,,,,,
2008-02-09,NAC Breda,Utrecht,1.0,0.0,2.05,3.3,3.75,1.68,2.06,,,,,,
2008-02-09,PSV Eindhoven,Heerenveen,1.0,1.0,1.6,3.8,5.75,1.51,2.34,,,,,,
2008-02-09,Vitesse,Groningen,2.0,1.0,2.55,3.25,2.62,1.67,2.05,,,,,,
2008-02-10,Nijmegen,AZ Alkmaar,5.0,2.0,3.1,3.3,2.25,1.77,1.97,,,,,,
2008-02-10,Roda JC,Ajax,2.0,1.0,4.0,3.4,1.95,1.53,2.31,,,,,,
2008-02-10,Sparta,Excelsior,0.0,1.0,1.72,3.5,4.33,1.6,2.16,,,,,,
2008-02-10,VVV Venlo,Willem II,1.0,1.0,2.3,3.25,3.0,1.86,1.88,,,,,,
2008-02-15,Ajax,Sparta,6.0,2.0,1.18,6.5,15.0,1.81,1.98,,,,,,
2008-02-16,Heracles,Heerenveen,2.0,2.0,6.0,3.5,1.57,1.6,2.17,,,,,,
2008-02-16,Nijmegen,Excelsior,0.0,1.0,1.65,3.4,5.5,1.65,2.11,,,,,,
2008-02-16,Roda JC,Twente,3.0,1.0,2.37,3.2,2.8,1.76,1.98,,,,,,
2008-02-16,Willem II,PSV Eindhoven,0.0,1.0,7.0,3.6,1.5,1.7,2.06,,,,,,
2008-02-17,Feyenoord,Vitesse,1.0,0.0,1.4,3.75,9.0,1.47,2.44,,,,,,
2008-02-17,Graafschap,NAC Breda,0.0,1.0,3.1,3.2,2.2,1.86,1.88,,,,,,
2008-02-17,Groningen,AZ Alkmaar,2.0,1.0,1.9,3.3,3.8,1.53,2.29,,,,,,
2008-02-17,Utrecht,VVV Venlo,1.0,4.0,1.44,3.75,7.5,1.51,2.35,,,,,,
2008-02-22,Sparta,Utrecht,2.0,1.0,2.8,3.4,2.4,1.61,2.18,,,,,,
2008-02-23,AZ Alkmaar,Twente,0.0,0.0,2.25,3.4,3.1,1.69,2.05,,,,,,
2008-02-23,Excelsior,Willem II,0.0,0.0,2.3,3.25,2.9,1.92,1.82,,,,,,
2008-02-23,Heracles,Feyenoord,3.0,3.0,4.33,3.3,1.8,1.69,2.04,,,,,,
2008-02-23,Vitesse,Roda JC,1.0,1.0,2.25,3.25,2.9,1.69,2.04,,,,,,
2008-02-24,Heerenveen,Nijmegen,2.0,3.0,1.36,4.2,8.5,1.49,2.42,,,,,,
2008-02-24,NAC Breda,Ajax,2.0,3.0,3.8,3.4,1.95,1.61,2.14,,,,,,
2008-02-24,PSV Eindhoven,Graafschap,4.0,1.0,1.16,7.0,16.0,1.43,2.56,,,,,,
2008-02-24,VVV Venlo,Groningen,2.0,5.0,3.4,3.5,2.05,1.6,2.18,,,,,,
2008-02-29,Vitesse,VVV Venlo,1.0,3.0,1.57,4.0,6.0,1.58,2.22,,,,,,
2008-03-01,Graafschap,Willem II,1.0,2.0,2.3,3.4,2.75,1.92,1.82,,,,,,
2008-03-01,NAC Breda,Sparta,3.0,0.0,1.53,4.0,5.25,1.64,2.11,,,,,,
2008-03-01,Roda JC,AZ Alkmaar,1.0,1.0,2.1,3.5,3.3,1.56,2.25,,,,,,
2008-03-01,Twente,Heerenveen,1.0,0.0,2.15,3.4,3.0,1.63,2.12,,,,,,
2008-03-02,Ajax,Excelsior,4.0,0.0,1.16,7.0,15.0,1.35,2.88,,,,,,
2008-03-02,Feyenoord,Nijmegen,1.0,3.0,1.33,4.5,8.0,1.6,2.19,,,,,,
2008-03-02,Groningen,Heracles,1.0,2.0,1.4,4.33,6.5,1.58,2.23,,,,,,
2008-03-02,Utrecht,PSV Eindhoven,3.0,1.0,4.33,3.6,1.8,1.63,2.13,,,,,,
2008-03-07,Heracles,Utrecht,2.0,1.0,2.37,3.5,2.87,1.66,2.11,,,,,,
2008-03-08,Excelsior,Vitesse,1.0,2.0,3.0,3.3,2.15,1.67,2.06,,,,,,
2008-03-08,Heerenveen,NAC Breda,3.0,0.0,1.83,3.75,3.8,1.63,2.13,,,,,,
2008-03-08,Nijmegen,Graafschap,3.0,1.0,1.61,3.6,5.0,1.67,2.07,,,,,,
2008-03-08,Willem II,Groningen,1.0,2.0,2.5,3.25,2.6,1.69,2.06,,,,,,
2008-03-09,Sparta,Roda JC,4.0,1.0,3.0,3.4,2.15,1.63,2.14,,,,,,
2008-03-11,VVV Venlo,Twente,0.0,2.0,3.5,3.5,1.9,1.67,2.08,,,,,,
2008-03-12,AZ Alkmaar,Feyenoord,0.0,1.0,2.25,3.4,2.8,1.64,2.12,,,,,,
2008-03-14,Groningen,Heerenveen,0.0,1.0,2.5,3.4,2.7,1.54,2.32,,,,,,
2008-03-15,Feyenoord,VVV Venlo,4.0,1.0,1.33,4.5,7.0,1.49,2.44,,,,,,
2008-03-15,Graafschap,Heracles,0.0,0.0,2.7,3.2,2.45,1.61,2.16,,,,,,
2008-03-15,NAC Breda,Excelsior,2.0,0.0,1.33,4.33,8.5,1.59,2.21,,,,,,
2008-03-15,Twente,Vitesse,4.0,3.0,1.57,3.6,5.5,1.71,2.03,,,,,,
2008-03-16,Ajax,Willem II,4.0,1.0,1.2,5.5,13.0,1.39,2.67,,,,,,
2008-03-16,Nijmegen,Sparta,4.0,2.0,1.57,3.75,5.5,1.53,2.31,,,,,,
2008-03-16,Roda JC,PSV Eindhoven,1.0,1.0,3.75,3.5,1.95,1.7,2.06,,,,,,
2008-03-16,Utrecht,AZ Alkmaar,2.0,2.0,2.2,3.2,3.1,1.52,2.35,,,,,,
2008-03-19,PSV Eindhoven,Ajax,0.0,0.0,2.15,3.4,3.25,1.66,2.09,,,,,,
2008-03-21,Vitesse,NAC Breda,3.0,3.0,2.4,3.4,2.8,1.88,1.86,,,,,,
2008-03-22,AZ Alkmaar,Graafschap,0.0,0.0,1.44,4.0,6.0,1.57,2.22,,,,,,
2008-03-22,Excelsior,Utrecht,0.0,2.0,2.9,3.25,2.2,1.57,2.23,,,,,,
2008-03-22,Heerenveen,Roda JC,4.0,3.0,1.61,3.6,5.0,1.54,2.27,,,,,,
2008-03-22,PSV Eindhoven,Groningen,3.0,0.0,1.4,4.2,8.5,1.56,2.24,,,,,,
2008-03-23,Sparta,Feyenoord,3.0,2.0,4.0,3.4,1.9,1.55,2.25,,,,,,
2008-03-23,Twente,Ajax,2.0,1.0,2.8,3.4,2.4,1.57,2.21,,,,,,
2008-03-23,VVV Venlo,Nijmegen,1.0,2.0,3.0,3.4,2.3,1.58,2.19,,,,,,
2008-03-23,Willem II,Heracles,2.0,1.0,2.0,3.4,3.4,1.79,1.95,,,,,,
2008-03-28,Graafschap,Groningen,1.0,1.0,3.2,3.6,2.1,1.64,2.14,,,,,,
2008-03-29,Excelsior,VVV Venlo,2.0,1.0,2.25,3.25,2.87,1.65,2.11,,,,,,
2008-03-29,Heerenveen,Ajax,2.0,4.0,2.37,3.3,2.7,1.48,2.45,,,,,,
2008-03-29,Heracles,Roda JC,0.0,0.0,2.25,3.3,2.9,1.65,2.11,,,,,,
2008-03-29,Nijmegen,PSV Eindhoven,0.0,0.0,3.6,3.25,1.9,1.8,1.95,,,,,,
2008-03-30,AZ Alkmaar,Vitesse,2.0,1.0,1.8,3.5,4.0,1.66,2.08,,,,,,
2008-03-30,NAC Breda,Feyenoord,3.0,1.0,2.37,3.25,2.8,1.79,1.97,,,,,,
2008-03-30,Sparta,Willem II,2.0,2.0,2.1,3.25,3.25,1.77,1.99,,,,,,
2008-03-30,Utrecht,Twente,0.0,1.0,2.75,3.25,2.37,1.64,2.12,,,,,,
2008-04-04,Roda JC,Nijmegen,0.0,2.0,2.05,3.5,3.5,1.72,2.03,,,,,,
2008-04-05,Twente,Excelsior,1.0,0.0,1.22,5.5,10.0,1.51,2.35,,,,,,
2008-04-05,Vitesse,Sparta,3.0,0.0,2.0,3.25,3.5,1.56,2.25,,,,,,
2008-04-05,Willem II,Heerenveen,2.0,3.0,3.5,3.6,2.0,1.59,2.19,,,,,,
2008-04-06,Ajax,Graafschap,4.0,1.0,1.16,6.0,13.0,1.36,2.84,,,,,,
2008-04-06,Feyenoord,Utrecht,3.0,1.0,1.53,4.2,5.75,1.56,2.25,,,,,,
2008-04-06,Groningen,NAC Breda,1.0,2.0,2.2,3.25,3.0,1.71,2.0,,,,,,
2008-04-06,PSV Eindhoven,Heracles,2.0,0.0,1.22,5.5,10.0,1.49,2.42,,,,,,
2008-04-06,VVV Venlo,AZ Alkmaar,2.0,3.0,3.2,3.3,2.2,1.53,2.31,,,,,,
2008-04-13,Excelsior,AZ Alkmaar,1.0,1.0,2.8,3.3,2.3,1.56,2.23,,,,,,
2008-04-13,Graafschap,Utrecht,1.0,1.0,2.5,3.4,2.5,1.57,2.2,,,,,,
2008-04-13,Heracles,NAC Breda,0.0,1.0,3.4,3.3,2.0,1.66,2.05,,,,,,
2008-04-13,Nijmegen,Vitesse,1.0,0.0,2.0,3.3,3.4,1.63,2.1,,,,,,
2008-04-13,PSV Eindhoven,Twente,1.0,1.0,1.53,3.6,6.0,1.69,2.0,,,,,,
2008-04-13,Roda JC,VVV Venlo,4.0,1.0,1.53,3.6,6.0,1.5,2.36,,,,,,
2008-04-13,Sparta,Heerenveen,4.0,2.0,3.5,3.4,1.95,1.42,2.6,,,,,,
2008-04-13,Willem II,Feyenoord,3.0,1.0,3.75,3.5,1.83,1.58,2.18,,,,,,
2008-04-16,Groningen,Ajax,1.0,2.0,4.2,3.4,1.72,1.45,2.5,,,,,,
2008-04-20,Ajax,Heracles,5.0,1.0,1.22,5.0,11.0,1.38,2.78,,,,,,
2008-04-20,AZ Alkmaar,Sparta,1.0,0.0,1.61,3.5,4.8,1.46,2.49,,,,,,
2008-04-20,Feyenoord,Roda JC,3.0,0.0,1.61,3.5,5.0,1.51,2.36,,,,,,
2008-04-20,Heerenveen,Excelsior,5.0,0.0,1.33,4.0,10.0,1.41,2.66,,,,,,
2008-04-20,NAC Breda,Nijmegen,1.0,3.0,1.9,3.25,3.5,1.68,2.05,,,,,,
2008-04-20,Twente,Willem II,2.0,0.0,1.4,4.0,7.5,1.58,2.2,,,,,,
2008-04-20,Utrecht,Groningen,1.0,0.0,2.0,3.2,3.5,1.5,2.36,,,,,,
2008-04-20,Vitesse,PSV Eindhoven,0.0,1.0,3.8,3.3,1.83,1.68,2.05,,,,,,
2008-04-20,VVV Venlo,Graafschap,3.0,0.0,2.25,3.25,2.9,1.63,2.11,,,,,,
2008-08-29,Vitesse,Groningen,0.0,4.0,2.2,3.3,3.0,1.65,2.13,,,,,,
2008-08-30,Nijmegen,Graafschap,2.0,0.0,1.67,3.5,5.0,1.65,2.13,,,,,,
2008-08-30,Roda JC,Twente,1.0,1.0,2.38,3.3,2.7,1.73,2.02,,,,,,
2008-08-30,Utrecht,PSV Eindhoven,1.0,5.0,4.33,3.25,1.8,1.7,2.05,,,,,,
2008-08-30,Willem II,Ajax,2.0,1.0,5.5,3.6,1.57,1.55,2.32,,,,,,
2008-08-31,AZ Alkmaar,NAC Breda,1.0,2.0,1.7,3.3,5.0,1.63,2.16,,,,,,
2008-08-31,Heracles,Feyenoord,3.0,1.0,4.33,3.25,1.8,1.64,2.15,,,,,,
2008-08-31,Sparta,Den Haag,2.0,5.0,1.91,3.3,3.75,1.59,2.22,,,,,,
2008-08-31,Volendam,Heerenveen,2.0,3.0,4.2,3.4,1.8,1.55,2.3,,,,,,
2008-09-12,Heerenveen,Heracles,2.0,2.0,1.4,4.5,8.0,1.46,2.52,,,,,,
2008-09-13,Den Haag,AZ Alkmaar,3.0,0.0,3.6,3.5,1.91,1.56,2.27,,,,,,
2008-09-13,Feyenoord,Volendam,5.0,0.0,1.22,5.25,13.0,1.45,2.54,,,,,,
2008-09-13,PSV Eindhoven,Sparta,1.0,0.0,1.14,6.5,13.0,1.4,2.7,,,,,,
2008-09-13,Twente,Nijmegen,1.0,1.0,1.67,3.5,4.5,1.73,2.0,,,,,,
2008-09-14,Ajax,Roda JC,1.0,0.0,1.33,4.5,8.0,1.44,2.55,,,,,,
2008-09-14,Graafschap,Vitesse,1.0,0.0,2.45,3.25,2.62,1.7,2.04,,,,,,
2008-09-14,Groningen,Utrecht,2.0,0.0,1.65,3.6,5.0,1.58,2.21,,,,,,
2008-09-14,NAC Breda,Willem II,1.0,3.0,1.75,3.5,4.2,1.82,1.91,,,,,,
2008-09-19,Utrecht,Willem II,1.0,0.0,2.15,3.4,3.3,1.65,2.14,,,,,,
2008-09-20,AZ Alkmaar,PSV Eindhoven,1.0,0.0,3.8,3.4,1.95,1.65,2.12,,,,,,
2008-09-20,Heracles,Groningen,1.0,1.0,2.75,3.3,2.5,1.65,2.12,,,,,,
2008-09-20,Vitesse,Sparta,1.0,1.0,1.7,3.75,4.75,1.62,2.16,,,,,,
2008-09-21,Feyenoord,Ajax,2.0,2.0,2.88,3.3,2.4,1.61,2.18,,,,,,
2008-09-21,Graafschap,Den Haag,2.0,0.0,2.4,3.3,2.88,1.64,2.13,,,,,,
2008-09-21,Heerenveen,Nijmegen,2.0,1.0,1.85,3.6,4.0,1.62,2.17,,,,,,
2008-09-21,Roda JC,NAC Breda,0.0,3.0,2.1,3.4,3.4,1.73,2.01,,,,,,
2008-09-21,Volendam,Twente,1.0,2.0,4.2,3.6,1.7,1.66,2.1,,,,,,
2008-09-27,NAC Breda,Heerenveen,4.0,2.0,2.4,3.4,2.8,1.57,2.26,,,,,,
2008-09-27,PSV Eindhoven,Volendam,1.0,0.0,1.14,7.5,17.0,1.38,2.79,,,,,,
2008-09-27,Twente,Graafschap,3.0,0.0,1.36,4.75,8.0,1.61,2.18,,,,,,
2008-09-27,Willem II,AZ Alkmaar,2.0,5.0,2.88,3.4,2.35,1.6,2.21,,,,,,
2008-09-28,Ajax,Vitesse,3.0,0.0,1.22,6.0,12.0,1.41,2.68,,,,,,
2008-09-28,Den Haag,Utrecht,0.0,0.0,2.45,3.4,2.7,1.61,2.18,,,,,,
2008-09-28,Groningen,Feyenoord,3.0,1.0,2.4,3.4,2.7,1.6,2.2,,,,,,
2008-09-28,Nijmegen,Heracles,1.0,1.0,1.62,3.4,5.0,1.62,2.15,,,,,,
2008-09-28,Sparta,Roda JC,2.0,2.0,2.5,3.25,2.6,1.64,2.12,,,,,,
2008-10-03,AZ Alkmaar,Sparta,6.0,0.0,1.33,4.75,9.0,1.47,2.5,,,,,,
2008-10-04,Heracles,Roda JC,2.0,0.0,2.38,3.2,2.8,1.68,2.07,,,,,,
2008-10-04,PSV Eindhoven,Graafschap,3.0,0.0,1.17,6.5,12.0,1.46,2.53,,,,,,
2008-10-04,Vitesse,Willem II,2.0,2.0,2.05,3.25,3.4,1.66,2.12,,,,,,
2008-10-05,Feyenoord,Nijmegen,0.0,2.0,1.65,3.75,4.75,1.57,2.25,,,,,,
2008-10-05,Groningen,Den Haag,3.0,0.0,1.5,3.75,6.5,1.55,2.31,,,,,,
2008-10-05,Heerenveen,Ajax,5.0,2.0,3.2,3.3,2.1,1.44,2.6,,,,,,
2008-10-05,Utrecht,Twente,3.0,0.0,2.8,3.2,2.38,1.82,1.91,,,,,,
2008-10-05,Volendam,NAC Breda,2.0,4.0,4.75,3.5,1.73,1.52,2.39,,,,,,
2008-10-17,Den Haag,Volendam,2.0,0.0,1.75,3.5,4.75,1.61,2.19,,,,,,
2008-10-18,Ajax,Groningen,1.0,0.0,1.57,3.6,5.5,1.46,2.52,,,,,,
2008-10-18,NAC Breda,PSV Eindhoven,2.0,1.0,3.2,3.3,2.1,1.66,2.09,,,,,,
2008-10-18,Roda JC,Heerenveen,2.0,2.0,3.2,3.5,2.0,1.54,2.32,,,,,,
2008-10-18,Twente,Heracles,2.0,0.0,1.4,4.33,6.5,1.64,2.12,,,,,,
2008-10-19,Graafschap,AZ Alkmaar,0.0,2.0,6.25,4.2,1.45,1.51,2.39,,,,,,
2008-10-19,Nijmegen,Vitesse,3.0,1.0,1.57,3.6,5.5,1.72,2.01,,,,,,
2008-10-19,Sparta,Utrecht,1.0,0.0,2.62,3.2,2.5,1.61,2.18,,,,,,
2008-10-19,Willem II,Feyenoord,1.0,0.0,2.9,3.25,2.25,1.56,2.26,,,,,,
2008-10-24,Heracles,Den Haag,3.0,1.0,1.85,3.6,4.0,1.7,2.06,,,,,,
2008-10-25,AZ Alkmaar,Volendam,3.0,0.0,1.14,7.5,18.0,1.36,2.93,,,,,,
2008-10-25,Groningen,Sparta,3.0,0.0,1.33,5.0,9.0,1.52,2.39,,,,,,
2008-10-25,PSV Eindhoven,Roda JC,2.0,3.0,1.29,5.25,11.0,1.55,2.31,,,,,,
2008-10-25,Willem II,Graafschap,1.0,1.0,1.67,3.75,5.0,1.64,2.14,,,,,,
2008-10-26,Ajax,Nijmegen,2.0,0.0,1.44,4.2,7.5,1.5,2.44,,,,,,
2008-10-26,Feyenoord,Heerenveen,2.0,2.0,2.5,3.4,2.75,1.51,2.4,,,,,,
2008-10-26,Utrecht,NAC Breda,0.0,0.0,2.8,3.4,2.4,1.66,2.11,,,,,,
2008-10-26,Vitesse,Twente,0.0,2.0,3.1,3.4,2.25,1.75,1.98,,,,,,
2008-10-28,Den Haag,PSV Eindhoven,0.0,2.0,6.0,4.0,1.55,1.65,2.1,,,,,,
2008-10-28,Roda JC,AZ Alkmaar,0.0,2.0,3.3,3.6,2.05,1.53,2.35,,,,,,
2008-10-28,Volendam,Willem II,2.0,2.0,3.5,3.25,2.0,1.66,2.11,,,,,,
2008-10-29,Heerenveen,Vitesse,0.0,2.0,1.33,4.75,8.0,1.43,2.6,,,,,,
2008-10-29,Heracles,Ajax,1.0,3.0,5.0,4.0,1.62,1.58,2.22,,,,,,
2008-10-29,NAC Breda,Twente,0.0,1.0,2.4,3.2,2.75,1.75,1.99,,,,,,
2008-10-29,Nijmegen,Groningen,2.0,2.0,2.4,3.2,2.75,1.72,2.01,,,,,,
2008-10-29,Sparta,Feyenoord,2.0,1.0,3.6,3.4,2.0,1.56,2.28,,,,,,
2008-10-30,Graafschap,Utrecht,0.0,2.0,2.75,3.3,2.5,1.82,1.91,,,,,,
2008-11-01,Heerenveen,AZ Alkmaar,3.0,3.0,2.62,3.3,2.6,1.47,2.51,,,,,,
2008-11-01,NAC Breda,Groningen,1.0,0.0,2.4,3.3,2.88,1.62,2.18,,,,,,
2008-11-01,PSV Eindhoven,Willem II,2.0,0.0,1.25,5.5,11.0,1.5,2.43,,,,,,
2008-11-01,Twente,Ajax,0.0,2.0,2.6,3.3,2.62,1.64,2.14,,,,,,
2008-11-02,Roda JC,Feyenoord,0.0,4.0,2.6,3.25,2.5,1.59,2.21,,,,,,
2008-11-02,Sparta,Nijmegen,0.0,2.0,3.1,3.3,2.05,1.62,2.16,,,,,,
2008-11-02,Utrecht,Heracles,2.0,0.0,1.75,3.25,4.2,1.68,2.07,,,,,,
2008-11-02,Vitesse,Den Haag,3.0,1.0,1.67,3.75,4.33,1.63,2.14,,,,,,
2008-11-02,Volendam,Graafschap,3.0,1.0,2.3,3.25,2.75,1.65,2.13,,,,,,
2008-11-07,Graafschap,NAC Breda,0.0,2.0,4.2,3.75,1.8,1.76,2.0,,,,,,
2008-11-08,Heracles,Vitesse,0.0,0.0,2.2,3.4,3.2,1.71,2.05,,,,,,
2008-11-08,Nijmegen,PSV Eindhoven,1.0,0.0,3.4,3.4,2.1,1.82,1.91,,,,,,
2008-11-08,Willem II,Roda JC,2.0,1.0,2.3,3.3,3.1,1.68,2.09,,,,,,
2008-11-09,Ajax,Sparta,5.0,2.0,1.17,7.5,13.0,1.4,2.71,,,,,,
2008-11-09,AZ Alkmaar,Twente,3.0,0.0,1.8,3.6,4.33,1.62,2.16,,,,,,
2008-11-09,Den Haag,Heerenveen,0.0,1.0,3.8,3.6,1.91,1.47,2.48,,,,,,
2008-11-09,Feyenoord,Utrecht,5.0,2.0,1.8,3.5,4.5,1.61,2.17,,,,,,
2008-11-09,Groningen,Volendam,5.0,0.0,1.29,5.5,10.0,1.49,2.43,,,,,,
2008-11-14,NAC Breda,Heracles,3.0,0.0,1.4,4.5,8.0,1.62,2.18,,,,,,
2008-11-15,Den Haag,Willem II,0.0,1.0,2.3,3.25,2.9,1.72,2.04,,,,,,
2008-11-15,Heerenveen,Utrecht,3.0,2.0,1.5,3.75,5.5,1.49,2.44,,,,,,
2008-11-15,Roda JC,Nijmegen,3.0,0.0,2.62,3.2,2.5,1.74,2.01,,,,,,
2008-11-15,Sparta,Volendam,4.0,0.0,1.62,3.6,4.75,1.56,2.29,,,,,,
2008-11-16,Ajax,PSV Eindhoven,4.0,1.0,2.2,3.25,3.0,1.76,1.99,,,,,,
2008-11-16,Groningen,Graafschap,3.0,0.0,1.22,5.5,11.0,1.45,2.57,,,,,,
2008-11-16,Twente,Feyenoord,1.0,1.0,1.95,3.4,3.5,1.66,2.1,,,,,,
2008-11-16,Vitesse,AZ Alkmaar,1.0,1.0,4.0,3.4,1.8,1.55,2.29,,,,,,
2008-11-21,Volendam,Roda JC,3.0,1.0,3.5,3.6,2.0,1.53,2.22,,,,,,
2008-11-22,Graafschap,Sparta,3.0,3.0,2.4,3.3,2.7,1.62,2.16,,,,,,
2008-11-22,NAC Breda,Nijmegen,1.0,1.0,2.05,3.5,3.5,1.75,1.98,,,,,,
2008-11-22,PSV Eindhoven,Heracles,4.0,0.0,1.25,5.5,12.0,1.47,2.37,,,,,,
2008-11-22,Twente,Heerenveen,6.0,0.0,2.0,3.3,3.4,1.59,2.22,,,,,,
2008-11-23,AZ Alkmaar,Ajax,2.0,0.0,2.3,3.3,2.75,1.53,2.34,,,,,,
2008-11-23,Feyenoord,Den Haag,3.0,1.0,1.33,4.5,8.5,1.43,2.64,,,,,,
2008-11-23,Utrecht,Vitesse,4.0,0.0,2.0,3.3,3.3,1.71,2.03,,,,,,
2008-11-23,Willem II,Groningen,3.0,0.0,3.1,3.3,2.1,1.63,2.17,,,,,,
2008-11-28,Groningen,AZ Alkmaar,0.0,2.0,2.6,3.6,2.5,1.56,2.3,,,,,,
2008-11-29,Den Haag,Twente,1.0,2.0,4.5,3.8,1.65,1.7,2.05,,,,,,
2008-11-29,Graafschap,Roda JC,1.0,1.0,2.75,3.3,2.38,1.65,2.13,,,,,,
2008-11-29,Heerenveen,PSV Eindhoven,2.0,2.0,2.62,3.2,2.5,1.51,2.39,,,,,,
2008-11-29,Heracles,Willem II,1.0,0.0,2.3,3.25,2.8,1.7,2.06,,,,,,
2008-11-30,Ajax,Utrecht,1.0,1.0,1.33,4.5,8.0,1.47,2.5,,,,,,
2008-11-30,Nijmegen,Volendam,6.0,1.0,1.25,5.0,11.0,1.51,2.39,,,,,,
2008-11-30,Sparta,NAC Breda,4.0,0.0,3.6,3.4,1.91,1.54,2.31,,,,,,
2008-11-30,Vitesse,Feyenoord,1.0,1.0,2.75,3.2,2.38,1.54,2.31,,,,,,
2008-12-06,AZ Alkmaar,Heracles,2.0,0.0,1.2,5.5,12.0,1.39,2.75,,,,,,
2008-12-06,PSV Eindhoven,Groningen,4.0,2.0,1.5,3.8,6.0,1.57,2.27,,,,,,
2008-12-06,Roda JC,Vitesse,3.0,0.0,2.0,3.2,3.5,1.63,2.16,,,,,,
2008-12-06,Twente,Sparta,6.0,2.0,1.22,5.25,10.0,1.46,2.52,,,,,,
2008-12-07,Feyenoord,Graafschap,1.0,3.0,1.22,5.25,11.0,1.4,2.74,,,,,,
2008-12-07,NAC Breda,Den Haag,0.0,4.0,1.25,5.0,9.5,1.47,2.49,,,,,,
2008-12-07,Nijmegen,Utrecht,1.0,2.0,1.75,3.4,4.33,1.78,1.97,,,,,,
2008-12-07,Volendam,Ajax,1.0,2.0,7.5,4.33,1.36,1.39,2.77,,,,,,
2008-12-07,Willem II,Heerenveen,1.0,3.0,2.55,3.25,2.55,1.46,2.54,,,,,,
2008-12-12,Ajax,NAC Breda,3.0,0.0,1.33,4.75,8.5,1.48,2.51,,,,,,
2008-12-13,Den Haag,Roda JC,1.0,1.0,2.7,3.3,2.55,1.66,2.11,,,,,,
2008-12-13,Feyenoord,AZ Alkmaar,0.0,1.0,3.25,3.4,2.15,1.53,2.36,,,,,,
2008-12-13,Heerenveen,Graafschap,2.0,0.0,1.33,5.0,8.5,1.4,2.74,,,,,,
2008-12-13,Willem II,Nijmegen,1.0,2.0,2.3,3.4,3.0,1.8,1.96,,,,,,
2008-12-14,Groningen,Twente,1.0,4.0,2.38,3.4,2.88,1.66,2.11,,,,,,
2008-12-14,Heracles,Sparta,2.0,1.0,1.91,3.3,3.75,1.61,2.19,,,,,,
2008-12-14,Utrecht,Volendam,0.0,0.0,1.25,5.0,10.0,1.46,2.53,,,,,,
2008-12-14,Vitesse,PSV Eindhoven,1.0,1.0,4.5,3.75,1.73,1.64,2.15,,,,,,
2008-12-19,AZ Alkmaar,Utrecht,2.0,0.0,1.33,5.0,9.0,1.55,2.31,,,,,,
2008-12-20,NAC Breda,Vitesse,2.0,0.0,1.72,3.6,4.75,1.66,2.11,,,,,,
2008-12-20,Roda JC,Groningen,2.0,5.0,2.4,3.5,2.8,1.61,2.19,,,,,,
2008-12-20,Sparta,Heerenveen,4.0,1.0,3.3,3.5,2.1,1.46,2.56,,,,,,
2008-12-21,Graafschap,Ajax,0.0,6.0,8.5,4.0,1.36,1.49,2.47,,,,,,
2008-12-21,Nijmegen,Den Haag,0.0,0.0,1.4,4.0,8.0,1.55,2.31,,,,,,
2008-12-21,PSV Eindhoven,Feyenoord,1.0,0.0,1.53,3.75,5.75,1.56,2.29,,,,,,
2008-12-21,Twente,Willem II,2.0,0.0,1.28,4.5,10.0,1.52,2.39,,,,,,
2008-12-21,Volendam,Heracles,3.0,1.0,2.5,3.25,2.6,1.64,2.15,,,,,,
2008-12-26,Feyenoord,NAC Breda,3.0,1.0,2.05,3.3,3.25,1.57,2.26,,,,,,
2008-12-27,Heracles,Graafschap,0.0,0.0,1.66,3.4,4.5,1.72,2.03,,,,,,
2008-12-27,PSV Eindhoven,Twente,0.0,0.0,1.9,3.3,3.6,1.65,2.13,,,,,,
2008-12-27,Vitesse,Volendam,3.0,1.0,1.57,3.5,5.25,1.58,2.24,,,,,,
2008-12-27,Willem II,Sparta,3.0,2.0,1.75,3.5,4.2,1.5,2.44,,,,,,
2008-12-28,Ajax,Den Haag,3.0,0.0,1.2,5.75,11.0,1.4,2.73,,,,,,
2008-12-28,AZ Alkmaar,Nijmegen,1.0,0.0,1.4,4.0,7.5,1.6,2.21,,,,,,
2008-12-28,Groningen,Heerenveen,2.0,3.0,2.0,3.2,3.5,1.45,2.6,,,,,,
2008-12-28,Utrecht,Roda JC,3.0,1.0,1.95,3.3,3.3,1.69,2.07,,,,,,
2009-01-16,Heerenveen,Feyenoord,3.0,1.0,1.85,3.75,3.8,1.45,2.59,,,,,,
2009-01-17,Den Haag,Heracles,2.0,2.0,2.3,3.6,2.88,1.8,1.93,,,,,,
2009-01-17,Graafschap,Willem II,1.0,0.0,2.6,3.4,2.6,1.79,1.95,,,,,,
2009-01-17,NAC Breda,Utrecht,1.0,1.0,1.95,3.5,3.75,1.7,2.05,,,,,,
2009-01-17,Twente,Vitesse,2.0,1.0,1.36,4.5,9.5,1.56,2.29,,,,,,
2009-01-18,Nijmegen,Ajax,2.0,4.0,3.6,3.5,2.0,1.62,2.16,,,,,,
2009-01-18,Roda JC,PSV Eindhoven,1.0,1.0,4.5,3.75,1.75,1.64,2.13,,,,,,
2009-01-18,Sparta,Groningen,1.0,1.0,3.0,3.4,2.3,1.47,2.51,,,,,,
2009-01-18,Volendam,AZ Alkmaar,0.0,2.0,11.0,5.0,1.3,1.47,2.5,,,,,,
2009-01-24,AZ Alkmaar,Graafschap,2.0,0.0,1.2,6.5,13.0,1.47,2.52,,,,,,
2009-01-24,Feyenoord,Willem II,1.0,1.0,1.61,3.75,5.5,1.54,2.33,,,,,,
2009-01-24,Heerenveen,Roda JC,2.0,0.0,1.5,4.2,6.0,1.43,2.6,,,,,,
2009-01-24,PSV Eindhoven,NAC Breda,2.0,2.0,1.44,4.33,7.0,1.63,2.14,,,,,,
2009-01-25,Groningen,Ajax,1.0,0.0,3.5,3.25,2.0,1.49,2.48,,,,,,
2009-01-25,Heracles,Twente,1.0,2.0,4.33,3.5,1.72,1.79,1.95,,,,,,
2009-01-25,Utrecht,Sparta,3.0,3.0,1.61,3.6,5.0,1.51,2.4,,,,,,
2009-01-25,Vitesse,Nijmegen,0.0,0.0,2.6,3.25,2.5,1.83,1.91,,,,,,
2009-01-25,Volendam,Den Haag,0.0,1.0,2.3,3.25,2.8,1.61,2.18,,,,,,
2009-01-30,Roda JC,Heracles,3.0,1.0,1.75,3.6,4.5,1.63,2.16,,,,,,
2009-01-31,Ajax,Heerenveen,0.0,1.0,1.5,3.6,6.5,1.41,2.7,,,,,,
2009-01-31,Den Haag,Groningen,0.0,1.0,3.5,3.3,2.0,1.59,2.21,,,,,,
2009-01-31,NAC Breda,Volendam,1.0,1.0,1.33,4.33,8.0,1.47,2.5,,,,,,
2009-01-31,Willem II,Vitesse,0.0,2.0,2.0,3.3,3.3,1.7,2.07,,,,,,
2009-02-01,Graafschap,PSV Eindhoven,0.0,3.0,7.0,3.75,1.44,1.58,2.23,,,,,,
2009-02-01,Nijmegen,Feyenoord,1.0,0.0,2.1,3.25,3.2,1.6,2.19,,,,,,
2009-02-01,Sparta,AZ Alkmaar,0.0,2.0,7.5,3.6,1.44,1.48,2.47,,,,,,
2009-02-01,Twente,Utrecht,0.0,0.0,1.44,3.75,7.5,1.59,2.21,,,,,,
2009-02-03,Ajax,Heracles,2.0,2.0,1.17,6.5,15.0,1.39,2.76,,,,,,
2009-02-03,Vitesse,Heerenveen,1.0,0.0,3.25,3.4,2.15,1.54,2.36,,,,,,
2009-02-03,Willem II,Volendam,1.0,2.0,1.65,3.6,5.5,1.66,2.13,,,,,,
2009-02-04,AZ Alkmaar,Roda JC,1.0,0.0,1.25,5.0,9.5,1.56,2.29,,,,,,
2009-02-04,Feyenoord,Sparta,1.0,0.0,1.53,3.6,5.75,1.42,2.67,,,,,,
2009-02-04,Groningen,Nijmegen,2.0,0.0,1.83,3.4,3.9,1.7,2.07,,,,,,
2009-02-04,Twente,NAC Breda,4.0,1.0,1.45,3.8,8.0,1.68,2.1,,,,,,
2009-02-04,Utrecht,Graafschap,3.0,0.0,1.44,3.8,7.0,1.7,2.07,,,,,,
2009-02-05,PSV Eindhoven,Den Haag,6.0,0.0,1.17,6.5,12.0,1.44,2.6,,,,,,
2009-02-07,AZ Alkmaar,Willem II,3.0,1.0,1.2,6.0,10.0,1.54,2.35,,,,,,
2009-02-07,Heerenveen,NAC Breda,3.0,1.0,1.44,3.8,7.0,1.45,2.55,,,,,,
2009-02-07,Heracles,Nijmegen,1.0,1.0,2.75,3.2,2.4,1.94,1.81,,,,,,
2009-02-07,Roda JC,Sparta,0.0,1.0,1.55,3.75,5.5,1.51,2.41,,,,,,
2009-02-08,Feyenoord,Groningen,0.0,0.0,2.25,3.2,3.0,1.56,2.29,,,,,,
2009-02-08,Graafschap,Twente,2.0,2.0,7.0,4.2,1.4,1.67,2.11,,,,,,
2009-02-08,Utrecht,Den Haag,3.0,1.0,1.4,3.8,8.0,1.62,2.16,,,,,,
2009-02-08,Vitesse,Ajax,4.0,1.0,5.0,3.6,1.61,1.57,2.26,,,,,,
2009-02-08,Volendam,PSV Eindhoven,3.0,5.0,7.5,4.75,1.33,1.54,2.32,,,,,,
2009-02-13,Willem II,Utrecht,0.0,2.0,3.0,3.3,2.37,1.85,1.9,,,,,,
2009-02-14,Den Haag,Graafschap,1.0,0.0,2.0,3.25,3.5,1.75,2.0,,,,,,
2009-02-14,NAC Breda,Roda JC,1.0,0.0,2.1,3.25,3.1,1.7,2.05,,,,,,
2009-02-14,PSV Eindhoven,AZ Alkmaar,2.0,2.0,2.2,3.2,3.1,1.82,1.91,,,,,,
2009-02-14,Twente,Volendam,2.0,1.0,1.16,6.0,15.0,1.44,2.61,,,,,,
2009-02-15,Ajax,Feyenoord,2.0,0.0,1.53,3.6,6.5,1.51,2.4,,,,,,
2009-02-15,Groningen,Heracles,2.0,0.0,1.36,4.33,8.5,1.54,2.34,,,,,,
2009-02-15,Nijmegen,Heerenveen,1.0,1.0,2.5,3.25,2.6,1.64,2.15,,,,,,
2009-02-15,Sparta,Vitesse,0.0,0.0,2.6,3.25,2.5,1.65,2.13,,,,,,
2009-02-20,Vitesse,Roda JC,3.0,0.0,1.72,3.6,4.75,1.78,1.97,,,,,,
2009-02-21,Den Haag,NAC Breda,1.0,1.0,2.45,3.3,2.8,1.8,1.96,,,,,,
2009-02-21,Groningen,PSV Eindhoven,0.0,1.0,2.9,3.3,2.25,1.7,2.07,,,,,,
2009-02-21,Heerenveen,Willem II,3.0,1.0,1.36,4.0,9.0,1.49,2.48,,,,,,
2009-02-21,Heracles,AZ Alkmaar,0.0,2.0,6.0,3.75,1.53,1.67,2.09,,,,,,
2009-02-22,Ajax,Volendam,2.0,1.0,1.18,6.0,12.0,1.37,2.87,,,,,,
2009-02-22,Graafschap,Feyenoord,0.0,2.0,3.8,3.3,1.9,1.69,2.07,,,,,,
2009-02-22,Sparta,Twente,1.0,2.0,5.0,3.6,1.61,1.63,2.16,,,,,,
2009-02-22,Utrecht,Nijmegen,0.0,2.0,1.8,3.3,4.2,1.86,1.88,,,,,,
2009-02-27,PSV Eindhoven,Heerenveen,2.0,3.0,1.66,3.75,5.25,1.51,2.41,,,,,,
2009-02-28,AZ Alkmaar,Groningen,3.0,0.0,1.44,4.0,6.5,1.67,2.1,,,,,,
2009-02-28,NAC Breda,Sparta,3.0,1.0,1.8,3.4,4.2,1.6,2.2,,,,,,
2009-02-28,Roda JC,Graafschap,3.0,1.0,1.57,3.6,5.5,1.77,1.97,,,,,,
2009-02-28,Willem II,Heracles,0.0,3.0,2.1,3.2,3.25,1.81,1.96,,,,,,
2009-03-01,Feyenoord,Vitesse,2.0,2.0,1.9,3.3,3.8,1.73,2.02,,,,,,
2009-03-01,Twente,Den Haag,1.0,0.0,1.25,5.0,11.0,1.51,2.41,,,,,,
2009-03-01,Utrecht,Ajax,0.0,2.0,3.4,3.4,2.0,1.63,2.15,,,,,,
2009-03-01,Volendam,Nijmegen,1.0,1.0,3.3,3.2,2.1,1.72,2.03,,,,,,
2009-03-06,Sparta,Willem II,0.0,1.0,1.75,3.75,4.5,1.66,2.13,,,,,,
2009-03-07,Graafschap,Heracles,1.0,0.0,2.62,3.3,2.62,1.87,1.86,,,,,,
2009-03-07,Heerenveen,Groningen,2.0,1.0,1.66,3.75,5.0,1.51,2.42,,,,,,
2009-03-07,Twente,PSV Eindhoven,1.0,1.0,2.37,3.4,2.87,1.84,1.89,,,,,,
2009-03-08,Den Haag,Ajax,1.0,1.0,6.5,4.0,1.45,1.56,2.27,,,,,,
2009-03-08,NAC Breda,Feyenoord,1.0,2.0,2.3,3.3,2.8,1.7,2.06,,,,,,
2009-03-08,Nijmegen,AZ Alkmaar,0.0,1.0,4.0,3.5,1.8,1.86,1.87,,,,,,
2009-03-08,Roda JC,Utrecht,0.0,0.0,2.5,3.25,2.6,1.8,1.94,,,,,,
2009-03-08,Volendam,Vitesse,1.0,0.0,3.1,3.4,2.1,1.69,2.06,,,,,,
2009-03-13,Groningen,Roda JC,2.0,0.0,1.62,3.75,5.75,1.68,2.1,,,,,,
2009-03-14,Heerenveen,Sparta,5.0,1.0,1.29,4.5,9.5,1.41,2.71,,,,,,
2009-03-14,Heracles,Volendam,1.0,1.0,1.91,3.5,4.0,1.69,2.09,,,,,,
2009-03-14,Vitesse,NAC Breda,0.0,3.0,1.95,3.5,3.75,1.79,1.96,,,,,,
2009-03-14,Willem II,Twente,0.0,2.0,6.0,3.8,1.57,1.72,2.04,,,,,,
2009-03-15,Ajax,Graafschap,3.0,0.0,1.14,6.5,13.0,1.44,2.62,,,,,,
2009-03-15,Den Haag,Nijmegen,3.0,0.0,2.8,3.3,2.38,2.05,1.71,,,,,,
2009-03-15,Feyenoord,PSV Eindhoven,1.0,0.0,3.0,3.25,2.2,1.7,2.06,,,,,,
2009-03-15,Utrecht,AZ Alkmaar,0.0,1.0,4.0,3.4,1.83,1.93,1.82,,,,,,
2009-03-20,Graafschap,Heerenveen,2.0,0.0,6.0,4.0,1.57,1.5,2.42,,,,,,
2009-03-21,Nijmegen,Willem II,0.0,0.0,1.5,3.75,6.0,1.92,1.83,,,,,,
2009-03-21,PSV Eindhoven,Vitesse,2.0,0.0,1.33,4.33,9.0,1.64,2.14,,,,,,
2009-03-21,Sparta,Heracles,1.0,0.0,2.0,3.2,3.5,1.67,2.1,,,,,,
2009-03-22,AZ Alkmaar,Feyenoord,0.0,0.0,1.44,3.75,7.0,1.7,2.05,,,,,,
2009-03-22,NAC Breda,Ajax,0.0,3.0,3.6,3.3,1.9,1.58,2.23,,,,,,
2009-03-22,Roda JC,Den Haag,2.0,0.0,1.83,3.3,4.0,1.77,1.98,,,,,,
2009-03-22,Twente,Groningen,2.0,1.0,1.61,3.5,5.0,1.69,2.06,,,,,,
2009-03-22,Volendam,Utrecht,0.0,0.0,2.5,3.3,2.5,1.79,1.96,,,,,,
2009-04-03,Nijmegen,Twente,1.0,1.0,3.75,3.5,2.0,2.01,1.74,,,,,,
2009-04-04,AZ Alkmaar,Den Haag,4.0,1.0,1.16,6.5,12.0,1.58,2.24,,,,,,
2009-04-04,Heracles,Heerenveen,1.0,1.0,3.75,3.25,1.9,1.58,2.24,,,,,,
2009-04-04,Sparta,PSV Eindhoven,0.0,2.0,5.75,3.75,1.53,1.57,2.26,,,,,,
2009-04-04,Utrecht,Groningen,0.0,1.0,2.25,3.25,2.87,1.91,1.83,,,,,,
2009-04-05,Roda JC,Ajax,1.0,2.0,5.25,3.6,1.61,1.65,2.11,,,,,,
2009-04-05,Vitesse,Graafschap,0.0,0.0,1.6,3.6,5.25,1.83,1.9,,,,,,
2009-04-05,Volendam,Feyenoord,2.0,1.0,3.75,3.25,1.9,1.68,2.08,,,,,,
2009-04-05,Willem II,NAC Breda,2.0,0.0,2.75,3.2,2.37,1.85,1.88,,,,,,
2009-04-10,NAC Breda,AZ Alkmaar,0.0,1.0,5.0,3.75,1.66,1.79,1.95,,,,,,
2009-04-11,Den Haag,Sparta,1.0,2.0,2.1,3.3,3.5,1.74,2.01,,,,,,
2009-04-11,Graafschap,Nijmegen,2.0,2.0,2.5,3.1,2.9,2.02,1.71,,,,,,
2009-04-11,PSV Eindhoven,Utrecht,2.0,0.0,1.33,4.5,11.0,1.6,2.19,,,,,,
2009-04-11,Twente,Roda JC,4.0,2.0,1.36,4.5,9.0,1.66,2.1,,,,,,
2009-04-12,Ajax,Willem II,7.0,0.0,1.2,5.5,13.0,1.42,2.67,,,,,,
2009-04-12,Feyenoord,Heracles,5.0,1.0,1.4,3.8,8.5,1.64,2.12,,,,,,
2009-04-12,Groningen,Vitesse,2.0,3.0,1.67,3.5,4.75,1.79,1.96,,,,,,
2009-04-12,Heerenveen,Volendam,1.0,0.0,1.33,4.75,8.5,1.4,2.72,,,,,,
2009-04-17,Heracles,NAC Breda,4.0,0.0,2.45,3.4,2.75,1.85,1.9,,,,,,
2009-04-18,AZ Alkmaar,Vitesse,1.0,2.0,1.2,5.75,11.0,1.65,2.12,,,,,,
2009-04-18,Feyenoord,Twente,1.0,0.0,2.4,3.4,2.6,1.68,2.09,,,,,,
2009-04-18,Graafschap,Groningen,0.0,1.0,2.9,3.3,2.25,1.83,1.91,,,,,,
2009-04-18,Nijmegen,Roda JC,1.0,1.0,1.83,3.3,4.0,1.95,1.79,,,,,,
2009-04-19,PSV Eindhoven,Ajax,6.0,2.0,2.25,3.3,2.88,1.68,2.07,,,,,,
2009-04-19,Utrecht,Heerenveen,2.0,1.0,2.4,3.4,2.6,1.72,2.02,,,,,,
2009-04-19,Volendam,Sparta,3.0,0.0,2.2,3.4,2.9,1.61,2.18,,,,,,
2009-04-19,Willem II,Den Haag,3.0,3.0,2.0,3.25,3.5,1.7,2.07,,,,,,
2009-04-24,Sparta,Graafschap,0.0,0.0,1.83,3.5,4.33,1.66,2.12,,,,,,
2009-04-25,Heerenveen,Twente,1.0,1.0,2.5,3.25,2.6,1.61,2.18,,,,,,
2009-04-25,Heracles,PSV Eindhoven,0.0,2.0,5.0,3.6,1.57,1.62,2.16,,,,,,
2009-04-25,Nijmegen,NAC Breda,2.0,3.0,2.1,3.25,3.25,1.86,1.88,,,,,,
2009-04-25,Roda JC,Volendam,1.0,1.0,1.85,3.4,3.8,1.63,2.15,,,,,,
2009-04-26,Ajax,AZ Alkmaar,1.0,1.0,1.83,3.3,4.0,1.63,2.14,,,,,,
2009-04-26,Den Haag,Feyenoord,2.0,3.0,3.2,3.3,2.1,1.7,2.05,,,,,,
2009-04-26,Groningen,Willem II,0.0,0.0,1.44,3.8,7.5,1.64,2.14,,,,,,
2009-04-26,Vitesse,Utrecht,6.0,1.0,2.1,3.25,3.25,1.92,1.82,,,,,,
2009-05-03,Heerenveen,Den Haag,2.0,2.0,1.33,4.5,8.5,1.47,2.48,,,,,,
2009-05-03,NAC Breda,Graafschap,0.0,1.0,1.75,3.5,4.2,1.71,2.02,,,,,,
2009-05-03,PSV Eindhoven,Nijmegen,1.0,1.0,1.25,5.0,9.0,1.57,2.24,,,,,,
2009-05-03,Roda JC,Willem II,0.0,1.0,1.57,3.5,5.75,1.74,1.98,,,,,,
2009-05-03,Sparta,Ajax,4.0,0.0,6.0,4.0,1.45,1.5,2.41,,,,,,
2009-05-03,Twente,AZ Alkmaar,3.0,0.0,1.75,3.4,4.33,1.82,1.92,,,,,,
2009-05-03,Utrecht,Feyenoord,2.0,2.0,2.6,3.2,2.5,1.78,1.97,,,,,,
2009-05-03,Vitesse,Heracles,1.0,0.0,1.65,3.5,5.0,1.75,2.0,,,,,,
2009-05-03,Volendam,Groningen,0.0,1.0,2.2,3.25,3.0,1.69,2.05,,,,,,
2009-05-10,Ajax,Twente,1.0,0.0,1.95,3.4,3.5,1.6,2.18,,,,,,
2009-05-10,AZ Alkmaar,Heerenveen,3.0,1.0,1.8,3.5,4.0,1.57,2.24,,,,,,
2009-05-10,Den Haag,Vitesse,3.0,1.0,2.2,3.4,2.88,1.69,2.03,,,,,,
2009-05-10,Feyenoord,Roda JC,2.0,3.0,1.55,3.75,5.5,1.61,2.16,,,,,,
2009-05-10,Graafschap,Volendam,2.0,2.0,2.1,3.4,3.1,1.87,1.86,,,,,,
2009-05-10,Groningen,NAC Breda,1.0,0.0,1.95,3.5,3.3,1.69,2.04,,,,,,
2009-05-10,Heracles,Utrecht,1.0,1.0,2.15,3.3,3.1,1.84,1.89,,,,,,
2009-05-10,Nijmegen,Sparta,1.0,1.0,1.62,3.5,5.25,1.61,2.16,,,,,,
2009-05-10,Willem II,PSV Eindhoven,0.0,3.0,8.5,3.8,1.4,1.58,2.23,,,,,,
2009-07-31,Heerenveen,Roda JC,0.0,0.0,1.5,4.2,6.5,1.51,2.41,,,,,,
2009-08-01,Heracles,AZ Alkmaar,3.0,2.0,7.5,4.2,1.44,1.69,2.05,,,,,,
2009-08-01,Sparta,Twente,0.0,2.0,5.5,3.8,1.62,1.64,2.13,,,,,,
2009-08-01,Waalwijk,Utrecht,0.0,1.0,3.0,3.4,2.3,1.83,1.91,,,,,,
2009-08-01,Willem II,Vitesse,3.0,1.0,2.9,3.3,2.4,1.82,1.92,,,,,,
2009-08-02,Den Haag,NAC Breda,1.0,2.0,3.1,3.3,2.3,1.72,2.02,,,,,,
2009-08-02,Feyenoord,Nijmegen,2.0,0.0,1.62,3.75,5.5,1.67,2.09,,,,,,
2009-08-02,Groningen,Ajax,0.0,2.0,3.75,3.4,2.0,1.61,2.17,,,,,,
2009-08-02,PSV Eindhoven,VVV Venlo,3.0,3.0,1.17,6.5,19.0,1.42,2.63,,,,,,
2009-08-07,AZ Alkmaar,Sparta,2.0,0.0,1.25,5.75,11.0,1.45,2.55,,,,,,
2009-08-07,Nijmegen,Heerenveen,4.0,1.0,2.5,3.4,2.65,1.68,2.07,,,,,,
2009-08-08,Ajax,Waalwijk,4.0,1.0,1.17,5.75,15.0,1.38,2.83,,,,,,
2009-08-08,Roda JC,Groningen,1.0,1.0,2.63,3.25,2.5,1.9,1.83,,,,,,
2009-08-09,NAC Breda,Heracles,0.0,0.0,1.53,3.5,6.0,1.66,2.1,,,,,,
2009-08-09,Twente,PSV Eindhoven,1.0,1.0,2.55,3.25,2.55,1.89,1.84,,,,,,
2009-08-09,Utrecht,Willem II,1.0,0.0,1.53,3.75,5.75,1.82,1.92,,,,,,
2009-08-09,Vitesse,Feyenoord,0.0,0.0,2.8,3.25,2.3,1.71,2.04,,,,,,
2009-08-09,VVV Venlo,Den Haag,2.0,2.0,1.75,3.5,4.2,1.62,2.15,,,,,,
2009-08-15,Den Haag,Twente,0.0,1.0,8.0,3.8,1.5,1.67,2.08,,,,,,
2009-08-15,Heerenveen,Vitesse,1.0,0.0,1.75,3.6,4.75,1.62,2.17,,,,,,
2009-08-15,Sparta,Willem II,2.0,1.0,1.83,3.5,4.2,1.83,1.9,,,,,,
2009-08-15,Waalwijk,AZ Alkmaar,0.0,6.0,7.0,4.0,1.5,1.63,2.15,,,,,,
2009-08-16,Groningen,NAC Breda,1.0,2.0,2.0,3.3,4.0,1.78,1.96,,,,,,
2009-08-16,Heracles,Feyenoord,0.0,1.0,3.4,3.3,2.15,1.8,1.92,,,,,,
2009-08-16,PSV Eindhoven,Ajax,4.0,3.0,2.38,3.25,3.0,1.75,1.98,,,,,,
2009-08-16,Roda JC,Nijmegen,1.0,0.0,2.63,3.2,2.75,1.95,1.78,,,,,,
2009-08-16,Utrecht,VVV Venlo,2.0,2.0,1.53,3.75,7.0,1.63,2.14,,,,,,
2009-08-22,Vitesse,Den Haag,1.0,3.0,1.57,3.75,5.5,1.7,2.06,,,,,,
2009-08-22,VVV Venlo,Groningen,2.0,2.0,2.5,3.2,2.63,1.68,2.09,,,,,,
2009-08-22,Willem II,Heracles,0.0,1.0,2.15,3.1,3.3,1.94,1.82,,,,,,
2009-08-23,Ajax,Sparta,0.0,0.0,1.17,6.0,13.0,1.4,2.75,,,,,,
2009-08-23,Feyenoord,Roda JC,4.0,0.0,1.44,3.8,7.5,1.76,2.0,,,,,,
2009-08-23,Heerenveen,AZ Alkmaar,0.0,2.0,3.0,3.25,2.2,1.63,2.16,,,,,,
2009-08-23,PSV Eindhoven,NAC Breda,3.0,1.0,1.4,4.5,6.5,1.6,2.23,,,,,,
2009-08-23,Twente,Waalwijk,2.0,1.0,1.2,5.5,12.0,1.54,2.35,,,,,,
2009-08-28,Roda JC,Vitesse,3.0,4.0,2.2,3.4,3.2,1.89,1.87,,,,,,
2009-08-28,Waalwijk,Den Haag,0.0,2.0,2.5,3.4,2.7,1.67,2.09,,,,,,
2009-08-29,AZ Alkmaar,Willem II,2.0,1.0,1.2,6.0,17.0,1.46,2.55,,,,,,
2009-08-29,Nijmegen,VVV Venlo,1.0,1.0,1.67,3.75,5.0,1.65,2.12,,,,,,
2009-08-29,Utrecht,Sparta,2.0,0.0,1.6,3.75,6.0,1.7,2.06,,,,,,
2009-08-30,Feyenoord,Twente,1.0,1.0,2.4,3.3,2.9,1.74,2.01,,,,,,
2009-08-30,Groningen,PSV Eindhoven,0.0,2.0,4.33,3.6,1.8,1.69,2.07,,,,,,
2009-08-30,Heracles,Ajax,0.0,3.0,6.5,4.0,1.53,1.54,2.34,,,,,,
2009-08-30,NAC Breda,Heerenveen,2.0,0.0,2.2,3.4,3.2,1.57,2.27,,,,,,
2009-09-12,Den Haag,AZ Alkmaar,2.0,1.0,6.25,4.0,1.53,1.63,2.15,,,,,,
2009-09-12,Heerenveen,Groningen,0.0,1.0,2.0,3.4,3.75,1.62,2.17,,,,,,
2009-09-12,PSV Eindhoven,Roda JC,3.0,0.0,1.22,6.0,12.0,1.44,2.59,,,,,,
2009-09-12,Twente,Utrecht,3.0,2.0,1.5,4.0,7.0,1.76,1.98,,,,,,
2009-09-13,Ajax,NAC Breda,6.0,0.0,1.33,5.0,9.0,1.42,2.67,,,,,,
2009-09-13,Sparta,Waalwijk,1.0,0.0,1.57,3.8,6.0,1.64,2.13,,,,,,
2009-09-13,Vitesse,Nijmegen,2.0,2.0,2.25,3.25,3.25,1.83,1.9,,,,,,
2009-09-13,VVV Venlo,Heracles,1.0,0.0,2.0,3.4,3.75,1.6,2.21,,,,,,
2009-09-13,Willem II,Feyenoord,2.0,3.0,5.0,3.6,1.7,1.67,2.1,,,,,,
2009-09-18,Willem II,Groningen,2.0,1.0,2.8,3.25,2.38,1.76,2.0,,,,,,
2009-09-19,AZ Alkmaar,Nijmegen,0.0,1.0,1.33,4.2,9.0,1.61,2.23,,,,,,
2009-09-19,Heracles,Sparta,1.0,1.0,2.0,3.25,3.5,1.83,1.95,,,,,,
2009-09-19,Roda JC,NAC Breda,2.0,0.0,2.5,3.25,2.6,1.77,1.98,,,,,,
2009-09-19,Vitesse,Waalwijk,3.0,1.0,1.5,3.75,6.5,1.63,2.16,,,,,,
2009-09-20,Den Haag,Utrecht,0.0,1.0,2.38,3.25,2.75,1.96,1.82,,,,,,
2009-09-20,Feyenoord,PSV Eindhoven,1.0,3.0,2.7,3.25,2.4,1.77,1.99,,,,,,
2009-09-20,Heerenveen,Twente,0.0,2.0,3.25,3.25,2.1,1.8,1.96,,,,,,
2009-09-20,VVV Venlo,Ajax,0.0,4.0,6.5,3.75,1.5,1.42,2.67,,,,,,
2009-09-26,PSV Eindhoven,Willem II,3.0,1.0,1.17,6.5,13.0,1.39,2.85,,,,,,
2009-09-26,Twente,VVV Venlo,2.0,1.0,1.3,4.75,9.0,1.56,2.3,,,,,,
2009-09-26,Utrecht,AZ Alkmaar,1.0,0.0,3.4,3.3,2.0,1.71,2.06,,,,,,
2009-09-26,Waalwijk,Roda JC,4.0,1.0,2.8,3.2,2.38,1.79,1.96,,,,,,
2009-09-27,Ajax,Den Haag,3.0,0.0,1.2,5.5,11.0,1.39,2.81,,,,,,
2009-09-27,Groningen,Vitesse,1.0,0.0,1.91,3.3,3.6,1.7,2.05,,,,,,
2009-09-27,NAC Breda,Feyenoord,0.0,2.0,3.0,3.2,2.25,1.66,2.11,,,,,,
2009-09-27,Nijmegen,Heracles,0.0,2.0,1.57,3.5,6.0,1.82,1.93,,,,,,
2009-09-27,Sparta,Heerenveen,0.0,2.0,2.38,3.2,2.8,1.67,2.1,,,,,,
2009-09-30,Nijmegen,Utrecht,1.0,1.0,2.38,3.25,2.75,1.94,1.81,,,,,,
2009-10-02,Vitesse,Sparta,2.0,0.0,1.73,3.75,4.5,1.7,2.06,,,,,,
2009-10-03,AZ Alkmaar,NAC Breda,1.0,0.0,1.44,4.0,6.5,1.57,2.27,,,,,,
2009-10-03,Den Haag,Groningen,1.0,1.0,2.5,3.4,2.5,1.78,1.97,,,,,,
2009-10-03,Feyenoord,Waalwijk,3.0,0.0,1.2,6.5,12.0,1.39,2.78,,,,,,
2009-10-03,Willem II,Nijmegen,1.0,1.0,2.5,3.3,2.8,1.8,1.94,,,,,,
2009-10-04,Heerenveen,VVV Venlo,1.0,1.0,1.57,3.6,5.5,1.58,2.26,,,,,,
2009-10-04,Heracles,Twente,1.0,3.0,5.5,3.6,1.57,1.91,1.83,,,,,,
2009-10-04,Roda JC,Ajax,2.0,2.0,7.0,3.8,1.44,1.47,2.53,,,,,,
2009-10-04,Utrecht,PSV Eindhoven,0.0,0.0,4.2,3.3,1.8,1.7,2.06,,,,,,
2009-10-17,Ajax,Willem II,4.0,0.0,1.17,6.0,15.0,1.32,3.18,,,,,,
2009-10-17,NAC Breda,Vitesse,4.0,0.0,1.95,3.3,3.6,1.82,1.91,,,,,,
2009-10-17,PSV Eindhoven,Heerenveen,1.0,0.0,1.3,4.75,9.0,1.5,2.44,,,,,,
2009-10-17,Twente,AZ Alkmaar,3.0,2.0,2.0,3.3,3.5,1.79,1.95,,,,,,
2009-10-18,Groningen,Utrecht,0.0,0.0,2.25,3.2,3.0,1.94,1.8,,,,,,
2009-10-18,Nijmegen,Den Haag,1.0,1.0,1.73,3.4,4.5,1.91,1.83,,,,,,
2009-10-18,Sparta,Feyenoord,2.0,1.0,5.0,3.4,1.67,1.66,2.12,,,,,,
2009-10-18,VVV Venlo,Roda JC,1.0,1.0,2.1,3.25,3.25,1.58,2.26,,,,,,
2009-10-18,Waalwijk,Heracles,0.0,1.0,2.6,3.25,2.5,1.86,1.87,,,,,,
2009-10-23,Utrecht,Roda JC,2.0,1.0,1.57,3.75,6.0,1.8,1.93,,,,,,
2009-10-24,Den Haag,Sparta,2.0,3.0,2.0,3.3,3.4,1.81,1.94,,,,,,
2009-10-24,Feyenoord,VVV Venlo,1.0,0.0,1.3,4.75,9.0,1.49,2.47,,,,,,
2009-10-24,NAC Breda,Waalwijk,1.0,0.0,1.33,4.2,8.5,1.59,2.21,,,,,,
2009-10-24,Vitesse,Heracles,0.0,2.0,1.8,3.3,4.2,1.88,1.85,,,,,,
2009-10-25,AZ Alkmaar,Ajax,2.0,4.0,2.8,3.3,2.3,1.58,2.26,,,,,,
2009-10-25,Nijmegen,PSV Eindhoven,0.0,4.0,6.0,3.4,1.57,1.8,1.94,,,,,,
2009-10-25,Twente,Groningen,4.0,0.0,1.44,4.0,6.5,1.66,2.12,,,,,,
2009-10-25,Willem II,Heerenveen,4.0,1.0,2.7,3.3,2.38,1.68,2.08,,,,,,
2009-10-30,VVV Venlo,NAC Breda,1.0,1.0,2.4,3.4,2.8,1.7,2.07,,,,,,
2009-10-31,Groningen,AZ Alkmaar,0.0,1.0,2.88,3.3,2.4,1.82,1.93,,,,,,
2009-10-31,Heerenveen,Den Haag,3.0,0.0,1.67,3.75,5.0,1.69,2.1,,,,,,
2009-10-31,PSV Eindhoven,Vitesse,1.0,0.0,1.17,7.0,15.0,1.4,2.76,,,,,,
2009-10-31,Roda JC,Twente,1.0,2.0,5.5,3.75,1.62,1.71,2.05,,,,,,
2009-11-01,Ajax,Feyenoord,5.0,1.0,1.5,3.75,6.5,1.46,2.56,,,,,,
2009-11-01,Heracles,Utrecht,3.0,1.0,2.5,3.25,2.63,2.02,1.75,,,,,,
2009-11-01,Sparta,Nijmegen,2.0,0.0,2.25,3.25,2.9,1.93,1.82,,,,,,
2009-11-01,Waalwijk,Willem II,0.0,1.0,2.6,3.25,2.5,1.82,1.93,,,,,,
2009-11-06,Groningen,Heracles,4.0,1.0,2.0,3.4,3.75,2.03,1.73,,,,,,
2009-11-07,Nijmegen,Waalwijk,0.0,1.0,1.44,4.33,7.0,1.86,1.88,,,,,,
2009-11-07,Sparta,Roda JC,1.0,2.0,2.0,3.4,3.75,1.81,1.93,,,,,,
2009-11-07,Vitesse,VVV Venlo,2.0,0.0,2.0,3.4,3.75,1.71,2.04,,,,,,
2009-11-08,AZ Alkmaar,Feyenoord,1.0,1.0,1.91,3.4,4.0,1.7,2.04,,,,,,
2009-11-08,Den Haag,PSV Eindhoven,1.0,5.0,9.0,4.5,1.36,1.61,2.17,,,,,,
2009-11-08,NAC Breda,Willem II,4.0,0.0,1.67,3.6,5.25,1.75,2.0,,,,,,
2009-11-08,Twente,Ajax,1.0,0.0,2.6,3.3,2.63,1.59,2.21,,,,,,
2009-11-08,Utrecht,Heerenveen,2.0,3.0,1.83,3.5,4.33,1.78,1.96,,,,,,
2009-11-21,NAC Breda,Nijmegen,3.0,3.0,1.62,3.6,6.0,1.91,1.83,,,,,,
2009-11-21,Roda JC,AZ Alkmaar,2.0,4.0,3.4,3.4,2.1,1.73,2.01,,,,,,
2009-11-21,Twente,Vitesse,1.0,0.0,1.25,5.5,13.0,1.59,2.23,,,,,,
2009-11-21,Waalwijk,Groningen,3.0,1.0,3.75,3.4,2.0,1.83,1.92,,,,,,
2009-11-22,Ajax,Heerenveen,5.0,1.0,1.29,5.0,11.0,1.41,2.69,,,,,,
2009-11-22,Feyenoord,Utrecht,0.0,0.0,1.73,3.6,4.75,1.74,2.02,,,,,,
2009-11-22,PSV Eindhoven,Heracles,4.0,0.0,1.22,6.0,13.0,1.44,2.55,,,,,,
2009-11-22,VVV Venlo,Sparta,5.0,0.0,2.1,3.3,3.5,1.79,1.95,,,,,,
2009-11-22,Willem II,Den Haag,1.0,1.0,1.91,3.4,4.0,1.66,2.13,,,,,,
2009-11-27,Sparta,PSV Eindhoven,2.0,3.0,7.0,4.2,1.4,1.57,2.28,,,,,,
2009-11-28,AZ Alkmaar,VVV Venlo,2.0,0.0,1.4,4.0,7.5,1.58,2.25,,,,,,
2009-11-28,Heerenveen,Waalwijk,3.0,1.0,1.36,4.0,9.0,1.56,2.31,,,,,,
2009-11-28,Heracles,Roda JC,3.0,2.0,1.91,3.25,3.75,1.78,1.96,,,,,,
2009-11-28,Willem II,Twente,1.0,3.0,6.0,3.6,1.53,1.68,2.1,,,,,,
2009-11-29,Den Haag,Feyenoord,0.0,2.0,4.0,3.4,1.8,1.68,2.09,,,,,,
2009-11-29,Groningen,Nijmegen,2.0,2.0,1.8,3.4,4.0,1.94,1.81,,,,,,
2009-11-29,Utrecht,NAC Breda,3.0,1.0,1.91,3.25,3.75,1.83,1.92,,,,,,
2009-11-29,Vitesse,Ajax,1.0,5.0,7.0,4.0,1.44,1.46,2.53,,,,,,
2009-12-04,AZ Alkmaar,Vitesse,1.0,2.0,1.36,4.75,8.5,1.57,2.28,,,,,,
2009-12-04,NAC Breda,Sparta,2.0,2.0,1.62,3.8,5.5,1.6,2.23,,,,,,
2009-12-04,Roda JC,Den Haag,1.0,1.0,1.8,3.6,4.5,1.67,2.11,,,,,,
2009-12-04,VVV Venlo,Willem II,2.0,1.0,1.8,3.6,4.5,1.65,2.15,,,,,,
2009-12-06,Feyenoord,Groningen,3.0,1.0,1.62,3.75,5.5,1.66,2.13,,,,,,
2009-12-06,Heracles,Heerenveen,3.0,1.0,2.4,3.4,2.8,1.6,2.22,,,,,,
2009-12-06,Nijmegen,Twente,3.0,4.0,5.5,4.0,1.57,1.73,2.03,,,,,,
2009-12-06,Utrecht,Ajax,2.0,0.0,6.0,4.0,1.53,1.53,2.38,,,,,,
2009-12-06,Waalwijk,PSV Eindhoven,0.0,2.0,11.0,5.75,1.25,1.5,2.47,,,,,,
2009-12-11,Ajax,Nijmegen,3.0,0.0,1.17,7.0,15.0,1.33,3.12,,,,,,
2009-12-12,Heerenveen,Feyenoord,0.0,2.0,2.5,3.3,2.75,1.63,2.17,,,,,,
2009-12-12,PSV Eindhoven,AZ Alkmaar,1.0,0.0,1.5,4.2,6.5,1.59,2.23,,,,,,
2009-12-12,Twente,NAC Breda,3.0,1.0,1.36,4.75,8.5,1.55,2.31,,,,,,
2009-12-12,VVV Venlo,Waalwijk,3.0,0.0,1.57,3.8,6.0,1.67,2.1,,,,,,
2009-12-13,Den Haag,Heracles,1.0,4.0,2.6,3.2,2.7,1.83,1.91,,,,,,
2009-12-13,Sparta,Groningen,2.0,4.0,2.7,3.2,2.63,1.76,1.99,,,,,,
2009-12-13,Vitesse,Utrecht,2.0,2.0,2.7,3.1,2.7,1.83,1.91,,,,,,
2009-12-13,Willem II,Roda JC,1.0,3.0,2.4,3.3,2.9,1.76,2.01,,,,,,
2009-12-18,Heracles,VVV Venlo,1.0,0.0,2.0,3.5,3.6,1.67,2.11,,,,,,
2009-12-19,AZ Alkmaar,Den Haag,3.0,0.0,1.3,4.75,12.0,1.55,2.31,,,,,,
2009-12-19,Feyenoord,Willem II,1.0,0.0,1.3,4.75,12.0,1.51,2.41,,,,,,
2009-12-19,Waalwijk,Sparta,4.0,1.0,2.5,3.25,2.8,1.73,2.03,,,,,,
2010-01-17,NAC Breda,Ajax,1.0,1.0,6.0,4.0,1.53,1.45,2.58,,,,,,
2010-01-17,Nijmegen,Vitesse,2.0,1.0,2.1,3.4,3.4,1.92,1.83,,,,,,
2010-01-17,Utrecht,Twente,0.0,0.0,3.4,3.4,2.1,1.92,1.83,,,,,,
2010-01-19,Roda JC,PSV Eindhoven,0.0,1.0,7.0,4.33,1.44,1.58,2.26,,,,,,
2010-01-20,Groningen,Heerenveen,2.0,0.0,2.15,3.4,3.25,1.69,2.08,,,,,,
2010-01-22,PSV Eindhoven,Nijmegen,3.0,0.0,1.18,7.0,13.0,1.43,2.65,,,,,,
2010-01-23,Heerenveen,Willem II,4.0,2.0,1.4,4.0,8.0,1.54,2.35,,,,,,
2010-01-23,Heracles,Vitesse,1.0,2.0,1.8,3.5,4.2,1.78,1.96,,,,,,
2010-01-23,Roda JC,Utrecht,2.0,0.0,2.5,3.25,2.6,1.89,1.86,,,,,,
2010-01-23,Waalwijk,NAC Breda,0.0,1.0,3.0,3.25,2.25,1.8,1.95,,,,,,
2010-01-24,Ajax,AZ Alkmaar,1.0,0.0,1.57,3.5,6.0,1.48,2.47,,,,,,
2010-01-24,Groningen,Twente,0.0,0.0,3.5,3.25,2.0,1.76,1.92,,,,,,
2010-01-24,Sparta,Den Haag,0.0,0.0,1.91,3.3,3.75,1.64,2.12,,,,,,
2010-01-24,VVV Venlo,Feyenoord,1.0,1.0,3.8,3.4,1.91,1.68,2.06,,,,,,
2010-01-29,Willem II,Waalwijk,2.0,1.0,2.0,3.4,3.75,1.75,2.0,,,,,,
2010-01-30,AZ Alkmaar,Groningen,0.0,1.0,1.57,3.75,6.0,1.7,2.06,,,,,,
2010-01-30,Den Haag,Heerenveen,2.0,1.0,3.4,3.4,2.1,1.61,2.18,,,,,,
2010-01-30,NAC Breda,VVV Venlo,2.0,0.0,1.83,3.5,4.33,1.7,2.06,,,,,,
2010-01-30,Nijmegen,Sparta,1.0,0.0,1.75,3.6,4.75,1.68,2.09,,,,,,
2010-01-31,Feyenoord,Ajax,1.0,1.0,3.25,3.3,2.2,1.57,2.26,,,,,,
2010-01-31,Twente,Roda JC,2.0,0.0,1.33,4.75,10.0,1.58,2.25,,,,,,
2010-01-31,Utrecht,Heracles,0.0,0.0,1.83,3.5,4.33,1.93,1.81,,,,,,
2010-01-31,Vitesse,PSV Eindhoven,0.0,0.0,7.0,4.33,1.44,1.6,2.21,,,,,,
2010-02-02,NAC Breda,AZ Alkmaar,1.0,1.0,2.9,3.3,2.4,1.79,1.96,,,,,,
2010-02-02,VVV Venlo,Heerenveen,3.0,1.0,2.4,3.3,2.88,1.73,2.03,,,,,,
2010-02-03,Ajax,Roda JC,4.0,0.0,1.22,6.0,12.0,1.41,2.69,,,,,,
2010-02-03,Groningen,Den Haag,2.0,0.0,1.44,4.2,7.5,1.73,2.02,,,,,,
2010-02-03,PSV Eindhoven,Utrecht,2.0,1.0,1.33,4.75,9.5,1.64,2.12,,,,,,
2010-02-03,Sparta,Vitesse,1.0,1.0,2.63,3.3,2.6,1.71,2.05,,,,,,
2010-02-03,Twente,Heracles,2.0,0.0,1.33,4.75,9.5,1.7,2.08,,,,,,
2010-02-04,Waalwijk,Feyenoord,0.0,1.0,6.0,3.8,1.57,1.69,2.08,,,,,,
2010-02-05,Willem II,NAC Breda,1.0,2.0,2.8,3.4,2.4,1.83,1.91,,,,,,
2010-02-06,Heerenveen,Utrecht,2.0,0.0,2.1,3.3,3.5,1.82,1.92,,,,,,
2010-02-06,Heracles,Groningen,4.0,3.0,2.4,3.4,2.8,1.94,1.8,,,,,,
2010-02-06,PSV Eindhoven,Den Haag,2.0,0.0,1.14,7.5,17.0,1.44,2.59,,,,,,
2010-02-06,Roda JC,Sparta,2.0,1.0,1.65,3.75,5.25,1.66,2.11,,,,,,
2010-02-07,Ajax,Twente,3.0,0.0,1.8,3.5,4.5,1.68,2.1,,,,,,
2010-02-07,Feyenoord,AZ Alkmaar,1.0,2.0,2.25,3.4,3.1,1.91,1.83,,,,,,
2010-02-07,VVV Venlo,Vitesse,2.0,0.0,2.05,3.4,3.5,1.86,1.88,,,,,,
2010-02-07,Waalwijk,Nijmegen,0.0,1.0,2.8,3.4,2.4,1.93,1.81,,,,,,
2010-02-12,Nijmegen,NAC Breda,4.0,2.0,2.4,3.2,3.0,1.95,1.8,,,,,,
2010-02-13,AZ Alkmaar,Roda JC,2.0,0.0,1.5,4.0,7.0,1.71,2.05,,,,,,
2010-02-13,Den Haag,Willem II,3.0,0.0,2.1,3.3,3.5,1.75,2.01,,,,,,
2010-02-13,Heerenveen,Ajax,0.0,2.0,4.5,3.75,1.73,1.45,2.58,,,,,,
2010-02-13,Vitesse,Twente,1.0,2.0,4.75,3.6,1.73,1.89,1.85,,,,,,
2010-02-14,Groningen,Waalwijk,2.0,1.0,1.4,4.5,8.0,1.74,2.03,,,,,,
2010-02-14,Heracles,PSV Eindhoven,0.0,1.0,7.0,4.33,1.44,1.69,2.08,,,,,,
2010-02-14,Sparta,VVV Venlo,2.0,0.0,2.63,3.1,2.75,1.88,1.86,,,,,,
2010-02-14,Utrecht,Feyenoord,0.0,0.0,2.6,3.2,2.7,1.95,1.8,,,,,,
2010-02-17,Nijmegen,Willem II,2.0,1.0,1.62,3.6,6.0,1.8,1.95,,,,,,
2010-02-19,Roda JC,Heracles,2.0,1.0,2.0,3.5,3.6,1.8,1.95,,,,,,
2010-02-20,NAC Breda,Utrecht,0.0,2.0,2.05,3.4,3.5,2.0,1.77,,,,,,
2010-02-20,Nijmegen,Groningen,0.0,2.0,2.5,3.3,2.75,1.89,1.86,,,,,,
2010-02-20,VVV Venlo,AZ Alkmaar,3.0,3.0,3.75,3.4,2.0,1.86,1.89,,,,,,
2010-02-20,Waalwijk,Heerenveen,1.0,2.0,3.75,3.6,1.91,1.81,1.94,,,,,,
2010-02-21,Ajax,Vitesse,4.0,0.0,1.2,6.5,13.0,1.4,2.76,,,,,,
2010-02-21,Feyenoord,Den Haag,2.0,2.0,1.25,5.25,13.0,1.67,2.1,,,,,,
2010-02-21,PSV Eindhoven,Sparta,1.0,1.0,1.14,7.5,17.0,1.44,2.6,,,,,,
2010-02-21,Twente,Willem II,1.0,0.0,1.2,6.5,13.0,1.48,2.5,,,,,,
2010-02-26,Den Haag,Roda JC,1.0,2.0,2.5,3.25,2.8,1.82,1.93,,,,,,
2010-02-27,Heerenveen,Heracles,1.0,2.0,1.73,3.6,4.75,1.73,2.03,,,,,,
2010-02-27,Vitesse,AZ Alkmaar,0.0,3.0,4.0,3.4,1.91,1.88,1.86,,,,,,
2010-02-27,Willem II,VVV Venlo,2.0,1.0,2.63,3.2,2.7,1.84,1.9,,,,,,
2010-02-28,Ajax,Utrecht,4.0,0.0,1.25,5.5,12.0,1.53,2.35,,,,,,
2010-02-28,Groningen,Feyenoord,2.0,3.0,2.6,3.2,2.75,1.97,1.78,,,,,,
2010-02-28,PSV Eindhoven,Waalwijk,5.0,1.0,1.14,7.5,17.0,1.45,2.58,,,,,,
2010-02-28,Sparta,NAC Breda,2.0,2.0,2.6,3.2,2.75,1.86,1.87,,,,,,
2010-02-28,Twente,Nijmegen,2.0,1.0,1.4,4.5,8.0,1.75,1.99,,,,,,
2010-03-06,AZ Alkmaar,Heerenveen,4.0,1.0,1.5,4.0,6.5,1.61,2.18,,,,,,
2010-03-06,Den Haag,Vitesse,1.0,1.0,2.25,3.4,3.1,1.78,1.97,,,,,,
2010-03-06,Heracles,Willem II,3.0,2.0,1.53,4.0,6.0,1.69,2.07,,,,,,
2010-03-06,NAC Breda,PSV Eindhoven,2.0,1.0,5.5,4.0,1.57,1.69,2.07,,,,,,
2010-03-07,Groningen,VVV Venlo,1.0,0.0,1.57,4.0,5.5,1.65,2.12,,,,,,
2010-03-07,Roda JC,Feyenoord,2.0,4.0,3.0,3.4,2.3,1.77,1.97,,,,,,
2010-03-07,Sparta,Ajax,0.0,3.0,6.5,4.75,1.4,1.44,2.58,,,,,,
2010-03-07,Utrecht,Nijmegen,1.0,0.0,1.95,3.4,3.9,1.93,1.82,,,,,,
2010-03-07,Waalwijk,Twente,0.0,1.0,7.0,4.75,1.4,1.7,2.06,,,,,,
2010-03-12,Twente,Den Haag,3.0,1.0,1.25,5.5,12.0,1.62,2.16,,,,,,
2010-03-13,AZ Alkmaar,Waalwijk,6.0,2.0,1.14,7.0,21.0,1.46,2.54,,,,,,
2010-03-13,NAC Breda,Groningen,0.0,3.0,2.3,3.3,3.1,1.81,1.94,,,,,,
2010-03-13,Nijmegen,Roda JC,0.0,2.0,2.1,3.4,3.4,1.77,1.97,,,,,,
2010-03-13,VVV Venlo,Utrecht,0.0,1.0,2.3,3.3,3.1,1.95,1.79,,,,,,
2010-03-14,Ajax,PSV Eindhoven,4.0,1.0,1.91,3.5,3.75,1.66,2.11,,,,,,
2010-03-14,Feyenoord,Heracles,1.0,1.0,1.5,4.0,7.0,1.72,2.03,,,,,,
2010-03-14,Vitesse,Heerenveen,0.0,1.0,2.4,3.2,3.0,1.68,2.1,,,,,,
2010-03-14,Willem II,Sparta,3.0,1.0,2.1,3.4,3.4,1.68,2.1,,,,,,
2010-03-19,Heerenveen,Nijmegen,4.0,1.0,1.73,3.6,4.75,1.68,2.08,,,,,,
2010-03-20,Heracles,NAC Breda,3.0,0.0,2.0,3.5,3.5,1.75,2.0,,,,,,
2010-03-20,PSV Eindhoven,Twente,1.0,1.0,1.91,3.4,4.0,1.99,1.76,,,,,,
2010-03-20,Willem II,Utrecht,0.0,3.0,2.8,3.4,2.4,1.99,1.76,,,,,,
2010-03-21,Den Haag,VVV Venlo,0.0,0.0,2.2,3.4,3.2,1.9,1.84,,,,,,
2010-03-21,Groningen,Roda JC,1.0,0.0,1.67,3.75,5.0,1.73,2.02,,,,,,
2010-03-21,Sparta,AZ Alkmaar,0.0,1.0,7.0,4.33,1.44,1.66,2.13,,,,,,
2010-03-21,Waalwijk,Ajax,1.0,5.0,11.0,7.0,1.2,1.4,2.74,,,,,,
2010-03-26,NAC Breda,Den Haag,3.0,0.0,1.67,3.75,5.0,1.65,2.13,,,,,,
2010-03-27,AZ Alkmaar,Heracles,3.0,2.0,1.36,4.75,8.5,1.58,2.24,,,,,,
2010-03-27,Roda JC,Heerenveen,4.0,2.0,2.4,3.3,2.9,1.61,2.19,,,,,,
2010-03-27,Twente,Sparta,3.0,0.0,1.2,6.0,15.0,1.51,2.41,,,,,,
2010-03-27,Vitesse,Willem II,2.0,1.0,1.8,3.5,4.5,1.76,2.0,,,,,,
2010-03-28,Ajax,Groningen,3.0,0.0,1.22,5.75,13.0,1.38,2.84,,,,,,
2010-03-28,Nijmegen,Feyenoord,0.0,0.0,3.25,3.3,2.2,1.82,1.93,,,,,,
2010-03-28,Utrecht,Waalwijk,2.0,0.0,1.25,5.25,13.0,1.6,2.2,,,,,,
2010-03-28,VVV Venlo,PSV Eindhoven,2.0,4.0,6.0,3.8,1.57,1.7,2.07,,,,,,
2010-03-31,Feyenoord,Vitesse,2.0,1.0,1.4,4.2,7.0,1.72,2.05,,,,,,
2010-04-02,Vitesse,Groningen,3.0,0.0,2.9,3.4,2.35,1.78,1.97,,,,,,
2010-04-03,AZ Alkmaar,Utrecht,2.0,0.0,1.44,4.2,7.5,1.72,2.05,,,,,,
2010-04-03,Heerenveen,Sparta,4.0,1.0,1.5,4.0,7.0,1.5,2.43,,,,,,
2010-04-03,Roda JC,Waalwijk,5.0,1.0,1.36,4.75,8.5,1.57,2.27,,,,,,
2010-04-03,VVV Venlo,Twente,0.0,2.0,7.0,4.0,1.5,1.76,2.0,,,,,,
2010-04-04,Den Haag,Ajax,0.0,1.0,15.0,6.0,1.2,1.4,2.76,,,,,,
2010-04-04,Feyenoord,NAC Breda,0.0,0.0,1.57,4.0,5.5,1.6,2.21,,,,,,
2010-04-04,Heracles,Nijmegen,2.0,0.0,1.65,3.75,5.25,1.78,1.96,,,,,,
2010-04-04,Willem II,PSV Eindhoven,0.0,1.0,9.0,4.75,1.33,1.56,2.28,,,,,,
2010-04-09,Waalwijk,Vitesse,4.0,1.0,4.2,3.75,1.8,1.67,2.1,,,,,,
2010-04-10,NAC Breda,Roda JC,1.0,0.0,2.1,3.4,3.4,1.64,2.12,,,,,,
2010-04-10,Nijmegen,AZ Alkmaar,0.0,0.0,6.0,3.8,1.57,1.69,2.05,,,,,,
2010-04-10,Sparta,Heracles,1.0,1.0,3.0,3.4,2.3,1.68,2.06,,,,,,
2010-04-10,Twente,Heerenveen,2.0,0.0,1.29,5.25,11.0,1.49,2.47,,,,,,
2010-04-11,Ajax,VVV Venlo,7.0,0.0,1.11,8.0,23.0,1.3,3.27,,,,,,
2010-04-11,Groningen,Willem II,4.0,0.0,1.33,5.0,9.0,1.51,2.39,,,,,,
2010-04-11,PSV Eindhoven,Feyenoord,0.0,0.0,1.5,4.2,6.5,1.64,2.12,,,,,,
2010-04-11,Utrecht,Den Haag,0.0,2.0,1.57,3.8,6.0,1.76,1.98,,,,,,
2010-04-13,AZ Alkmaar,Twente,1.0,0.0,2.3,3.4,3.0,1.87,1.88,,,,,,
2010-04-13,Heracles,Waalwijk,4.0,1.0,1.25,5.25,13.0,1.5,2.42,,,,,,
2010-04-13,Vitesse,NAC Breda,1.0,1.0,2.4,3.3,2.9,1.7,2.05,,,,,,
2010-04-14,Den Haag,Nijmegen,2.0,3.0,2.05,3.4,3.6,1.92,1.82,,,,,,
2010-04-14,Feyenoord,Sparta,3.0,0.0,1.36,4.75,8.5,1.59,2.19,,,,,,
2010-04-14,Heerenveen,PSV Eindhoven,2.0,2.0,4.75,3.6,1.73,1.56,2.25,,,,,,
2010-04-14,Roda JC,VVV Venlo,4.0,2.0,1.62,3.8,5.5,1.65,2.11,,,,,,
2010-04-14,Utrecht,Groningen,1.0,1.0,2.2,3.3,3.25,1.91,1.83,,,,,,
2010-04-14,Willem II,Ajax,0.0,2.0,15.0,7.0,1.17,1.34,2.99,,,,,,
2010-04-18,Ajax,Heracles,4.0,0.0,1.13,8.0,19.0,1.31,3.18,,,,,,
2010-04-18,Den Haag,Waalwijk,4.0,0.0,1.44,4.33,7.0,1.57,2.26,,,,,,
2010-04-18,Heerenveen,NAC Breda,0.0,0.0,2.15,3.4,3.25,1.53,2.35,,,,,,
2010-04-18,PSV Eindhoven,Groningen,3.0,1.0,1.33,5.0,9.0,1.57,2.26,,,,,,
2010-04-18,Sparta,Utrecht,0.0,3.0,2.5,3.4,2.7,1.78,1.98,,,,,,
2010-04-18,Twente,Feyenoord,2.0,0.0,1.5,4.2,6.5,1.75,2.01,,,,,,
2010-04-18,Vitesse,Roda JC,2.0,5.0,2.4,3.3,2.88,1.6,2.21,,,,,,
2010-04-18,VVV Venlo,Nijmegen,2.0,0.0,2.38,3.3,2.88,1.69,2.09,,,,,,
2010-04-18,Willem II,AZ Alkmaar,0.0,3.0,6.0,4.0,1.57,1.54,2.33,,,,,,
2010-05-02,AZ Alkmaar,PSV Eindhoven,1.0,1.0,2.05,3.3,3.6,1.61,2.2,,,,,,
2010-05-02,Feyenoord,Heerenveen,6.0,2.0,1.53,4.0,6.0,1.51,2.43,,,,,,
2010-05-02,Groningen,Sparta,3.0,1.0,1.2,6.25,14.0,1.42,2.66,,,,,,
2010-05-02,Heracles,Den Haag,4.0,2.0,1.44,4.33,7.0,1.49,2.47,,,,,,
2010-05-02,NAC Breda,Twente,0.0,2.0,6.0,4.2,1.5,1.72,2.06,,,,,,
2010-05-02,Nijmegen,Ajax,1.0,4.0,15.0,6.5,1.18,1.33,3.08,,,,,,
2010-05-02,Roda JC,Willem II,3.0,2.0,1.25,5.75,10.0,1.36,2.92,,,,,,
2010-05-02,Utrecht,Vitesse,2.0,2.0,1.53,4.0,6.0,1.73,2.04,,,,,,
2010-05-02,Waalwijk,VVV Venlo,1.0,2.0,2.7,3.4,2.5,1.54,2.35,,,,,,
2010-08-06,Roda,Twente,0.0,0.0,4.75,3.6,1.73,1.75,2.01,,,,,,
2010-08-07,Graafschap,Excelsior,3.0,0.0,1.7,3.6,5.0,1.61,2.2,,,,,,
2010-08-07,Heerenveen,PSV Eindhoven,1.0,3.0,4.75,3.5,1.75,1.6,2.2,,,,,,
2010-08-07,Heracles,Willem II,3.0,0.0,1.57,3.8,6.0,1.63,2.16,,,,,,
2010-08-07,Nijmegen,VVV Venlo,1.0,0.0,1.91,3.5,3.9,1.73,2.02,,,,,,
2010-08-08,Feyenoord,Utrecht,3.0,1.0,1.75,3.6,4.75,1.83,1.93,,,,,,
2010-08-08,Groningen,Ajax,2.0,2.0,5.75,3.7,1.62,1.49,2.46,,,,,,
2010-08-08,NAC Breda,AZ Alkmaar,1.0,1.0,3.9,3.5,1.91,1.76,2.0,,,,,,
2010-08-08,Vitesse,Den Haag,3.0,1.0,1.91,3.5,3.9,1.65,2.11,,,,,,
2010-08-14,Ajax,Vitesse,4.0,2.0,1.15,7.0,17.0,1.83,1.94,,,,,,
2010-08-14,AZ Alkmaar,Groningen,1.0,1.0,1.6,3.8,5.5,1.69,2.09,,,,,,
2010-08-14,PSV Eindhoven,Graafschap,6.0,0.0,1.17,7.0,15.0,1.4,2.74,,,,,,
2010-08-14,Twente,Heerenveen,0.0,0.0,1.53,4.0,6.0,1.63,2.14,,,,,,
2010-08-14,VVV Venlo,Heracles,1.0,0.0,3.1,3.4,2.25,1.79,1.97,,,,,,
2010-08-15,Den Haag,Roda,1.0,3.0,2.25,3.3,3.2,1.79,1.97,,,,,,
2010-08-15,Excelsior,Feyenoord,3.0,2.0,8.0,4.5,1.4,1.6,2.19,,,,,,
2010-08-15,Utrecht,NAC Breda,3.0,1.0,1.67,3.5,5.5,1.89,1.86,,,,,,
2010-08-15,Willem II,Nijmegen,3.0,5.0,2.8,3.25,2.5,1.87,1.87,,,,,,
2010-08-20,Excelsior,Nijmegen,4.0,2.0,3.1,3.4,2.25,1.68,2.08,,,,,,
2010-08-21,Ajax,Roda,3.0,0.0,1.2,6.5,13.0,1.78,1.99,,,,,,
2010-08-21,Groningen,Graafschap,2.0,1.0,1.44,4.33,7.0,1.5,2.45,,,,,,
2010-08-21,Heerenveen,NAC Breda,3.0,1.0,1.57,4.0,5.5,1.58,2.25,,,,,,
2010-08-21,Vitesse,Twente,0.0,3.0,5.5,3.75,1.62,1.79,1.96,,,,,,
2010-08-22,Heracles,Feyenoord,1.0,1.0,2.75,3.3,2.5,1.76,1.99,,,,,,
2010-08-22,PSV Eindhoven,AZ Alkmaar,3.0,1.0,1.44,4.33,7.0,1.58,2.24,,,,,,
2010-08-22,Utrecht,Willem II,3.0,0.0,1.36,4.6,8.5,1.5,2.44,,,,,,
2010-08-22,VVV Venlo,Den Haag,2.0,3.0,2.0,3.4,3.7,1.7,2.06,,,,,,
2010-08-27,Willem II,Groningen,0.0,3.0,4.2,3.75,1.8,1.59,2.22,,,,,,
2010-08-28,NAC Breda,VVV Venlo,2.0,0.0,1.8,3.5,4.5,1.81,1.95,,,,,,
2010-08-28,Nijmegen,Heerenveen,2.0,2.0,2.75,3.3,2.5,1.55,2.31,,,,,,
2010-08-28,Roda,Heracles,4.0,2.0,1.91,3.6,3.75,1.63,2.15,,,,,,
2010-08-29,AZ Alkmaar,Excelsior,1.0,1.0,1.29,5.25,10.0,1.46,2.53,,,,,,
2010-08-29,Den Haag,PSV Eindhoven,2.0,2.0,9.0,5.0,1.33,1.51,2.4,,,,,,
2010-08-29,Feyenoord,Vitesse,4.0,0.0,1.4,4.5,8.0,1.55,2.29,,,,,,
2010-08-29,Graafschap,Ajax,0.0,5.0,10.0,5.25,1.29,1.36,2.88,,,,,,
2010-08-29,Twente,Utrecht,4.0,0.0,1.5,4.0,7.0,1.86,1.9,,,,,,
2010-09-11,Ajax,Willem II,2.0,0.0,1.08,11.0,19.0,1.2,4.12,,,,,,
2010-09-11,AZ Alkmaar,Roda,1.0,2.0,1.62,3.75,5.5,1.62,2.17,,,,,,
2010-09-11,Excelsior,Heracles,2.0,1.0,2.88,3.3,2.4,1.63,2.16,,,,,,
2010-09-11,Heerenveen,Vitesse,2.0,1.0,1.44,4.5,6.5,1.93,1.85,,,,,,
2010-09-11,PSV Eindhoven,Nijmegen,3.0,1.0,1.2,6.5,13.0,1.39,2.8,,,,,,
2010-09-11,VVV Venlo,Twente,1.0,2.0,9.0,4.5,1.36,1.73,2.05,,,,,,
2010-09-12,Den Haag,Graafschap,2.0,2.0,1.73,3.75,4.5,1.49,2.49,,,,,,
2010-09-12,Groningen,Utrecht,1.0,0.0,2.1,3.3,3.5,1.84,1.92,,,,,,
2010-09-12,NAC Breda,Feyenoord,2.0,0.0,3.0,3.25,2.38,1.79,1.97,,,,,,
2010-09-17,Graafschap,Heerenveen,3.0,2.0,3.5,3.6,2.0,1.49,2.47,,,,,,
2010-09-18,Groningen,Excelsior,2.0,0.0,1.36,4.75,8.5,1.47,2.53,,,,,,
2010-09-18,Vitesse,NAC Breda,0.0,0.0,2.25,3.4,3.1,1.63,2.16,,,,,,
2010-09-18,Willem II,Den Haag,2.0,4.0,3.0,3.4,2.3,1.59,2.22,,,,,,
2010-09-19,Feyenoord,Ajax,1.0,2.0,4.6,3.6,1.75,1.49,2.47,,,,,,
2010-09-19,Heracles,Twente,0.0,0.0,5.75,4.0,1.57,1.77,1.99,,,,,,
2010-09-19,Nijmegen,AZ Alkmaar,0.0,1.0,3.2,3.4,2.2,1.69,2.08,,,,,,
2010-09-19,Roda,PSV Eindhoven,0.0,0.0,5.75,3.6,1.62,1.53,2.35,,,,,,
2010-09-19,Utrecht,VVV Venlo,3.0,2.0,1.4,4.5,7.5,1.68,2.11,,,,,,
2010-09-25,AZ Alkmaar,Utrecht,1.0,0.0,1.83,3.5,4.33,1.69,2.09,,,,,,
2010-09-25,Den Haag,Heracles,3.0,2.0,2.0,3.5,3.6,1.59,2.24,,,,,,
2010-09-25,Heerenveen,Roda,2.0,2.0,1.75,3.75,4.33,1.48,2.51,,,,,,
2010-09-25,PSV Eindhoven,Groningen,1.0,1.0,1.36,4.2,8.0,1.48,2.5,,,,,,
2010-09-25,Twente,Ajax,2.0,2.0,2.8,3.25,2.5,1.67,2.12,,,,,,
2010-09-26,Excelsior,Vitesse,0.0,2.0,2.5,3.4,2.7,1.58,2.25,,,,,,
2010-09-26,NAC Breda,Willem II,2.0,1.0,1.44,4.33,7.0,1.51,2.42,,,,,,
2010-09-26,Nijmegen,Feyenoord,3.0,0.0,2.8,3.3,2.5,1.71,2.06,,,,,,
2010-09-26,VVV Venlo,Graafschap,1.0,0.0,2.05,3.5,3.4,1.59,2.23,,,,,,
2010-10-01,Vitesse,Willem II,0.0,0.0,1.4,4.5,7.5,1.51,2.42,,,,,,
2010-10-02,Excelsior,Roda,1.0,2.0,3.2,3.4,2.2,1.58,2.26,,,,,,
2010-10-02,NAC Breda,Nijmegen,2.0,0.0,2.05,3.4,3.5,1.72,2.05,,,,,,
2010-10-03,Ajax,Utrecht,1.0,2.0,1.18,6.5,14.0,1.41,2.71,,,,,,
2010-10-03,AZ Alkmaar,Heracles,2.0,1.0,1.4,4.5,7.5,1.56,2.28,,,,,,
2010-10-03,Graafschap,Feyenoord,1.0,1.0,3.1,3.4,2.25,1.58,2.26,,,,,,
2010-10-03,Heerenveen,Den Haag,0.0,0.0,1.6,3.8,5.75,1.39,2.78,,,,,,
2010-10-03,PSV Eindhoven,VVV Venlo,3.0,0.0,1.13,8.5,17.0,1.35,2.96,,,,,,
2010-10-03,Twente,Groningen,4.0,2.0,1.62,3.8,5.5,1.77,1.98,,,,,,
2010-10-16,Ajax,NAC Breda,3.0,0.0,1.2,6.5,13.0,1.34,3.06,,,,,,
2010-10-16,Den Haag,Excelsior,2.0,1.0,1.62,3.8,5.5,1.49,2.47,,,,,,
2010-10-16,Feyenoord,Twente,0.0,1.0,3.5,3.4,2.05,1.78,2.0,,,,,,
2010-10-16,Utrecht,Graafschap,2.0,2.0,1.44,4.33,7.0,1.52,2.4,,,,,,
2010-10-16,VVV Venlo,AZ Alkmaar,0.0,1.0,4.75,3.5,1.75,1.82,1.93,,,,,,
2010-10-17,Groningen,Heerenveen,1.0,0.0,1.91,3.6,3.8,1.51,2.44,,,,,,
2010-10-17,Heracles,Nijmegen,3.0,2.0,2.15,3.4,3.2,1.58,2.25,,,,,,
2010-10-17,Roda,Vitesse,4.0,1.0,1.7,3.6,4.8,1.62,2.18,,,,,,
2010-10-17,Willem II,PSV Eindhoven,2.0,4.0,10.0,6.0,1.25,1.4,2.75,,,,,,
2010-10-22,NAC Breda,Roda,1.0,2.0,2.5,3.25,2.8,1.72,2.07,,,,,,
2010-10-23,Graafschap,Heracles,1.0,1.0,2.0,3.5,3.6,1.56,2.3,,,,,,
2010-10-23,Heerenveen,VVV Venlo,2.0,0.0,1.45,4.33,7.0,1.45,2.59,,,,,,
2010-10-23,Nijmegen,Groningen,3.0,2.0,2.75,3.3,2.5,1.64,2.15,,,,,,
2010-10-24,AZ Alkmaar,Willem II,3.0,0.0,1.2,6.5,13.0,1.4,2.75,,,,,,
2010-10-24,Excelsior,Ajax,2.0,2.0,13.0,6.5,1.2,1.83,1.95,,,,,,
2010-10-24,PSV Eindhoven,Feyenoord,10.0,0.0,1.36,4.5,9.0,1.46,2.55,,,,,,
2010-10-24,Twente,Den Haag,3.0,2.0,1.3,5.0,10.0,1.47,2.53,,,,,,
2010-10-24,Vitesse,Utrecht,1.0,4.0,2.9,3.3,2.38,1.77,1.99,,,,,,
2010-10-26,Heracles,NAC Breda,4.0,1.0,2.0,3.4,3.75,1.69,2.12,,,,,,
2010-10-26,Roda,Nijmegen,1.0,1.0,1.57,3.8,6.0,1.54,2.4,,,,,,
2010-10-27,Ajax,Heerenveen,3.0,1.0,1.25,5.5,11.0,1.8,1.98,,,,,,
2010-10-27,Feyenoord,VVV Venlo,3.0,0.0,1.57,3.75,6.0,1.56,2.31,,,,,,
2010-10-27,Graafschap,AZ Alkmaar,2.0,1.0,4.75,3.5,1.75,1.68,2.11,,,,,,
2010-10-27,Groningen,Den Haag,3.0,1.0,1.55,3.8,6.25,1.5,2.46,,,,,,
2010-10-27,Utrecht,Excelsior,2.0,0.0,1.4,4.6,7.5,1.5,2.47,,,,,,
2010-10-27,Vitesse,PSV Eindhoven,0.0,2.0,9.0,4.75,1.33,1.47,2.57,,,,,,
2010-10-27,Willem II,Twente,1.0,3.0,9.0,5.5,1.29,1.45,2.58,,,,,,
2010-10-30,Excelsior,Heerenveen,0.0,2.0,3.4,3.5,2.05,1.53,2.4,,,,,,
2010-10-30,Heracles,Ajax,1.0,4.0,8.0,4.75,1.36,1.39,2.84,,,,,,
2010-10-30,NAC Breda,Graafschap,2.0,0.0,1.91,3.5,3.9,1.71,2.09,,,,,,
2010-10-30,PSV Eindhoven,Twente,0.0,1.0,1.8,3.5,4.5,1.73,2.06,,,,,,
2010-10-30,VVV Venlo,Groningen,3.0,5.0,3.9,3.5,1.91,1.78,1.99,,,,,,
2010-10-31,AZ Alkmaar,Feyenoord,2.0,1.0,1.65,3.8,5.0,1.7,2.12,,,,,,
2010-10-31,Den Haag,Utrecht,1.0,0.0,2.75,3.3,2.5,1.62,2.19,,,,,,
2010-10-31,Nijmegen,Vitesse,0.0,0.0,1.8,3.5,4.5,1.62,2.2,,,,,,
2010-10-31,Roda,Willem II,2.0,2.0,1.29,5.5,9.0,1.39,2.83,,,,,,
2010-11-05,Willem II,VVV Venlo,1.0,4.0,2.3,3.4,3.0,1.64,2.16,,,,,,
2010-11-06,Graafschap,Nijmegen,1.0,4.0,2.3,3.4,3.0,1.58,2.26,,,,,,
2010-11-06,Groningen,NAC Breda,2.0,1.0,1.5,4.0,7.0,1.52,2.41,,,,,,
2010-11-06,Heerenveen,Heracles,3.0,2.0,1.62,3.8,5.5,1.45,2.6,,,,,,
2010-11-06,Twente,Excelsior,2.0,1.0,1.17,6.5,17.0,1.34,3.08,,,,,,
2010-11-07,Ajax,Den Haag,0.0,1.0,1.17,6.5,12.0,1.25,3.66,,,,,,
2010-11-07,Feyenoord,Roda,1.0,1.0,2.2,3.5,3.1,1.6,2.22,,,,,,
2010-11-07,Utrecht,PSV Eindhoven,1.0,2.0,4.5,3.75,1.75,1.61,2.22,,,,,,
2010-11-07,Vitesse,AZ Alkmaar,1.0,1.0,4.0,3.6,1.85,1.67,2.12,,,,,,
2010-11-13,NAC Breda,Twente,2.0,1.0,6.0,4.0,1.55,1.68,2.09,,,,,,
2010-11-13,PSV Eindhoven,Excelsior,4.0,2.0,1.13,8.0,19.0,1.25,3.68,,,,,,
2010-11-14,AZ Alkmaar,Ajax,2.0,0.0,3.7,3.4,2.0,1.56,2.32,,,,,,
2010-11-14,Feyenoord,Heerenveen,2.0,2.0,2.2,3.4,3.2,1.54,2.35,,,,,,
2010-11-14,Heracles,Groningen,3.0,0.0,2.5,3.4,2.7,1.55,2.34,,,,,,
2010-11-14,Nijmegen,Den Haag,1.0,1.0,2.05,3.4,3.5,1.61,2.21,,,,,,
2010-11-14,VVV Venlo,Vitesse,1.0,5.0,2.25,3.4,3.1,1.65,2.13,,,,,,
2010-11-20,Ajax,PSV Eindhoven,0.0,0.0,2.38,3.4,2.88,1.62,2.2,,,,,,
2010-11-20,Excelsior,VVV Venlo,1.0,0.0,2.0,3.5,3.6,1.62,2.19,,,,,,
2010-11-20,Graafschap,Roda,3.0,1.0,2.9,3.3,2.4,1.6,2.23,,,,,,
2010-11-20,Twente,AZ Alkmaar,1.0,2.0,1.73,3.5,5.0,1.81,1.97,,,,,,
2010-11-20,Vitesse,Heracles,2.0,0.0,2.0,3.5,3.6,1.62,2.19,,,,,,
2010-11-21,Den Haag,NAC Breda,3.0,0.0,1.83,3.6,4.2,1.59,2.23,,,,,,
2010-11-21,Groningen,Feyenoord,2.0,0.0,1.83,3.6,4.2,1.58,2.25,,,,,,
2010-11-21,Heerenveen,Willem II,5.0,0.0,1.3,5.0,10.0,1.36,2.95,,,,,,
2010-11-21,Utrecht,Nijmegen,4.0,0.0,1.75,3.5,4.75,1.75,2.03,,,,,,
2010-11-24,Roda,Utrecht,1.0,1.0,2.25,3.3,3.2,1.73,2.05,,,,,,
2010-11-24,Willem II,Graafschap,0.0,1.0,2.5,3.4,2.7,1.58,2.27,,,,,,
2010-11-26,NAC Breda,PSV Eindhoven,4.0,2.0,6.75,4.0,1.5,1.58,2.26,,,,,,
2010-11-27,AZ Alkmaar,Heerenveen,2.0,2.0,1.62,3.75,5.5,1.57,2.28,,,,,,
2010-11-27,Nijmegen,Twente,2.0,4.0,5.5,3.75,1.62,1.76,2.02,,,,,,
2010-11-27,Roda,Groningen,1.0,0.0,2.35,3.3,3.0,1.64,2.19,,,,,,
2010-11-27,Willem II,Excelsior,1.0,1.0,2.4,3.3,2.88,1.6,2.23,,,,,,
2010-11-28,Feyenoord,Den Haag,2.0,1.0,1.91,3.4,4.0,1.57,2.28,,,,,,
2010-11-28,Graafschap,Vitesse,1.0,1.0,2.25,3.25,3.2,1.65,2.18,,,,,,
2010-11-28,Heracles,Utrecht,2.0,1.0,2.3,3.4,3.0,1.68,2.14,,,,,,
2010-11-28,VVV Venlo,Ajax,0.0,2.0,7.5,4.5,1.4,1.52,2.42,,,,,,
2010-12-03,Groningen,Vitesse,4.0,1.0,1.6,3.8,5.5,1.63,2.2,,,,,,
2010-12-04,Ajax,Nijmegen,1.0,1.0,1.2,6.0,11.0,1.96,1.82,,,,,,
2010-12-04,PSV Eindhoven,Heracles,5.0,2.0,1.17,6.5,12.0,1.35,3.05,,,,,,
2010-12-04,Twente,Graafschap,2.0,0.0,1.25,5.5,9.5,1.42,2.71,,,,,,
2010-12-05,Den Haag,AZ Alkmaar,0.0,2.0,2.8,3.4,2.4,1.68,2.11,,,,,,
2010-12-05,Utrecht,Heerenveen,2.0,1.0,2.0,3.4,3.75,1.59,2.24,,,,,,
2010-12-05,Willem II,Feyenoord,1.0,1.0,4.33,3.6,1.8,1.61,2.22,,,,,,
2010-12-10,Heracles,VVV Venlo,2.0,2.0,1.4,4.33,8.0,1.56,2.31,,,,,,
2010-12-11,Graafschap,PSV Eindhoven,0.0,0.0,8.0,4.75,1.36,1.49,2.5,,,,,,
2010-12-11,NAC Breda,Utrecht,3.0,1.0,2.4,3.4,2.8,1.81,1.96,,,,,,
2010-12-11,Nijmegen,Willem II,3.0,1.0,1.4,4.5,7.5,1.51,2.42,,,,,,
2010-12-11,Roda,Den Haag,1.0,1.0,1.83,3.5,4.33,1.6,2.21,,,,,,
2010-12-12,Feyenoord,Excelsior,1.0,0.0,1.5,4.0,6.5,1.58,2.26,,,,,,
2010-12-12,Groningen,AZ Alkmaar,2.0,0.0,2.2,3.4,3.1,1.79,1.98,,,,,,
2010-12-12,Heerenveen,Twente,6.0,2.0,3.4,3.4,2.1,1.7,2.1,,,,,,
2010-12-12,Vitesse,Ajax,0.0,1.0,6.0,4.0,1.55,1.52,2.39,,,,,,
2010-12-14,VVV Venlo,Roda,0.0,4.0,3.25,3.5,2.1,1.67,2.14,,,,,,
2010-12-15,Excelsior,NAC Breda,1.0,3.0,2.75,3.0,2.5,1.68,2.09,,,,,,
2010-12-18,Den Haag,Willem II,2.0,1.0,1.33,5.0,9.0,1.45,2.59,,,,,,
2010-12-18,Excelsior,Groningen,2.0,2.0,4.2,3.6,1.83,1.67,2.14,,,,,,
2010-12-18,Heerenveen,Graafschap,4.0,0.0,1.36,4.75,8.0,1.41,2.73,,,,,,
2010-12-18,NAC Breda,Vitesse,1.0,1.0,1.83,3.5,4.33,1.66,2.12,,,,,,
2010-12-19,PSV Eindhoven,Roda,3.0,1.0,1.3,5.25,9.5,1.4,2.77,,,,,,
2011-01-19,Ajax,Feyenoord,2.0,0.0,1.25,5.0,11.0,1.4,2.74,,,,,,
2011-01-19,AZ Alkmaar,Nijmegen,2.0,2.0,1.4,4.2,7.0,1.64,2.14,,,,,,
2011-01-19,Twente,Heracles,5.0,0.0,1.29,5.0,8.5,1.44,2.62,,,,,,
2011-01-19,VVV Venlo,Utrecht,1.0,2.0,3.8,3.4,1.85,1.76,2.01,,,,,,
2011-01-21,Den Haag,Heerenveen,3.0,1.0,2.5,3.4,2.7,1.54,2.34,,,,,,
2011-01-22,Feyenoord,Graafschap,0.0,1.0,1.57,4.0,5.5,1.58,2.24,,,,,,
2011-01-22,Heracles,AZ Alkmaar,0.0,0.0,3.25,3.4,2.15,1.62,2.17,,,,,,
2011-01-22,Nijmegen,NAC Breda,2.0,2.0,1.8,3.7,4.2,1.66,2.13,,,,,,
2011-01-22,Willem II,Vitesse,1.0,0.0,3.4,3.4,2.1,1.59,2.21,,,,,,
2011-01-23,Groningen,Twente,1.0,2.0,2.9,3.4,2.35,1.62,2.17,,,,,,
2011-01-23,Roda,Excelsior,3.0,0.0,1.36,4.5,9.0,1.53,2.36,,,,,,
2011-01-23,Utrecht,Ajax,3.0,0.0,4.0,3.4,1.91,1.61,2.19,,,,,,
2011-01-23,VVV Venlo,PSV Eindhoven,0.0,3.0,10.0,5.0,1.3,1.45,2.58,,,,,,
2011-01-28,Nijmegen,Heracles,1.0,1.0,1.8,3.75,4.33,1.54,2.34,,,,,,
2011-01-29,AZ Alkmaar,VVV Venlo,6.0,1.0,1.22,6.0,13.0,1.43,2.66,,,,,,
2011-01-29,PSV Eindhoven,Willem II,2.0,1.0,1.09,10.0,23.0,1.23,3.79,,,,,,
2011-01-29,Vitesse,Roda,5.0,2.0,3.1,3.3,2.3,1.75,2.0,,,,,,
2011-01-30,Excelsior,Den Haag,1.0,5.0,3.0,3.4,2.3,1.64,2.16,,,,,,
2011-01-30,Heerenveen,Groningen,1.0,4.0,1.91,3.6,3.75,1.52,2.37,,,,,,
2011-01-30,NAC Breda,Ajax,0.0,3.0,5.25,4.0,1.6,1.54,2.33,,,,,,
2011-01-30,Twente,Feyenoord,2.0,1.0,1.29,5.0,8.5,1.5,2.44,,,,,,
2011-02-01,Graafschap,Utrecht,0.0,0.0,3.25,3.3,2.2,1.76,1.99,,,,,,
2011-02-04,Ajax,Graafschap,2.0,0.0,1.14,7.5,17.0,1.34,3.04,,,,,,
2011-02-05,Excelsior,AZ Alkmaar,2.0,1.0,6.0,4.0,1.53,1.58,2.25,,,,,,
2011-02-05,Heerenveen,Nijmegen,0.0,0.0,1.57,4.0,5.5,1.46,2.56,,,,,,
2011-02-05,PSV Eindhoven,Den Haag,0.0,1.0,1.25,5.5,11.0,1.39,2.81,,,,,,
2011-02-05,VVV Venlo,NAC Breda,3.0,0.0,2.65,3.5,2.5,1.59,2.23,,,,,,
2011-02-06,Groningen,Willem II,7.0,1.0,1.22,5.75,13.0,2.02,1.76,,,,,,
2011-02-06,Heracles,Roda,1.0,0.0,2.2,3.4,3.2,1.55,2.3,,,,,,
2011-02-06,Utrecht,Twente,1.0,1.0,3.1,3.4,2.25,1.76,2.01,,,,,,
2011-02-06,Vitesse,Feyenoord,1.0,1.0,2.3,3.4,3.0,1.67,2.12,,,,,,
2011-02-12,AZ Alkmaar,PSV Eindhoven,0.0,4.0,2.9,3.3,2.4,1.81,1.96,,,,,,
2011-02-12,Den Haag,VVV Venlo,3.0,0.0,1.36,4.2,8.0,1.45,2.58,,,,,,
2011-02-12,Feyenoord,Heracles,2.0,1.0,1.67,3.75,5.0,1.69,2.1,,,,,,
2011-02-12,Twente,Vitesse,1.0,0.0,1.25,5.5,11.0,1.48,2.5,,,,,,
2011-02-12,Willem II,Utrecht,3.0,3.0,5.5,3.75,1.62,1.7,2.09,,,,,,
2011-02-13,Graafschap,Groningen,1.0,1.0,3.3,3.5,2.1,1.7,2.08,,,,,,
2011-02-13,NAC Breda,Heerenveen,0.0,2.0,2.8,3.25,2.5,1.57,2.27,,,,,,
2011-02-13,Nijmegen,Excelsior,2.0,0.0,1.44,4.33,7.0,1.52,2.4,,,,,,
2011-02-13,Roda,Ajax,2.0,2.0,4.75,3.6,1.73,1.61,2.21,,,,,,
2011-02-18,Utrecht,Heracles,1.0,1.0,1.57,3.8,6.0,1.66,2.16,,,,,,
2011-02-19,Excelsior,Willem II,4.0,0.0,1.73,3.75,4.5,1.65,2.14,,,,,,
2011-02-19,Groningen,Roda,1.0,4.0,1.67,3.75,5.0,1.57,2.25,,,,,,
2011-02-19,Heerenveen,AZ Alkmaar,0.0,2.0,2.35,3.4,2.9,1.69,2.11,,,,,,
2011-02-20,Ajax,VVV Venlo,1.0,0.0,1.13,8.0,17.0,1.27,3.56,,,,,,
2011-02-20,Den Haag,Feyenoord,2.0,2.0,2.0,3.5,3.6,1.67,2.14,,,,,,
2011-02-20,PSV Eindhoven,NAC Breda,4.0,1.0,1.17,7.0,14.0,1.3,3.24,,,,,,
2011-02-20,Twente,Nijmegen,1.0,1.0,1.33,5.0,8.5,1.54,2.3,,,,,,
2011-02-20,Vitesse,Graafschap,2.0,0.0,1.73,3.75,4.5,1.85,1.92,,,,,,
2011-02-25,VVV Venlo,Excelsior,1.0,0.0,2.25,3.5,3.0,1.76,2.03,,,,,,
2011-02-26,Heracles,Vitesse,6.0,1.0,1.75,3.5,4.75,1.73,2.05,,,,,,
2011-02-26,NAC Breda,Den Haag,3.0,2.0,2.75,3.3,2.5,1.74,2.04,,,,,,
2011-02-26,Roda,Graafschap,1.0,1.0,1.53,4.0,6.0,1.69,2.11,,,,,,
2011-02-26,Willem II,Heerenveen,4.0,3.0,5.0,3.75,1.67,1.52,2.38,,,,,,
2011-02-27,AZ Alkmaar,Twente,2.0,1.0,2.5,3.25,2.8,1.94,1.84,,,,,,
2011-02-27,Feyenoord,Groningen,5.0,1.0,2.15,3.4,3.25,1.73,2.07,,,,,,
2011-02-27,Nijmegen,Utrecht,1.0,1.0,2.5,3.25,2.8,1.9,1.87,,,,,,
2011-02-27,PSV Eindhoven,Ajax,0.0,0.0,1.91,3.4,4.0,1.69,2.11,,,,,,
2011-03-04,Graafschap,Willem II,2.0,1.0,1.5,4.33,6.0,1.65,2.17,,,,,,
2011-03-05,Den Haag,Nijmegen,5.0,1.0,1.7,3.8,4.75,1.66,2.15,,,,,,
2011-03-05,Excelsior,PSV Eindhoven,2.0,3.0,11.0,5.0,1.29,1.53,2.37,,,,,,
2011-03-05,Twente,NAC Breda,2.0,0.0,1.29,5.0,11.0,1.54,2.34,,,,,,
2011-03-05,Vitesse,VVV Venlo,2.0,0.0,1.57,4.0,5.5,1.68,2.12,,,,,,
2011-03-06,Ajax,AZ Alkmaar,4.0,0.0,1.62,4.0,5.0,1.78,1.98,,,,,,
2011-03-06,Groningen,Heracles,1.0,4.0,1.6,4.0,5.25,1.56,2.29,,,,,,
2011-03-06,Heerenveen,Feyenoord,0.0,1.0,1.91,3.6,3.75,1.56,2.29,,,,,,
2011-03-06,Utrecht,Roda,1.0,1.0,1.8,3.6,4.33,1.74,2.03,,,,,,
2011-03-11,Utrecht,Groningen,1.0,0.0,1.67,3.9,4.75,1.66,2.15,,,,,,
2011-03-12,Heracles,Excelsior,4.0,1.0,1.36,4.75,8.5,1.54,2.32,,,,,,
2011-03-12,Roda,AZ Alkmaar,1.0,2.0,2.7,3.2,2.63,1.91,1.83,,,,,,
2011-03-12,Vitesse,Heerenveen,1.0,1.0,2.5,3.25,2.8,1.66,2.08,,,,,,
2011-03-13,Feyenoord,NAC Breda,2.0,1.0,1.44,4.33,7.0,1.59,2.21,,,,,,
2011-03-13,Graafschap,Den Haag,1.0,0.0,3.0,3.4,2.3,1.77,2.01,,,,,,
2011-03-13,Nijmegen,PSV Eindhoven,2.0,2.0,5.25,4.0,1.6,1.63,2.15,,,,,,
2011-03-13,Twente,VVV Venlo,2.0,1.0,1.13,7.0,17.0,1.39,2.68,,,,,,
2011-03-13,Willem II,Ajax,1.0,3.0,10.0,5.0,1.25,1.4,2.71,,,,,,
2011-03-18,AZ Alkmaar,Vitesse,3.0,1.0,1.36,4.33,7.5,1.59,2.24,,,,,,
2011-03-19,Heracles,Heerenveen,4.0,2.0,1.95,3.4,3.5,1.55,2.33,,,,,,
2011-03-19,NAC Breda,Groningen,0.0,1.0,2.3,3.2,2.88,1.57,2.26,,,,,,
2011-03-19,Nijmegen,Graafschap,1.0,0.0,1.67,3.5,4.75,1.76,2.01,,,,,,
2011-03-19,VVV Venlo,Willem II,0.0,0.0,1.7,3.6,4.33,1.61,2.2,,,,,,
2011-03-20,Den Haag,Ajax,3.0,2.0,4.0,3.5,1.8,1.56,2.28,,,,,,
2011-03-20,Excelsior,Twente,0.0,2.0,6.0,3.8,1.5,1.6,2.21,,,,,,
2011-03-20,PSV Eindhoven,Utrecht,1.0,0.0,1.4,4.2,7.0,1.62,2.18,,,,,,
2011-03-20,Roda,Feyenoord,3.0,0.0,2.2,3.25,3.0,1.67,2.15,,,,,,
2011-04-02,Feyenoord,AZ Alkmaar,0.0,1.0,2.75,3.3,2.5,1.79,1.98,,,,,,
2011-04-02,Graafschap,NAC Breda,1.0,3.0,1.95,3.5,3.75,1.77,2.0,,,,,,
2011-04-02,Heerenveen,Excelsior,2.0,3.0,1.33,4.75,10.0,1.47,2.55,,,,,,
2011-04-02,Twente,PSV Eindhoven,2.0,0.0,2.3,3.25,3.1,1.94,1.83,,,,,,
2011-04-02,Willem II,Roda,4.0,5.0,4.5,3.75,1.75,1.57,2.27,,,,,,
2011-04-03,Ajax,Heracles,3.0,0.0,1.29,5.5,9.5,1.46,2.56,,,,,,
2011-04-03,Groningen,VVV Venlo,3.0,2.0,1.3,5.5,9.0,1.47,2.53,,,,,,
2011-04-03,Utrecht,Den Haag,2.0,3.0,1.91,3.4,4.0,1.75,2.03,,,,,,
2011-04-03,Vitesse,Nijmegen,2.0,1.0,2.1,3.4,3.4,1.78,1.99,,,,,,
2011-04-08,AZ Alkmaar,NAC Breda,1.0,1.0,1.33,5.0,9.0,1.56,2.3,,,,,,
2011-04-09,Den Haag,Vitesse,1.0,0.0,1.57,4.0,5.5,1.57,2.26,,,,,,
2011-04-09,Excelsior,Graafschap,0.0,0.0,2.1,3.4,3.4,1.72,2.01,,,,,,
2011-04-09,VVV Venlo,Nijmegen,1.0,4.0,2.9,3.3,2.4,1.71,2.04,,,,,,
2011-04-09,Willem II,Heracles,2.0,6.0,3.75,3.6,1.91,1.46,2.57,,,,,,
2011-04-10,Ajax,Groningen,2.0,0.0,1.36,4.75,8.0,1.48,2.5,,,,,,
2011-04-10,PSV Eindhoven,Heerenveen,2.0,2.0,1.3,5.25,10.0,1.49,2.48,,,,,,
2011-04-10,Twente,Roda,1.0,1.0,1.36,4.75,8.0,1.59,2.22,,,,,,
2011-04-10,Utrecht,Feyenoord,0.0,4.0,1.8,3.5,4.5,1.68,2.08,,,,,,
2011-04-15,Heerenveen,Utrecht,3.0,0.0,2.1,3.4,3.4,1.6,2.22,,,,,,
2011-04-16,AZ Alkmaar,Den Haag,3.0,1.0,1.73,3.8,4.5,1.6,2.2,,,,,,
2011-04-16,NAC Breda,Excelsior,1.0,2.0,1.57,4.0,5.5,1.58,2.23,,,,,,
2011-04-16,Roda,VVV Venlo,5.0,2.0,1.3,5.0,10.0,1.49,2.4,,,,,,
2011-04-16,Vitesse,Groningen,2.0,1.0,2.4,3.3,2.88,1.6,2.19,,,,,,
2011-04-17,Feyenoord,Willem II,6.0,1.0,1.2,6.5,13.0,1.34,2.98,,,,,,
2011-04-17,Graafschap,Twente,1.0,1.0,6.5,4.5,1.45,1.58,2.22,,,,,,
2011-04-17,Heracles,PSV Eindhoven,0.0,2.0,4.5,3.6,1.75,1.52,2.36,,,,,,
2011-04-17,Nijmegen,Ajax,1.0,2.0,6.0,4.0,1.53,1.54,2.31,,,,,,
2011-04-22,Den Haag,Twente,1.0,2.0,3.4,3.5,2.05,1.65,2.13,,,,,,
2011-04-23,Heracles,Graafschap,2.0,0.0,1.5,4.0,6.5,1.56,2.25,,,,,,
2011-04-23,Roda,NAC Breda,5.0,1.0,1.44,4.33,7.0,1.49,2.42,,,,,,
2011-04-23,VVV Venlo,Heerenveen,2.0,2.0,4.2,3.75,1.8,1.44,2.57,,,,,,
2011-04-23,Willem II,AZ Alkmaar,2.0,1.0,9.5,5.5,1.29,1.38,2.77,,,,,,
2011-04-24,Ajax,Excelsior,4.0,1.0,1.14,7.5,17.0,1.31,3.16,,,,,,
2011-04-24,Feyenoord,PSV Eindhoven,3.0,1.0,3.4,3.5,2.05,1.64,2.16,,,,,,
2011-04-24,Groningen,Nijmegen,3.0,1.0,1.83,3.5,4.2,1.56,2.27,,,,,,
2011-04-24,Utrecht,Vitesse,4.0,2.0,1.62,4.0,5.25,1.59,2.21,,,,,,
2011-05-01,AZ Alkmaar,Graafschap,5.0,1.0,1.29,5.5,9.0,1.49,2.46,,,,,,
2011-05-01,Den Haag,Groningen,2.0,4.0,1.91,3.6,3.75,1.45,2.54,,,,,,
2011-05-01,Excelsior,Utrecht,3.0,1.0,3.5,3.6,2.0,1.54,2.31,,,,,,
2011-05-01,Heerenveen,Ajax,1.0,2.0,6.0,4.0,1.53,1.4,2.73,,,,,,
2011-05-01,NAC Breda,Heracles,1.0,2.0,3.2,3.0,2.38,1.47,2.51,,,,,,
2011-05-01,Nijmegen,Roda,5.0,0.0,2.8,3.4,2.4,1.47,2.49,,,,,,
2011-05-01,PSV Eindhoven,Vitesse,2.0,1.0,1.18,7.0,13.0,1.38,2.83,,,,,,
2011-05-01,Twente,Willem II,4.0,0.0,1.1,9.0,19.0,1.26,3.49,,,,,,
2011-05-01,VVV Venlo,Feyenoord,3.0,2.0,4.75,4.0,1.67,1.46,2.53,,,,,,
2011-05-15,Ajax,Twente,3.0,1.0,1.85,3.7,3.9,1.67,2.08,,,,,,
2011-05-15,Feyenoord,Nijmegen,1.0,1.0,1.65,3.6,5.0,1.45,2.59,,,,,,
2011-05-15,Graafschap,VVV Venlo,1.0,0.0,1.33,4.5,8.5,1.42,2.68,,,,,,
2011-05-15,Groningen,PSV Eindhoven,0.0,0.0,4.33,3.6,1.7,1.49,2.46,,,,,,
2011-05-15,Heracles,Den Haag,3.0,0.0,1.73,3.5,4.33,1.43,2.64,,,,,,
2011-05-15,Roda,Heerenveen,0.0,0.0,1.8,3.5,4.0,1.41,2.73,,,,,,
2011-05-15,Utrecht,AZ Alkmaar,5.0,1.0,2.4,3.4,2.6,1.55,2.29,,,,,,
2011-05-15,Vitesse,Excelsior,1.0,4.0,1.91,3.4,3.8,1.48,2.48,,,,,,
2011-05-15,Willem II,NAC Breda,0.0,1.0,3.25,3.4,2.05,1.41,2.68,,,,,,
2011-08-05,Excelsior,Feyenoord,0.0,2.0,3.4,3.4,2.1,1.73,2.07,,,,,,
2011-08-06,Heerenveen,Nijmegen,2.0,2.0,1.73,3.75,4.5,1.57,2.24,,,,,,
2011-08-06,Roda,Groningen,2.0,1.0,2.2,3.5,3.1,1.57,2.24,,,,,,
2011-08-06,VVV Venlo,Utrecht,0.0,0.0,2.88,3.4,2.38,1.74,2.04,,,,,,
2011-08-06,Waalwijk,Heracles,2.0,2.0,3.2,3.4,2.2,1.68,2.12,,,,,,
2011-08-07,AZ Alkmaar,PSV Eindhoven,3.0,1.0,2.75,3.3,2.5,1.74,2.05,,,,,,
2011-08-07,Den Haag,Vitesse,0.0,0.0,2.0,3.6,3.5,1.54,2.31,,,,,,
2011-08-07,Graafschap,Ajax,1.0,4.0,10.0,5.5,1.29,1.53,2.32,,,,,,
2011-08-07,NAC Breda,Twente,0.0,1.0,5.0,3.8,1.67,1.76,2.01,,,,,,
2011-08-13,Feyenoord,Roda,3.0,0.0,1.75,3.75,4.33,1.6,2.18,,,,,,
2011-08-13,PSV Eindhoven,Waalwijk,1.0,0.0,1.17,7.0,15.0,1.28,3.28,,,,,,
2011-08-13,Twente,AZ Alkmaar,2.0,0.0,1.75,3.6,4.75,1.79,1.97,,,,,,
2011-08-13,Vitesse,VVV Venlo,4.0,0.0,1.53,4.0,6.0,1.67,2.06,,,,,,
2011-08-14,Ajax,Heerenveen,5.0,1.0,1.22,6.0,13.0,1.31,3.12,,,,,,
2011-08-14,Groningen,Den Haag,4.0,2.0,1.67,3.75,5.0,1.48,2.44,,,,,,
2011-08-14,Heracles,NAC Breda,2.0,1.0,1.67,4.0,4.75,1.5,2.38,,,,,,
2011-08-14,Utrecht,Graafschap,2.0,2.0,1.5,4.2,6.5,1.68,2.1,,,,,,
2011-08-15,Nijmegen,Excelsior,2.0,0.0,1.44,4.33,7.0,1.53,2.31,,,,,,
2011-08-19,Roda,Waalwijk,0.0,2.0,1.5,4.0,7.0,1.5,2.41,,,,,,
2011-08-20,Excelsior,Graafschap,1.0,1.0,2.3,3.4,3.0,1.63,2.1,,,,,,
2011-08-20,Heerenveen,Twente,1.0,5.0,3.2,3.4,2.2,1.61,2.14,,,,,,
2011-08-20,NAC Breda,Groningen,2.0,2.0,3.0,3.5,2.25,1.59,2.18,,,,,,
2011-08-20,Vitesse,Utrecht,2.0,1.0,1.8,3.6,4.33,1.63,2.11,,,,,,
2011-08-21,AZ Alkmaar,Nijmegen,4.0,0.0,1.44,4.33,7.0,1.51,2.32,,,,,,
2011-08-21,Den Haag,PSV Eindhoven,0.0,3.0,4.75,4.0,1.67,1.44,2.54,,,,,,
2011-08-21,Heracles,Feyenoord,1.0,1.0,2.0,3.6,3.5,1.55,2.28,,,,,,
2011-08-21,VVV Venlo,Ajax,2.0,2.0,12.0,5.5,1.25,1.38,2.76,,,,,,
2011-08-26,Ajax,Vitesse,4.0,1.0,1.2,6.5,13.0,1.3,3.25,,,,,,
2011-08-27,Nijmegen,Heracles,2.0,1.0,2.1,3.5,3.3,1.61,2.16,,,,,,
2011-08-27,Twente,VVV Venlo,4.0,1.0,1.17,6.5,17.0,1.39,2.75,,,,,,
2011-08-27,Utrecht,Roda,3.0,1.0,1.83,3.75,4.0,1.58,2.22,,,,,,
2011-08-27,Waalwijk,NAC Breda,2.0,1.0,2.0,3.6,3.5,1.57,2.23,,,,,,
2011-08-28,Feyenoord,Heerenveen,2.0,2.0,1.6,4.2,5.0,1.49,2.43,,,,,,
2011-08-28,Graafschap,Den Haag,0.0,3.0,2.1,3.5,3.3,1.64,2.11,,,,,,
2011-08-28,Groningen,AZ Alkmaar,0.0,3.0,2.38,3.5,2.8,1.65,2.15,,,,,,
2011-08-28,PSV Eindhoven,Excelsior,6.0,1.0,1.14,7.0,19.0,1.31,3.15,,,,,,
2011-09-10,AZ Alkmaar,Vitesse,4.0,0.0,1.44,4.2,7.5,1.52,2.39,,,,,,
2011-09-10,Den Haag,Waalwijk,0.0,1.0,1.73,3.8,4.5,1.59,2.23,,,,,,
2011-09-10,Graafschap,Nijmegen,1.0,0.0,2.6,3.4,2.6,1.62,2.18,,,,,,
2011-09-10,Heracles,Ajax,2.0,3.0,6.0,3.8,1.57,1.43,2.64,,,,,,
2011-09-10,Roda,Twente,2.0,1.0,5.5,4.0,1.57,1.61,2.18,,,,,,
2011-09-11,Excelsior,Utrecht,2.0,3.0,3.75,3.6,1.91,1.61,2.19,,,,,,
2011-09-11,Heerenveen,Groningen,3.0,0.0,2.1,3.8,3.1,1.39,2.78,,,,,,
2011-09-11,NAC Breda,Feyenoord,1.0,3.0,2.88,3.4,2.38,1.63,2.16,,,,,,
2011-09-11,VVV Venlo,PSV Eindhoven,3.0,3.0,12.0,6.0,1.22,1.37,2.9,,,,,,
2011-09-16,Nijmegen,NAC Breda,1.0,2.0,1.57,4.0,5.5,1.65,2.16,,,,,,
2011-09-17,Feyenoord,Graafschap,4.0,0.0,1.3,5.0,10.0,1.44,2.55,,,,,,
2011-09-17,Groningen,Excelsior,2.0,0.0,1.25,5.5,12.0,1.41,2.66,,,,,,
2011-09-17,Vitesse,Roda,5.0,0.0,1.91,3.6,3.75,1.53,2.31,,,,,,
2011-09-17,VVV Venlo,Heerenveen,0.0,3.0,3.5,3.6,2.0,1.39,2.74,,,,,,
2011-09-18,PSV Eindhoven,Ajax,2.0,2.0,2.2,3.5,3.1,1.61,2.15,,,,,,
2011-09-18,Twente,Den Haag,5.0,2.0,1.29,5.5,10.0,1.43,2.59,,,,,,
2011-09-18,Utrecht,Heracles,2.0,2.0,1.91,3.6,3.75,1.49,2.43,,,,,,
2011-09-18,Waalwijk,AZ Alkmaar,1.0,2.0,4.5,3.8,1.73,1.54,2.3,,,,,,
2011-09-24,Ajax,Twente,1.0,1.0,1.7,3.75,4.75,1.56,2.3,,,,,,
2011-09-24,Den Haag,VVV Venlo,2.0,0.0,1.5,4.2,6.5,1.45,2.6,,,,,,
2011-09-24,Heerenveen,Heracles,1.0,1.0,1.73,3.75,4.5,1.39,2.82,,,,,,
2011-09-24,NAC Breda,Utrecht,1.0,0.0,2.5,3.2,2.88,1.61,2.2,,,,,,
2011-09-24,PSV Eindhoven,Roda,7.0,1.0,1.17,7.0,15.0,1.3,3.27,,,,,,
2011-09-25,AZ Alkmaar,Feyenoord,2.0,1.0,1.67,3.8,5.0,1.54,2.35,,,,,,
2011-09-25,Excelsior,Vitesse,0.0,2.0,4.75,3.5,1.75,1.5,2.46,,,,,,
2011-09-25,Graafschap,Groningen,2.0,3.0,3.2,3.4,2.2,1.57,2.29,,,,,,
2011-09-25,Waalwijk,Nijmegen,2.0,0.0,1.95,3.5,3.75,1.62,2.19,,,,,,
2011-09-30,Heracles,Graafschap,2.0,0.0,1.4,4.5,8.0,1.54,2.35,,,,,,
2011-10-01,Roda,NAC Breda,4.0,3.0,1.91,3.6,3.8,1.57,2.29,,,,,,
2011-10-01,Utrecht,Waalwijk,3.0,0.0,2.0,3.5,3.6,1.65,2.14,,,,,,
2011-10-01,Vitesse,Heerenveen,1.0,1.0,2.0,3.6,3.5,1.49,2.48,,,,,,
2011-10-02,Feyenoord,Den Haag,0.0,3.0,1.36,4.75,8.5,1.47,2.56,,,,,,
2011-10-02,Groningen,Ajax,1.0,0.0,4.5,3.75,1.75,1.48,2.51,,,,,,
2011-10-02,Nijmegen,PSV Eindhoven,0.0,2.0,8.0,4.5,1.4,1.53,2.39,,,,,,
2011-10-02,Twente,Excelsior,2.0,2.0,1.13,8.0,21.0,1.26,3.57,,,,,,
2011-10-02,VVV Venlo,AZ Alkmaar,1.0,3.0,7.5,4.6,1.4,1.51,2.44,,,,,,
2011-10-15,Ajax,AZ Alkmaar,2.0,2.0,1.67,3.75,5.0,1.5,2.44,,,,,,
2011-10-15,Heerenveen,Graafschap,1.0,1.0,1.33,5.0,9.0,1.34,3.01,,,,,,
2011-10-15,Heracles,Groningen,2.0,1.0,2.0,3.5,3.6,1.5,2.47,,,,,,
2011-10-15,PSV Eindhoven,Utrecht,1.0,0.0,1.2,6.5,13.0,1.29,3.39,,,,,,
2011-10-15,Waalwijk,Twente,0.0,4.0,5.25,4.0,1.62,1.53,2.39,,,,,,
2011-10-16,Feyenoord,VVV Venlo,4.0,0.0,1.17,7.0,16.0,1.29,3.37,,,,,,
2011-10-16,NAC Breda,Excelsior,2.0,0.0,1.4,4.5,7.5,1.37,2.9,,,,,,
2011-10-16,Nijmegen,Vitesse,0.0,1.0,2.5,3.4,2.7,1.62,2.18,,,,,,
2011-10-16,Roda,Den Haag,4.0,1.0,2.2,3.4,3.2,1.39,2.78,,,,,,
2011-10-21,Graafschap,NAC Breda,3.0,1.0,2.38,3.4,2.88,1.66,2.15,,,,,,
2011-10-22,Den Haag,Nijmegen,1.0,0.0,1.73,3.9,4.33,1.59,2.23,,,,,,
2011-10-22,Excelsior,Heracles,0.0,2.0,5.75,3.9,1.57,1.52,2.41,,,,,,
2011-10-22,Utrecht,Heerenveen,1.0,4.0,2.1,3.4,3.4,1.51,2.42,,,,,,
2011-10-22,VVV Venlo,Waalwijk,4.0,1.0,3.4,3.4,2.1,1.61,2.18,,,,,,
2011-10-23,Ajax,Feyenoord,1.0,1.0,1.36,4.75,8.5,1.46,2.56,,,,,,
2011-10-23,AZ Alkmaar,Roda,1.0,0.0,1.22,6.0,13.0,1.34,3.01,,,,,,
2011-10-23,Groningen,Twente,1.0,1.0,4.0,3.5,1.91,1.54,2.36,,,,,,
2011-10-23,Vitesse,PSV Eindhoven,1.0,1.0,6.5,3.8,1.53,1.53,2.38,,,,,,
2011-10-28,NAC Breda,VVV Venlo,3.0,1.0,1.5,4.33,6.0,1.48,2.53,,,,,,
2011-10-29,Excelsior,Waalwijk,1.0,0.0,4.2,3.75,1.8,1.67,2.12,,,,,,
2011-10-29,Heerenveen,Den Haag,4.0,0.0,1.57,4.0,5.5,1.45,2.58,,,,,,
2011-10-29,Roda,Ajax,0.0,4.0,5.25,4.2,1.57,1.42,2.67,,,,,,
2011-10-29,Twente,PSV Eindhoven,2.0,2.0,2.4,3.4,2.8,1.7,2.09,,,,,,
2011-10-30,Graafschap,Vitesse,0.0,1.0,3.5,3.6,2.0,1.65,2.15,,,,,,
2011-10-30,Groningen,Feyenoord,6.0,0.0,2.4,3.5,2.75,1.54,2.35,,,,,,
2011-10-30,Heracles,AZ Alkmaar,0.0,1.0,3.3,3.5,2.1,1.56,2.31,,,,,,
2011-10-30,Nijmegen,Utrecht,3.0,1.0,2.25,3.4,3.1,1.77,2.0,,,,,,
2011-11-04,VVV Venlo,Excelsior,0.0,0.0,1.57,4.0,5.5,1.61,2.21,,,,,,
2011-11-05,Feyenoord,Nijmegen,0.0,1.0,1.44,4.5,6.5,1.51,2.39,,,,,,
2011-11-05,NAC Breda,Vitesse,1.0,0.0,2.7,3.4,2.5,1.69,2.1,,,,,,
2011-11-05,Roda,Heerenveen,1.0,2.0,2.63,3.5,2.5,1.43,2.64,,,,,,
2011-11-05,Waalwijk,Groningen,1.0,1.0,3.1,3.4,2.25,1.58,2.24,,,,,,
2011-11-06,AZ Alkmaar,Den Haag,3.0,0.0,1.29,5.5,9.5,1.38,2.8,,,,,,
2011-11-06,PSV Eindhoven,Heracles,4.0,1.0,1.25,5.5,12.0,1.36,2.89,,,,,,
2011-11-06,Twente,Graafschap,4.0,0.0,1.14,7.5,17.0,1.34,2.97,,,,,,
2011-11-06,Utrecht,Ajax,6.0,4.0,5.75,3.75,1.6,1.46,2.52,,,,,,
2011-11-19,Ajax,NAC Breda,2.0,2.0,1.2,6.0,15.0,1.3,3.24,,,,,,
2011-11-19,Graafschap,PSV Eindhoven,1.0,3.0,10.0,5.0,1.3,1.4,2.71,,,,,,
2011-11-19,Heerenveen,Waalwijk,1.0,1.0,1.4,4.5,7.5,1.48,2.48,,,,,,
2011-11-19,Heracles,Twente,1.0,1.0,4.2,3.6,1.83,1.66,2.16,,,,,,
2011-11-19,Nijmegen,Roda,1.0,2.0,1.7,3.6,5.0,1.58,2.24,,,,,,
2011-11-20,Den Haag,Utrecht,2.0,2.0,2.1,3.4,3.4,1.68,2.12,,,,,,
2011-11-20,Groningen,VVV Venlo,2.0,1.0,1.14,7.5,17.0,1.3,3.17,,,,,,
2011-11-20,Vitesse,Feyenoord,0.0,4.0,2.1,3.5,3.3,1.67,2.14,,,,,,
2011-11-25,AZ Alkmaar,Utrecht,2.0,0.0,1.29,5.5,10.0,1.45,2.6,,,,,,
2011-11-26,NAC Breda,Heerenveen,2.0,2.0,2.7,3.4,2.5,1.54,2.33,,,,,,
2011-11-26,PSV Eindhoven,Groningen,6.0,1.0,1.3,5.5,8.5,1.4,2.73,,,,,,
2011-11-26,Roda,Heracles,3.0,1.0,2.3,3.4,3.0,1.46,2.54,,,,,,
2011-11-26,VVV Venlo,Graafschap,1.0,2.0,2.15,3.4,3.3,1.61,2.18,,,,,,
2011-11-27,Excelsior,Den Haag,1.0,1.0,3.3,3.5,2.1,1.56,2.28,,,,,,
2011-11-27,Nijmegen,Ajax,0.0,3.0,6.0,3.8,1.57,1.5,2.45,,,,,,
2011-11-27,Twente,Vitesse,0.0,0.0,1.2,6.5,13.0,1.42,2.65,,,,,,
2011-11-27,Waalwijk,Feyenoord,1.0,2.0,3.4,3.4,2.1,1.62,2.16,,,,,,
2011-12-02,Heracles,VVV Venlo,7.0,0.0,1.25,5.5,12.0,1.46,2.58,,,,,,
2011-12-03,Ajax,Excelsior,4.0,1.0,1.08,9.0,29.0,1.25,3.66,,,,,,
2011-12-03,Den Haag,NAC Breda,3.0,0.0,2.2,3.6,3.0,1.57,2.3,,,,,,
2011-12-03,Graafschap,Roda,1.0,2.0,2.7,3.4,2.5,1.55,2.32,,,,,,
2011-12-03,Groningen,Nijmegen,3.0,3.0,1.57,3.75,6.0,1.6,2.23,,,,,,
2011-12-04,Feyenoord,PSV Eindhoven,2.0,0.0,3.5,3.6,2.0,1.54,2.36,,,,,,
2011-12-04,Heerenveen,AZ Alkmaar,5.0,1.0,3.1,3.4,2.25,1.6,2.23,,,,,,
2011-12-04,Utrecht,Twente,2.0,6.0,4.5,3.75,1.73,1.62,2.19,,,,,,
2011-12-04,Vitesse,Waalwijk,4.0,0.0,1.62,3.75,5.5,1.76,2.01,,,,,,
2011-12-07,Excelsior,AZ Alkmaar,0.0,0.0,11.0,5.0,1.29,1.53,2.34,,,,,,
2011-12-09,Den Haag,Heracles,2.0,0.0,2.63,3.5,2.5,1.58,2.28,,,,,,
2011-12-10,AZ Alkmaar,Graafschap,4.0,0.0,1.13,7.5,23.0,1.31,3.16,,,,,,
2011-12-10,Excelsior,Heerenveen,0.0,5.0,6.0,4.33,1.5,1.51,2.41,,,,,,
2011-12-10,PSV Eindhoven,NAC Breda,1.0,0.0,1.14,7.0,21.0,1.29,3.26,,,,,,
2011-12-10,Twente,Nijmegen,2.0,0.0,1.17,6.5,19.0,1.39,2.74,,,,,,
2011-12-11,Utrecht,Feyenoord,2.0,2.0,3.1,3.5,2.2,1.48,2.48,,,,,,
2011-12-11,Vitesse,Groningen,0.0,0.0,2.1,3.4,3.4,1.57,2.27,,,,,,
2011-12-11,VVV Venlo,Roda,2.0,0.0,4.0,3.75,1.83,1.46,2.54,,,,,,
2011-12-11,Waalwijk,Ajax,0.0,1.0,8.0,4.5,1.4,1.44,2.61,,,,,,
2011-12-16,Graafschap,Waalwijk,1.0,3.0,2.5,3.4,2.7,1.82,1.96,,,,,,
2011-12-17,Groningen,Utrecht,1.0,0.0,1.57,3.8,6.0,1.41,2.67,,,,,,
2011-12-17,Heracles,Vitesse,0.0,1.0,1.83,3.5,4.2,1.78,2.01,,,,,,
2011-12-17,Nijmegen,VVV Venlo,2.0,0.0,1.44,4.2,7.5,1.52,2.36,,,,,,
2011-12-17,Roda,Excelsior,7.0,0.0,1.25,5.5,12.0,1.38,2.81,,,,,,
2011-12-18,Ajax,Den Haag,4.0,0.0,1.17,7.0,15.0,1.27,3.36,,,,,,
2011-12-18,Feyenoord,Twente,3.0,2.0,2.8,3.4,2.4,1.6,2.21,,,,,,
2011-12-18,Heerenveen,PSV Eindhoven,1.0,5.0,3.6,3.75,1.91,1.39,2.75,,,,,,
2011-12-18,NAC Breda,AZ Alkmaar,2.0,1.0,4.2,4.0,1.73,1.61,2.18,,,,,,
2012-01-20,Den Haag,Roda,3.0,3.0,1.91,3.6,3.75,1.49,2.47,,,,,,
2012-01-21,Excelsior,NAC Breda,3.0,0.0,3.8,3.6,1.91,1.68,2.14,,,,,,
2012-01-21,Graafschap,Heerenveen,0.0,2.0,4.5,4.0,1.7,1.42,2.62,,,,,,
2012-01-21,Twente,Waalwijk,5.0,0.0,1.22,6.0,13.0,1.47,2.5,,,,,,
2012-01-22,AZ Alkmaar,Ajax,1.0,1.0,2.3,3.5,2.9,1.46,2.28,,,,,,
2012-01-22,Groningen,Heracles,2.0,1.0,1.7,3.75,4.75,1.53,2.34,,,,,,
2012-01-22,Utrecht,PSV Eindhoven,1.0,1.0,7.0,4.33,1.44,1.48,2.49,,,,,,
2012-01-22,Vitesse,Nijmegen,0.0,1.0,1.57,4.0,5.5,1.76,2.03,,,,,,
2012-01-22,VVV Venlo,Feyenoord,2.0,1.0,7.0,4.33,1.44,1.54,2.31,,,,,,
2012-01-27,PSV Eindhoven,Vitesse,3.0,1.0,1.2,6.5,13.0,1.44,2.64,,,,,,
2012-01-28,Heerenveen,Utrecht,2.0,0.0,1.5,4.0,7.0,1.45,2.57,,,,,,
2012-01-28,Heracles,Excelsior,3.0,0.0,1.25,5.5,12.0,1.45,2.53,,,,,,
2012-01-28,NAC Breda,Graafschap,1.0,1.0,1.57,4.0,5.5,1.57,2.27,,,,,,
2012-01-28,Roda,AZ Alkmaar,2.0,0.0,4.33,3.6,1.8,1.47,2.5,,,,,,
2012-01-29,Feyenoord,Ajax,4.0,2.0,3.0,3.5,2.25,1.52,2.38,,,,,,
2012-01-29,Nijmegen,Den Haag,2.0,0.0,2.0,3.5,3.6,1.62,2.17,,,,,,
2012-01-29,Twente,Groningen,4.0,1.0,1.36,4.75,8.0,1.49,2.46,,,,,,
2012-01-29,Waalwijk,VVV Venlo,4.0,0.0,1.62,4.0,5.0,1.61,2.19,,,,,,
2012-02-03,Heerenveen,Roda,4.0,3.0,1.44,4.5,6.5,1.4,2.75,,,,,,
2012-02-04,Excelsior,VVV Venlo,3.0,1.0,2.25,3.5,3.0,1.59,2.23,,,,,,
2012-02-04,Vitesse,NAC Breda,1.0,0.0,1.67,3.75,5.0,1.68,2.09,,,,,,
2012-02-05,Ajax,Utrecht,0.0,2.0,1.2,6.5,13.0,1.36,2.84,,,,,,
2012-02-05,Groningen,Waalwijk,0.0,3.0,1.53,4.0,6.0,1.51,2.39,,,,,,
2012-02-05,Heracles,PSV Eindhoven,1.0,1.0,4.5,3.75,1.75,1.57,2.27,,,,,,
2012-02-05,Nijmegen,Feyenoord,0.0,2.0,3.0,3.4,2.3,1.66,2.12,,,,,,
2012-02-08,Den Haag,AZ Alkmaar,0.0,6.0,4.75,3.6,1.73,1.71,2.11,,,,,,
2012-02-10,Twente,Heracles,2.0,3.0,1.3,5.0,10.0,1.47,2.58,,,,,,
2012-02-11,AZ Alkmaar,Excelsior,2.0,0.0,1.1,9.0,21.0,1.26,3.52,,,,,,
2012-02-11,NAC Breda,Ajax,0.0,2.0,4.5,3.75,1.73,1.65,2.13,,,,,,
2012-02-11,Roda,Nijmegen,1.0,0.0,1.91,3.4,4.0,1.61,2.18,,,,,,
2012-02-11,VVV Venlo,Groningen,2.0,0.0,3.6,3.5,2.0,1.63,2.14,,,,,,
2012-02-12,Feyenoord,Vitesse,3.0,1.0,1.44,4.33,7.0,1.64,2.14,,,,,,
2012-02-12,PSV Eindhoven,Graafschap,4.0,1.0,1.1,9.0,21.0,1.24,3.62,,,,,,
2012-02-12,Utrecht,Den Haag,1.0,1.0,1.73,3.75,4.5,1.56,2.27,,,,,,
2012-02-12,Waalwijk,Heerenveen,0.0,1.0,3.4,3.4,2.1,1.54,2.33,,,,,,
2012-02-17,Heerenveen,NAC Breda,1.0,0.0,1.3,5.25,9.5,1.37,2.92,,,,,,
2012-02-18,Den Haag,Excelsior,1.0,1.0,1.4,4.5,7.5,1.56,2.33,,,,,,
2012-02-18,Feyenoord,Waalwijk,1.0,1.0,1.36,4.75,8.5,1.48,2.53,,,,,,
2012-02-18,Graafschap,VVV Venlo,1.0,4.0,2.0,3.5,3.6,1.74,2.06,,,,,,
2012-02-18,Heracles,Roda,2.0,1.0,1.57,4.0,5.5,1.55,2.35,,,,,,
2012-02-19,Ajax,Nijmegen,4.0,1.0,1.33,4.5,11.0,1.5,2.47,,,,,,
2012-02-19,Groningen,PSV Eindhoven,3.0,0.0,5.0,3.75,1.67,1.65,2.15,,,,,,
2012-02-19,Utrecht,AZ Alkmaar,3.0,0.0,5.0,3.75,1.67,1.66,2.15,,,,,,
2012-02-19,Vitesse,Twente,1.0,4.0,4.0,3.4,1.91,1.78,2.0,,,,,,
2012-02-24,Waalwijk,Vitesse,1.0,0.0,2.2,3.4,3.2,1.83,1.95,,,,,,
2012-02-25,NAC Breda,Den Haag,4.0,0.0,1.83,3.5,4.33,1.68,2.09,,,,,,
2012-02-25,Nijmegen,Groningen,4.0,0.0,2.2,3.5,3.1,1.65,2.12,,,,,,
2012-02-25,Roda,Graafschap,0.0,2.0,1.29,5.0,11.0,1.47,2.51,,,,,,
2012-02-25,VVV Venlo,Heracles,3.0,1.0,3.75,3.6,1.91,1.6,2.2,,,,,,
2012-02-26,AZ Alkmaar,Heerenveen,3.0,3.0,1.57,4.2,5.25,1.44,2.61,,,,,,
2012-02-26,Excelsior,Ajax,1.0,4.0,11.0,5.0,1.29,1.43,2.59,,,,,,
2012-02-26,PSV Eindhoven,Feyenoord,3.0,2.0,1.4,4.5,7.5,1.42,2.63,,,,,,
2012-02-26,Twente,Utrecht,1.0,0.0,1.25,5.5,12.0,1.41,2.64,,,,,,
2012-03-03,AZ Alkmaar,Heracles,3.0,1.0,1.3,4.75,7.5,1.47,2.52,,,,,,
2012-03-03,Den Haag,Heerenveen,0.0,0.0,4.0,3.75,1.83,1.48,2.49,,,,,,
2012-03-03,VVV Venlo,NAC Breda,2.0,1.0,2.1,3.5,3.3,1.63,2.17,,,,,,
2012-03-03,Waalwijk,Excelsior,1.0,0.0,1.4,4.5,8.0,1.52,2.37,,,,,,
2012-03-04,Ajax,Roda,4.0,1.0,1.22,6.0,13.0,1.32,3.14,,,,,,
2012-03-04,Feyenoord,Groningen,1.0,0.0,1.44,4.5,6.5,1.48,2.51,,,,,,
2012-03-04,PSV Eindhoven,Twente,2.0,6.0,1.8,3.6,4.33,1.65,2.12,,,,,,
2012-03-04,Utrecht,Nijmegen,0.0,0.0,2.1,3.4,3.4,1.71,2.07,,,,,,
2012-03-04,Vitesse,Graafschap,2.0,0.0,1.33,4.75,10.0,1.65,2.14,,,,,,
2012-03-09,Roda,VVV Venlo,3.0,1.0,1.6,4.2,5.0,1.43,2.64,,,,,,
2012-03-10,Groningen,Vitesse,1.0,3.0,1.91,3.6,3.75,1.75,2.02,,,,,,
2012-03-10,Heerenveen,Excelsior,4.0,2.0,1.18,7.0,13.0,1.25,3.6,,,,,,
2012-03-10,Heracles,Den Haag,0.0,2.0,1.44,4.33,7.0,1.49,2.45,,,,,,
2012-03-11,Ajax,Waalwijk,3.0,0.0,1.2,6.5,13.0,1.28,3.36,,,,,,
2012-03-11,Feyenoord,Utrecht,1.0,1.0,1.36,4.5,9.0,1.57,2.26,,,,,,
2012-03-11,Graafschap,AZ Alkmaar,0.0,2.0,7.0,4.33,1.44,1.45,2.55,,,,,,
2012-03-11,NAC Breda,PSV Eindhoven,3.0,1.0,6.0,4.0,1.53,1.48,2.49,,,,,,
2012-03-11,Nijmegen,Twente,3.0,1.0,4.0,3.75,1.83,1.6,2.2,,,,,,
2012-03-16,Vitesse,Heracles,2.0,0.0,2.0,3.5,3.6,1.75,2.04,,,,,,
2012-03-17,Excelsior,Roda,2.0,1.0,3.5,3.6,2.0,1.5,2.48,,,,,,
2012-03-17,VVV Venlo,Nijmegen,0.0,2.0,3.0,3.4,2.3,1.71,2.08,,,,,,
2012-03-17,Waalwijk,Graafschap,1.0,0.0,1.44,4.2,7.5,1.68,2.12,,,,,,
2012-03-18,AZ Alkmaar,NAC Breda,0.0,0.0,1.2,7.0,11.0,1.4,2.77,,,,,,
2012-03-18,Den Haag,Ajax,0.0,2.0,6.0,4.33,1.5,1.5,2.44,,,,,,
2012-03-18,PSV Eindhoven,Heerenveen,5.0,1.0,1.5,4.5,5.5,1.4,2.77,,,,,,
2012-03-18,Twente,Feyenoord,0.0,2.0,1.62,4.2,4.75,1.53,2.38,,,,,,
2012-03-18,Utrecht,Groningen,3.0,1.0,2.0,3.6,3.5,1.64,2.17,,,,,,
2012-03-21,Graafschap,Twente,1.0,2.0,8.0,4.5,1.33,1.54,2.39,,,,,,
2012-03-23,Excelsior,Groningen,0.0,1.0,3.3,3.5,2.1,1.64,2.21,,,,,,
2012-03-24,Den Haag,Twente,1.0,1.0,6.5,3.8,1.53,1.62,2.21,,,,,,
2012-03-24,Heerenveen,VVV Venlo,4.0,1.0,1.25,5.5,12.0,1.33,3.11,,,,,,
2012-03-24,NAC Breda,Nijmegen,1.0,1.0,2.5,3.25,2.8,1.77,2.01,,,,,,
2012-03-24,Roda,Vitesse,3.0,1.0,2.1,3.5,3.3,1.63,2.19,,,,,,
2012-03-25,Ajax,PSV Eindhoven,2.0,0.0,2.1,3.4,3.4,1.58,2.27,,,,,,
2012-03-25,AZ Alkmaar,Waalwijk,1.0,0.0,1.29,5.0,11.0,1.49,2.5,,,,,,
2012-03-25,Graafschap,Feyenoord,0.0,3.0,7.0,4.33,1.44,1.58,2.26,,,,,,
2012-03-25,Heracles,Utrecht,3.0,1.0,1.8,3.6,4.33,1.73,2.05,,,,,,
2012-03-30,Utrecht,Excelsior,3.0,2.0,1.33,5.0,9.0,1.5,2.44,,,,,,
2012-03-31,Feyenoord,NAC Breda,3.0,1.0,1.25,6.0,10.0,1.53,2.37,,,,,,
2012-03-31,Groningen,Heerenveen,1.0,3.0,2.75,3.5,2.4,1.5,2.43,,,,,,
2012-03-31,PSV Eindhoven,VVV Venlo,2.0,0.0,1.08,10.0,23.0,1.19,4.24,,,,,,
2012-03-31,Twente,Roda,2.0,0.0,1.3,5.5,9.0,1.37,2.87,,,,,,
2012-04-01,Ajax,Heracles,6.0,0.0,1.2,6.5,13.0,1.35,2.95,,,,,,
2012-04-01,Nijmegen,Graafschap,2.0,0.0,1.3,5.0,11.0,1.58,2.25,,,,,,
2012-04-01,Vitesse,AZ Alkmaar,2.0,2.0,3.2,3.4,2.2,1.73,2.04,,,,,,
2012-04-01,Waalwijk,Den Haag,1.0,0.0,1.67,3.75,5.0,1.82,1.96,,,,,,
2012-04-10,Excelsior,Nijmegen,0.0,2.0,4.5,3.75,1.75,1.74,2.06,,,,,,
2012-04-11,AZ Alkmaar,Twente,2.0,2.0,2.0,3.4,3.75,1.68,2.11,,,,,,
2012-04-11,Heerenveen,Ajax,0.0,5.0,3.6,3.75,1.91,1.36,2.97,,,,,,
2012-04-11,NAC Breda,Heracles,1.0,2.0,2.0,3.5,3.6,1.67,2.13,,,,,,
2012-04-11,Roda,Feyenoord,0.0,0.0,3.25,3.5,2.1,1.51,2.47,,,,,,
2012-04-11,Waalwijk,PSV Eindhoven,2.0,1.0,5.5,3.8,1.62,1.68,2.13,,,,,,
2012-04-12,Den Haag,Groningen,3.0,0.0,2.1,3.5,3.25,1.62,2.21,,,,,,
2012-04-12,Graafschap,Utrecht,3.0,0.0,4.33,3.6,1.8,1.84,1.94,,,,,,
2012-04-12,VVV Venlo,Vitesse,1.0,3.0,3.5,3.4,2.05,1.7,2.1,,,,,,
2012-04-14,Feyenoord,Excelsior,3.0,0.0,1.17,7.0,15.0,1.41,2.73,,,,,,
2012-04-14,Nijmegen,Heerenveen,2.0,4.0,2.7,3.4,2.5,1.58,2.27,,,,,,
2012-04-14,PSV Eindhoven,AZ Alkmaar,3.0,2.0,1.73,3.5,5.0,1.51,2.43,,,,,,
2012-04-14,Twente,NAC Breda,2.0,2.0,1.25,5.5,12.0,1.41,2.73,,,,,,
2012-04-15,Ajax,Graafschap,3.0,1.0,1.06,11.0,26.0,1.23,3.82,,,,,,
2012-04-15,Groningen,Roda,0.0,1.0,2.0,3.5,3.6,1.55,2.34,,,,,,
2012-04-15,Heracles,Waalwijk,1.0,1.0,1.91,3.4,4.0,1.85,1.92,,,,,,
2012-04-15,Utrecht,VVV Venlo,4.0,2.0,1.44,4.33,7.0,1.48,2.51,,,,,,
2012-04-15,Vitesse,Den Haag,1.0,0.0,1.62,3.75,5.5,1.74,2.05,,,,,,
2012-04-20,NAC Breda,Roda,0.0,3.0,2.1,3.6,3.2,1.5,2.47,,,,,,
2012-04-21,Excelsior,Twente,0.0,1.0,12.0,5.5,1.25,1.38,2.82,,,,,,
2012-04-21,Graafschap,Heracles,2.0,3.0,3.8,3.6,1.91,1.56,2.33,,,,,,
2012-04-21,Heerenveen,Vitesse,1.0,1.0,1.57,4.2,5.25,1.43,2.68,,,,,,
2012-04-21,Waalwijk,Utrecht,0.0,2.0,1.8,3.6,4.33,1.7,2.1,,,,,,
2012-04-22,Ajax,Groningen,2.0,0.0,1.14,8.0,15.0,1.28,3.39,,,,,,
2012-04-22,AZ Alkmaar,VVV Venlo,2.0,1.0,1.17,7.5,13.0,1.3,3.31,,,,,,
2012-04-22,Den Haag,Feyenoord,1.0,2.0,5.0,4.2,1.6,1.47,2.54,,,,,,
2012-04-22,PSV Eindhoven,Nijmegen,2.0,1.0,1.3,5.0,10.0,1.38,2.86,,,,,,
2012-04-27,Groningen,Graafschap,1.0,1.0,1.53,4.0,6.0,1.54,2.34,,,,,,
2012-04-28,Heracles,Heerenveen,2.0,4.0,2.38,3.4,2.88,1.4,2.75,,,,,,
2012-04-28,Utrecht,NAC Breda,1.0,3.0,1.62,3.75,5.5,1.52,2.41,,,,,,
2012-04-28,Vitesse,Excelsior,3.0,2.0,1.29,5.0,11.0,1.49,2.5,,,,,,
2012-04-28,VVV Venlo,Den Haag,2.0,1.0,2.25,3.4,3.1,1.61,2.2,,,,,,
2012-04-29,Feyenoord,AZ Alkmaar,1.0,0.0,2.1,3.5,3.25,1.6,2.22,,,,,,
2012-04-29,Nijmegen,Waalwijk,1.0,1.0,1.7,3.6,5.0,1.78,1.99,,,,,,
2012-04-29,Roda,PSV Eindhoven,1.0,3.0,5.0,3.5,1.73,1.53,2.37,,,,,,
2012-04-29,Twente,Ajax,1.0,2.0,2.75,3.3,2.5,1.61,2.21,,,,,,
2012-05-02,Ajax,VVV Venlo,2.0,0.0,1.1,9.0,21.0,1.18,4.35,,,,,,
2012-05-02,Feyenoord,Heracles,4.0,1.0,1.33,5.0,9.0,1.45,2.62,,,,,,
2012-05-02,Graafschap,Excelsior,2.0,2.0,1.95,3.6,3.6,1.6,2.24,,,,,,
2012-05-02,Groningen,NAC Breda,1.0,1.0,2.0,3.4,3.75,1.6,2.23,,,,,,
2012-05-02,Nijmegen,AZ Alkmaar,1.0,1.0,3.0,3.25,2.38,1.65,2.17,,,,,,
2012-05-02,PSV Eindhoven,Den Haag,5.0,0.0,1.2,6.0,15.0,1.28,3.46,,,,,,
2012-05-02,Twente,Heerenveen,3.0,4.0,1.62,4.0,5.0,1.38,2.87,,,,,,
2012-05-02,Utrecht,Vitesse,2.0,2.0,2.2,3.5,3.1,1.55,2.33,,,,,,
2012-05-02,Waalwijk,Roda,5.0,2.0,2.0,3.5,3.6,1.75,2.03,,,,,,
2012-05-06,AZ Alkmaar,Groningen,1.0,0.0,1.2,6.5,13.0,1.33,3.15,,,,,,
2012-05-06,Den Haag,Graafschap,3.0,5.0,1.53,4.0,6.0,1.49,2.49,,,,,,
2012-05-06,Excelsior,PSV Eindhoven,1.0,3.0,13.0,6.5,1.2,1.32,3.2,,,,,,
2012-05-06,Heerenveen,Feyenoord,2.0,3.0,4.2,4.5,1.67,1.34,3.05,,,,,,
2012-05-06,Heracles,Nijmegen,1.0,2.0,2.2,3.5,3.1,1.53,2.38,,,,,,
2012-05-06,NAC Breda,Waalwijk,3.0,2.0,2.38,3.4,2.88,1.64,2.16,,,,,,
2012-05-06,Roda,Utrecht,1.0,3.0,1.83,3.6,4.2,1.44,2.62,,,,,,
2012-05-06,Vitesse,Ajax,1.0,3.0,4.5,3.75,1.73,1.42,2.7,,,,,,
2012-05-06,VVV Venlo,Twente,4.0,2.0,8.0,5.25,1.33,1.36,2.97,,,,,,
2012-08-10,Willem II,NAC Breda,1.0,1.0,2.63,3.25,2.63,1.69,2.14,,,,,,
2012-08-11,Heracles,VVV Venlo,1.0,1.0,1.4,4.5,8.0,1.53,2.39,,,,,,
2012-08-11,Roda,Zwolle,1.0,1.0,1.57,4.0,5.5,1.67,2.16,,,,,,
2012-08-11,Waalwijk,PSV Eindhoven,3.0,2.0,7.0,4.33,1.45,1.65,2.18,,,,,,
2012-08-12,Ajax,AZ Alkmaar,2.0,2.0,1.62,4.0,5.0,1.55,2.34,,,,,,
2012-08-12,Heerenveen,Nijmegen,0.0,2.0,1.67,4.0,4.75,1.5,2.46,,,,,,
2012-08-12,Twente,Groningen,4.0,1.0,1.29,5.5,10.0,1.49,2.51,,,,,,
2012-08-12,Utrecht,Feyenoord,0.0,1.0,3.5,3.6,2.0,1.6,2.22,,,,,,
2012-08-12,Vitesse,Den Haag,2.0,2.0,1.44,4.5,7.0,1.54,2.36,,,,,,
2012-08-18,Feyenoord,Heerenveen,1.0,1.0,1.5,4.33,6.0,1.52,2.45,,,,,,
2012-08-18,NAC Breda,Twente,0.0,1.0,5.0,3.8,1.67,1.62,2.22,,,,,,
2012-08-18,PSV Eindhoven,Roda,5.0,0.0,1.2,6.5,13.0,1.34,3.13,,,,,,
2012-08-18,VVV Venlo,Utrecht,1.0,3.0,2.63,3.5,2.5,1.67,2.14,,,,,,
2012-08-18,Zwolle,Vitesse,0.0,1.0,3.25,3.6,2.1,1.71,2.1,,,,,,
2012-08-19,AZ Alkmaar,Heracles,3.0,1.0,1.33,5.5,7.5,1.41,2.74,,,,,,
2012-08-19,Den Haag,Waalwijk,2.0,2.0,2.2,3.6,3.0,1.73,2.07,,,,,,
2012-08-19,Groningen,Willem II,1.0,1.0,1.5,4.33,6.0,1.55,2.36,,,,,,
2012-08-19,Nijmegen,Ajax,1.0,6.0,4.33,3.6,1.8,1.6,2.26,,,,,,
2012-08-24,Waalwijk,Roda,1.0,0.0,1.75,3.75,4.5,1.61,2.25,,,,,,
2012-08-25,Ajax,NAC Breda,5.0,0.0,1.13,8.0,19.0,1.27,3.43,,,,,,
2012-08-25,Heracles,Feyenoord,1.0,2.0,2.8,3.4,2.4,1.71,2.06,,,,,,
2012-08-25,Utrecht,Zwolle,1.0,1.0,1.53,4.0,5.5,1.59,2.25,,,,,,
2012-08-25,VVV Venlo,Den Haag,2.0,4.0,2.25,3.5,3.0,1.58,2.28,,,,,,
2012-08-26,AZ Alkmaar,Heerenveen,0.0,0.0,1.44,4.33,7.0,1.37,2.91,,,,,,
2012-08-26,Groningen,PSV Eindhoven,1.0,3.0,6.0,4.33,1.5,1.48,2.55,,,,,,
2012-08-26,Nijmegen,Twente,1.0,3.0,4.0,3.5,1.91,1.69,2.12,,,,,,
2012-08-26,Willem II,Vitesse,0.0,2.0,3.4,3.4,2.1,1.79,1.99,,,,,,
2012-08-31,Den Haag,Groningen,0.0,1.0,1.95,3.6,3.6,1.56,2.36,,,,,,
2012-09-01,NAC Breda,Utrecht,1.0,1.0,2.3,3.3,3.1,1.74,2.05,,,,,,
2012-09-01,Roda,Willem II,3.0,0.0,1.57,3.8,6.0,1.6,2.27,,,,,,
2012-09-01,Waalwijk,Heracles,1.0,1.0,1.95,3.5,3.8,1.67,2.14,,,,,,
2012-09-01,Zwolle,Nijmegen,0.0,4.0,2.6,3.3,2.63,1.8,2.0,,,,,,
2012-09-02,Heerenveen,Ajax,2.0,2.0,5.5,4.33,1.53,1.35,3.03,,,,,,
2012-09-02,PSV Eindhoven,AZ Alkmaar,5.0,1.0,1.4,4.5,8.0,1.45,2.59,,,,,,
2012-09-02,Twente,VVV Venlo,1.0,0.0,1.14,8.0,15.0,1.24,3.87,,,,,,
2012-09-02,Vitesse,Feyenoord,1.0,0.0,2.3,3.4,3.0,1.73,2.07,,,,,,
2012-09-15,Ajax,Waalwijk,2.0,0.0,1.2,6.5,13.0,1.3,3.31,,,,,,
2012-09-15,Feyenoord,Zwolle,2.0,0.0,1.25,6.0,10.0,1.47,2.55,,,,,,
2012-09-15,Heerenveen,Den Haag,1.0,3.0,1.57,4.33,5.0,1.4,2.74,,,,,,
2012-09-15,VVV Venlo,Nijmegen,2.0,2.0,3.2,3.4,2.2,1.66,2.12,,,,,,
2012-09-15,Willem II,Twente,2.0,6.0,8.5,4.75,1.36,1.54,2.36,,,,,,
2012-09-16,AZ Alkmaar,Roda,4.0,0.0,1.4,4.75,7.0,1.43,2.64,,,,,,
2012-09-16,Groningen,Vitesse,0.0,3.0,2.5,3.4,2.7,1.85,1.94,,,,,,
2012-09-16,Heracles,NAC Breda,2.0,1.0,1.62,3.8,5.5,1.65,2.15,,,,,,
2012-09-16,Utrecht,PSV Eindhoven,1.0,0.0,6.5,4.5,1.44,1.41,2.71,,,,,,
2012-09-21,Roda,Utrecht,0.0,1.0,2.4,3.6,2.7,1.71,2.1,,,,,,
2012-09-22,Nijmegen,Willem II,0.0,0.0,1.4,4.75,7.0,1.49,2.48,,,,,,
2012-09-22,Vitesse,Heracles,1.0,1.0,1.62,4.0,5.0,1.59,2.26,,,,,,
2012-09-22,Waalwijk,VVV Venlo,1.0,1.0,1.5,4.2,6.0,1.59,2.26,,,,,,
2012-09-22,Zwolle,Groningen,1.0,2.0,2.38,3.4,2.88,1.74,2.05,,,,,,
2012-09-23,Den Haag,Ajax,1.0,1.0,7.5,5.0,1.36,1.39,2.84,,,,,,
2012-09-23,NAC Breda,AZ Alkmaar,2.0,1.0,5.0,3.75,1.67,1.63,2.2,,,,,,
2012-09-23,PSV Eindhoven,Feyenoord,3.0,0.0,1.44,4.5,6.5,1.46,2.58,,,,,,
2012-09-23,Twente,Heerenveen,1.0,0.0,1.4,4.5,8.0,1.39,2.82,,,,,,
2012-09-29,Ajax,Twente,1.0,0.0,1.8,3.8,4.0,1.54,2.39,,,,,,
2012-09-29,Feyenoord,Nijmegen,5.0,1.0,1.4,4.5,7.5,1.51,2.47,,,,,,
2012-09-29,Heerenveen,NAC Breda,2.0,0.0,1.53,4.0,6.0,1.44,2.74,,,,,,
2012-09-29,Heracles,Den Haag,3.0,3.0,1.7,4.0,4.5,1.55,2.37,,,,,,
2012-09-29,Utrecht,Vitesse,1.0,2.0,2.3,3.4,3.0,1.73,2.08,,,,,,
2012-09-30,AZ Alkmaar,Waalwijk,3.0,3.0,1.36,4.75,8.5,1.55,2.37,,,,,,
2012-09-30,Groningen,Roda,3.0,2.0,1.73,3.75,4.5,1.56,2.32,,,,,,
2012-09-30,VVV Venlo,PSV Eindhoven,0.0,6.0,9.5,5.5,1.29,1.38,2.87,,,,,,
2012-09-30,Willem II,Zwolle,0.0,1.0,2.25,3.5,3.0,1.73,2.08,,,,,,
2012-10-05,Nijmegen,Den Haag,1.0,1.0,1.91,3.75,3.6,1.5,2.48,,,,,,
2012-10-06,Roda,VVV Venlo,3.0,0.0,1.67,3.75,5.0,1.52,2.45,,,,,,
2012-10-06,Vitesse,Heerenveen,3.0,3.0,1.67,3.8,5.0,1.62,2.23,,,,,,
2012-10-06,Willem II,Waalwijk,1.0,0.0,3.0,3.4,2.3,1.7,2.12,,,,,,
2012-10-06,Zwolle,Heracles,0.0,3.0,2.63,3.3,2.63,1.72,2.09,,,,,,
2012-10-07,Ajax,Utrecht,1.0,1.0,1.22,5.5,15.0,1.38,2.88,,,,,,
2012-10-07,Groningen,Feyenoord,2.0,2.0,3.2,3.4,2.2,1.6,2.24,,,,,,
2012-10-07,PSV Eindhoven,NAC Breda,4.0,0.0,1.17,7.0,15.0,1.22,4.03,,,,,,
2012-10-07,Twente,AZ Alkmaar,3.0,0.0,1.67,3.75,5.0,1.53,2.41,,,,,,
2012-10-20,AZ Alkmaar,Nijmegen,0.0,2.0,1.57,4.0,5.75,1.52,2.44,,,,,,
2012-10-20,Heracles,Ajax,3.0,3.0,4.75,3.75,1.7,1.48,2.52,,,,,,
2012-10-20,NAC Breda,Vitesse,0.0,3.0,3.5,3.6,2.0,1.73,2.09,,,,,,
2012-10-20,PSV Eindhoven,Willem II,3.0,2.0,1.08,11.0,19.0,1.21,4.16,,,,,,
2012-10-20,Roda,Twente,1.0,1.0,5.5,4.0,1.57,1.56,2.35,,,,,,
2012-10-21,Den Haag,Utrecht,1.0,2.0,2.3,3.4,3.0,1.68,2.13,,,,,,
2012-10-21,Heerenveen,Groningen,3.0,0.0,1.67,4.2,4.33,1.45,2.6,,,,,,
2012-10-21,VVV Venlo,Feyenoord,2.0,3.0,5.5,4.0,1.57,1.47,2.57,,,,,,
2012-10-21,Waalwijk,Zwolle,1.0,2.0,1.57,3.9,6.0,1.71,2.09,,,,,,
2012-10-26,Utrecht,Groningen,1.0,0.0,1.8,3.75,4.2,1.66,2.17,,,,,,
2012-10-27,Den Haag,Willem II,2.0,0.0,1.57,4.1,5.5,1.52,2.43,,,,,,
2012-10-27,Nijmegen,Roda,0.0,0.0,1.62,4.1,5.0,1.53,2.41,,,,,,
2012-10-27,VVV Venlo,NAC Breda,1.0,4.0,2.2,3.5,3.1,1.61,2.23,,,,,,
2012-10-28,Feyenoord,Ajax,2.0,2.0,2.88,3.5,2.3,1.52,2.42,,,,,,
2012-10-28,Heracles,Heerenveen,6.0,3.0,2.0,3.75,3.4,1.48,2.53,,,,,,
2012-10-28,Vitesse,AZ Alkmaar,1.0,2.0,2.1,3.5,3.25,1.57,2.31,,,,,,
2012-10-28,Waalwijk,Twente,0.0,1.0,5.0,3.8,1.67,1.73,2.09,,,,,,
2012-10-28,Zwolle,PSV Eindhoven,1.0,2.0,10.0,5.0,1.3,1.36,2.99,,,,,,
2012-11-02,Roda,Den Haag,0.0,0.0,2.1,3.5,3.3,1.65,2.21,,,,,,
2012-11-03,Ajax,Vitesse,0.0,2.0,1.4,4.75,7.0,1.36,2.93,,,,,,
2012-11-03,PSV Eindhoven,Heracles,4.0,0.0,1.2,6.5,12.0,1.23,3.82,,,,,,
2012-11-03,Willem II,Utrecht,1.0,5.0,4.5,3.5,1.8,1.74,2.06,,,,,,
2012-11-04,AZ Alkmaar,VVV Venlo,1.0,2.0,1.2,6.0,15.0,1.35,2.99,,,,,,
2012-11-04,Groningen,Nijmegen,1.0,2.0,1.95,3.5,3.75,1.61,2.22,,,,,,
2012-11-04,Heerenveen,Zwolle,2.0,1.0,1.5,4.2,6.5,1.26,3.67,,,,,,
2012-11-04,NAC Breda,Waalwijk,2.0,1.0,2.25,3.5,3.0,1.77,2.02,,,,,,
2012-11-04,Twente,Feyenoord,3.0,0.0,1.67,3.75,5.0,1.58,2.29,,,,,,
2012-11-09,NAC Breda,Groningen,0.0,1.0,2.38,3.5,2.8,1.69,2.13,,,,,,
2012-11-10,Den Haag,AZ Alkmaar,2.0,2.0,3.1,3.5,2.2,1.58,2.3,,,,,,
2012-11-10,Nijmegen,Heracles,3.0,2.0,2.1,3.6,3.2,1.53,2.41,,,,,,
2012-11-10,VVV Venlo,Willem II,4.0,1.0,1.8,3.8,4.1,1.54,2.38,,,,,,
2012-11-10,Waalwijk,Utrecht,4.0,0.0,2.7,3.4,2.5,1.8,2.0,,,,,,
2012-11-11,Feyenoord,Roda,5.0,2.0,1.33,5.5,7.5,1.41,2.75,,,,,,
2012-11-11,PSV Eindhoven,Heerenveen,5.0,1.0,1.29,6.0,8.5,1.25,3.73,,,,,,
2012-11-11,Vitesse,Twente,0.0,0.0,2.7,3.4,2.5,1.68,2.14,,,,,,
2012-11-11,Zwolle,Ajax,2.0,4.0,7.0,4.75,1.4,1.4,2.77,,,,,,
2012-11-17,Ajax,VVV Venlo,2.0,0.0,1.11,9.0,17.0,1.22,3.94,,,,,,
2012-11-17,Den Haag,PSV Eindhoven,1.0,6.0,8.5,5.0,1.33,1.36,2.99,,,,,,
2012-11-17,Groningen,AZ Alkmaar,1.0,1.0,2.9,3.3,2.4,1.64,2.18,,,,,,
2012-11-17,Heerenveen,Waalwijk,0.0,2.0,1.67,3.75,5.0,1.5,2.48,,,,,,
2012-11-17,Zwolle,NAC Breda,2.0,0.0,2.0,3.5,3.6,1.69,2.12,,,,,,
2012-11-18,Feyenoord,Willem II,3.0,0.0,1.18,7.0,13.0,1.28,3.49,,,,,,
2012-11-18,Heracles,Roda,5.0,1.0,1.5,3.9,7.0,1.39,2.85,,,,,,
2012-11-18,Utrecht,Twente,1.0,1.0,3.4,3.4,2.1,1.81,1.98,,,,,,
2012-11-18,Vitesse,Nijmegen,4.0,1.0,1.67,3.75,5.0,1.68,2.13,,,,,,
2012-11-23,NAC Breda,Den Haag,0.0,3.0,2.3,3.5,2.88,1.67,2.16,,,,,,
2012-11-24,Nijmegen,Utrecht,2.0,0.0,2.63,3.4,2.6,1.64,2.18,,,,,,
2012-11-24,VVV Venlo,Heerenveen,1.0,1.0,3.1,3.6,2.15,1.38,2.85,,,,,,
2012-11-24,Waalwijk,Groningen,1.0,1.0,2.05,3.5,3.4,1.8,1.99,,,,,,
2012-11-24,Willem II,Heracles,2.0,2.0,4.5,4.1,1.67,1.4,2.77,,,,,,
2012-11-25,AZ Alkmaar,Feyenoord,0.0,2.0,2.25,3.5,3.0,1.61,2.21,,,,,,
2012-11-25,PSV Eindhoven,Vitesse,1.0,2.0,1.33,5.0,8.5,1.3,3.3,,,,,,
2012-11-25,Roda,Ajax,1.0,2.0,7.5,5.0,1.36,1.39,2.8,,,,,,
2012-11-25,Twente,Zwolle,2.0,2.0,1.22,6.5,11.0,1.39,2.81,,,,,,
2012-11-30,Zwolle,VVV Venlo,0.0,0.0,1.73,3.6,4.75,1.6,2.28,,,,,,
2012-12-01,Ajax,PSV Eindhoven,3.0,1.0,2.38,3.4,2.88,1.49,2.52,,,,,,
2012-12-01,Feyenoord,Waalwijk,2.0,0.0,1.4,4.5,7.5,1.41,2.71,,,,,,
2012-12-01,Twente,Den Haag,2.0,0.0,1.29,5.5,10.0,1.39,2.84,,,,,,
2012-12-01,Willem II,Heerenveen,3.0,1.0,4.2,3.5,1.83,1.42,2.71,,,,,,
2012-12-02,Groningen,Heracles,2.0,0.0,2.3,3.4,3.0,1.52,2.4,,,,,,
2012-12-02,Nijmegen,NAC Breda,1.0,1.0,1.53,3.8,6.5,1.59,2.28,,,,,,
2012-12-02,Utrecht,AZ Alkmaar,2.0,1.0,2.25,3.5,3.0,1.7,2.11,,,,,,
2012-12-02,Vitesse,Roda,3.0,0.0,1.22,6.5,11.0,1.39,2.84,,,,,,
2012-12-07,Heracles,Utrecht,1.0,1.0,2.05,3.75,3.25,1.44,2.66,,,,,,
2012-12-08,Ajax,Groningen,2.0,0.0,1.2,6.5,13.0,1.41,2.75,,,,,,
2012-12-08,AZ Alkmaar,Willem II,0.0,0.0,1.22,6.5,11.0,1.42,2.73,,,,,,
2012-12-08,Den Haag,Zwolle,1.0,1.0,1.91,3.5,4.0,1.72,2.1,,,,,,
2012-12-08,Waalwijk,Nijmegen,2.0,0.0,2.15,3.4,3.3,1.8,2.01,,,,,,
2012-12-09,Heerenveen,Roda,4.0,4.0,1.62,4.2,4.75,1.4,2.78,,,,,,
2012-12-09,NAC Breda,Feyenoord,2.0,2.0,5.5,4.33,1.53,1.59,2.26,,,,,,
2012-12-09,PSV Eindhoven,Twente,3.0,0.0,1.57,4.1,5.5,1.52,2.44,,,,,,
2012-12-09,VVV Venlo,Vitesse,3.0,1.0,5.25,4.2,1.57,1.5,2.47,,,,,,
2012-12-14,Twente,Heracles,3.0,2.0,1.5,4.5,5.75,1.44,2.65,,,,,,
2012-12-15,Groningen,VVV Venlo,0.0,0.0,1.62,3.8,5.5,1.61,2.23,,,,,,
2012-12-15,Nijmegen,PSV Eindhoven,1.0,1.0,7.0,4.75,1.4,1.45,2.6,,,,,,
2012-12-15,Roda,NAC Breda,0.0,0.0,2.0,3.5,3.6,1.62,2.2,,,,,,
2012-12-15,Zwolle,AZ Alkmaar,1.0,2.0,3.2,3.25,2.25,1.76,2.03,,,,,,
2012-12-16,Feyenoord,Den Haag,3.0,2.0,1.33,5.0,9.0,1.46,2.58,,,,,,
2012-12-16,Utrecht,Heerenveen,3.0,1.0,1.83,3.5,4.2,1.56,2.34,,,,,,
2012-12-16,Vitesse,Waalwijk,2.0,2.0,1.5,4.2,6.5,1.61,2.22,,,,,,
2012-12-16,Willem II,Ajax,2.0,4.0,12.0,5.5,1.25,1.36,2.95,,,,,,
2012-12-21,AZ Alkmaar,Twente,0.0,3.0,2.88,3.3,2.4,1.7,2.12,,,,,,
2012-12-22,Den Haag,Nijmegen,2.0,0.0,2.3,3.3,3.1,1.76,2.01,,,,,,
2012-12-22,Heerenveen,Vitesse,2.0,1.0,2.8,3.5,2.38,1.53,2.38,,,,,,
2012-12-22,Heracles,Zwolle,1.0,1.0,1.62,4.1,5.0,1.48,2.5,,,,,,
2012-12-22,NAC Breda,PSV Eindhoven,1.0,6.0,8.5,5.0,1.33,1.4,2.77,,,,,,
2012-12-23,Feyenoord,Groningen,2.0,1.0,1.36,4.75,8.5,1.5,2.46,,,,,,
2012-12-23,Utrecht,Ajax,0.0,0.0,4.2,3.75,1.8,1.59,2.26,,,,,,
2012-12-23,VVV Venlo,Roda,2.0,4.0,2.2,3.5,3.1,1.63,2.19,,,,,,
2012-12-23,Waalwijk,Willem II,0.0,0.0,1.44,4.2,7.5,1.6,2.22,,,,,,
2013-01-18,PSV Eindhoven,Zwolle,1.0,3.0,1.14,8.0,15.0,1.28,3.45,,,,,,
2013-01-19,AZ Alkmaar,Vitesse,4.0,1.0,2.2,3.4,3.2,1.76,2.03,,,,,,
2013-01-19,Heerenveen,Heracles,0.0,1.0,2.05,3.5,3.5,1.35,2.98,,,,,,
2013-01-19,NAC Breda,VVV Venlo,1.0,0.0,1.91,3.6,3.8,1.78,2.01,,,,,,
2013-01-19,Twente,Waalwijk,0.0,0.0,1.33,5.0,9.0,1.53,2.37,,,,,,
2013-01-20,Ajax,Feyenoord,3.0,0.0,1.62,4.0,5.0,1.51,2.44,,,,,,
2013-01-20,Groningen,Utrecht,0.0,2.0,2.4,3.4,2.8,1.86,1.91,,,,,,
2013-01-20,Roda,Nijmegen,2.0,0.0,2.63,3.3,2.63,1.74,2.05,,,,,,
2013-01-20,Willem II,Den Haag,1.0,1.0,3.2,3.4,2.2,1.72,2.05,,,,,,
2013-01-25,VVV Venlo,AZ Alkmaar,1.0,4.0,4.0,3.6,1.85,1.61,2.26,,,,,,
2013-01-26,Den Haag,Roda,2.0,2.0,1.85,3.6,4.0,1.61,2.22,,,,,,
2013-01-26,Heracles,PSV Eindhoven,1.0,5.0,5.0,4.0,1.62,1.39,2.83,,,,,,
2013-01-26,Waalwijk,NAC Breda,0.0,4.0,1.57,4.0,5.5,1.85,1.94,,,,,,
2013-01-26,Zwolle,Heerenveen,1.0,1.0,2.3,3.25,3.1,1.54,2.37,,,,,,
2013-01-27,Feyenoord,Twente,0.0,0.0,2.1,3.4,3.4,1.72,2.06,,,,,,
2013-01-27,Nijmegen,Groningen,2.0,1.0,1.91,3.4,4.0,1.8,1.98,,,,,,
2013-01-27,Utrecht,Willem II,3.0,1.0,1.33,4.75,9.5,1.56,2.32,,,,,,
2013-01-27,Vitesse,Ajax,3.0,2.0,4.0,3.6,1.85,1.58,2.28,,,,,,
2013-02-01,Waalwijk,Heerenveen,0.0,1.0,1.91,3.4,4.0,1.66,2.19,,,,,,
2013-02-02,AZ Alkmaar,Groningen,0.0,1.0,1.5,4.1,6.5,1.71,2.1,,,,,,
2013-02-02,NAC Breda,Zwolle,3.0,0.0,2.1,3.5,3.3,1.92,1.86,,,,,,
2013-02-02,PSV Eindhoven,Den Haag,7.0,0.0,1.18,7.0,13.0,1.25,3.69,,,,,,
2013-02-02,Roda,Heracles,3.0,3.0,2.25,3.4,3.1,1.58,2.28,,,,,,
2013-02-03,Nijmegen,Vitesse,2.0,1.0,2.7,3.4,2.5,1.79,1.99,,,,,,
2013-02-03,Twente,Utrecht,2.0,4.0,1.44,4.33,7.0,1.74,2.07,,,,,,
2013-02-03,VVV Venlo,Ajax,0.0,3.0,8.5,5.5,1.3,1.4,2.8,,,,,,
2013-02-03,Willem II,Feyenoord,1.0,3.0,8.0,4.5,1.4,1.64,2.16,,,,,,
2013-02-09,Den Haag,NAC Breda,2.0,1.0,2.0,3.4,3.8,1.79,2.0,,,,,,
2013-02-09,Groningen,Waalwijk,2.0,1.0,2.05,3.4,3.5,1.99,1.79,,,,,,
2013-02-09,Heerenveen,VVV Venlo,2.0,2.0,1.5,4.0,7.0,1.56,2.34,,,,,,
2013-02-09,Heracles,Willem II,4.0,1.0,1.44,4.0,8.0,1.39,2.84,,,,,,
2013-02-09,Vitesse,PSV Eindhoven,2.0,2.0,5.5,3.9,1.6,1.42,2.72,,,,,,
2013-02-10,Ajax,Roda,1.0,1.0,1.17,7.5,13.0,1.27,3.54,,,,,,
2013-02-10,Feyenoord,AZ Alkmaar,3.0,1.0,1.83,3.75,4.0,1.7,2.09,,,,,,
2013-02-10,Utrecht,Nijmegen,0.0,3.0,1.8,3.5,4.5,1.78,1.99,,,,,,
2013-02-10,Zwolle,Twente,1.0,1.0,4.75,3.6,1.73,1.78,2.01,,,,,,
2013-02-15,Nijmegen,VVV Venlo,1.0,2.0,1.53,4.33,5.5,1.66,2.18,,,,,,
2013-02-16,NAC Breda,Heracles,1.0,1.0,2.2,3.6,3.0,1.5,2.47,,,,,,
2013-02-16,PSV Eindhoven,Utrecht,2.0,1.0,1.25,6.0,10.0,1.34,3.11,,,,,,
2013-02-16,Roda,AZ Alkmaar,2.0,2.0,3.3,3.5,2.1,1.61,2.22,,,,,,
2013-02-16,Twente,Willem II,1.0,1.0,1.18,7.0,13.0,1.46,2.59,,,,,,
2013-02-17,Den Haag,Heerenveen,2.0,1.0,2.25,3.5,3.0,1.53,2.38,,,,,,
2013-02-17,Vitesse,Groningen,2.0,0.0,1.67,3.8,5.0,1.62,2.2,,,,,,
2013-02-17,Waalwijk,Ajax,0.0,2.0,6.0,4.33,1.5,1.56,2.33,,,,,,
2013-02-17,Zwolle,Feyenoord,3.0,2.0,4.2,3.6,1.83,1.73,2.08,,,,,,
2013-02-22,Willem II,Nijmegen,2.0,3.0,3.5,3.4,2.05,1.84,1.95,,,,,,
2013-02-23,Groningen,Zwolle,1.0,0.0,1.83,3.5,4.33,1.85,1.93,,,,,,
2013-02-23,Heerenveen,Twente,2.0,1.0,3.4,3.4,2.1,1.65,2.15,,,,,,
2013-02-23,Heracles,Vitesse,3.0,5.0,2.4,3.4,2.8,1.54,2.37,,,,,,
2013-02-23,VVV Venlo,Waalwijk,1.0,0.0,2.5,3.3,2.75,1.89,1.9,,,,,,
2013-02-24,Ajax,Den Haag,1.0,1.0,1.17,7.0,15.0,1.33,3.0,,,,,,
2013-02-24,AZ Alkmaar,NAC Breda,0.0,1.0,1.44,4.2,7.5,1.64,2.17,,,,,,
2013-02-24,Feyenoord,PSV Eindhoven,2.0,1.0,3.1,3.5,2.2,1.51,2.43,,,,,,
2013-02-24,Utrecht,Roda,4.0,0.0,1.67,3.75,5.0,1.62,2.2,,,,,,
2013-03-01,Vitesse,Utrecht,2.0,0.0,1.8,3.5,4.5,1.59,2.27,,,,,,
2013-03-02,NAC Breda,Heerenveen,1.0,2.0,2.4,3.3,2.88,1.57,2.28,,,,,,
2013-03-02,PSV Eindhoven,VVV Venlo,2.0,0.0,1.1,10.0,17.0,1.24,3.71,,,,,,
2013-03-02,Twente,Ajax,0.0,2.0,2.9,3.5,2.3,1.75,2.02,,,,,,
2013-03-02,Zwolle,Willem II,2.0,0.0,1.67,3.8,5.0,1.75,2.03,,,,,,
2013-03-03,Den Haag,Heracles,3.0,1.0,2.25,3.5,3.0,1.52,2.4,,,,,,
2013-03-03,Nijmegen,Feyenoord,0.0,3.0,3.75,3.5,1.95,1.69,2.11,,,,,,
2013-03-03,Roda,Groningen,4.0,1.0,2.3,3.4,3.0,1.87,1.9,,,,,,
2013-03-03,Waalwijk,AZ Alkmaar,2.0,1.0,2.8,3.4,2.4,1.88,1.9,,,,,,
2013-03-08,Groningen,NAC Breda,1.0,1.0,1.91,3.6,3.8,1.92,1.86,,,,,,
2013-03-09,AZ Alkmaar,Den Haag,1.0,1.0,1.57,4.0,5.75,1.54,2.35,,,,,,
2013-03-09,Heerenveen,PSV Eindhoven,2.0,1.0,5.5,4.33,1.53,1.34,3.11,,,,,,
2013-03-09,Heracles,Nijmegen,1.0,0.0,1.95,3.6,3.6,1.45,2.59,,,,,,
2013-03-09,Willem II,VVV Venlo,1.0,0.0,2.45,3.4,2.75,1.84,1.95,,,,,,
2013-03-10,Ajax,Zwolle,3.0,0.0,1.18,7.0,13.0,1.39,2.79,,,,,,
2013-03-10,Roda,Feyenoord,0.0,1.0,4.5,3.8,1.73,1.55,2.32,,,,,,
2013-03-10,Twente,Vitesse,0.0,1.0,1.91,3.6,3.75,1.7,2.08,,,,,,
2013-03-10,Utrecht,Waalwijk,1.0,0.0,1.73,3.75,4.5,1.8,1.99,,,,,,
2013-03-15,Zwolle,Roda,3.0,2.0,2.0,3.5,3.75,1.77,2.02,,,,,,
2013-03-16,Den Haag,Vitesse,0.0,4.0,3.25,3.4,2.15,1.7,2.11,,,,,,
2013-03-16,Nijmegen,Heerenveen,1.0,3.0,2.1,3.4,3.4,1.53,2.37,,,,,,
2013-03-16,PSV Eindhoven,Waalwijk,2.0,0.0,1.18,6.5,15.0,1.3,3.31,,,,,,
2013-03-16,VVV Venlo,Heracles,0.0,2.0,2.5,3.5,2.63,1.55,2.33,,,,,,
2013-03-17,AZ Alkmaar,Ajax,2.0,3.0,4.0,3.75,1.83,1.63,2.17,,,,,,
2013-03-17,Feyenoord,Utrecht,2.0,1.0,1.4,4.5,8.0,1.52,2.41,,,,,,
2013-03-17,Groningen,Twente,0.0,3.0,3.2,3.4,2.2,1.88,1.9,,,,,,
2013-03-17,NAC Breda,Willem II,4.0,0.0,1.62,3.8,5.5,1.87,1.91,,,,,,
2013-03-30,Heerenveen,Feyenoord,2.0,0.0,3.0,3.5,2.25,1.53,2.37,,,,,,
2013-03-30,Twente,NAC Breda,1.0,1.0,1.4,4.5,8.0,1.67,2.11,,,,,,
2013-03-30,Utrecht,VVV Venlo,2.0,1.0,1.5,4.0,7.0,1.71,2.1,,,,,,
2013-03-30,Willem II,Groningen,1.0,2.0,2.88,3.4,2.38,1.93,1.85,,,,,,
2013-03-31,Ajax,Nijmegen,4.0,1.0,1.22,6.5,11.0,1.38,2.86,,,,,,
2013-03-31,Heracles,AZ Alkmaar,1.0,2.0,2.38,3.5,2.8,1.47,2.53,,,,,,
2013-03-31,Roda,PSV Eindhoven,2.0,2.0,8.0,4.5,1.4,1.39,2.81,,,,,,
2013-03-31,Vitesse,Zwolle,2.0,1.0,1.44,4.33,7.0,1.51,2.42,,,,,,
2013-03-31,Waalwijk,Den Haag,4.0,0.0,2.0,3.5,3.6,1.91,1.87,,,,,,
2013-04-05,Feyenoord,VVV Venlo,1.0,0.0,1.2,7.0,11.0,1.36,2.94,,,,,,
2013-04-06,Twente,Roda,2.0,0.0,1.36,4.5,9.0,1.52,2.4,,,,,,
2013-04-06,Vitesse,NAC Breda,3.0,0.0,1.44,4.0,8.0,1.62,2.2,,,,,,
2013-04-06,Willem II,PSV Eindhoven,1.0,3.0,13.0,5.75,1.22,1.37,2.9,,,,,,
2013-04-06,Zwolle,Waalwijk,1.0,1.0,2.2,3.25,3.3,1.99,1.8,,,,,,
2013-04-07,Ajax,Heracles,4.0,0.0,1.18,7.0,13.0,1.27,3.46,,,,,,
2013-04-07,Groningen,Heerenveen,3.0,1.0,2.38,3.4,2.8,1.63,2.19,,,,,,
2013-04-07,Nijmegen,AZ Alkmaar,1.0,1.0,2.8,3.4,2.4,1.69,2.12,,,,,,
2013-04-07,Utrecht,Den Haag,1.0,0.0,1.57,4.0,5.5,1.63,2.18,,,,,,
2013-04-12,VVV Venlo,Zwolle,0.0,2.0,2.3,3.4,3.0,1.79,2.0,,,,,,
2013-04-13,Den Haag,Twente,1.0,3.0,4.33,3.6,1.8,1.72,2.08,,,,,,
2013-04-13,Heracles,Groningen,0.0,2.0,1.91,3.6,3.75,1.55,2.35,,,,,,
2013-04-13,NAC Breda,Nijmegen,2.0,0.0,2.3,3.4,3.0,1.81,1.98,,,,,,
2013-04-13,Roda,Vitesse,3.0,3.0,3.8,3.6,1.91,1.63,2.19,,,,,,
2013-04-14,AZ Alkmaar,Utrecht,6.0,0.0,1.73,3.8,4.5,1.61,2.22,,,,,,
2013-04-14,Heerenveen,Willem II,3.0,2.0,1.29,5.5,9.5,1.43,2.65,,,,,,
2013-04-14,PSV Eindhoven,Ajax,2.0,3.0,2.2,3.6,3.0,1.52,2.4,,,,,,
2013-04-14,Waalwijk,Feyenoord,1.0,1.0,4.0,3.75,1.83,1.79,1.99,,,,,,
2013-04-19,Ajax,Heerenveen,1.0,1.0,1.17,7.5,13.0,1.43,2.66,,,,,,
2013-04-20,AZ Alkmaar,PSV Eindhoven,1.0,3.0,4.0,3.8,1.8,1.25,3.72,,,,,,
2013-04-20,Groningen,Den Haag,2.0,1.0,1.7,3.8,4.75,1.67,2.12,,,,,,
2013-04-20,Heracles,Waalwijk,4.0,0.0,2.0,3.6,3.5,1.61,2.21,,,,,,
2013-04-20,Willem II,Roda,2.0,1.0,2.8,3.5,2.4,1.59,2.25,,,,,,
2013-04-21,Feyenoord,Vitesse,2.0,0.0,1.8,3.6,4.33,1.54,2.35,,,,,,
2013-04-21,Nijmegen,Zwolle,1.0,3.0,2.0,3.6,3.5,1.76,2.03,,,,,,
2013-04-21,Utrecht,NAC Breda,3.0,0.0,1.73,3.75,4.5,1.64,2.17,,,,,,
2013-04-21,VVV Venlo,Twente,2.0,2.0,5.0,4.0,1.62,1.61,2.23,,,,,,
2013-04-26,Heerenveen,AZ Alkmaar,0.0,4.0,2.5,3.4,2.7,1.46,2.59,,,,,,
2013-04-27,Den Haag,VVV Venlo,1.0,1.0,2.15,3.5,3.2,1.64,2.17,,,,,,
2013-04-27,NAC Breda,Ajax,0.0,2.0,9.0,5.5,1.3,1.4,2.76,,,,,,
2013-04-27,PSV Eindhoven,Groningen,5.0,2.0,1.17,7.5,13.0,1.27,3.47,,,,,,
2013-04-27,Roda,Waalwijk,3.0,1.0,2.1,3.4,3.4,1.82,1.97,,,,,,
2013-04-28,Feyenoord,Heracles,6.0,0.0,1.22,6.0,13.0,1.36,2.97,,,,,,
2013-04-28,Twente,Nijmegen,5.0,2.0,1.36,5.0,7.5,1.52,2.41,,,,,,
2013-04-28,Vitesse,Willem II,3.0,1.0,1.29,5.75,8.5,1.36,2.97,,,,,,
2013-04-28,Zwolle,Utrecht,1.0,2.0,2.25,3.4,3.1,1.73,2.07,,,,,,
2013-05-05,Ajax,Willem II,5.0,0.0,1.08,10.0,23.0,1.2,4.13,,,,,,
2013-05-05,AZ Alkmaar,Zwolle,4.0,0.0,1.57,4.0,5.5,1.48,2.53,,,,,,
2013-05-05,Den Haag,Feyenoord,2.0,0.0,7.0,4.33,1.44,1.48,2.52,,,,,,
2013-05-05,Heerenveen,Utrecht,2.0,4.0,1.83,3.75,4.0,1.43,2.68,,,,,,
2013-05-05,Heracles,Twente,1.0,1.0,4.0,3.6,1.85,1.42,2.71,,,,,,
2013-05-05,NAC Breda,Roda,5.0,3.0,2.2,3.4,3.2,1.6,2.24,,,,,,
2013-05-05,PSV Eindhoven,Nijmegen,4.0,2.0,1.14,8.0,15.0,1.2,4.2,,,,,,
2013-05-05,VVV Venlo,Groningen,0.0,0.0,2.5,3.3,2.75,1.63,2.19,,,,,,
2013-05-05,Waalwijk,Vitesse,3.0,2.0,3.25,3.5,2.15,1.52,2.41,,,,,,
2013-05-12,Feyenoord,NAC Breda,1.0,0.0,1.29,5.2,8.0,1.44,2.62,,,,,,
2013-05-12,Groningen,Ajax,0.0,2.0,4.33,3.75,1.67,1.51,2.42,,,,,,
2013-05-12,Nijmegen,Waalwijk,1.0,2.0,1.8,3.5,4.0,1.64,2.16,,,,,,
2013-05-12,Roda,Heerenveen,1.0,0.0,3.6,3.4,1.91,1.41,2.71,,,,,,
2013-05-12,Twente,PSV Eindhoven,3.0,1.0,2.75,3.5,2.25,1.31,3.3,,,,,,
2013-05-12,Utrecht,Heracles,3.0,0.0,1.57,3.9,4.5,1.44,2.68,,,,,,
2013-05-12,Vitesse,VVV Venlo,0.0,1.0,1.2,6.0,11.0,1.44,2.61,,,,,,
2013-05-12,Willem II,AZ Alkmaar,2.0,0.0,6.5,4.0,1.44,1.4,2.77,,,,,,
2013-05-12,Zwolle,Den Haag,4.0,2.0,2.6,3.4,2.3,1.5,2.49,,,,,,
2013-08-02,Ajax,Roda,3.0,0.0,1.14,8.0,16.0,1.31,3.26,,,,,,
2013-08-03,Den Haag,PSV Eindhoven,2.0,3.0,6.5,4.5,1.45,1.38,2.9,,,,,,
2013-08-03,Heerenveen,AZ Alkmaar,4.0,2.0,2.63,3.5,2.5,1.55,2.35,,,,,,
2013-08-03,Nijmegen,Groningen,1.0,4.0,2.25,3.4,3.1,1.81,1.98,,,,,,
2013-08-03,Twente,Waalwijk,0.0,0.0,1.44,4.33,7.0,1.74,2.06,,,,,,
2013-08-04,Cambuur,NAC Breda,0.0,0.0,2.2,3.5,3.1,1.72,2.09,,,,,,
2013-08-04,Utrecht,Go Ahead Eagles,1.0,1.0,1.67,4.0,4.75,1.6,2.25,,,,,,
2013-08-04,Vitesse,Heracles,3.0,1.0,1.62,4.0,5.0,1.54,2.38,,,,,,
2013-08-04,Zwolle,Feyenoord,2.0,1.0,4.0,3.75,1.83,1.58,2.29,,,,,,
2013-08-09,Roda,Cambuur,2.0,0.0,1.73,3.8,4.5,1.75,2.06,,,,,,
2013-08-10,Go Ahead Eagles,Den Haag,2.0,1.0,2.1,3.5,3.3,1.74,2.08,,,,,,
2013-08-10,Heracles,Zwolle,1.0,3.0,1.91,3.6,3.8,1.57,2.27,,,,,,
2013-08-10,NAC Breda,Heerenveen,0.0,2.0,2.7,3.4,2.5,1.66,2.12,,,,,,
2013-08-10,PSV Eindhoven,Nijmegen,5.0,0.0,1.14,8.0,15.0,1.25,3.74,,,,,,
2013-08-11,AZ Alkmaar,Ajax,3.0,2.0,4.5,3.75,1.73,1.58,2.3,,,,,,
2013-08-11,Feyenoord,Twente,1.0,4.0,1.83,3.6,4.2,1.88,1.91,,,,,,
2013-08-11,Groningen,Utrecht,2.0,0.0,1.83,3.75,4.0,1.76,2.04,,,,,,
2013-08-11,Waalwijk,Vitesse,4.0,2.0,3.0,3.4,2.3,1.72,2.1,,,,,,
2013-08-17,Cambuur,Groningen,4.0,1.0,3.0,3.4,2.3,1.74,2.07,,,,,,
2013-08-17,Nijmegen,Zwolle,1.0,5.0,2.45,3.3,2.8,1.62,2.21,,,,,,
2013-08-17,PSV Eindhoven,Go Ahead Eagles,3.0,0.0,1.14,8.0,15.0,1.22,4.07,,,,,,
2013-08-17,Roda,Vitesse,1.0,1.0,2.75,3.5,2.4,1.56,2.34,,,,,,
2013-08-17,Waalwijk,AZ Alkmaar,1.0,2.0,3.25,3.5,2.1,1.61,2.25,,,,,,
2013-08-18,Ajax,Feyenoord,2.0,1.0,1.36,4.5,9.0,1.43,2.71,,,,,,
2013-08-18,Heerenveen,Heracles,2.0,4.0,1.53,4.33,5.5,1.33,3.17,,,,,,
2013-08-18,NAC Breda,Den Haag,1.0,2.0,2.1,3.5,3.25,1.75,2.05,,,,,,
2013-08-18,Twente,Utrecht,6.0,0.0,1.45,4.0,8.0,1.62,2.23,,,,,,
2013-08-23,Heerenveen,Ajax,3.0,3.0,6.0,4.33,1.5,1.34,3.14,,,,,,
2013-08-24,Den Haag,Roda,0.0,4.0,2.0,3.6,3.5,1.54,2.38,,,,,,
2013-08-24,Heracles,PSV Eindhoven,1.0,1.0,8.0,4.5,1.4,1.27,3.55,,,,,,
2013-08-24,Nijmegen,Waalwijk,2.0,2.0,2.5,3.4,2.7,1.62,2.23,,,,,,
2013-08-24,Zwolle,Cambuur,2.0,0.0,1.53,4.0,6.0,1.61,2.24,,,,,,
2013-08-25,Feyenoord,NAC Breda,3.0,1.0,1.29,5.25,11.0,1.44,2.68,,,,,,
2013-08-25,Go Ahead Eagles,Groningen,3.0,3.0,2.63,3.5,2.5,1.69,2.13,,,,,,
2013-08-25,Utrecht,AZ Alkmaar,2.0,0.0,3.5,3.6,2.0,1.61,2.24,,,,,,
2013-08-25,Vitesse,Twente,1.0,0.0,3.0,3.6,2.2,1.63,2.2,,,,,,
2013-08-30,NAC Breda,Nijmegen,1.0,1.0,2.05,3.5,3.4,1.65,2.2,,,,,,
2013-08-31,Heracles,Den Haag,1.0,0.0,1.73,3.9,4.33,1.43,2.68,,,,,,
2013-08-31,PSV Eindhoven,Cambuur,0.0,0.0,1.14,8.0,16.0,1.23,3.89,,,,,,
2013-08-31,Twente,Heerenveen,1.0,1.0,1.44,4.5,6.5,1.4,2.81,,,,,,
2013-08-31,Waalwijk,Go Ahead Eagles,1.0,4.0,1.8,3.6,4.33,1.59,2.27,,,,,,
2013-09-01,AZ Alkmaar,Vitesse,1.0,1.0,1.83,3.75,4.0,1.52,2.44,,,,,,
2013-09-01,Feyenoord,Roda,4.0,0.0,1.4,4.75,7.5,1.48,2.54,,,,,,
2013-09-01,Groningen,Ajax,1.0,1.0,6.0,4.33,1.5,1.42,2.71,,,,,,
2013-09-01,Zwolle,Utrecht,1.0,1.0,1.8,3.75,4.2,1.58,2.3,,,,,,
2013-09-14,Ajax,Zwolle,2.0,1.0,1.36,5.0,7.5,1.39,2.84,,,,,,
2013-09-14,Cambuur,Heracles,2.0,0.0,2.25,3.5,3.0,1.59,2.28,,,,,,
2013-09-14,Twente,PSV Eindhoven,2.0,2.0,2.4,3.5,2.8,1.56,2.34,,,,,,
2013-09-15,AZ Alkmaar,Go Ahead Eagles,3.0,0.0,1.36,5.0,8.0,1.39,2.84,,,,,,
2013-09-15,Heerenveen,Groningen,4.0,2.0,1.83,3.75,4.0,1.52,2.46,,,,,,
2013-09-15,Nijmegen,Feyenoord,3.0,3.0,5.0,3.75,1.67,1.59,2.27,,,,,,
2013-09-15,Roda,NAC Breda,1.0,5.0,1.73,3.75,4.5,1.66,2.16,,,,,,
2013-09-15,Utrecht,Waalwijk,2.0,1.0,1.8,3.5,4.5,1.69,2.15,,,,,,
2013-09-20,Go Ahead Eagles,Cambuur,0.0,0.0,2.1,3.6,3.2,1.64,2.22,,,,,,
2013-09-21,Den Haag,Nijmegen,1.0,1.0,2.0,3.5,3.6,1.57,2.32,,,,,,
2013-09-21,Groningen,Waalwijk,4.0,1.0,1.73,3.6,4.75,1.55,2.37,,,,,,
2013-09-21,Heracles,Twente,0.0,3.0,5.0,3.75,1.67,1.53,2.4,,,,,,
2013-09-21,Roda,Heerenveen,3.0,3.0,2.63,3.5,2.5,1.39,2.86,,,,,,
2013-09-22,Feyenoord,Utrecht,1.0,0.0,1.33,4.75,9.5,1.49,2.51,,,,,,
2013-09-22,NAC Breda,AZ Alkmaar,3.0,0.0,3.4,3.4,2.1,1.62,2.22,,,,,,
2013-09-22,PSV Eindhoven,Ajax,4.0,0.0,2.05,3.4,3.5,1.56,2.35,,,,,,
2013-09-22,Vitesse,Zwolle,3.0,0.0,1.95,3.6,3.6,1.61,2.24,,,,,,
2013-09-28,Ajax,Go Ahead Eagles,6.0,0.0,1.22,5.75,13.0,1.37,2.98,,,,,,
2013-09-28,AZ Alkmaar,PSV Eindhoven,2.0,1.0,3.75,3.4,2.0,1.53,2.42,,,,,,
2013-09-28,Utrecht,Roda,3.0,3.0,1.85,3.6,4.0,1.6,2.27,,,,,,
2013-09-28,Waalwijk,Heracles,1.0,4.0,2.1,3.5,3.25,1.57,2.31,,,,,,
2013-09-28,Zwolle,NAC Breda,0.0,0.0,1.67,3.75,5.0,1.68,2.16,,,,,,
2013-09-29,Feyenoord,Den Haag,4.0,2.0,1.29,5.5,9.5,1.41,2.77,,,,,,
2013-09-29,Heerenveen,Cambuur,2.0,1.0,1.67,3.8,5.0,1.39,2.88,,,,,,
2013-09-29,Nijmegen,Vitesse,2.0,3.0,3.4,3.5,2.05,1.56,2.34,,,,,,
2013-09-29,Twente,Groningen,5.0,0.0,1.33,4.75,10.0,1.45,2.64,,,,,,
2013-10-02,Den Haag,Vitesse,2.0,1.0,4.0,3.6,1.85,1.52,2.44,,,,,,
2013-10-04,Cambuur,Twente,0.0,1.0,5.25,3.9,1.62,1.61,2.27,,,,,,
2013-10-05,Go Ahead Eagles,Nijmegen,4.0,3.0,2.05,3.5,3.4,1.56,2.33,,,,,,
2013-10-05,NAC Breda,Heracles,2.0,1.0,2.05,3.4,3.5,1.6,2.26,,,,,,
2013-10-05,Roda,Zwolle,0.0,0.0,2.5,3.3,2.75,1.53,2.41,,,,,,
2013-10-06,Ajax,Utrecht,3.0,0.0,1.29,5.5,9.5,1.31,3.28,,,,,,
2013-10-06,Groningen,AZ Alkmaar,2.0,1.0,2.75,3.3,2.5,1.57,2.31,,,,,,
2013-10-06,PSV Eindhoven,Waalwijk,2.0,1.0,1.17,7.0,15.0,1.26,3.64,,,,,,
2013-10-06,Vitesse,Feyenoord,1.0,2.0,2.63,3.5,2.5,1.55,2.36,,,,,,
2013-10-19,Go Ahead Eagles,Feyenoord,2.0,2.0,5.25,3.75,1.65,1.5,2.49,,,,,,
2013-10-19,Heerenveen,Vitesse,2.0,3.0,2.2,3.6,3.0,1.43,2.67,,,,,,
2013-10-19,Twente,Ajax,1.0,1.0,2.1,3.6,3.2,1.6,2.26,,,,,,
2013-10-19,Utrecht,NAC Breda,4.0,2.0,1.91,3.6,3.75,1.7,2.1,,,,,,
2013-10-19,Waalwijk,Roda,1.0,2.0,2.05,3.6,3.3,1.55,2.36,,,,,,
2013-10-20,AZ Alkmaar,Cambuur,3.0,1.0,1.53,4.0,6.0,1.61,2.25,,,,,,
2013-10-20,Groningen,PSV Eindhoven,1.0,0.0,4.75,4.0,1.67,1.59,2.29,,,,,,
2013-10-20,Heracles,Nijmegen,1.0,1.0,1.67,4.0,4.75,1.43,2.67,,,,,,
2013-10-20,Zwolle,Den Haag,6.0,1.0,1.55,4.0,5.75,1.63,2.2,,,,,,
2013-10-25,Nijmegen,Heerenveen,2.0,1.0,3.1,3.6,2.15,1.41,2.75,,,,,,
2013-10-26,Ajax,Waalwijk,0.0,0.0,1.17,7.25,13.0,1.29,3.42,,,,,,
2013-10-26,Cambuur,Utrecht,3.0,1.0,2.25,3.5,3.0,1.73,2.07,,,,,,
2013-10-26,Den Haag,Twente,3.0,2.0,7.0,4.75,1.4,1.55,2.34,,,,,,
2013-10-26,NAC Breda,Go Ahead Eagles,5.0,0.0,1.8,3.75,4.2,1.56,2.31,,,,,,
2013-10-27,Feyenoord,Heracles,1.0,2.0,1.29,5.5,9.5,1.32,3.2,,,,,,
2013-10-27,Roda,PSV Eindhoven,2.0,1.0,4.33,4.2,1.67,1.51,2.44,,,,,,
2013-10-27,Vitesse,Groningen,2.0,2.0,1.73,4.0,4.2,1.48,2.52,,,,,,
2013-10-27,Zwolle,AZ Alkmaar,0.0,2.0,2.1,3.6,3.2,1.59,2.26,,,,,,
2013-11-01,Waalwijk,NAC Breda,3.0,0.0,2.4,3.5,2.75,1.69,2.13,,,,,,
2013-11-02,Ajax,Vitesse,0.0,1.0,1.5,4.33,6.0,1.35,3.0,,,,,,
2013-11-02,AZ Alkmaar,Den Haag,2.0,0.0,1.33,4.75,9.5,1.49,2.49,,,,,,
2013-11-02,PSV Eindhoven,Zwolle,1.0,1.0,1.33,5.0,8.5,1.39,2.81,,,,,,
2013-11-02,Twente,Nijmegen,2.0,2.0,1.2,7.0,11.0,1.34,3.09,,,,,,
2013-11-03,Cambuur,Feyenoord,0.0,2.0,3.5,3.6,2.0,1.71,2.07,,,,,,
2013-11-03,Groningen,Roda,3.0,3.0,1.91,3.6,3.8,1.51,2.44,,,,,,
2013-11-03,Utrecht,Heerenveen,2.0,0.0,2.15,3.5,3.2,1.44,2.63,,,,,,
2013-11-08,Heerenveen,Waalwijk,5.0,2.0,1.5,4.33,6.0,1.39,2.82,,,,,,
2013-11-09,Den Haag,Cambuur,3.0,0.0,2.38,3.4,2.9,1.77,2.0,,,,,,
2013-11-09,Heracles,Groningen,0.0,3.0,2.1,3.5,3.3,1.47,2.53,,,,,,
2013-11-09,Roda,Go Ahead Eagles,1.0,4.0,1.62,3.8,5.5,1.39,2.77,,,,,,
2013-11-09,Vitesse,Utrecht,3.0,1.0,1.44,4.33,7.0,1.4,2.76,,,,,,
2013-11-10,Feyenoord,AZ Alkmaar,2.0,2.0,1.85,3.6,4.0,1.63,2.17,,,,,,
2013-11-10,NAC Breda,PSV Eindhoven,2.0,1.0,5.75,4.0,1.57,1.49,2.47,,,,,,
2013-11-10,Nijmegen,Ajax,0.0,3.0,6.0,4.33,1.5,1.38,2.85,,,,,,
2013-11-10,Zwolle,Twente,1.0,1.0,3.5,3.6,2.0,1.65,2.13,,,,,,
2013-11-23,Ajax,Heracles,3.0,0.0,1.22,6.0,12.0,1.33,3.1,,,,,,
2013-11-23,AZ Alkmaar,Roda,2.0,2.0,1.4,4.75,7.0,1.41,2.73,,,,,,
2013-11-23,Cambuur,Nijmegen,2.0,1.0,1.8,3.8,4.0,1.66,2.14,,,,,,
2013-11-23,PSV Eindhoven,Heerenveen,1.0,1.0,1.33,5.5,7.5,1.32,3.17,,,,,,
2013-11-24,Go Ahead Eagles,Vitesse,0.0,3.0,4.0,3.75,1.83,1.4,2.77,,,,,,
2013-11-24,Groningen,Zwolle,0.0,0.0,2.2,3.5,3.1,1.57,2.28,,,,,,
2013-11-24,Twente,NAC Breda,5.0,2.0,1.33,5.0,8.5,1.47,2.52,,,,,,
2013-11-24,Utrecht,Den Haag,3.0,0.0,1.75,3.75,4.33,1.54,2.34,,,,,,
2013-11-24,Waalwijk,Feyenoord,1.0,0.0,5.25,3.8,1.65,1.53,2.35,,,,,,
2013-11-29,Roda,Twente,1.0,2.0,4.5,3.8,1.73,1.48,2.54,,,,,,
2013-11-30,Heerenveen,Go Ahead Eagles,3.0,1.0,1.5,4.33,6.0,1.32,3.15,,,,,,
2013-11-30,Heracles,Utrecht,1.0,2.0,1.91,3.6,3.8,1.53,2.35,,,,,,
2013-11-30,NAC Breda,Groningen,2.0,2.0,2.5,3.4,2.7,1.63,2.18,,,,,,
2013-11-30,Zwolle,Waalwijk,1.0,1.0,1.57,4.0,5.5,1.65,2.14,,,,,,
2013-12-01,Den Haag,Ajax,0.0,4.0,6.0,4.75,1.44,1.52,2.39,,,,,,
2013-12-01,Feyenoord,PSV Eindhoven,3.0,1.0,2.25,3.4,3.0,1.6,2.21,,,,,,
2013-12-01,Nijmegen,AZ Alkmaar,3.0,2.0,3.8,3.6,1.91,1.56,2.27,,,,,,
2013-12-01,Vitesse,Cambuur,3.0,0.0,1.36,4.75,8.0,1.43,2.62,,,,,,
2013-12-04,Den Haag,Heerenveen,1.0,1.0,2.88,3.6,2.3,1.47,2.54,,,,,,
2013-12-04,Go Ahead Eagles,Heracles,1.0,1.0,2.25,3.5,3.0,1.43,2.67,,,,,,
2013-12-06,Utrecht,Nijmegen,2.0,0.0,1.91,3.6,3.75,1.51,2.44,,,,,,
2013-12-07,Ajax,NAC Breda,4.0,0.0,1.22,6.5,11.0,1.36,2.97,,,,,,
2013-12-07,AZ Alkmaar,Twente,1.0,2.0,2.88,3.4,2.38,1.6,2.23,,,,,,
2013-12-07,PSV Eindhoven,Vitesse,2.0,6.0,1.91,3.75,3.6,1.48,2.5,,,,,,
2013-12-07,Waalwijk,Cambuur,2.0,2.0,2.1,3.4,3.4,1.77,2.02,,,,,,
2013-12-08,Go Ahead Eagles,Zwolle,4.0,1.0,2.63,3.4,2.6,1.62,2.19,,,,,,
2013-12-08,Groningen,Den Haag,1.0,2.0,1.55,4.2,5.5,1.52,2.4,,,,,,
2013-12-08,Heerenveen,Feyenoord,1.0,2.0,3.0,3.5,2.25,1.46,2.56,,,,,,
2013-12-08,Roda,Heracles,1.0,3.0,1.95,3.75,3.5,1.49,2.48,,,,,,
2013-12-13,Zwolle,Heerenveen,1.0,2.0,2.1,3.6,3.25,1.54,2.37,,,,,,
2013-12-14,Den Haag,Waalwijk,1.0,2.0,2.0,3.5,3.6,1.66,2.11,,,,,,
2013-12-14,Nijmegen,Roda,4.0,3.0,2.25,3.5,3.0,1.49,2.47,,,,,,
2013-12-14,Twente,Go Ahead Eagles,3.0,1.0,1.22,6.0,13.0,1.33,3.16,,,,,,
2013-12-15,Cambuur,Ajax,1.0,2.0,5.0,4.33,1.57,1.58,2.26,,,,,,
2013-12-15,Feyenoord,Groningen,1.0,0.0,1.33,4.75,10.0,1.39,2.81,,,,,,
2013-12-15,Heracles,AZ Alkmaar,2.0,0.0,2.75,3.5,2.4,1.54,2.35,,,,,,
2013-12-15,Utrecht,PSV Eindhoven,1.0,5.0,3.1,3.5,2.2,1.52,2.39,,,,,,
2013-12-15,Vitesse,NAC Breda,3.0,2.0,1.25,5.5,12.0,1.37,2.91,,,,,,
2013-12-20,Waalwijk,Twente,1.0,1.0,6.5,4.5,1.44,1.54,2.37,,,,,,
2013-12-21,AZ Alkmaar,Heerenveen,1.0,5.0,1.8,3.6,4.33,1.49,2.48,,,,,,
2013-12-21,Feyenoord,Zwolle,3.0,0.0,1.36,4.33,10.0,1.47,2.55,,,,,,
2013-12-21,Heracles,Vitesse,2.0,2.0,4.5,3.5,1.8,1.49,2.49,,,,,,
2013-12-21,NAC Breda,Cambuur,1.0,0.0,2.05,3.5,3.4,1.78,2.01,,,,,,
2013-12-22,Go Ahead Eagles,Utrecht,2.0,1.0,2.1,3.6,3.25,1.53,2.38,,,,,,
2013-12-22,Groningen,Nijmegen,5.0,2.0,1.67,4.0,4.75,1.49,2.49,,,,,,
2013-12-22,PSV Eindhoven,Den Haag,2.0,0.0,1.22,6.5,11.0,1.28,3.35,,,,,,
2013-12-22,Roda,Ajax,1.0,2.0,5.5,4.33,1.53,1.44,1.64,,,,,,
2014-01-17,Twente,Heracles,3.0,1.0,1.25,6.5,9.0,1.4,2.81,,,,,,
2014-01-18,AZ Alkmaar,NAC Breda,3.0,0.0,1.57,4.1,5.5,1.54,2.36,,,,,,
2014-01-18,Heerenveen,Roda,2.0,2.0,1.62,4.2,4.75,1.37,2.9,,,,,,
2014-01-18,Waalwijk,Groningen,1.0,1.0,2.63,3.5,2.5,1.61,2.23,,,,,,
2014-01-18,Zwolle,Vitesse,1.0,2.0,4.0,3.75,1.83,1.61,2.22,,,,,,
2014-01-19,Ajax,PSV Eindhoven,1.0,0.0,1.62,4.0,5.25,1.57,2.29,,,,,,
2014-01-19,Cambuur,Go Ahead Eagles,2.0,0.0,1.91,3.6,3.75,1.68,2.14,,,,,,
2014-01-19,Nijmegen,Den Haag,3.0,1.0,2.1,3.5,3.25,1.61,2.22,,,,,,
2014-01-19,Utrecht,Feyenoord,2.0,5.0,4.25,3.8,1.75,1.63,2.18,,,,,,
2014-01-24,Heracles,Waalwijk,2.0,1.0,1.67,3.8,5.0,1.55,2.34,,,,,,
2014-01-25,Den Haag,Feyenoord,3.0,2.0,6.0,4.33,1.5,1.5,2.45,,,,,,
2014-01-25,NAC Breda,Zwolle,1.0,2.0,2.3,3.6,2.88,1.76,2.02,,,,,,
2014-01-25,PSV Eindhoven,AZ Alkmaar,1.0,0.0,1.62,4.2,4.75,1.5,2.45,,,,,,
2014-01-25,Roda,Utrecht,1.0,0.0,1.91,3.6,3.8,1.48,2.51,,,,,,
2014-01-26,Cambuur,Heerenveen,3.0,1.0,2.6,3.6,2.5,1.61,2.22,,,,,,
2014-01-26,Go Ahead Eagles,Ajax,0.0,1.0,6.5,4.5,1.44,1.41,2.72,,,,,,
2014-01-26,Vitesse,Nijmegen,1.0,1.0,1.25,6.0,10.0,1.32,3.16,,,,,,
2014-01-31,Feyenoord,Vitesse,1.0,1.0,1.8,3.75,4.2,1.5,2.49,,,,,,
2014-02-01,AZ Alkmaar,Groningen,2.0,0.0,1.73,4.0,4.2,1.51,2.45,,,,,,
2014-02-01,Heerenveen,Den Haag,3.0,0.0,1.5,4.5,5.75,1.34,3.06,,,,,,
2014-02-01,Heracles,NAC Breda,1.0,2.0,1.73,3.75,4.5,1.56,2.33,,,,,,
2014-02-01,Zwolle,Roda,3.0,1.0,1.73,3.6,4.75,1.57,2.3,,,,,,
2014-02-02,Nijmegen,Go Ahead Eagles,1.0,1.0,1.75,3.8,4.33,1.47,2.54,,,,,,
2014-02-02,Twente,Cambuur,3.0,1.0,1.25,6.5,9.0,1.52,2.41,,,,,,
2014-02-02,Utrecht,Ajax,1.0,1.0,6.0,4.75,1.44,1.46,2.56,,,,,,
2014-02-02,Waalwijk,PSV Eindhoven,2.0,0.0,6.0,4.33,1.5,1.54,2.36,,,,,,
2014-02-04,Den Haag,Heracles,0.0,3.0,2.2,3.6,3.0,1.54,2.4,,,,,,
2014-02-04,Roda,Feyenoord,1.0,2.0,4.75,4.33,1.62,1.45,2.63,,,,,,
2014-02-04,Vitesse,AZ Alkmaar,0.0,2.0,1.62,4.0,5.0,1.52,2.43,,,,,,
2014-02-05,Cambuur,PSV Eindhoven,1.0,2.0,4.2,3.6,1.83,1.71,2.1,,,,,,
2014-02-05,Go Ahead Eagles,Waalwijk,2.0,2.0,2.05,3.6,3.4,1.59,2.26,,,,,,
2014-02-05,Heerenveen,Twente,0.0,2.0,3.6,3.6,1.95,1.49,2.53,,,,,,
2014-02-05,Nijmegen,NAC Breda,1.0,1.0,1.91,3.6,3.8,1.58,2.31,,,,,,
2014-02-06,Ajax,Groningen,2.0,1.0,1.22,6.0,13.0,1.44,2.67,,,,,,
2014-02-06,Utrecht,Zwolle,1.0,2.0,2.38,3.4,2.88,1.7,2.1,,,,,,
2014-02-07,Vitesse,Den Haag,0.0,0.0,1.22,5.75,13.0,1.33,3.17,,,,,,
2014-02-08,Feyenoord,Nijmegen,5.0,1.0,1.22,6.5,11.0,1.34,3.09,,,,,,
2014-02-08,Go Ahead Eagles,AZ Alkmaar,2.0,1.0,3.5,3.6,2.0,1.57,2.3,,,,,,
2014-02-08,NAC Breda,Roda,2.0,0.0,2.05,3.6,3.3,1.55,2.34,,,,,,
2014-02-08,PSV Eindhoven,Twente,3.0,2.0,2.3,3.5,2.9,1.57,2.29,,,,,,
2014-02-09,Groningen,Heerenveen,1.0,3.0,2.05,3.6,3.3,1.46,2.58,,,,,,
2014-02-09,Heracles,Cambuur,1.0,1.0,1.85,3.75,3.9,1.62,2.2,,,,,,
2014-02-09,Waalwijk,Utrecht,5.0,2.0,2.0,3.6,3.5,1.57,2.31,,,,,,
2014-02-09,Zwolle,Ajax,1.0,1.0,5.75,3.9,1.57,1.54,2.37,,,,,,
2014-02-12,Groningen,Twente,1.0,1.0,4.33,4.0,1.7,1.56,2.34,,,,,,
2014-02-14,PSV Eindhoven,Heracles,2.0,1.0,1.33,4.75,9.5,1.38,2.88,,,,,,
2014-02-15,AZ Alkmaar,Utrecht,1.0,1.0,1.44,4.5,6.5,1.52,2.4,,,,,,
2014-02-15,Roda,Den Haag,0.0,1.0,1.91,3.75,3.6,1.61,2.23,,,,,,
2014-02-15,Twente,Vitesse,2.0,0.0,1.67,4.0,4.75,1.52,2.4,,,,,,
2014-02-15,Waalwijk,Nijmegen,1.0,3.0,2.2,3.6,3.0,1.56,2.33,,,,,,
2014-02-16,Ajax,Heerenveen,3.0,0.0,1.3,5.5,9.0,1.37,2.94,,,,,,
2014-02-16,Cambuur,Zwolle,3.0,1.0,2.1,3.4,3.4,2.01,1.76,,,,,,
2014-02-16,Groningen,Go Ahead Eagles,1.0,0.0,1.6,4.2,5.0,1.53,2.39,,,,,,
2014-02-16,NAC Breda,Feyenoord,1.0,1.0,5.25,4.0,1.53,1.53,2.38,,,,,,
2014-02-21,Den Haag,Go Ahead Eagles,3.0,2.0,1.95,3.6,3.6,1.6,2.27,,,,,,
2014-02-22,Cambuur,Roda,1.0,0.0,1.73,3.9,4.33,1.66,2.11,,,,,,
2014-02-22,Heerenveen,NAC Breda,0.0,0.0,1.57,4.2,5.25,1.43,2.65,,,,,,
2014-02-22,Nijmegen,PSV Eindhoven,0.0,2.0,4.6,3.6,1.75,1.49,2.5,,,,,,
2014-02-22,Zwolle,Heracles,1.0,1.0,1.91,3.5,3.9,1.66,2.12,,,,,,
2014-02-23,Ajax,AZ Alkmaar,4.0,0.0,1.36,4.75,8.5,1.52,2.42,,,,,,
2014-02-23,Twente,Feyenoord,2.0,2.0,1.91,3.6,3.75,1.56,2.32,,,,,,
2014-02-23,Utrecht,Groningen,1.0,0.0,2.25,3.5,3.0,1.63,2.18,,,,,,
2014-02-23,Vitesse,Waalwijk,3.0,1.0,1.3,5.5,9.0,1.45,2.61,,,,,,
2014-02-28,Heracles,Heerenveen,1.0,2.0,2.25,3.6,2.9,1.5,2.48,,,,,,
2014-03-01,Den Haag,NAC Breda,1.0,1.0,1.95,3.6,3.6,1.68,2.12,,,,,,
2014-03-01,Go Ahead Eagles,PSV Eindhoven,2.0,3.0,5.25,4.2,1.57,1.45,2.6,,,,,,
2014-03-01,Vitesse,Roda,3.0,0.0,1.25,6.0,10.0,1.43,2.66,,,,,,
2014-03-01,Zwolle,Nijmegen,3.0,3.0,1.85,3.6,3.8,1.61,2.22,,,,,,
2014-03-02,AZ Alkmaar,Waalwijk,4.0,0.0,1.4,5.0,6.5,1.52,2.41,,,,,,
2014-03-02,Feyenoord,Ajax,1.0,2.0,2.15,3.5,3.2,1.65,2.14,,,,,,
2014-03-02,Groningen,Cambuur,1.0,1.0,1.91,3.6,3.8,1.69,2.1,,,,,,
2014-03-02,Utrecht,Twente,1.0,1.0,4.5,4.2,1.67,1.53,2.38,,,,,,
2014-03-08,AZ Alkmaar,Heracles,4.0,0.0,1.5,4.33,6.0,1.49,2.53,,,,,,
2014-03-08,Heerenveen,Zwolle,3.0,0.0,1.55,4.33,5.25,1.52,2.43,,,,,,
2014-03-08,NAC Breda,Vitesse,1.0,2.0,4.2,4.0,1.75,1.62,2.21,,,,,,
2014-03-08,PSV Eindhoven,Utrecht,1.0,0.0,1.22,6.0,13.0,1.4,2.8,,,,,,
2014-03-08,Roda,Nijmegen,3.0,1.0,2.3,3.5,2.88,1.51,2.45,,,,,,
2014-03-09,Ajax,Cambuur,1.0,1.0,1.2,6.5,13.0,1.5,2.48,,,,,,
2014-03-09,Go Ahead Eagles,Twente,1.0,0.0,6.5,4.5,1.44,1.49,2.5,,,,,,
2014-03-09,Groningen,Feyenoord,0.0,2.0,4.0,3.6,1.85,1.58,2.3,,,,,,
2014-03-09,Waalwijk,Den Haag,1.0,1.0,2.45,3.4,2.75,1.64,2.18,,,,,,
2014-03-14,Cambuur,Waalwijk,3.0,2.0,1.44,4.2,7.5,1.67,2.13,,,,,,
2014-03-15,Den Haag,Groningen,2.0,1.0,2.15,3.4,3.3,1.65,2.16,,,,,,
2014-03-15,Heracles,Roda,2.0,1.0,1.62,3.8,5.5,1.51,2.47,,,,,,
2014-03-15,Vitesse,PSV Eindhoven,1.0,2.0,2.3,3.5,2.9,1.51,2.46,,,,,,
2014-03-16,Feyenoord,Heerenveen,2.0,0.0,1.44,4.2,7.5,1.44,2.66,,,,,,
2014-03-16,NAC Breda,Ajax,0.0,0.0,7.0,4.33,1.44,1.62,2.21,,,,,,
2014-03-16,Nijmegen,Utrecht,2.0,2.0,1.91,3.6,3.8,1.53,2.4,,,,,,
2014-03-16,Twente,AZ Alkmaar,2.0,1.0,1.5,4.25,6.0,1.53,2.4,,,,,,
2014-03-16,Zwolle,Go Ahead Eagles,2.0,0.0,2.05,3.6,3.3,1.66,2.14,,,,,,
2014-03-22,Groningen,Vitesse,3.0,1.0,3.3,3.5,2.1,1.64,2.19,,,,,,
2014-03-22,Heerenveen,Nijmegen,2.0,2.0,1.62,4.2,4.75,1.37,2.83,,,,,,
2014-03-22,PSV Eindhoven,Roda,3.0,1.0,1.18,7.0,13.0,1.31,3.22,,,,,,
2014-03-23,AZ Alkmaar,Zwolle,2.0,1.0,1.5,4.33,6.0,1.53,2.39,,,,,,
2014-03-28,NAC Breda,Utrecht,2.0,2.0,2.3,3.6,2.88,1.85,1.92,,,,,,
2014-03-29,Nijmegen,Heracles,1.0,2.0,2.1,3.6,3.2,1.44,2.64,,,,,,
2014-03-29,PSV Eindhoven,Groningen,2.0,3.0,1.25,6.0,10.0,1.39,2.87,,,,,,
2014-03-29,Vitesse,Heerenveen,2.0,2.0,1.57,4.33,5.0,1.4,2.84,,,,,,
2014-03-30,Ajax,Twente,3.0,0.0,1.85,3.6,4.0,1.7,2.08,,,,,,
2014-03-30,Cambuur,AZ Alkmaar,0.0,0.0,2.4,3.5,2.75,1.75,2.01,,,,,,
2014-03-30,Den Haag,Zwolle,1.0,1.0,1.8,3.8,4.0,1.67,2.13,,,,,,
2014-03-30,Feyenoord,Go Ahead Eagles,5.0,0.0,1.25,6.5,9.0,1.35,3.02,,,,,,
2014-03-30,Roda,Waalwijk,0.0,1.0,1.75,3.75,4.33,1.56,2.33,,,,,,
2014-04-02,Go Ahead Eagles,NAC Breda,2.0,1.0,2.0,3.5,3.6,1.71,2.08,,,,,,
2014-04-02,Heracles,Feyenoord,1.0,2.0,4.2,4.0,1.73,1.52,2.43,,,,,,
2014-04-02,Twente,Den Haag,1.0,1.0,1.25,6.0,10.0,1.41,2.75,,,,,,
2014-04-02,Utrecht,Cambuur,1.0,0.0,2.2,3.5,3.1,1.74,2.04,,,,,,
2014-04-02,Waalwijk,Ajax,0.0,2.0,9.0,5.75,1.29,1.48,2.54,,,,,,
2014-04-04,Zwolle,Groningen,0.0,1.0,2.5,3.3,2.75,1.66,2.17,,,,,,
2014-04-05,Heerenveen,PSV Eindhoven,3.0,0.0,4.0,3.8,1.8,1.42,2.73,,,,,,
2014-04-05,Heracles,Go Ahead Eagles,1.0,2.0,1.73,4.0,4.2,1.44,2.67,,,,,,
2014-04-05,NAC Breda,Twente,0.0,2.0,6.0,3.8,1.57,1.68,2.12,,,,,,
2014-04-05,Nijmegen,Cambuur,1.0,1.0,2.25,3.5,3.0,1.63,2.2,,,,,,
2014-04-06,Den Haag,Utrecht,4.0,1.0,1.95,3.6,3.6,1.57,2.31,,,,,,
2014-04-06,Feyenoord,Waalwijk,2.0,0.0,1.13,8.5,17.0,1.28,3.53,,,,,,
2014-04-06,Roda,AZ Alkmaar,2.0,2.0,3.1,3.6,2.15,1.56,2.34,,,,,,
2014-04-06,Vitesse,Ajax,1.0,1.0,3.5,3.6,2.0,1.53,2.4,,,,,,
2014-04-11,Groningen,NAC Breda,2.0,1.0,1.67,3.8,5.0,1.63,2.21,,,,,,
2014-04-12,Cambuur,Vitesse,4.0,3.0,3.4,3.5,2.05,1.64,2.19,,,,,,
2014-04-12,Go Ahead Eagles,Heerenveen,0.0,2.0,2.9,3.4,2.38,1.48,2.56,,,,,,
2014-04-12,Twente,Roda,3.0,0.0,1.18,7.0,13.0,1.34,3.11,,,,,,
2014-04-13,Ajax,Den Haag,3.0,2.0,1.2,6.0,15.0,1.33,3.17,,,,,,
2014-04-13,AZ Alkmaar,Nijmegen,1.0,1.0,1.8,3.75,4.2,1.39,2.88,,,,,,
2014-04-13,PSV Eindhoven,Feyenoord,0.0,2.0,2.1,3.6,3.25,1.48,2.54,,,,,,
2014-04-13,Utrecht,Heracles,2.0,1.0,2.1,3.5,3.25,1.51,2.46,,,,,,
2014-04-13,Waalwijk,Zwolle,1.0,1.0,2.0,3.5,3.6,1.66,2.15,,,,,,
2014-04-27,Den Haag,AZ Alkmaar,2.0,1.0,2.6,3.4,2.63,1.58,2.3,,,,,,
2014-04-27,Feyenoord,Cambuur,5.0,1.0,1.2,7.0,12.0,1.37,2.96,,,,,,
2014-04-27,Heerenveen,Utrecht,4.0,1.0,1.5,4.33,6.0,1.37,2.93,,,,,,
2014-04-27,Heracles,Ajax,1.0,1.0,5.75,4.0,1.57,1.47,2.56,,,,,,
2014-04-27,NAC Breda,Waalwijk,1.0,1.0,1.91,3.6,3.8,1.67,2.14,,,,,,
2014-04-27,Nijmegen,Twente,2.0,5.0,5.0,3.75,1.65,1.41,2.77,,,,,,
2014-04-27,Roda,Groningen,1.0,2.0,2.3,3.6,2.8,1.47,2.56,,,,,,
2014-04-27,Vitesse,Go Ahead Eagles,2.0,2.0,1.29,5.25,10.0,1.35,3.01,,,,,,
2014-04-27,Zwolle,PSV Eindhoven,1.0,2.0,5.0,3.8,1.65,1.51,2.48,,,,,,
2014-05-03,Ajax,Nijmegen,2.0,2.0,1.25,6.0,10.0,1.35,3.06,,,,,,
2014-05-03,AZ Alkmaar,Feyenoord,1.0,1.0,2.88,3.75,2.2,1.41,2.79,,,,,,
2014-05-03,Cambuur,Den Haag,1.0,2.0,2.0,3.5,3.6,1.58,2.3,,,,,,
2014-05-03,Go Ahead Eagles,Roda,0.0,1.0,2.55,3.75,2.45,1.42,2.76,,,,,,
2014-05-03,Groningen,Heracles,3.0,1.0,1.73,4.0,4.2,1.41,2.77,,,,,,
2014-05-03,PSV Eindhoven,NAC Breda,2.0,0.0,1.17,7.5,13.0,1.31,3.32,,,,,,
2014-05-03,Twente,Zwolle,2.0,2.0,1.25,6.0,10.0,1.37,2.97,,,,,,
2014-05-03,Utrecht,Vitesse,2.0,1.0,3.5,3.75,1.95,1.4,2.82,,,,,,
2014-05-03,Waalwijk,Heerenveen,0.0,3.0,3.4,3.7,2.0,1.42,2.73,,,,,,
2014-08-08,Zwolle,Utrecht,2.0,0.0,1.95,3.6,3.6,1.69,2.13,,,,,,
2014-08-09,Cambuur,Twente,1.0,1.0,4.2,3.75,1.8,1.69,2.13,,,,,,
2014-08-09,Heerenveen,Dordrecht,1.0,2.0,1.44,4.5,6.5,1.49,2.52,,,,,,
2014-08-09,Heracles,AZ Alkmaar,0.0,3.0,2.5,3.4,2.7,1.64,2.18,,,,,,
2014-08-09,NAC Breda,Excelsior,1.0,1.0,2.1,3.5,3.25,1.75,2.04,,,,,,
2014-08-10,Ajax,Vitesse,4.0,1.0,1.5,4.33,6.0,1.53,2.4,,,,,,
2014-08-10,Den Haag,Feyenoord,0.0,1.0,4.2,4.0,1.75,1.58,2.3,,,,,,
2014-08-10,Go Ahead Eagles,Groningen,2.0,3.0,2.63,3.4,2.6,1.66,2.15,,,,,,
2014-08-10,Willem II,PSV Eindhoven,1.0,3.0,5.0,4.33,1.57,1.56,2.34,,,,,,
2014-08-15,Feyenoord,Heerenveen,1.0,1.0,1.45,4.5,6.5,1.48,2.54,,,,,,
2014-08-16,Dordrecht,Zwolle,1.0,2.0,2.5,3.6,2.6,1.61,2.24,,,,,,
2014-08-16,PSV Eindhoven,NAC Breda,6.0,1.0,1.18,7.0,13.0,1.38,2.89,,,,,,
2014-08-16,Twente,Den Haag,2.0,2.0,1.33,5.0,8.5,1.52,2.44,,,,,,
2014-08-16,Vitesse,Cambuur,2.0,2.0,1.53,4.33,5.5,1.56,2.33,,,,,,
2014-08-17,AZ Alkmaar,Ajax,1.0,3.0,3.1,3.4,2.25,1.66,2.16,,,,,,
2014-08-17,Excelsior,Go Ahead Eagles,3.0,2.0,2.2,3.5,3.1,1.66,2.15,,,,,,
2014-08-17,Groningen,Heracles,3.0,1.0,1.67,4.2,4.5,1.52,2.42,,,,,,
2014-08-17,Utrecht,Willem II,2.0,1.0,1.85,3.8,3.8,1.69,2.12,,,,,,
2014-08-22,Heracles,Cambuur,0.0,1.0,2.25,3.5,3.0,1.64,2.2,,,,,,
2014-08-23,Go Ahead Eagles,Dordrecht,0.0,0.0,1.85,3.8,3.8,1.56,2.35,,,,,,
2014-08-23,Heerenveen,Excelsior,2.0,0.0,1.5,4.5,5.75,1.45,2.65,,,,,,
2014-08-23,Willem II,AZ Alkmaar,3.0,0.0,2.7,3.4,2.5,1.64,2.18,,,,,,
2014-08-24,Ajax,PSV Eindhoven,1.0,3.0,1.91,3.75,3.6,1.56,2.35,,,,,,
2014-08-24,Den Haag,Groningen,3.0,0.0,2.4,3.4,2.8,1.64,2.18,,,,,,
2014-08-24,Feyenoord,Utrecht,1.0,2.0,1.4,4.75,7.0,1.53,2.43,,,,,,
2014-08-24,NAC Breda,Twente,1.0,1.0,3.8,3.8,1.85,1.69,2.11,,,,,,
2014-08-24,Zwolle,Vitesse,2.0,1.0,2.8,3.5,2.38,1.6,2.25,,,,,,
2014-08-29,Go Ahead Eagles,Willem II,1.0,0.0,2.25,3.5,3.0,1.67,2.15,,,,,,
2014-08-30,Cambuur,Den Haag,3.0,2.0,2.05,3.5,3.4,1.74,2.04,,,,,,
2014-08-30,Dordrecht,AZ Alkmaar,1.0,3.0,3.3,3.5,2.1,1.64,2.17,,,,,,
2014-08-30,Excelsior,Heracles,3.0,1.0,2.2,3.5,3.1,1.67,2.14,,,,,,
2014-08-30,Heerenveen,Utrecht,3.0,1.0,1.65,4.2,4.5,1.48,2.56,,,,,,
2014-08-31,Groningen,Ajax,2.0,0.0,4.33,3.75,1.75,1.6,2.25,,,,,,
2014-08-31,NAC Breda,Zwolle,3.0,1.0,2.4,3.4,2.8,1.78,1.99,,,,,,
2014-08-31,PSV Eindhoven,Vitesse,2.0,0.0,1.57,4.33,5.0,1.45,2.65,,,,,,
2014-08-31,Twente,Feyenoord,0.0,0.0,1.95,3.6,3.6,1.67,2.12,,,,,,
2014-09-13,Ajax,Heracles,2.0,1.0,1.25,5.75,11.0,1.34,3.09,,,,,,
2014-09-13,AZ Alkmaar,Heerenveen,0.0,1.0,1.95,3.75,3.5,1.54,2.38,,,,,,
2014-09-13,Feyenoord,Willem II,1.0,2.0,1.36,4.75,8.5,1.5,2.5,,,,,,
2014-09-13,Twente,Go Ahead Eagles,2.0,1.0,1.29,5.5,10.0,1.51,2.47,,,,,,
2014-09-13,Zwolle,PSV Eindhoven,3.0,1.0,4.6,3.6,1.75,1.52,2.41,,,,,,
2014-09-14,Cambuur,Groningen,3.0,0.0,2.2,3.5,3.1,1.64,2.18,,,,,,
2014-09-14,Dordrecht,NAC Breda,0.0,1.0,2.3,3.4,3.0,1.65,2.15,,,,,,
2014-09-14,Utrecht,Den Haag,0.0,0.0,2.1,3.5,3.3,1.63,2.2,,,,,,
2014-09-14,Vitesse,Excelsior,3.0,1.0,1.36,4.75,8.0,1.47,2.57,,,,,,
2014-09-19,Willem II,NAC Breda,2.0,1.0,2.0,3.5,3.6,1.7,2.11,,,,,,
2014-09-20,Den Haag,Go Ahead Eagles,1.0,1.0,1.7,4.0,4.33,1.6,2.26,,,,,,
2014-09-20,Excelsior,Dordrecht,1.0,1.0,2.1,3.5,3.3,1.62,2.22,,,,,,
2014-09-20,Vitesse,Heerenveen,1.0,1.0,1.73,4.0,4.33,1.51,2.48,,,,,,
2014-09-21,AZ Alkmaar,Zwolle,1.0,0.0,1.91,3.6,3.75,1.64,2.17,,,,,,
2014-09-21,Feyenoord,Ajax,0.0,1.0,2.45,3.4,2.75,1.66,2.14,,,,,,
2014-09-21,Heracles,Twente,1.0,4.0,4.0,4.2,1.75,1.63,2.18,,,,,,
2014-09-21,PSV Eindhoven,Cambuur,4.0,0.0,1.36,5.25,7.0,1.43,2.7,,,,,,
2014-09-21,Utrecht,Groningen,1.0,0.0,2.4,3.4,2.8,1.6,2.25,,,,,,
2014-09-27,Den Haag,AZ Alkmaar,2.0,3.0,2.25,3.4,3.1,1.65,2.17,,,,,,
2014-09-27,Dordrecht,Vitesse,2.0,6.0,4.5,3.5,1.8,1.57,2.33,,,,,,
2014-09-27,Go Ahead Eagles,Feyenoord,0.0,4.0,4.6,3.7,1.73,1.65,2.17,,,,,,
2014-09-27,NAC Breda,Ajax,2.0,5.0,4.75,3.6,1.73,1.62,2.22,,,,,,
2014-09-27,Zwolle,Heracles,4.0,2.0,1.65,4.0,4.75,1.57,2.31,,,,,,
2014-09-28,Excelsior,Cambuur,1.0,1.0,2.6,3.5,2.55,1.62,2.21,,,,,,
2014-09-28,Groningen,Willem II,1.0,0.0,1.8,3.75,4.2,1.63,2.21,,,,,,
2014-09-28,Heerenveen,PSV Eindhoven,1.0,0.0,3.1,3.5,2.2,1.5,2.5,,,,,,
2014-09-28,Twente,Utrecht,3.0,1.0,1.33,5.0,8.5,1.51,2.46,,,,,,
2014-10-03,Vitesse,Den Haag,6.0,1.0,1.5,4.33,6.0,1.43,2.68,,,,,,
2014-10-04,Cambuur,Dordrecht,4.0,1.0,1.57,3.8,6.0,1.54,2.37,,,,,,
2014-10-04,Heracles,NAC Breda,6.0,1.0,2.1,3.5,3.3,1.61,2.22,,,,,,
2014-10-04,Utrecht,Go Ahead Eagles,2.0,3.0,1.73,3.6,4.75,1.65,2.15,,,,,,
2014-10-04,Willem II,Heerenveen,2.0,1.0,2.55,3.5,2.6,1.63,2.2,,,,,,
2014-10-05,Ajax,Zwolle,0.0,0.0,1.33,5.0,9.0,1.43,2.7,,,,,,
2014-10-05,AZ Alkmaar,Twente,2.0,2.0,3.3,3.4,2.15,1.66,2.14,,,,,,
2014-10-05,Feyenoord,Groningen,4.0,0.0,1.4,4.5,7.5,1.5,2.49,,,,,,
2014-10-05,PSV Eindhoven,Excelsior,3.0,0.0,1.22,6.0,12.0,1.36,2.98,,,,,,
2014-10-18,Feyenoord,Heracles,2.0,1.0,1.33,5.25,8.0,1.42,2.77,,,,,,
2014-10-18,NAC Breda,Den Haag,1.0,1.0,2.1,3.4,3.4,1.67,2.14,,,,,,
2014-10-18,PSV Eindhoven,AZ Alkmaar,3.0,0.0,1.44,4.5,6.5,1.48,2.54,,,,,,
2014-10-18,Twente,Ajax,1.0,1.0,2.2,3.6,3.0,1.66,2.15,,,,,,
2014-10-18,Willem II,Vitesse,1.0,4.0,3.1,3.6,2.15,1.52,2.37,,,,,,
2014-10-19,Dordrecht,Utrecht,1.0,3.0,2.6,3.4,2.6,1.58,2.3,,,,,,
2014-10-19,Go Ahead Eagles,Zwolle,3.0,2.0,2.75,3.5,2.4,1.72,2.08,,,,,,
2014-10-19,Groningen,Excelsior,1.0,1.0,1.57,4.33,5.0,1.57,2.31,,,,,,
2014-10-19,Heerenveen,Cambuur,2.0,2.0,1.85,3.8,3.8,1.57,2.31,,,,,,
2014-10-24,Den Haag,Dordrecht,2.0,0.0,1.57,4.5,4.75,1.5,2.49,,,,,,
2014-10-25,Ajax,Go Ahead Eagles,3.0,1.0,1.22,6.5,11.0,1.39,2.86,,,,,,
2014-10-25,AZ Alkmaar,Groningen,2.0,2.0,1.85,3.8,3.8,1.62,2.22,,,,,,
2014-10-25,Heracles,Willem II,1.0,3.0,2.05,3.6,3.25,1.58,2.3,,,,,,
2014-10-25,Vitesse,NAC Breda,2.0,2.0,1.36,5.0,7.5,1.38,2.91,,,,,,
2014-10-26,Cambuur,Feyenoord,0.0,1.0,3.3,3.5,2.1,1.63,2.2,,,,,,
2014-10-26,Excelsior,Twente,2.0,1.0,5.0,4.33,1.57,1.62,2.22,,,,,,
2014-10-26,Utrecht,PSV Eindhoven,1.0,5.0,4.5,4.0,1.7,1.5,2.48,,,,,,
2014-10-26,Zwolle,Heerenveen,2.0,2.0,2.1,3.6,3.2,1.59,2.26,,,,,,
2014-11-01,Ajax,Dordrecht,4.0,0.0,1.14,7.5,17.0,1.28,3.51,,,,,,
2014-11-01,Feyenoord,Zwolle,2.0,0.0,1.36,5.0,7.5,1.5,2.51,,,,,,
2014-11-01,PSV Eindhoven,Den Haag,1.0,0.0,1.22,6.5,10.0,1.34,3.09,,,,,,
2014-11-01,Twente,Heerenveen,2.0,0.0,1.53,4.2,5.75,1.52,2.44,,,,,,
2014-11-02,AZ Alkmaar,Excelsior,3.0,3.0,1.5,4.5,5.75,1.53,2.4,,,,,,
2014-11-02,Go Ahead Eagles,Heracles,1.0,3.0,2.1,3.6,3.2,1.42,2.75,,,,,,
2014-11-02,Groningen,NAC Breda,1.0,0.0,1.67,4.0,4.75,1.56,2.35,,,,,,
2014-11-02,Utrecht,Vitesse,3.0,1.0,3.5,3.75,1.95,1.42,2.75,,,,,,
2014-11-02,Willem II,Cambuur,1.0,1.0,2.2,3.5,3.1,1.61,2.24,,,,,,
2014-11-07,Excelsior,Utrecht,2.0,2.0,2.2,3.6,3.0,1.51,2.48,,,,,,
2014-11-08,Den Haag,Willem II,3.0,2.0,2.1,3.5,3.3,1.69,2.11,,,,,,
2014-11-08,Heerenveen,Go Ahead Eagles,2.0,2.0,1.44,4.5,6.5,1.42,2.77,,,,,,
2014-11-08,NAC Breda,AZ Alkmaar,0.0,1.0,2.7,3.6,2.38,1.64,2.18,,,,,,
2014-11-08,Zwolle,Groningen,2.0,0.0,2.0,3.3,3.75,1.66,2.16,,,,,,
2014-11-09,Cambuur,Ajax,2.0,4.0,3.5,3.75,1.95,1.62,2.22,,,,,,
2014-11-09,Dordrecht,Twente,0.0,4.0,6.5,4.5,1.45,1.48,2.57,,,,,,
2014-11-09,Heracles,PSV Eindhoven,1.0,2.0,4.6,4.1,1.65,1.38,2.96,,,,,,
2014-11-09,Vitesse,Feyenoord,0.0,0.0,2.25,3.8,2.8,1.49,2.52,,,,,,
2014-11-22,Ajax,Heerenveen,4.0,1.0,1.36,5.0,7.5,1.39,2.87,,,,,,
2014-11-22,AZ Alkmaar,Vitesse,1.0,0.0,2.5,3.5,2.63,1.5,2.49,,,,,,
2014-11-22,Feyenoord,Dordrecht,2.0,0.0,1.17,7.5,13.0,1.25,3.73,,,,,,
2014-11-22,Go Ahead Eagles,NAC Breda,2.0,0.0,2.0,3.6,3.5,1.59,2.29,,,,,,
2014-11-22,Willem II,Excelsior,1.0,1.0,1.73,4.0,4.33,1.63,2.2,,,,,,
2014-11-23,Groningen,PSV Eindhoven,1.0,1.0,4.75,3.75,1.7,1.5,2.5,,,,,,
2014-11-23,Heracles,Den Haag,3.0,1.0,1.95,3.6,3.6,1.48,2.55,,,,,,
2014-11-23,Utrecht,Cambuur,1.0,3.0,2.38,3.5,2.8,1.58,2.3,,,,,,
2014-11-23,Zwolle,Twente,1.0,2.0,3.4,3.6,2.05,1.67,2.14,,,,,,
2014-11-28,Dordrecht,Willem II,0.0,4.0,3.2,3.6,2.1,1.56,2.34,,,,,,
2014-11-29,Cambuur,AZ Alkmaar,0.0,2.0,2.05,3.8,3.2,1.62,2.23,,,,,,
2014-11-29,Heerenveen,Heracles,0.0,1.0,1.62,4.2,4.75,1.45,2.66,,,,,,
2014-11-29,NAC Breda,Utrecht,1.0,5.0,2.25,3.6,2.9,1.58,2.31,,,,,,
2014-11-29,Vitesse,Go Ahead Eagles,2.0,2.0,1.25,6.0,10.0,1.32,3.23,,,,,,
2014-11-30,Den Haag,Ajax,1.0,1.0,4.5,4.2,1.67,1.51,2.47,,,,,,
2014-11-30,Excelsior,Zwolle,0.0,5.0,2.63,3.5,2.5,1.63,2.21,,,,,,
2014-11-30,Twente,Groningen,1.0,2.0,1.33,5.25,8.0,1.5,2.52,,,,,,
2014-12-06,Ajax,Willem II,5.0,0.0,1.25,6.0,10.0,1.4,2.82,,,,,,
2014-12-06,AZ Alkmaar,Go Ahead Eagles,2.0,0.0,1.38,4.75,7.5,1.44,2.69,,,,,,
2014-12-06,Cambuur,NAC Breda,0.0,1.0,1.44,4.33,7.0,1.54,2.38,,,,,,
2014-12-06,Dordrecht,PSV Eindhoven,1.0,3.0,10.0,6.0,1.25,1.29,3.4,,,,,,
2014-12-06,Excelsior,Feyenoord,2.0,5.0,8.0,5.25,1.33,1.53,2.42,,,,,,
2014-12-07,Groningen,Heerenveen,1.0,1.0,2.1,3.5,3.3,1.61,2.23,,,,,,
2014-12-07,Utrecht,Heracles,2.0,4.0,2.1,3.5,3.3,1.41,2.81,,,,,,
2014-12-07,Vitesse,Twente,2.0,2.0,2.05,3.6,3.3,1.59,2.28,,,,,,
2014-12-07,Zwolle,Den Haag,3.0,1.0,1.67,3.8,5.0,1.62,2.21,,,,,,
2014-12-12,Heracles,Dordrecht,1.0,1.0,1.3,5.75,8.0,1.31,3.28,,,,,,
2014-12-13,Den Haag,Excelsior,2.0,2.0,1.62,4.0,5.0,1.59,2.28,,,,,,
2014-12-13,Go Ahead Eagles,Cambuur,1.0,2.0,2.88,3.4,2.38,1.64,2.16,,,,,,
2014-12-13,NAC Breda,Heerenveen,0.0,2.0,3.1,3.5,2.2,1.6,2.26,,,,,,
2014-12-13,Willem II,Zwolle,0.0,1.0,2.25,3.4,3.1,1.67,2.14,,,,,,
2014-12-14,Ajax,Utrecht,3.0,1.0,1.25,6.0,10.0,1.35,3.07,,,,,,
2014-12-14,Feyenoord,AZ Alkmaar,2.0,2.0,1.4,4.75,7.0,1.52,2.45,,,,,,
2014-12-14,Groningen,Vitesse,1.0,1.0,3.2,3.6,2.1,1.57,2.33,,,,,,
2014-12-14,PSV Eindhoven,Twente,2.0,0.0,1.53,4.33,5.5,1.52,2.45,,,,,,
2014-12-17,PSV Eindhoven,Feyenoord,4.0,3.0,1.75,4.0,4.2,1.55,2.36,,,,,,
2014-12-19,Heerenveen,Den Haag,0.0,0.0,1.5,4.2,6.25,1.49,2.54,,,,,,
2014-12-20,AZ Alkmaar,Utrecht,0.0,3.0,1.57,4.33,5.0,1.47,2.58,,,,,,
2014-12-20,Cambuur,Zwolle,2.0,1.0,2.05,3.75,3.2,1.74,2.04,,,,,,
2014-12-20,Dordrecht,Groningen,1.0,1.0,3.75,3.6,1.91,1.59,2.28,,,,,,
2014-12-20,PSV Eindhoven,Go Ahead Eagles,5.0,0.0,1.13,9.0,15.0,1.26,3.69,,,,,,
2014-12-21,Excelsior,Ajax,0.0,2.0,8.0,4.75,1.36,1.54,2.39,,,,,,
2014-12-21,NAC Breda,Feyenoord,0.0,1.0,9.0,5.0,1.33,1.55,2.36,,,,,,
2014-12-21,Twente,Willem II,3.0,2.0,1.4,4.75,7.0,1.54,2.39,,,,,,
2014-12-21,Vitesse,Heracles,3.0,0.0,1.33,5.0,9.0,1.31,3.33,,,,,,
2015-01-16,Ajax,Groningen,2.0,0.0,1.3,5.25,9.5,1.46,2.59,,,,,,
2015-01-17,AZ Alkmaar,Dordrecht,2.0,0.0,1.29,5.75,8.5,1.41,2.78,,,,,,
2015-01-17,Den Haag,Cambuur,2.0,2.0,2.55,3.5,2.6,1.82,1.95,,,,,,
2015-01-17,Vitesse,PSV Eindhoven,0.0,1.0,3.1,3.6,2.15,1.5,2.5,,,,,,
2015-01-17,Zwolle,NAC Breda,4.0,1.0,1.44,4.5,6.5,1.57,2.31,,,,,,
2015-01-18,Feyenoord,Twente,3.0,1.0,1.67,3.8,5.0,1.66,2.15,,,,,,
2015-01-18,Heracles,Excelsior,0.0,3.0,1.73,4.0,4.2,1.5,2.49,,,,,,
2015-01-18,Utrecht,Heerenveen,1.0,2.0,2.5,3.4,2.7,1.55,2.36,,,,,,
2015-01-18,Willem II,Go Ahead Eagles,1.0,0.0,1.62,4.0,5.0,1.55,2.35,,,,,,
2015-01-23,Twente,Heracles,2.0,0.0,1.36,5.25,7.0,1.43,2.7,,,,,,
2015-01-24,Cambuur,PSV Eindhoven,1.0,2.0,5.25,4.0,1.6,1.54,2.37,,,,,,
2015-01-24,Dordrecht,Excelsior,1.0,0.0,2.5,3.5,2.63,1.72,2.07,,,,,,
2015-01-24,Heerenveen,Vitesse,4.0,1.0,2.38,3.5,2.8,1.52,2.44,,,,,,
2015-01-24,Zwolle,AZ Alkmaar,1.0,1.0,2.05,3.5,3.4,1.75,2.03,,,,,,
2015-01-25,Ajax,Feyenoord,0.0,0.0,2.1,3.5,3.3,1.75,2.03,,,,,,
2015-01-25,Go Ahead Eagles,Den Haag,1.0,0.0,2.3,3.5,2.88,1.73,2.06,,,,,,
2015-01-25,Groningen,Utrecht,2.0,2.0,1.85,3.6,4.0,1.62,2.21,,,,,,
2015-01-25,NAC Breda,Willem II,0.0,0.0,3.0,3.5,2.25,1.78,2.0,,,,,,
2015-01-30,Dordrecht,Heerenveen,0.0,0.0,4.33,4.2,1.67,1.59,2.27,,,,,,
2015-01-31,Excelsior,NAC Breda,0.0,0.0,1.91,3.8,3.6,1.8,1.97,,,,,,
2015-01-31,Groningen,Go Ahead Eagles,2.0,0.0,1.62,4.0,5.0,1.59,2.27,,,,,,
2015-01-31,PSV Eindhoven,Willem II,2.0,1.0,1.17,7.0,15.0,1.34,3.11,,,,,,
2015-01-31,Twente,Cambuur,2.0,1.0,1.44,4.33,7.0,1.68,2.11,,,,,,
2015-02-01,AZ Alkmaar,Heracles,3.0,1.0,1.62,4.0,5.0,1.51,2.46,,,,,,
2015-02-01,Feyenoord,Den Haag,2.0,1.0,1.2,6.5,13.0,1.45,2.63,,,,,,
2015-02-01,Utrecht,Zwolle,0.0,2.0,2.15,3.4,3.25,1.63,2.2,,,,,,
2015-02-01,Vitesse,Ajax,1.0,0.0,2.5,3.4,2.7,1.56,2.33,,,,,,
2015-02-03,Go Ahead Eagles,Excelsior,0.0,0.0,2.05,3.6,3.3,1.76,2.02,,,,,,
2015-02-03,NAC Breda,PSV Eindhoven,0.0,2.0,10.0,6.0,1.25,1.46,2.6,,,,,,
2015-02-04,Cambuur,Vitesse,0.0,2.0,2.9,3.5,2.3,1.64,2.17,,,,,,
2015-02-04,Den Haag,Twente,2.0,0.0,3.6,3.8,1.91,1.79,1.99,,,,,,
2015-02-04,Heerenveen,Feyenoord,3.0,1.0,3.75,3.6,1.91,1.73,2.06,,,,,,
2015-02-04,Willem II,Utrecht,1.0,0.0,1.91,3.75,3.6,1.62,2.21,,,,,,
2015-02-04,Zwolle,Dordrecht,4.0,0.0,1.33,5.0,9.0,1.5,2.48,,,,,,
2015-02-05,Ajax,AZ Alkmaar,0.0,1.0,1.5,4.33,6.0,1.51,2.47,,,,,,
2015-02-05,Heracles,Groningen,2.0,2.0,2.25,3.6,2.9,1.59,2.25,,,,,,
2015-02-07,Dordrecht,Den Haag,0.0,0.0,3.1,3.4,2.25,1.75,2.03,,,,,,
2015-02-07,Heerenveen,Zwolle,4.0,0.0,2.0,3.6,3.5,1.68,2.12,,,,,,
2015-02-07,NAC Breda,Vitesse,0.0,1.0,4.75,4.0,1.65,1.65,2.17,,,,,,
2015-02-07,PSV Eindhoven,Utrecht,3.0,1.0,1.22,6.5,11.0,1.36,2.98,,,,,,
2015-02-07,Twente,Excelsior,1.0,3.0,1.33,5.25,8.0,1.56,2.34,,,,,,
2015-02-08,Feyenoord,Cambuur,2.0,1.0,1.29,5.0,11.0,1.55,2.35,,,,,,
2015-02-08,Go Ahead Eagles,Ajax,1.0,2.0,5.0,4.33,1.57,1.56,2.33,,,,,,
2015-02-08,Groningen,AZ Alkmaar,2.0,4.0,2.38,3.4,2.88,1.76,2.02,,,,,,
2015-02-08,Willem II,Heracles,3.0,0.0,1.85,3.8,3.8,1.62,2.2,,,,,,
2015-02-13,AZ Alkmaar,PSV Eindhoven,2.0,4.0,3.75,3.6,1.91,1.63,2.22,,,,,,
2015-02-14,Den Haag,NAC Breda,3.0,2.0,1.65,3.8,5.25,1.89,1.88,,,,,,
2015-02-14,Excelsior,Groningen,1.0,1.0,2.38,3.4,2.9,1.78,2.0,,,,,,
2015-02-14,Heracles,Feyenoord,2.0,0.0,5.5,4.0,1.57,1.57,2.31,,,,,,
2015-02-14,Vitesse,Willem II,2.0,0.0,1.5,4.33,6.0,1.58,2.3,,,,,,
2015-02-15,Ajax,Twente,4.0,2.0,2.0,3.5,3.6,1.78,2.0,,,,,,
2015-02-15,Cambuur,Heerenveen,2.0,1.0,2.63,3.4,2.55,1.76,2.03,,,,,,
2015-02-15,Utrecht,Dordrecht,6.0,1.0,1.4,4.75,7.0,1.51,2.46,,,,,,
2015-02-15,Zwolle,Go Ahead Eagles,0.0,1.0,1.53,4.0,6.0,1.63,2.21,,,,,,
2015-02-20,NAC Breda,Cambuur,2.0,1.0,2.8,3.4,2.4,2.01,1.78,,,,,,
2015-02-21,Den Haag,Zwolle,3.0,2.0,2.38,3.3,2.9,1.87,1.9,,,,,,
2015-02-21,Go Ahead Eagles,AZ Alkmaar,0.0,2.0,3.2,3.4,2.2,1.79,1.98,,,,,,
2015-02-21,Heracles,Utrecht,1.0,1.0,2.3,3.5,2.9,1.54,2.38,,,,,,
2015-02-22,Feyenoord,Excelsior,3.0,2.0,1.2,6.0,15.0,1.52,2.43,,,,,,
2015-02-22,Heerenveen,Groningen,3.0,1.0,1.73,3.6,4.75,1.6,2.26,,,,,,
2015-02-22,PSV Eindhoven,Dordrecht,3.0,0.0,1.05,13.0,26.0,1.21,4.13,,,,,,
2015-02-22,Twente,Vitesse,1.0,2.0,2.15,3.5,3.2,1.65,2.16,,,,,,
2015-02-22,Willem II,Ajax,1.0,1.0,3.2,3.4,2.2,1.86,1.91,,,,,,
2015-02-27,Dordrecht,Go Ahead Eagles,2.0,1.0,2.9,3.5,2.3,1.85,1.92,,,,,,
2015-02-28,AZ Alkmaar,Willem II,2.0,0.0,1.75,3.8,4.33,1.72,2.07,,,,,,
2015-02-28,Cambuur,Heracles,1.0,0.0,1.8,3.75,4.2,1.66,2.16,,,,,,
2015-02-28,Twente,NAC Breda,1.0,1.0,1.25,6.0,10.0,1.52,2.44,,,,,,
2015-02-28,Vitesse,Zwolle,2.0,1.0,1.5,4.33,6.0,1.57,2.32,,,,,,
2015-03-01,Excelsior,Heerenveen,3.0,0.0,2.63,3.5,2.5,1.71,2.07,,,,,,
2015-03-01,Groningen,Den Haag,1.0,1.0,1.91,3.6,3.8,1.78,2.0,,,,,,
2015-03-01,PSV Eindhoven,Ajax,1.0,3.0,1.53,4.33,5.5,1.54,2.38,,,,,,
2015-03-01,Utrecht,Feyenoord,0.0,0.0,3.8,3.8,1.85,1.6,2.25,,,,,,
2015-03-06,Willem II,Twente,2.0,2.0,2.63,3.3,2.63,1.86,1.9,,,,,,
2015-03-07,Den Haag,Heerenveen,0.0,1.0,2.5,3.4,2.7,1.75,2.03,,,,,,
2015-03-07,Go Ahead Eagles,PSV Eindhoven,0.0,3.0,7.5,5.0,1.36,1.49,2.51,,,,,,
2015-03-07,Heracles,Vitesse,1.0,1.0,4.0,3.75,1.83,1.53,2.41,,,,,,
2015-03-07,Zwolle,Cambuur,6.0,1.0,1.91,3.5,4.0,1.78,1.99,,,,,,
2015-03-08,Ajax,Excelsior,1.0,0.0,1.36,4.75,8.0,1.57,2.32,,,,,,
2015-03-08,Feyenoord,NAC Breda,3.0,0.0,1.2,6.5,13.0,1.49,2.51,,,,,,
2015-03-08,Groningen,Dordrecht,2.0,0.0,1.4,4.75,7.0,1.54,2.39,,,,,,
2015-03-08,Utrecht,AZ Alkmaar,6.0,2.0,2.38,3.25,3.0,1.65,2.15,,,,,,
2015-03-13,Vitesse,AZ Alkmaar,3.0,1.0,1.55,4.5,5.25,1.53,2.39,,,,,,
2015-03-14,Cambuur,Utrecht,3.0,1.0,2.3,3.4,3.0,1.64,2.17,,,,,,
2015-03-14,Excelsior,Willem II,2.0,3.0,2.2,3.4,3.2,1.9,1.87,,,,,,
2015-03-14,NAC Breda,Go Ahead Eagles,1.0,0.0,2.2,3.4,3.2,1.95,1.82,,,,,,
2015-03-14,Twente,Zwolle,2.0,0.0,1.62,4.5,4.5,1.64,2.18,,,,,,
2015-03-15,Den Haag,Heracles,1.0,3.0,1.83,3.75,4.0,1.67,2.15,,,,,,
2015-03-15,Dordrecht,Feyenoord,1.0,2.0,9.0,5.5,1.3,1.52,2.43,,,,,,
2015-03-15,Heerenveen,Ajax,1.0,4.0,2.5,3.4,2.7,1.68,2.12,,,,,,
2015-03-15,PSV Eindhoven,Groningen,2.0,1.0,1.22,6.0,13.0,1.36,3.02,,,,,,
2015-03-20,Utrecht,NAC Breda,3.0,4.0,1.5,3.9,7.0,1.62,2.23,,,,,,
2015-03-21,AZ Alkmaar,Cambuur,2.0,1.0,1.7,3.75,4.75,1.69,2.13,,,,,,
2015-03-21,Go Ahead Eagles,Vitesse,0.0,2.0,5.5,3.8,1.62,1.59,2.28,,,,,,
2015-03-21,Heracles,Heerenveen,1.0,4.0,2.6,3.5,2.55,1.63,2.21,,,,,,
2015-03-21,Willem II,Dordrecht,2.0,1.0,1.33,5.25,8.0,1.63,2.21,,,,,,
2015-03-22,Ajax,Den Haag,1.0,0.0,1.44,4.5,6.5,1.56,2.34,,,,,,
2015-03-22,Feyenoord,PSV Eindhoven,2.0,1.0,2.55,3.4,2.63,1.67,2.13,,,,,,
2015-03-22,Groningen,Twente,2.0,2.0,3.1,3.6,2.15,1.74,2.04,,,,,,
2015-03-22,Zwolle,Excelsior,1.0,1.0,1.73,3.75,4.5,1.7,2.09,,,,,,
2015-04-04,Dordrecht,Heracles,2.0,3.0,3.1,3.5,2.2,1.64,2.19,,,,,,
2015-04-04,Heerenveen,NAC Breda,0.0,0.0,1.4,4.75,7.0,1.55,2.37,,,,,,
2015-04-04,Twente,PSV Eindhoven,0.0,5.0,3.6,3.6,1.95,1.61,2.24,,,,,,
2015-04-04,Vitesse,Groningen,1.0,1.0,1.33,5.25,8.0,1.46,2.62,,,,,,
2015-04-04,Zwolle,Willem II,1.0,0.0,2.0,3.5,3.6,1.75,2.04,,,,,,
2015-04-05,AZ Alkmaar,Feyenoord,1.0,4.0,3.6,3.5,2.0,1.68,2.12,,,,,,
2015-04-05,Cambuur,Go Ahead Eagles,1.0,0.0,1.67,4.0,4.75,1.7,2.1,,,,,,
2015-04-05,Excelsior,Den Haag,2.0,3.0,2.3,3.4,3.0,1.86,1.92,,,,,,
2015-04-05,Utrecht,Ajax,1.0,1.0,3.0,3.5,2.25,1.56,2.34,,,,,,
2015-04-10,PSV Eindhoven,Zwolle,3.0,1.0,1.22,6.0,12.0,1.37,2.97,,,,,,
2015-04-11,Excelsior,Vitesse,1.0,3.0,4.2,3.75,1.8,1.56,2.35,,,,,,
2015-04-11,Heerenveen,AZ Alkmaar,5.0,2.0,1.91,3.6,3.75,1.58,2.29,,,,,,
2015-04-11,Heracles,Ajax,0.0,2.0,4.0,3.6,1.85,1.55,2.36,,,,,,
2015-04-11,NAC Breda,Dordrecht,2.0,2.0,1.62,3.8,5.5,1.68,2.13,,,,,,
2015-04-12,Den Haag,Utrecht,2.0,0.0,2.05,3.5,3.4,1.65,2.18,,,,,,
2015-04-12,Go Ahead Eagles,Twente,1.0,3.0,4.33,3.6,1.8,1.72,2.08,,,,,,
2015-04-12,Groningen,Cambuur,3.0,2.0,2.15,3.6,3.1,1.68,2.12,,,,,,
2015-04-12,Willem II,Feyenoord,2.0,2.0,4.33,3.8,1.75,1.7,2.1,,,,,,
2015-04-17,Cambuur,Excelsior,1.0,1.0,1.8,3.75,4.2,1.63,2.21,,,,,,
2015-04-18,AZ Alkmaar,Den Haag,3.0,1.0,1.75,3.75,4.33,1.6,2.26,,,,,,
2015-04-18,PSV Eindhoven,Heerenveen,4.0,1.0,1.3,5.25,9.5,1.35,3.06,,,,,,
2015-04-18,Vitesse,Dordrecht,3.0,0.0,1.13,8.0,19.0,1.26,3.63,,,,,,
2015-04-18,Willem II,Groningen,1.0,4.0,1.91,3.6,3.75,1.69,2.13,,,,,,
2015-04-19,Ajax,NAC Breda,0.0,0.0,1.25,5.75,11.0,1.45,2.62,,,,,,
2015-04-19,Feyenoord,Go Ahead Eagles,0.0,1.0,1.17,7.0,15.0,1.32,3.24,,,,,,
2015-04-19,Heracles,Zwolle,2.0,0.0,2.4,3.4,2.8,1.58,2.29,,,,,,
2015-04-19,Utrecht,Twente,1.0,0.0,2.7,3.5,2.45,1.61,2.24,,,,,,
2015-04-24,Den Haag,Vitesse,1.0,0.0,3.6,3.6,1.95,1.55,2.35,,,,,,
2015-04-25,Excelsior,PSV Eindhoven,2.0,3.0,6.0,4.33,1.5,1.41,2.8,,,,,,
2015-04-25,Go Ahead Eagles,Utrecht,0.0,2.0,2.45,3.5,2.7,1.62,2.23,,,,,,
2015-04-25,Heerenveen,Willem II,1.0,1.0,1.75,3.75,4.33,1.52,2.43,,,,,,
2015-04-25,NAC Breda,Heracles,1.0,3.0,2.25,3.6,2.9,1.62,2.22,,,,,,
2015-04-26,Dordrecht,Cambuur,0.0,0.0,4.5,3.8,1.73,1.58,2.31,,,,,,
2015-04-26,Groningen,Feyenoord,1.0,1.0,4.5,3.75,1.75,1.61,2.23,,,,,,
2015-04-26,Twente,AZ Alkmaar,0.0,2.0,1.73,4.0,4.33,1.5,2.49,,,,,,
2015-04-26,Zwolle,Ajax,1.0,1.0,3.0,3.5,2.25,1.67,2.13,,,,,,
2015-05-10,Ajax,Cambuur,3.0,0.0,1.4,5.0,6.5,1.56,2.32,,,,,,
2015-05-10,AZ Alkmaar,NAC Breda,3.0,2.0,1.62,4.0,5.25,1.56,2.33,,,,,,
2015-05-10,Go Ahead Eagles,Heerenveen,1.0,1.0,2.88,3.5,2.3,1.55,2.36,,,,,,
2015-05-10,Groningen,Zwolle,0.0,1.0,2.0,3.75,3.4,1.62,2.21,,,,,,
2015-05-10,PSV Eindhoven,Heracles,2.0,0.0,1.2,6.5,13.0,1.26,3.64,,,,,,
2015-05-10,Twente,Dordrecht,3.0,0.0,1.2,6.5,13.0,1.3,3.15,,,,,,
2015-05-10,Utrecht,Excelsior,2.0,2.0,2.1,3.6,3.25,1.55,2.35,,,,,,
2015-05-10,Willem II,Den Haag,1.0,0.0,2.05,3.6,3.3,1.62,2.22,,,,,,
2015-05-11,Feyenoord,Vitesse,1.0,4.0,1.85,3.5,4.2,1.58,2.29,,,,,,
2015-05-17,Cambuur,Willem II,1.0,2.0,2.25,3.6,2.9,1.55,2.33,,,,,,
2015-05-17,Den Haag,PSV Eindhoven,2.0,3.0,7.0,4.75,1.4,1.31,3.22,,,,,,
2015-05-17,Dordrecht,Ajax,2.0,1.0,11.0,5.75,1.25,1.26,3.58,,,,,,
2015-05-17,Excelsior,AZ Alkmaar,1.0,4.0,3.4,3.75,2.0,1.37,2.94,,,,,,
2015-05-17,Heerenveen,Twente,1.0,3.0,2.6,3.6,2.5,1.41,2.75,,,,,,
2015-05-17,Heracles,Go Ahead Eagles,1.0,0.0,1.62,4.0,5.0,1.39,2.8,,,,,,
2015-05-17,NAC Breda,Groningen,4.0,5.0,2.6,3.6,2.5,1.54,2.35,,,,,,
2015-05-17,Vitesse,Utrecht,3.0,3.0,1.25,6.0,10.0,1.25,3.64,,,,,,
2015-05-17,Zwolle,Feyenoord,3.0,0.0,4.2,4.0,1.73,1.58,2.28,,,,,,
2015-08-08,Feyenoord,Utrecht,3.0,2.0,1.44,4.75,6.0,1.52,2.42,,,,,,
2015-08-08,Roda,Heracles,3.0,1.0,2.15,3.5,3.2,1.64,2.19,,,,,,
2015-08-09,AZ Alkmaar,Ajax,0.0,3.0,3.0,3.5,2.25,1.67,2.14,,,,,,
2015-08-09,Willem II,Vitesse,1.0,1.0,3.0,3.4,2.3,1.7,2.12,,,,,,
2015-08-11,Den Haag,PSV Eindhoven,2.0,2.0,5.5,4.0,1.57,1.49,2.53,,,,,,
2015-08-11,Heerenveen,Graafschap,3.0,1.0,1.55,4.33,5.25,1.49,2.51,,,,,,
2015-08-12,Groningen,Twente,1.0,1.0,2.45,3.4,2.75,1.71,2.08,,,,,,
2015-08-12,Nijmegen,Excelsior,1.0,0.0,1.75,3.75,4.5,1.67,2.15,,,,,,
2015-08-12,Zwolle,Cambuur,2.0,2.0,1.85,3.6,4.0,1.69,2.11,,,,,,
2015-08-14,Vitesse,Roda,3.0,0.0,1.45,4.75,6.0,1.47,2.56,,,,,,
2015-08-15,Ajax,Willem II,3.0,0.0,1.33,5.0,9.0,1.51,2.46,,,,,,
2015-08-15,Excelsior,AZ Alkmaar,2.0,2.0,3.1,3.3,2.3,1.58,2.28,,,,,,
2015-08-15,Graafschap,Zwolle,0.0,3.0,2.6,3.6,2.5,1.68,2.12,,,,,,
2015-08-15,Twente,Den Haag,1.0,4.0,1.62,4.0,5.0,1.59,2.27,,,,,,
2015-08-16,Cambuur,Feyenoord,0.0,2.0,4.2,3.6,1.83,1.71,2.08,,,,,,
2015-08-16,Heracles,Nijmegen,3.0,0.0,2.2,3.6,3.0,1.64,2.18,,,,,,
2015-08-16,PSV Eindhoven,Groningen,2.0,0.0,1.29,5.0,11.0,1.4,2.78,,,,,,
2015-08-16,Utrecht,Heerenveen,1.0,1.0,2.2,3.6,3.0,1.61,2.22,,,,,,
2015-08-21,Groningen,Excelsior,2.0,0.0,1.62,3.9,5.25,1.62,2.24,,,,,,
2015-08-22,Cambuur,Heracles,1.0,6.0,1.95,3.6,3.6,1.64,2.18,,,,,,
2015-08-22,Heerenveen,PSV Eindhoven,1.0,1.0,4.2,3.6,1.83,1.51,2.46,,,,,,
2015-08-22,Roda,Graafschap,1.0,0.0,1.7,4.0,4.33,1.64,2.17,,,,,,
2015-08-23,AZ Alkmaar,Willem II,0.0,0.0,2.0,3.6,3.5,1.69,2.12,,,,,,
2015-08-23,Den Haag,Utrecht,1.0,1.0,2.25,3.4,3.1,1.65,2.17,,,,,,
2015-08-23,Feyenoord,Vitesse,2.0,0.0,1.67,4.2,4.33,1.58,2.27,,,,,,
2015-08-23,Nijmegen,Ajax,0.0,2.0,4.5,3.75,1.75,1.63,2.19,,,,,,
2015-08-23,Zwolle,Twente,2.0,1.0,2.25,3.6,2.9,1.63,2.2,,,,,,
2015-08-28,Willem II,Nijmegen,0.0,1.0,1.83,3.5,4.2,1.84,1.93,,,,,,
2015-08-29,Excelsior,Graafschap,3.0,0.0,1.7,4.0,4.33,1.65,2.15,,,,,,
2015-08-29,Heerenveen,Zwolle,1.0,1.0,1.83,3.75,4.0,1.57,2.3,,,,,,
2015-08-29,Heracles,Twente,2.0,0.0,2.4,3.5,2.75,1.56,2.32,,,,,,
2015-08-29,Utrecht,Groningen,2.0,0.0,2.0,3.5,3.6,1.7,2.08,,,,,,
2015-08-30,Ajax,Den Haag,4.0,0.0,1.36,4.75,8.5,1.55,2.35,,,,,,
2015-08-30,AZ Alkmaar,Roda,0.0,1.0,1.7,3.8,4.6,1.58,2.27,,,,,,
2015-08-30,PSV Eindhoven,Feyenoord,3.0,1.0,1.73,3.6,4.75,1.63,2.2,,,,,,
2015-08-30,Vitesse,Cambuur,4.0,1.0,1.44,4.75,6.0,1.49,2.5,,,,,,
2015-09-12,Cambuur,PSV Eindhoven,0.0,6.0,6.5,4.5,1.44,1.47,2.55,,,,,,
2015-09-12,Graafschap,AZ Alkmaar,1.0,3.0,3.5,3.6,2.0,1.6,2.25,,,,,,
2015-09-12,Roda,Nijmegen,0.0,0.0,2.1,3.6,3.2,1.76,2.02,,,,,,
2015-09-12,Twente,Ajax,2.0,2.0,4.2,4.0,1.73,1.67,2.15,,,,,,
2015-09-12,Zwolle,Excelsior,3.0,0.0,1.73,3.8,4.5,1.62,2.21,,,,,,
2015-09-13,Den Haag,Heracles,0.0,1.0,2.2,3.5,3.1,1.56,2.31,,,,,,
2015-09-13,Feyenoord,Willem II,1.0,0.0,1.4,4.5,8.0,1.54,2.39,,,,,,
2015-09-13,Groningen,Heerenveen,3.0,1.0,2.2,3.6,3.0,1.59,2.26,,,,,,
2015-09-13,Utrecht,Vitesse,2.0,1.0,2.6,3.75,2.45,1.59,2.27,,,,,,
2015-09-18,Nijmegen,Heerenveen,2.0,0.0,2.3,3.4,3.0,1.74,2.05,,,,,,
2015-09-19,Cambuur,Twente,0.0,0.0,2.88,3.5,2.3,1.59,2.28,,,,,,
2015-09-19,Heracles,PSV Eindhoven,2.0,1.0,4.33,4.33,1.67,1.43,2.7,,,,,,
2015-09-19,Willem II,Utrecht,3.0,1.0,2.4,3.4,2.8,1.81,1.97,,,,,,
2015-09-19,Zwolle,Den Haag,2.0,1.0,1.91,3.75,3.6,1.66,2.15,,,,,,
2015-09-20,Excelsior,Ajax,0.0,2.0,5.75,4.5,1.5,1.58,2.28,,,,,,
2015-09-20,Groningen,AZ Alkmaar,2.0,0.0,2.1,3.5,3.3,1.65,2.17,,,,,,
2015-09-20,Roda,Feyenoord,1.0,1.0,5.0,3.75,1.67,1.61,2.24,,,,,,
2015-09-20,Vitesse,Graafschap,3.0,0.0,1.2,7.0,11.0,1.39,2.86,,,,,,
2015-09-26,Ajax,Groningen,2.0,0.0,1.4,4.5,7.5,1.51,2.44,,,,,,
2015-09-26,AZ Alkmaar,Heracles,3.0,1.0,2.0,3.75,3.4,1.53,2.4,,,,,,
2015-09-26,Heerenveen,Vitesse,0.0,0.0,2.7,3.6,2.4,1.58,2.28,,,,,,
2015-09-26,PSV Eindhoven,Nijmegen,2.0,1.0,1.22,6.25,11.0,1.44,2.66,,,,,,
2015-09-26,Utrecht,Cambuur,3.0,3.0,1.5,4.33,6.0,1.53,2.4,,,,,,
2015-09-27,Den Haag,Excelsior,3.0,3.0,1.73,3.75,4.5,1.71,2.09,,,,,,
2015-09-27,Feyenoord,Zwolle,2.0,0.0,1.36,5.0,7.5,1.54,2.39,,,,,,
2015-09-27,Graafschap,Willem II,2.0,2.0,3.5,3.6,2.0,1.8,1.96,,,,,,
2015-09-27,Twente,Roda,2.0,1.0,1.67,3.8,5.0,1.56,2.33,,,,,,
2015-10-02,Heracles,Heerenveen,2.0,0.0,2.05,3.6,3.3,1.56,2.35,,,,,,
2015-10-03,Excelsior,Utrecht,1.0,0.0,2.8,3.4,2.4,1.69,2.11,,,,,,
2015-10-03,Nijmegen,Den Haag,4.0,1.0,2.05,3.4,3.5,1.83,1.94,,,,,,
2015-10-03,Roda,Cambuur,1.0,1.0,1.95,3.5,3.75,1.63,2.2,,,,,,
2015-10-03,Willem II,Zwolle,0.0,1.0,2.1,3.6,3.2,1.78,2.0,,,,,,
2015-10-04,Ajax,PSV Eindhoven,1.0,2.0,2.0,3.6,3.5,1.65,2.16,,,,,,
2015-10-04,AZ Alkmaar,Twente,3.0,1.0,2.05,3.6,3.3,1.54,2.38,,,,,,
2015-10-04,Graafschap,Feyenoord,1.0,2.0,8.5,4.75,1.36,1.52,2.42,,,,,,
2015-10-04,Vitesse,Groningen,5.0,0.0,1.53,4.33,5.5,1.55,2.35,,,,,,
2015-10-17,Cambuur,AZ Alkmaar,1.0,1.0,3.0,3.5,2.25,1.58,2.29,,,,,,
2015-10-17,Groningen,Willem II,2.0,1.0,1.8,3.5,4.5,1.71,2.09,,,,,,
2015-10-17,Heracles,Ajax,0.0,2.0,4.0,3.75,1.83,1.59,2.26,,,,,,
2015-10-17,PSV Eindhoven,Excelsior,1.0,1.0,1.18,7.0,13.0,1.34,3.11,,,,,,
2015-10-17,Utrecht,Roda,1.0,1.0,1.6,4.0,5.25,1.6,2.25,,,,,,
2015-10-18,Den Haag,Graafschap,1.0,1.0,1.55,4.2,5.5,1.62,2.23,,,,,,
2015-10-18,Heerenveen,Feyenoord,2.0,5.0,4.2,3.5,1.85,1.63,2.21,,,,,,
2015-10-18,Twente,Nijmegen,1.0,0.0,1.95,3.6,3.6,1.66,2.15,,,,,,
2015-10-18,Zwolle,Vitesse,1.0,5.0,2.9,3.5,2.3,1.64,2.19,,,,,,
2015-10-23,Zwolle,Utrecht,1.0,2.0,2.25,3.5,3.0,1.6,2.26,,,,,,
2015-10-24,Graafschap,Heracles,0.0,1.0,3.0,3.6,2.2,1.57,2.32,,,,,,
2015-10-24,Roda,Excelsior,1.0,2.0,1.67,4.1,4.0,1.76,2.02,,,,,,
2015-10-24,Twente,PSV Eindhoven,1.0,3.0,4.2,4.0,1.73,1.5,2.47,,,,,,
2015-10-24,Willem II,Heerenveen,2.0,2.0,2.2,3.4,3.2,1.82,1.95,,,,,,
2015-10-25,Cambuur,Den Haag,1.0,1.0,2.35,3.4,2.88,1.63,2.2,,,,,,
2015-10-25,Feyenoord,AZ Alkmaar,3.0,1.0,1.4,4.5,7.5,1.5,2.49,,,,,,
2015-10-25,Nijmegen,Groningen,1.0,1.0,2.2,3.4,3.2,1.8,1.96,,,,,,
2015-10-25,Vitesse,Ajax,1.0,3.0,2.4,3.3,2.88,1.67,2.13,,,,,,
2015-10-30,Heracles,Willem II,2.0,1.0,1.75,3.8,4.33,1.7,2.1,,,,,,
2015-10-31,Ajax,Roda,6.0,0.0,1.22,6.5,11.0,1.51,2.45,,,,,,
2015-10-31,Excelsior,Vitesse,0.0,3.0,4.75,3.6,1.73,1.59,2.27,,,,,,
2015-10-31,Graafschap,PSV Eindhoven,3.0,6.0,9.0,5.5,1.3,1.39,2.85,,,,,,
2015-10-31,Groningen,Zwolle,2.0,0.0,1.91,3.6,3.75,1.67,2.14,,,,,,
2015-11-01,AZ Alkmaar,Nijmegen,2.0,4.0,1.75,3.75,4.33,1.66,2.14,,,,,,
2015-11-01,Den Haag,Feyenoord,1.0,0.0,5.0,3.6,1.7,1.64,2.17,,,,,,
2015-11-01,Heerenveen,Cambuur,2.0,0.0,1.73,3.6,4.75,1.56,2.33,,,,,,
2015-11-01,Utrecht,Twente,4.0,2.0,2.0,3.5,3.6,1.59,2.27,,,,,,
2015-11-06,Roda,Den Haag,1.0,1.0,2.5,3.4,2.7,1.84,1.93,,,,,,
2015-11-07,Nijmegen,Graafschap,2.0,0.0,1.44,4.5,6.5,1.59,2.28,,,,,,
2015-11-07,Twente,Heerenveen,1.0,4.0,2.0,3.6,3.5,1.6,2.27,,,,,,
2015-11-07,Willem II,Excelsior,2.0,3.0,1.75,3.6,4.6,1.79,1.98,,,,,,
2015-11-07,Zwolle,Heracles,1.0,1.0,2.15,3.4,3.3,1.57,2.32,,,,,,
2015-11-08,Cambuur,Groningen,2.0,2.0,2.55,3.4,2.63,1.7,2.11,,,,,,
2015-11-08,Feyenoord,Ajax,1.0,1.0,2.3,3.4,3.0,1.84,1.93,,,,,,
2015-11-08,PSV Eindhoven,Utrecht,3.0,1.0,1.3,5.75,8.0,1.37,2.96,,,,,,
2015-11-08,Vitesse,AZ Alkmaar,0.0,2.0,1.5,4.33,6.0,1.44,2.65,,,,,,
2015-11-21,Ajax,Cambuur,5.0,1.0,1.17,6.5,17.0,1.4,2.79,,,,,,
2015-11-21,AZ Alkmaar,Heerenveen,3.0,1.0,1.91,3.75,3.6,1.52,2.41,,,,,,
2015-11-21,Graafschap,Groningen,1.0,2.0,3.4,3.5,2.05,1.69,2.11,,,,,,
2015-11-21,Roda,Zwolle,0.0,5.0,2.6,3.4,2.6,1.68,2.13,,,,,,
2015-11-21,Willem II,PSV Eindhoven,2.0,2.0,6.5,4.5,1.44,1.5,2.47,,,,,,
2015-11-22,Den Haag,Vitesse,2.0,2.0,3.6,3.5,2.0,1.6,2.26,,,,,,
2015-11-22,Feyenoord,Twente,5.0,0.0,1.36,4.75,8.0,1.45,2.62,,,,,,
2015-11-22,Heracles,Excelsior,0.0,0.0,1.57,4.2,5.25,1.58,2.3,,,,,,
2015-11-22,Nijmegen,Utrecht,1.0,0.0,2.3,3.4,3.0,1.71,2.09,,,,,,
2015-11-27,Cambuur,Graafschap,2.0,3.0,1.8,3.6,4.33,1.6,2.25,,,,,,
2015-11-28,Excelsior,Feyenoord,2.0,4.0,5.75,4.2,1.53,1.63,2.19,,,,,,
2015-11-28,Heerenveen,Roda,3.0,0.0,1.62,4.0,5.0,1.62,2.21,,,,,,
2015-11-28,Twente,Willem II,1.0,3.0,2.05,3.6,3.4,1.65,2.16,,,,,,
2015-11-29,Groningen,Den Haag,2.0,1.0,2.0,3.5,3.6,1.74,2.03,,,,,,
2015-11-29,PSV Eindhoven,AZ Alkmaar,3.0,0.0,1.33,5.25,8.0,1.32,3.25,,,,,,
2015-11-29,Utrecht,Heracles,4.0,2.0,1.85,3.5,4.2,1.59,2.27,,,,,,
2015-11-29,Vitesse,Nijmegen,1.0,0.0,1.53,4.2,5.75,1.57,2.31,,,,,,
2015-11-29,Zwolle,Ajax,0.0,2.0,4.75,3.6,1.73,1.66,2.14,,,,,,
2015-12-04,AZ Alkmaar,Den Haag,0.0,1.0,1.73,4.0,4.33,1.51,2.46,,,,,,
2015-12-05,Ajax,Heerenveen,5.0,2.0,1.29,5.5,9.5,1.43,2.68,,,,,,
2015-12-05,Excelsior,Twente,1.0,1.0,2.0,3.5,3.5,1.59,2.26,,,,,,
2015-12-05,Graafschap,Utrecht,0.0,1.0,3.5,3.6,2.0,1.58,2.29,,,,,,
2015-12-05,Vitesse,PSV Eindhoven,0.0,1.0,3.3,3.6,2.05,1.51,2.47,,,,,,
2015-12-06,Feyenoord,Heracles,3.0,0.0,1.3,5.25,9.5,1.41,2.76,,,,,,
2015-12-06,Nijmegen,Zwolle,2.0,2.0,2.0,3.6,3.5,1.76,2.02,,,,,,
2015-12-06,Roda,Groningen,0.0,0.0,2.8,3.5,2.38,1.81,1.94,,,,,,
2015-12-06,Willem II,Cambuur,3.0,0.0,1.7,3.75,4.75,1.71,2.08,,,,,,
2015-12-11,Heerenveen,Excelsior,2.0,1.0,1.65,3.75,5.25,1.57,2.31,,,,,,
2015-12-12,Cambuur,Nijmegen,3.0,1.0,3.1,3.25,2.3,1.8,1.98,,,,,,
2015-12-12,Den Haag,Willem II,1.0,1.0,1.95,3.6,3.6,1.87,1.91,,,,,,
2015-12-12,PSV Eindhoven,Roda,1.0,1.0,1.1,9.0,21.0,1.26,3.66,,,,,,
2015-12-12,Twente,Graafschap,2.0,1.0,1.7,4.0,4.33,1.52,1.58,,,,,,
2015-12-13,Groningen,Feyenoord,1.0,1.0,4.75,3.8,1.7,1.69,2.12,,,,,,
2015-12-13,Heracles,Vitesse,1.0,1.0,2.8,3.5,2.38,1.57,2.31,,,,,,
2015-12-13,Utrecht,Ajax,1.0,0.0,4.2,3.75,1.8,1.63,2.21,,,,,,
2015-12-13,Zwolle,AZ Alkmaar,2.0,1.0,2.2,3.5,3.1,1.55,2.37,,,,,,
2015-12-18,Vitesse,Twente,5.0,1.0,1.4,5.0,6.5,1.43,2.68,,,,,,
2015-12-19,AZ Alkmaar,Utrecht,2.0,2.0,2.15,3.5,3.2,1.61,2.25,,,,,,
2015-12-19,Heracles,Groningen,2.0,1.0,2.2,3.4,3.2,1.72,2.07,,,,,,
2015-12-19,PSV Eindhoven,Zwolle,3.0,2.0,1.22,6.5,10.5,1.36,3.01,,,,,,
2015-12-20,Ajax,Graafschap,2.0,1.0,1.1,9.0,21.0,1.34,3.14,,,,,,
2015-12-20,Excelsior,Cambuur,1.0,4.0,1.95,3.5,3.75,1.64,2.19,,,,,,
2015-12-20,Heerenveen,Den Haag,0.0,4.0,2.0,3.6,3.5,1.64,2.19,,,,,,
2015-12-20,Nijmegen,Feyenoord,3.0,1.0,4.2,4.0,1.75,1.72,2.07,,,,,,
2015-12-20,Willem II,Roda,3.0,2.0,1.62,4.0,5.25,1.91,1.86,,,,,,
2016-01-15,Twente,Heracles,4.0,0.0,2.3,3.6,2.8,1.59,2.27,,,,,,
2016-01-16,Cambuur,Vitesse,0.0,2.0,3.8,3.8,1.85,1.57,2.3,,,,,,
2016-01-16,Graafschap,Excelsior,2.0,0.0,2.3,3.5,2.88,1.63,2.21,,,,,,
2016-01-16,Roda,AZ Alkmaar,0.0,1.0,3.25,3.6,2.1,1.74,2.04,,,,,,
2016-01-16,Zwolle,Heerenveen,5.0,2.0,2.05,3.6,3.3,1.54,2.38,,,,,,
2016-01-17,Den Haag,Ajax,0.0,1.0,5.25,3.7,1.65,1.74,2.05,,,,,,
2016-01-17,Feyenoord,PSV Eindhoven,0.0,2.0,2.5,3.4,2.7,1.69,2.12,,,,,,
2016-01-17,Groningen,Utrecht,1.0,4.0,2.5,3.4,2.7,1.74,2.04,,,,,,
2016-01-17,Nijmegen,Willem II,1.0,0.0,2.05,3.4,3.5,1.89,1.88,,,,,,
2016-01-22,Groningen,Nijmegen,0.0,0.0,2.15,3.4,3.3,1.87,1.9,,,,,,
2016-01-23,Ajax,Vitesse,1.0,0.0,1.55,4.2,5.5,1.64,2.19,,,,,,
2016-01-23,Excelsior,Roda,0.0,1.0,2.0,3.5,3.6,1.78,2.0,,,,,,
2016-01-23,Heerenveen,Willem II,3.0,1.0,2.05,3.4,3.5,1.72,2.07,,,,,,
2016-01-23,Heracles,Graafschap,2.0,1.0,1.57,3.75,6.0,1.57,2.31,,,,,,
2016-01-24,AZ Alkmaar,Feyenoord,4.0,2.0,4.0,3.6,1.85,1.62,2.22,,,,,,
2016-01-24,Den Haag,Cambuur,2.0,1.0,1.67,3.8,5.0,1.68,2.11,,,,,,
2016-01-24,PSV Eindhoven,Twente,4.0,2.0,1.2,7.0,11.0,1.29,3.43,,,,,,
2016-01-24,Utrecht,Zwolle,1.0,0.0,1.73,3.5,5.0,1.58,2.29,,,,,,
2016-01-26,Ajax,Heracles,0.0,0.0,1.29,6.0,8.5,1.48,2.54,,,,,,
2016-01-26,Willem II,Groningen,1.0,1.0,2.0,3.4,3.75,1.83,1.94,,,,,,
2016-01-27,AZ Alkmaar,Cambuur,3.0,1.0,1.44,4.5,6.5,1.52,2.45,,,,,,
2016-01-27,Excelsior,PSV Eindhoven,1.0,3.0,8.5,5.0,1.33,1.47,2.57,,,,,,
2016-01-27,Graafschap,Den Haag,3.0,1.0,3.3,3.4,2.15,1.76,2.02,,,,,,
2016-01-27,Nijmegen,Twente,2.0,0.0,2.05,3.5,3.4,1.63,2.2,,,,,,
2016-01-27,Vitesse,Zwolle,1.0,1.0,1.44,4.33,7.0,1.49,2.53,,,,,,
2016-01-28,Feyenoord,Heerenveen,1.0,2.0,1.3,5.0,11.0,1.46,2.61,,,,,,
2016-01-28,Roda,Utrecht,1.0,0.0,3.75,3.4,2.0,1.81,1.95,,,,,,
2016-01-29,Willem II,Heracles,0.0,0.0,2.05,3.4,3.5,1.8,1.97,,,,,,
2016-01-30,Nijmegen,AZ Alkmaar,0.0,3.0,2.63,3.4,2.55,1.72,2.07,,,,,,
2016-01-30,PSV Eindhoven,Graafschap,4.0,2.0,1.08,11.0,21.0,1.24,3.76,,,,,,
2016-01-30,Vitesse,Excelsior,0.0,0.0,1.3,5.5,8.5,1.45,2.61,,,,,,
2016-01-30,Zwolle,Groningen,1.0,3.0,1.91,3.6,3.75,1.72,2.07,,,,,,
2016-01-31,Cambuur,Heerenveen,0.0,1.0,3.0,3.4,2.3,1.59,2.26,,,,,,
2016-01-31,Feyenoord,Den Haag,0.0,2.0,1.36,5.25,7.0,1.54,2.39,,,,,,
2016-01-31,Roda,Ajax,2.0,2.0,7.0,4.33,1.44,1.73,2.04,,,,,,
2016-01-31,Twente,Utrecht,3.0,1.0,2.7,3.4,2.5,1.57,2.31,,,,,,
2016-02-05,Excelsior,Willem II,0.0,0.0,2.75,3.2,2.55,1.91,1.85,,,,,,
2016-02-06,AZ Alkmaar,Vitesse,1.0,0.0,2.38,3.5,2.88,1.66,2.15,,,,,,
2016-02-06,Den Haag,Roda,2.0,2.0,1.62,3.75,5.5,1.92,1.84,,,,,,
2016-02-06,Heerenveen,Twente,1.0,3.0,1.85,3.8,3.8,1.53,2.4,,,,,,
2016-02-06,Heracles,Zwolle,2.0,0.0,2.0,3.6,3.5,1.66,2.14,,,,,,
2016-02-07,Ajax,Feyenoord,2.0,1.0,1.73,3.75,4.5,1.84,1.92,,,,,,
2016-02-07,Graafschap,Nijmegen,1.0,1.0,2.63,3.5,2.5,1.83,1.93,,,,,,
2016-02-07,Groningen,Cambuur,2.0,0.0,1.6,4.0,5.25,1.72,2.06,,,,,,
2016-02-07,Utrecht,PSV Eindhoven,0.0,2.0,3.8,4.0,1.8,1.51,2.44,,,,,,
2016-02-12,Cambuur,Utrecht,0.0,2.0,4.2,3.6,1.83,1.65,2.17,,,,,,
2016-02-13,Heracles,AZ Alkmaar,3.0,6.0,2.88,3.4,2.38,1.72,2.07,,,,,,
2016-02-13,Roda,Twente,0.0,1.0,2.5,3.2,2.8,1.72,2.08,,,,,,
2016-02-13,Vitesse,Heerenveen,3.0,0.0,1.6,4.33,4.75,1.54,2.39,,,,,,
2016-02-13,Willem II,Graafschap,0.0,0.0,1.67,3.5,5.5,1.77,2.01,,,,,,
2016-02-14,Excelsior,Den Haag,2.0,4.0,2.7,3.3,2.55,1.91,1.87,,,,,,
2016-02-14,Groningen,Ajax,1.0,2.0,4.75,3.4,1.8,1.85,1.92,,,,,,
2016-02-14,Nijmegen,PSV Eindhoven,0.0,3.0,5.5,4.0,1.57,1.65,2.18,,,,,,
2016-02-14,Zwolle,Feyenoord,3.0,1.0,3.3,3.5,2.1,1.62,2.22,,,,,,
2016-02-19,Den Haag,Zwolle,0.0,2.0,2.0,3.5,3.6,1.71,2.08,,,,,,
2016-02-20,AZ Alkmaar,Groningen,4.0,1.0,1.53,4.2,5.75,1.52,2.42,,,,,,
2016-02-20,Heerenveen,Nijmegen,1.0,1.0,1.8,3.6,4.5,1.69,2.11,,,,,,
2016-02-20,PSV Eindhoven,Heracles,2.0,0.0,1.25,6.0,10.0,1.39,2.84,,,,,,
2016-02-20,Twente,Cambuur,3.0,0.0,1.5,4.33,6.0,1.53,2.4,,,,,,
2016-02-21,Ajax,Excelsior,3.0,0.0,1.17,7.0,15.0,1.47,2.57,,,,,,
2016-02-21,Feyenoord,Roda,1.0,1.0,1.44,4.33,8.0,1.6,2.25,,,,,,
2016-02-21,Graafschap,Vitesse,2.0,2.0,5.0,3.8,1.67,1.64,2.17,,,,,,
2016-02-21,Utrecht,Willem II,2.0,1.0,1.65,3.8,5.0,1.78,1.99,,,,,,
2016-02-26,Excelsior,Nijmegen,2.0,0.0,2.4,3.4,2.8,1.99,1.79,,,,,,
2016-02-27,Cambuur,Zwolle,1.0,0.0,3.3,3.6,2.05,1.67,2.15,,,,,,
2016-02-27,PSV Eindhoven,Den Haag,2.0,0.0,1.29,5.75,9.0,1.45,2.62,,,,,,
2016-02-27,Twente,Groningen,2.0,0.0,1.67,3.8,5.0,1.57,2.3,,,,,,
2016-02-27,Vitesse,Willem II,0.0,1.0,1.5,4.0,7.0,1.83,1.94,,,,,,
2016-02-28,Ajax,AZ Alkmaar,4.0,1.0,1.7,3.8,4.75,1.65,2.15,,,,,,
2016-02-28,Graafschap,Heerenveen,0.0,1.0,3.25,3.6,2.1,1.59,2.27,,,,,,
2016-02-28,Heracles,Roda,0.0,5.0,2.0,3.4,3.75,1.95,1.82,,,,,,
2016-02-28,Utrecht,Feyenoord,1.0,2.0,2.3,3.4,3.0,1.71,2.07,,,,,,
2016-03-04,Den Haag,Twente,2.0,1.0,2.5,3.4,2.7,1.73,2.06,,,,,,
2016-03-05,Groningen,PSV Eindhoven,0.0,3.0,7.0,4.0,1.5,1.62,2.23,,,,,,
2016-03-05,Heerenveen,Utrecht,0.0,4.0,2.38,3.4,2.88,1.67,2.14,,,,,,
2016-03-05,Zwolle,Graafschap,2.0,1.0,1.62,4.0,5.0,1.56,2.31,,,,,,
2016-03-06,AZ Alkmaar,Excelsior,2.0,0.0,1.36,5.0,7.5,1.47,2.57,,,,,,
2016-03-06,Feyenoord,Cambuur,3.0,1.0,1.36,5.0,7.5,1.49,2.49,,,,,,
2016-03-06,Nijmegen,Heracles,1.0,0.0,2.0,3.6,3.5,1.84,1.92,,,,,,
2016-03-06,Roda,Vitesse,1.0,2.0,3.4,3.3,2.15,1.96,1.81,,,,,,
2016-03-06,Willem II,Ajax,0.0,4.0,4.33,3.6,1.8,1.93,1.83,,,,,,
2016-03-11,Graafschap,Roda,3.0,0.0,2.75,3.5,2.4,1.87,1.89,,,,,,
2016-03-12,Excelsior,Groningen,2.0,1.0,2.5,3.4,2.7,1.77,2.0,,,,,,
2016-03-12,PSV Eindhoven,Heerenveen,1.0,1.0,1.22,5.75,13.0,1.35,3.01,,,,,,
2016-03-12,Twente,Zwolle,2.0,1.0,1.95,3.8,3.5,1.55,2.35,,,,,,
2016-03-12,Willem II,AZ Alkmaar,0.0,2.0,3.5,3.4,2.05,1.85,1.92,,,,,,
2016-03-13,Ajax,Nijmegen,2.0,2.0,1.25,5.75,11.0,1.57,2.31,,,,,,
2016-03-13,Heracles,Cambuur,3.0,1.0,1.91,3.8,3.6,1.67,2.13,,,,,,
2016-03-13,Utrecht,Den Haag,2.0,2.0,1.62,4.0,5.0,1.73,2.06,,,,,,
2016-03-13,Vitesse,Feyenoord,0.0,2.0,2.5,3.25,2.8,1.8,1.96,,,,,,
2016-03-18,Utrecht,Excelsior,2.0,1.0,1.3,5.25,9.5,1.55,2.35,,,,,,
2016-03-19,Cambuur,Roda,0.0,1.0,2.6,3.3,2.63,1.91,1.86,,,,,,
2016-03-19,Feyenoord,Graafschap,3.0,1.0,1.25,5.5,12.0,1.44,2.64,,,,,,
2016-03-19,Heerenveen,Heracles,0.0,1.0,1.83,3.75,4.0,1.59,2.26,,,,,,
2016-03-19,Zwolle,Willem II,4.0,1.0,2.0,3.3,3.8,1.85,1.92,,,,,,
2016-03-20,Den Haag,Nijmegen,1.0,0.0,1.95,3.3,4.0,1.9,1.86,,,,,,
2016-03-20,Groningen,Vitesse,0.0,3.0,3.0,3.6,2.2,1.84,1.92,,,,,,
2016-03-20,PSV Eindhoven,Ajax,0.0,2.0,1.91,3.6,3.75,1.74,2.05,,,,,,
2016-03-20,Twente,AZ Alkmaar,2.0,2.0,2.88,3.3,2.4,1.55,2.34,,,,,,
2016-04-02,AZ Alkmaar,PSV Eindhoven,2.0,4.0,3.75,3.5,1.95,1.53,2.41,,,,,,
2016-04-02,Feyenoord,Excelsior,3.0,0.0,1.25,6.0,10.0,1.54,2.38,,,,,,
2016-04-02,Graafschap,Cambuur,2.0,2.0,2.05,3.4,3.5,1.78,2.0,,,,,,
2016-04-02,Heracles,Utrecht,1.0,1.0,3.3,3.5,2.1,1.72,2.06,,,,,,
2016-04-02,Willem II,Twente,2.0,3.0,2.5,3.3,2.75,1.82,1.94,,,,,,
2016-04-03,Ajax,Zwolle,3.0,0.0,1.25,5.5,12.0,1.49,2.39,,,,,,
2016-04-03,Den Haag,Groningen,0.0,1.0,1.83,3.75,4.0,1.86,1.9,,,,,,
2016-04-03,Nijmegen,Vitesse,2.0,1.0,3.4,3.4,2.1,1.96,1.81,,,,,,
2016-04-03,Roda,Heerenveen,1.0,2.0,2.15,3.4,3.25,1.84,1.92,,,,,,
2016-04-08,Zwolle,Roda,3.0,1.0,1.91,3.6,3.8,1.74,2.05,,,,,,
2016-04-09,Cambuur,Ajax,0.0,1.0,9.5,5.25,1.3,1.54,2.39,,,,,,
2016-04-09,Excelsior,Heracles,1.0,3.0,2.6,3.4,2.6,1.78,1.99,,,,,,
2016-04-09,PSV Eindhoven,Willem II,2.0,0.0,1.17,6.5,17.0,1.37,2.91,,,,,,
2016-04-09,Vitesse,Den Haag,2.0,2.0,1.67,3.75,5.0,1.76,2.02,,,,,,
2016-04-10,Groningen,Graafschap,3.0,1.0,1.7,3.8,4.75,1.71,2.09,,,,,,
2016-04-10,Heerenveen,AZ Alkmaar,4.0,2.0,3.1,3.5,2.2,1.49,2.5,,,,,,
2016-04-10,Twente,Feyenoord,0.0,1.0,3.5,3.6,2.0,1.59,2.27,,,,,,
2016-04-10,Utrecht,Nijmegen,3.0,1.0,1.5,4.0,7.0,1.72,2.05,,,,,,
2016-04-15,Graafschap,Twente,1.0,1.0,2.63,3.5,2.5,1.55,2.35,,,,,,
2016-04-16,AZ Alkmaar,Zwolle,5.0,1.0,1.62,4.0,5.0,1.47,2.55,,,,,,
2016-04-16,Feyenoord,Groningen,1.0,1.0,1.33,5.0,9.0,1.53,2.4,,,,,,
2016-04-16,Roda,PSV Eindhoven,0.0,3.0,7.5,5.0,1.36,1.53,2.39,,,,,,
2016-04-16,Vitesse,Heracles,1.0,1.0,1.6,4.0,5.25,1.66,2.13,,,,,,
2016-04-17,Ajax,Utrecht,2.0,2.0,1.44,4.5,6.5,1.62,2.21,,,,,,
2016-04-17,Excelsior,Heerenveen,1.0,1.0,3.1,3.4,2.25,1.67,2.13,,,,,,
2016-04-17,Nijmegen,Cambuur,2.0,1.0,1.55,4.2,5.5,1.69,2.09,,,,,,
2016-04-17,Willem II,Den Haag,0.0,2.0,2.25,3.4,3.1,1.88,1.88,,,,,,
2016-04-19,Groningen,Roda,1.0,0.0,2.1,3.6,3.25,1.77,2.01,,,,,,
2016-04-19,PSV Eindhoven,Vitesse,2.0,0.0,1.3,5.0,10.0,1.42,2.71,,,,,,
2016-04-20,Heerenveen,Ajax,0.0,2.0,5.5,4.2,1.55,1.63,2.19,,,,,,
2016-04-20,Heracles,Feyenoord,2.0,2.0,4.0,3.75,1.83,1.71,2.07,,,,,,
2016-04-20,Twente,Excelsior,2.0,0.0,1.73,4.0,4.33,1.5,2.45,,,,,,
2016-04-20,Utrecht,Graafschap,0.0,2.0,1.45,4.33,7.0,1.5,2.47,,,,,,
2016-04-20,Zwolle,Nijmegen,2.0,0.0,2.0,3.6,3.5,1.69,2.09,,,,,,
2016-04-21,Cambuur,Willem II,1.0,1.0,2.6,3.4,2.6,1.77,1.99,,,,,,
2016-04-21,Den Haag,AZ Alkmaar,1.0,2.0,3.1,3.5,2.2,1.58,2.28,,,,,,
2016-05-01,Ajax,Twente,4.0,0.0,1.18,7.0,13.0,1.4,2.79,,,,,,
2016-05-01,AZ Alkmaar,Graafschap,4.0,1.0,1.33,5.0,8.5,1.3,3.33,,,,,,
2016-05-01,Excelsior,Zwolle,2.0,2.0,2.8,3.4,2.4,1.62,2.21,,,,,,
2016-05-01,Heerenveen,Groningen,1.0,2.0,1.91,3.6,3.75,1.62,2.21,,,,,,
2016-05-01,Heracles,Den Haag,1.0,1.0,1.95,3.6,3.6,1.63,2.19,,,,,,
2016-05-01,Nijmegen,Roda,1.0,2.0,1.95,3.6,3.6,1.76,2.01,,,,,,
2016-05-01,PSV Eindhoven,Cambuur,6.0,2.0,1.06,11.0,26.0,1.23,3.9,,,,,,
2016-05-01,Vitesse,Utrecht,1.0,3.0,2.3,3.4,3.0,1.64,2.16,,,,,,
2016-05-01,Willem II,Feyenoord,0.0,1.0,3.0,3.6,2.2,1.68,2.12,,,,,,
2016-05-08,Cambuur,Excelsior,0.0,2.0,3.3,3.5,2.1,1.6,2.23,,,,,,
2016-05-08,Den Haag,Heerenveen,1.0,1.0,2.0,3.6,3.5,1.54,2.37,,,,,,
2016-05-08,Feyenoord,Nijmegen,1.0,0.0,1.45,4.5,6.5,1.48,2.51,,,,,,
2016-05-08,Graafschap,Ajax,1.0,1.0,15.0,8.0,1.14,1.32,3.16,,,,,,
2016-05-08,Groningen,Heracles,2.0,1.0,1.8,3.75,4.2,1.64,2.17,,,,,,
2016-05-08,Roda,Willem II,2.0,3.0,3.1,3.4,2.25,1.64,2.16,,,,,,
2016-05-08,Twente,Vitesse,2.0,2.0,3.5,3.4,2.05,1.5,2.46,,,,,,
2016-05-08,Utrecht,AZ Alkmaar,1.0,3.0,2.3,3.5,2.88,1.34,3.03,,,,,,
2016-05-08,Zwolle,PSV Eindhoven,1.0,3.0,7.0,4.75,1.4,1.28,3.45,,,,,,
2016-08-05,Nijmegen,Zwolle,1.0,1.0,2.75,3.3,2.5,1.73,2.05,,,,,,
2016-08-06,Den Haag,Go Ahead Eagles,3.0,0.0,1.7,3.5,5.25,1.72,2.07,,,,,,
2016-08-06,Twente,Excelsior,1.0,2.0,1.67,3.75,5.0,1.6,2.25,,,,,,
2016-08-06,Utrecht,PSV Eindhoven,1.0,2.0,3.6,3.75,1.91,1.6,2.26,,,,,,
2016-08-06,Willem II,Vitesse,1.0,4.0,3.2,3.4,2.2,1.76,2.01,,,,,,
2016-08-07,AZ Alkmaar,Heerenveen,2.0,2.0,1.7,3.6,5.0,1.52,2.42,,,,,,
2016-08-07,Groningen,Feyenoord,0.0,5.0,3.75,3.5,1.95,1.73,2.05,,,,,,
2016-08-07,Roda,Heracles,1.0,1.0,2.3,3.4,3.0,1.77,2.0,,,,,,
2016-08-07,Sparta Rotterdam,Ajax,1.0,3.0,5.5,4.0,1.57,1.67,2.13,,,,,,
2016-08-12,Heerenveen,Utrecht,2.0,2.0,2.63,3.6,2.45,1.64,2.21,,,,,,
2016-08-13,Ajax,Roda,2.0,2.0,1.22,7.0,10.0,1.49,2.54,,,,,,
2016-08-13,Excelsior,Groningen,2.0,0.0,2.5,3.4,2.7,1.85,1.92,,,,,,
2016-08-13,Vitesse,Den Haag,1.0,2.0,1.7,3.75,4.75,1.65,2.17,,,,,,
2016-08-13,Zwolle,Sparta Rotterdam,0.0,3.0,1.7,3.6,5.0,1.6,2.27,,,,,,
2016-08-14,Feyenoord,Twente,2.0,0.0,1.22,6.5,11.0,1.45,2.63,,,,,,
2016-08-14,Go Ahead Eagles,Nijmegen,2.0,2.0,2.2,3.4,3.2,1.8,1.97,,,,,,
2016-08-14,Heracles,Willem II,3.0,1.0,1.8,3.6,4.33,1.84,1.93,,,,,,
2016-08-14,PSV Eindhoven,AZ Alkmaar,1.0,0.0,1.4,4.75,7.0,1.4,2.79,,,,,,
2016-08-19,Excelsior,Den Haag,1.0,2.0,3.25,3.4,2.15,1.76,2.02,,,,,,
2016-08-20,Ajax,Willem II,1.0,2.0,1.25,5.5,12.0,1.52,2.44,,,,,,
2016-08-20,Nijmegen,Heerenveen,2.0,1.0,2.63,3.4,2.55,1.69,2.1,,,,,,
2016-08-20,Roda,Vitesse,0.0,1.0,3.2,3.5,2.15,1.76,2.02,,,,,,
2016-08-20,Zwolle,PSV Eindhoven,0.0,4.0,6.0,4.33,1.5,1.49,2.51,,,,,,
2016-08-21,Groningen,Twente,3.0,4.0,2.0,3.5,3.6,1.69,2.1,,,,,,
2016-08-21,Heracles,Feyenoord,0.0,1.0,4.33,4.0,1.73,1.68,2.12,,,,,,
2016-08-21,Sparta Rotterdam,Go Ahead Eagles,1.0,0.0,1.73,3.75,4.5,1.66,2.15,,,,,,
2016-08-21,Utrecht,AZ Alkmaar,1.0,2.0,2.3,3.5,2.9,1.56,2.32,,,,,,
2016-08-26,Vitesse,Utrecht,1.0,1.0,1.91,3.6,3.75,1.63,2.19,,,,,,
2016-08-27,Feyenoord,Excelsior,4.0,1.0,1.18,6.5,15.0,1.38,2.87,,,,,,
2016-08-27,Heerenveen,Zwolle,1.0,0.0,2.0,3.5,3.6,1.62,2.21,,,,,,
2016-08-27,Twente,Sparta Rotterdam,3.0,1.0,1.91,3.75,3.6,1.59,2.28,,,,,,
2016-08-27,Willem II,Roda,0.0,0.0,1.95,3.6,3.6,1.86,1.9,,,,,,
2016-08-28,AZ Alkmaar,Nijmegen,2.0,0.0,1.33,5.25,8.0,2.2,2.54,,,,,,
2016-08-28,Den Haag,Heracles,1.0,1.0,1.95,3.5,3.75,1.75,2.03,,,,,,
2016-08-28,Go Ahead Eagles,Ajax,0.0,3.0,8.0,4.75,1.36,1.57,2.31,,,,,,
2016-08-28,PSV Eindhoven,Groningen,0.0,0.0,1.18,6.5,15.0,1.35,3.03,,,,,,
2016-09-10,AZ Alkmaar,Willem II,2.0,0.0,1.44,4.75,6.0,1.52,2.43,,,,,,
2016-09-10,Excelsior,Heracles,3.0,1.0,3.1,3.4,2.25,1.8,1.97,,,,,,
2016-09-10,Heerenveen,Twente,3.0,1.0,1.75,3.75,4.33,1.55,2.36,,,,,,
2016-09-10,Nijmegen,PSV Eindhoven,0.0,4.0,8.0,5.25,1.33,1.51,2.46,,,,,,
2016-09-10,Zwolle,Utrecht,1.0,1.0,2.6,3.4,2.6,1.7,2.09,,,,,,
2016-09-11,Ajax,Vitesse,1.0,0.0,1.5,4.5,5.75,1.57,2.3,,,,,,
2016-09-11,Feyenoord,Den Haag,3.0,1.0,1.36,5.25,7.0,1.48,2.53,,,,,,
2016-09-11,Go Ahead Eagles,Roda,2.0,0.0,2.7,3.5,2.45,1.83,1.93,,,,,,
2016-09-11,Groningen,Sparta Rotterdam,1.0,1.0,2.25,3.4,3.1,1.71,2.07,,,,,,
2016-09-16,Utrecht,Groningen,1.0,5.0,1.57,4.0,5.5,1.63,2.2,,,,,,
2016-09-17,Roda,Heerenveen,0.0,3.0,2.75,3.3,2.5,1.77,2.0,,,,,,
2016-09-17,Twente,Den Haag,4.0,1.0,2.45,3.6,2.63,1.63,2.19,,,,,,
2016-09-17,Vitesse,Go Ahead Eagles,2.0,0.0,1.36,4.75,8.0,1.53,2.39,,,,,,
2016-09-17,Willem II,Excelsior,1.0,1.0,1.62,4.0,5.0,1.81,1.95,,,,,,
2016-09-18,Heracles,Ajax,0.0,2.0,4.75,4.0,1.65,1.71,2.07,,,,,,
2016-09-18,PSV Eindhoven,Feyenoord,0.0,1.0,1.7,3.75,4.75,1.6,2.25,,,,,,
2016-09-18,Sparta Rotterdam,Nijmegen,2.0,0.0,1.85,3.8,3.8,1.7,2.08,,,,,,
2016-09-18,Zwolle,AZ Alkmaar,0.0,2.0,3.3,3.6,2.05,1.64,2.16,,,,,,
2016-09-24,Ajax,Zwolle,5.0,1.0,1.22,6.5,11.0,1.49,2.5,,,,,,
2016-09-24,AZ Alkmaar,Go Ahead Eagles,2.0,2.0,1.25,6.0,10.0,1.44,2.63,,,,,,
2016-09-24,Den Haag,Heerenveen,0.0,3.0,2.2,3.4,3.2,1.7,2.1,,,,,,
2016-09-24,Excelsior,PSV Eindhoven,1.0,3.0,8.5,5.0,1.33,1.43,2.67,,,,,,
2016-09-24,Groningen,Heracles,0.0,0.0,2.05,3.4,3.5,1.72,2.07,,,,,,
2016-09-25,Feyenoord,Roda,5.0,0.0,1.2,6.0,15.0,1.45,2.62,,,,,,
2016-09-25,Nijmegen,Willem II,0.0,0.0,2.5,3.3,2.75,1.95,1.82,,,,,,
2016-09-25,Twente,Vitesse,2.0,1.0,3.2,3.5,2.15,1.56,2.33,,,,,,
2016-09-25,Utrecht,Sparta Rotterdam,2.0,0.0,1.8,3.6,4.33,1.64,2.17,,,,,,
2016-09-30,Zwolle,Den Haag,2.0,1.0,2.3,3.4,3.0,1.69,2.11,,,,,,
2016-10-01,Go Ahead Eagles,Excelsior,3.0,0.0,2.3,3.4,3.0,1.76,2.01,,,,,,
2016-10-01,Heerenveen,PSV Eindhoven,1.0,1.0,4.75,4.33,1.62,1.48,2.54,,,,,,
2016-10-01,Roda,Nijmegen,0.0,1.0,2.05,3.3,3.6,1.86,1.89,,,,,,
2016-10-01,Vitesse,Groningen,2.0,1.0,1.62,4.33,4.75,1.58,2.29,,,,,,
2016-10-02,Ajax,Utrecht,3.0,2.0,1.33,5.0,8.5,1.51,2.47,,,,,,
2016-10-02,Heracles,Twente,1.0,1.0,2.05,3.4,3.5,1.61,2.22,,,,,,
2016-10-02,Sparta Rotterdam,AZ Alkmaar,1.0,1.0,3.0,3.5,2.25,1.6,2.24,,,,,,
2016-10-02,Willem II,Feyenoord,0.0,2.0,6.0,4.33,1.5,1.63,2.19,,,,,,
2016-10-15,AZ Alkmaar,Vitesse,2.0,2.0,1.95,3.5,3.8,1.64,2.18,,,,,,
2016-10-15,Groningen,Heerenveen,0.0,3.0,2.5,3.4,2.7,1.69,2.11,,,,,,
2016-10-15,PSV Eindhoven,Heracles,1.0,1.0,1.18,7.0,13.0,1.35,3.04,,,,,,
2016-10-15,Sparta Rotterdam,Willem II,2.0,2.0,2.05,3.5,3.4,1.82,1.95,,,,,,
2016-10-15,Utrecht,Go Ahead Eagles,3.0,0.0,1.44,4.33,7.0,1.55,2.37,,,,,,
2016-10-16,Den Haag,Ajax,0.0,2.0,7.5,4.1,1.45,1.62,2.22,,,,,,
2016-10-16,Excelsior,Roda,0.0,1.0,2.2,3.4,3.2,1.9,1.86,,,,,,
2016-10-16,Nijmegen,Feyenoord,1.0,2.0,7.0,4.75,1.4,1.63,2.21,,,,,,
2016-10-16,Twente,Zwolle,2.0,2.0,2.0,3.6,3.5,1.57,2.35,,,,,,
2016-10-21,Excelsior,Zwolle,0.0,2.0,2.38,3.25,3.0,1.73,2.04,,,,,,
2016-10-22,Go Ahead Eagles,Twente,0.0,2.0,3.0,3.4,2.3,1.61,2.23,,,,,,
2016-10-22,PSV Eindhoven,Sparta Rotterdam,1.0,0.0,1.17,7.0,15.0,1.31,3.23,,,,,,
2016-10-22,Roda,Den Haag,1.0,1.0,2.45,3.5,2.7,1.78,1.98,,,,,,
2016-10-22,Willem II,Utrecht,0.0,1.0,2.7,3.4,2.5,1.84,1.92,,,,,,
2016-10-23,Feyenoord,Ajax,1.0,1.0,2.3,3.5,2.88,1.79,1.97,,,,,,
2016-10-23,Groningen,AZ Alkmaar,2.0,0.0,3.4,3.6,2.05,1.6,2.24,,,,,,
2016-10-23,Heerenveen,Heracles,3.0,1.0,1.62,4.2,4.75,1.63,2.18,,,,,,
2016-10-23,Nijmegen,Vitesse,1.0,1.0,4.0,3.6,1.85,1.79,1.97,,,,,,
2016-10-28,Twente,Roda,0.0,0.0,1.53,4.0,6.0,1.58,2.28,,,,,,
2016-10-29,Ajax,Excelsior,1.0,0.0,1.14,8.0,15.0,1.33,3.11,,,,,,
2016-10-29,Heracles,Sparta Rotterdam,2.0,2.0,2.05,3.4,3.5,1.74,2.04,,,,,,
2016-10-29,Vitesse,PSV Eindhoven,0.0,2.0,4.2,3.7,1.8,1.55,2.37,,,,,,
2016-10-29,Willem II,Groningen,2.0,1.0,2.1,3.5,3.3,1.84,1.92,,,,,,
2016-10-30,Den Haag,AZ Alkmaar,0.0,1.0,3.4,3.4,2.1,1.67,2.12,,,,,,
2016-10-30,Feyenoord,Heerenveen,2.0,2.0,1.44,4.5,6.5,1.51,2.46,,,,,,
2016-10-30,Utrecht,Nijmegen,1.0,1.0,1.53,3.8,6.5,1.67,2.12,,,,,,
2016-10-30,Zwolle,Go Ahead Eagles,3.0,1.0,1.67,4.0,4.75,1.66,2.14,,,,,,
2016-11-04,Sparta Rotterdam,Heerenveen,3.0,1.0,3.2,3.4,2.2,1.58,2.3,,,,,,
2016-11-05,Den Haag,Willem II,1.0,0.0,2.1,3.5,3.3,1.89,1.87,,,,,,
2016-11-05,Nijmegen,Groningen,1.0,1.0,2.4,3.4,2.8,1.83,1.93,,,,,,
2016-11-05,PSV Eindhoven,Twente,1.0,1.0,1.22,6.5,11.0,1.33,3.16,,,,,,
2016-11-05,Zwolle,Roda,0.0,0.0,1.67,3.8,5.0,1.73,2.05,,,,,,
2016-11-06,AZ Alkmaar,Ajax,2.0,2.0,3.6,3.75,1.91,1.73,2.05,,,,,,
2016-11-06,Go Ahead Eagles,Feyenoord,1.0,0.0,9.0,5.0,1.33,1.51,2.46,,,,,,
2016-11-06,Utrecht,Excelsior,2.0,1.0,1.44,4.2,7.5,1.6,2.24,,,,,,
2016-11-06,Vitesse,Heracles,1.0,2.0,1.55,4.2,5.5,1.63,2.2,,,,,,
2016-11-19,Excelsior,Sparta Rotterdam,3.0,2.0,2.75,3.4,2.45,1.74,2.04,,,,,,
2016-11-19,Groningen,Den Haag,2.0,1.0,1.91,3.6,3.8,1.76,2.01,,,,,,
2016-11-19,Heerenveen,Vitesse,1.0,1.0,2.05,3.5,3.4,1.62,2.21,,,,,,
2016-11-19,Heracles,Go Ahead Eagles,2.0,1.0,1.6,4.0,5.25,1.68,2.11,,,,,,
2016-11-19,Willem II,PSV Eindhoven,0.0,0.0,7.0,4.75,1.4,1.57,2.32,,,,,,
2016-11-20,Ajax,Nijmegen,5.0,0.0,1.17,7.0,15.0,1.42,2.72,,,,,,
2016-11-20,Feyenoord,Zwolle,3.0,0.0,1.25,5.75,11.0,1.4,2.79,,,,,,
2016-11-20,Roda,AZ Alkmaar,1.0,1.0,4.75,3.6,1.73,1.77,2.0,,,,,,
2016-11-20,Twente,Utrecht,1.0,1.0,2.2,3.5,3.1,1.6,2.25,,,,,,
2016-11-25,Go Ahead Eagles,Willem II,0.0,1.0,2.8,3.25,2.5,1.95,1.82,,,,,,
2016-11-26,Nijmegen,Twente,3.0,2.0,3.0,3.5,2.25,1.76,2.02,,,,,,
2016-11-26,PSV Eindhoven,Den Haag,3.0,1.0,1.17,7.0,15.0,1.37,2.93,,,,,,
2016-11-26,Vitesse,Excelsior,2.0,2.0,1.4,4.5,7.5,1.54,2.38,,,,,,
2016-11-26,Zwolle,Groningen,0.0,4.0,2.2,3.4,3.2,1.78,1.99,,,,,,
2016-11-27,AZ Alkmaar,Heracles,5.0,1.0,1.57,4.0,5.5,1.61,2.24,,,,,,
2016-11-27,Heerenveen,Ajax,0.0,1.0,4.2,3.75,1.8,1.68,2.12,,,,,,
2016-11-27,Sparta Rotterdam,Roda,2.0,2.0,1.73,3.75,4.5,1.79,1.98,,,,,,
2016-11-27,Utrecht,Feyenoord,3.0,3.0,3.5,3.6,2.0,1.71,2.09,,,,,,
2016-12-02,Heracles,Nijmegen,2.0,0.0,1.95,3.5,3.75,1.81,1.95,,,,,,
2016-12-03,Excelsior,AZ Alkmaar,3.0,3.0,5.25,3.6,1.67,1.63,2.2,,,,,,
2016-12-03,Go Ahead Eagles,Heerenveen,1.0,3.0,4.33,3.4,1.85,1.73,2.06,,,,,,
2016-12-03,Roda,PSV Eindhoven,0.0,0.0,11.0,5.0,1.29,1.52,2.44,,,,,,
2016-12-03,Vitesse,Zwolle,3.0,1.0,1.65,4.0,4.75,1.6,2.26,,,,,,
2016-12-04,Ajax,Groningen,2.0,0.0,1.22,5.75,13.0,1.46,2.59,,,,,,
2016-12-04,Den Haag,Utrecht,0.0,2.0,3.2,3.3,2.25,1.77,2.01,,,,,,
2016-12-04,Feyenoord,Sparta Rotterdam,6.0,1.0,1.3,5.0,11.0,1.45,2.65,,,,,,
2016-12-04,Willem II,Twente,0.0,0.0,2.63,3.25,2.63,1.79,1.98,,,,,,
2016-12-09,Groningen,Roda,2.0,0.0,1.55,3.8,5.5,1.8,1.98,,,,,,
2016-12-10,Heerenveen,Excelsior,2.0,1.0,1.45,4.33,7.0,1.54,2.39,,,,,,
2016-12-10,Nijmegen,Den Haag,3.0,0.0,2.0,3.4,3.6,1.87,1.9,,,,,,
2016-12-10,PSV Eindhoven,Go Ahead Eagles,1.0,0.0,1.13,8.5,16.0,1.31,3.26,,,,,,
2016-12-10,Zwolle,Willem II,0.0,0.0,2.2,3.25,3.3,1.93,1.84,,,,,,
2016-12-11,AZ Alkmaar,Feyenoord,0.0,4.0,3.1,3.5,2.2,1.6,2.26,,,,,,
2016-12-11,Sparta Rotterdam,Vitesse,0.0,1.0,3.2,3.4,2.2,1.61,2.24,,,,,,
2016-12-11,Twente,Ajax,1.0,0.0,5.0,4.0,1.62,1.65,2.17,,,,,,
2016-12-11,Utrecht,Heracles,2.0,0.0,1.62,3.8,5.5,1.69,2.13,,,,,,
2016-12-16,Willem II,Heerenveen,2.0,1.0,2.88,3.4,2.38,1.89,1.89,,,,,,
2016-12-17,Feyenoord,Vitesse,3.0,1.0,1.44,4.2,7.5,1.53,2.43,,,,,,
2016-12-17,Roda,Utrecht,0.0,0.0,3.75,3.6,1.91,1.86,1.91,,,,,,
2016-12-17,Twente,AZ Alkmaar,1.0,2.0,2.45,3.3,2.8,1.56,2.36,,,,,,
2016-12-18,Ajax,PSV Eindhoven,1.0,1.0,2.0,3.6,3.5,1.91,1.86,,,,,,
2016-12-18,Den Haag,Sparta Rotterdam,1.0,0.0,2.38,3.3,2.9,1.78,2.0,,,,,,
2016-12-18,Excelsior,Nijmegen,2.0,2.0,2.4,3.25,2.9,1.88,1.89,,,,,,
2016-12-18,Groningen,Go Ahead Eagles,1.0,1.0,1.5,4.0,7.0,1.67,2.16,,,,,,
2016-12-18,Heracles,Zwolle,3.0,0.0,2.0,3.4,3.75,1.74,2.05,,,,,,
2017-01-13,Go Ahead Eagles,AZ Alkmaar,1.0,3.0,5.0,4.0,1.62,1.62,2.24,,,,,,
2017-01-14,Heerenveen,Den Haag,2.0,0.0,1.5,4.33,6.0,1.6,2.29,,,,,,
2017-01-14,Heracles,Groningen,1.0,4.0,2.4,3.4,2.8,1.78,2.01,,,,,,
2017-01-14,PSV Eindhoven,Excelsior,2.0,0.0,1.17,7.0,15.0,1.31,3.26,,,,,,
2017-01-14,Sparta Rotterdam,Utrecht,1.0,2.0,3.2,3.4,2.2,1.72,2.09,,,,,,
2017-01-15,Roda,Feyenoord,0.0,2.0,7.5,5.0,1.36,1.62,2.25,,,,,,
2017-01-15,Vitesse,Twente,3.0,1.0,2.0,3.8,3.4,1.63,2.21,,,,,,
2017-01-15,Willem II,Nijmegen,0.0,1.0,1.85,3.4,4.33,2.12,1.69,,,,,,
2017-01-15,Zwolle,Ajax,1.0,3.0,11.0,4.5,1.33,1.59,2.3,,,,,,
2017-01-20,Twente,Heracles,1.0,0.0,1.62,3.9,5.25,1.6,2.28,,,,,,
2017-01-21,AZ Alkmaar,Sparta Rotterdam,1.0,1.0,1.44,4.5,6.5,1.52,2.47,,,,,,
2017-01-21,Den Haag,Zwolle,1.0,2.0,2.3,3.4,3.0,1.86,1.91,,,,,,
2017-01-21,Feyenoord,Willem II,1.0,0.0,1.25,5.5,12.0,1.58,2.31,,,,,,
2017-01-21,Groningen,Vitesse,1.0,1.0,2.25,3.3,3.2,1.86,1.9,,,,,,
2017-01-22,Excelsior,Go Ahead Eagles,1.0,1.0,2.2,3.25,3.3,1.86,1.91,,,,,,
2017-01-22,Nijmegen,Roda,2.0,0.0,2.1,3.5,3.3,2.11,1.7,,,,,,
2017-01-22,PSV Eindhoven,Heerenveen,4.0,3.0,1.33,5.0,8.5,1.48,2.55,,,,,,
2017-01-22,Utrecht,Ajax,0.0,1.0,4.75,3.6,1.73,1.78,2.01,,,,,,
2017-01-27,Willem II,Sparta Rotterdam,3.0,2.0,2.25,3.3,3.2,2.11,1.7,,,,,,
2017-01-28,Go Ahead Eagles,Utrecht,0.0,1.0,4.33,3.5,1.83,1.86,1.91,,,,,,
2017-01-28,Heracles,PSV Eindhoven,1.0,2.0,7.0,4.75,1.4,1.59,2.29,,,,,,
2017-01-28,Roda,Excelsior,4.0,0.0,2.05,3.3,3.6,2.03,1.76,,,,,,
2017-01-29,Ajax,Den Haag,3.0,0.0,1.14,7.5,17.0,1.4,2.8,,,,,,
2017-01-29,Feyenoord,Nijmegen,4.0,0.0,1.2,6.0,15.0,1.53,2.43,,,,,,
2017-01-29,Heerenveen,Groningen,0.0,0.0,1.95,3.75,3.5,1.63,2.23,,,,,,
2017-01-29,Vitesse,AZ Alkmaar,2.0,1.0,2.38,3.4,2.88,1.73,2.06,,,,,,
2017-01-29,Zwolle,Twente,1.0,2.0,2.6,3.4,2.6,1.78,2.0,,,,,,
2017-02-03,Den Haag,Vitesse,0.0,2.0,4.0,3.6,1.85,1.89,1.88,,,,,,
2017-02-04,AZ Alkmaar,PSV Eindhoven,2.0,4.0,4.0,3.75,1.83,1.61,2.26,,,,,,
2017-02-04,Groningen,Excelsior,1.0,1.0,1.5,4.0,6.5,1.69,2.13,,,,,,
2017-02-04,Nijmegen,Go Ahead Eagles,1.0,2.0,1.83,3.5,4.33,1.99,1.79,,,,,,
2017-02-04,Willem II,Heracles,1.0,3.0,1.95,3.3,4.0,2.03,1.76,,,,,,
2017-02-05,Roda,Ajax,0.0,2.0,10.0,5.0,1.3,1.7,2.1,,,,,,
2017-02-05,Sparta Rotterdam,Zwolle,2.0,3.0,2.0,3.5,3.6,1.73,2.06,,,,,,
2017-02-05,Twente,Feyenoord,0.0,2.0,5.0,3.8,1.65,1.68,2.12,,,,,,
2017-02-05,Utrecht,Heerenveen,1.0,0.0,1.95,3.4,3.8,1.67,2.15,,,,,,
2017-02-10,Zwolle,Nijmegen,2.0,0.0,1.73,3.7,4.6,1.82,1.97,,,,,,
2017-02-11,Feyenoord,Groningen,2.0,0.0,1.25,6.0,10.0,1.51,2.49,,,,,,
2017-02-11,Go Ahead Eagles,Den Haag,3.0,1.0,2.25,3.5,3.0,2.02,1.77,,,,,,
2017-02-11,Heracles,Roda,2.0,2.0,2.0,3.5,3.6,1.98,1.81,,,,,,
2017-02-11,Vitesse,Willem II,0.0,2.0,1.57,4.0,5.75,1.96,1.82,,,,,,
2017-02-12,Ajax,Sparta Rotterdam,2.0,0.0,1.17,7.0,15.0,1.39,2.89,,,,,,
2017-02-12,Excelsior,Twente,1.0,1.0,3.2,3.4,2.2,1.77,2.02,,,,,,
2017-02-12,Heerenveen,AZ Alkmaar,1.0,2.0,2.25,3.5,3.0,1.58,2.32,,,,,,
2017-02-12,PSV Eindhoven,Utrecht,3.0,0.0,1.3,5.0,10.0,1.51,2.5,,,,,,
2017-02-17,Roda,Go Ahead Eagles,1.0,0.0,2.0,3.3,3.75,2.05,1.75,,,,,,
2017-02-18,Heracles,Excelsior,4.0,0.0,1.91,3.5,4.0,1.76,2.04,,,,,,
2017-02-18,PSV Eindhoven,Nijmegen,3.0,1.0,1.14,8.0,15.0,1.39,2.85,,,,,,
2017-02-18,Twente,Heerenveen,1.0,0.0,2.2,3.4,3.2,1.66,2.17,,,,,,
2017-02-18,Utrecht,Zwolle,3.0,1.0,1.67,3.75,5.0,1.64,2.19,,,,,,
2017-02-19,Den Haag,Feyenoord,0.0,1.0,9.5,5.5,1.29,1.59,2.3,,,,,,
2017-02-19,Sparta Rotterdam,Groningen,2.0,2.0,2.75,3.1,2.63,1.77,2.02,,,,,,
2017-02-19,Vitesse,Ajax,0.0,1.0,5.25,3.6,1.67,1.87,1.91,,,,,,
2017-02-19,Willem II,AZ Alkmaar,1.0,1.0,3.4,3.2,2.2,1.88,1.9,,,,,,
2017-02-24,Den Haag,Twente,1.0,1.0,3.5,3.4,2.05,1.86,1.91,,,,,,
2017-02-25,Excelsior,Willem II,0.0,2.0,2.45,3.2,2.88,2.08,1.72,,,,,,
2017-02-25,Groningen,Utrecht,2.0,3.0,2.7,3.2,2.63,1.88,1.89,,,,,,
2017-02-25,Heerenveen,Roda,3.0,0.0,1.53,4.0,6.0,1.8,1.98,,,,,,
2017-02-25,Nijmegen,Sparta Rotterdam,0.0,1.0,2.45,3.3,2.8,1.84,1.93,,,,,,
2017-02-26,Ajax,Heracles,4.0,1.0,1.17,7.5,13.0,1.42,2.74,,,,,,
2017-02-26,AZ Alkmaar,Zwolle,1.0,1.0,1.67,3.75,5.0,1.54,2.4,,,,,,
2017-02-26,Feyenoord,PSV Eindhoven,2.0,1.0,2.35,3.4,2.88,1.84,1.93,,,,,,
2017-02-26,Go Ahead Eagles,Vitesse,1.0,3.0,3.75,3.5,1.95,1.94,1.83,,,,,,
2017-03-03,Heerenveen,Go Ahead Eagles,2.0,2.0,1.4,4.5,7.5,1.61,2.28,,,,,,
2017-03-04,PSV Eindhoven,Roda,4.0,0.0,1.13,8.0,19.0,1.38,2.89,,,,,,
2017-03-04,Twente,Willem II,2.0,1.0,1.8,3.4,4.75,2.0,1.79,,,,,,
2017-03-04,Zwolle,Vitesse,3.0,1.0,2.6,3.25,2.7,1.83,1.94,,,,,,
2017-03-05,AZ Alkmaar,Excelsior,1.0,1.0,1.4,4.5,8.0,1.46,2.61,,,,,,
2017-03-05,Groningen,Ajax,1.0,1.0,8.0,4.0,1.45,1.73,2.07,,,,,,
2017-03-05,Nijmegen,Heracles,3.0,1.0,2.4,3.3,2.88,1.94,1.83,,,,,,
2017-03-05,Sparta Rotterdam,Feyenoord,1.0,0.0,9.0,4.8,1.33,1.59,2.3,,,,,,
2017-03-05,Utrecht,Den Haag,1.0,1.0,1.4,4.2,9.0,1.65,2.19,,,,,,
2017-03-10,Vitesse,Sparta Rotterdam,5.0,0.0,1.7,3.8,4.6,1.86,1.91,,,,,,
2017-03-11,Den Haag,Nijmegen,1.0,0.0,2.1,3.4,3.4,2.07,1.73,,,,,,
2017-03-11,Excelsior,Heerenveen,4.0,1.0,3.3,3.6,2.05,1.7,2.09,,,,,,
2017-03-11,Go Ahead Eagles,PSV Eindhoven,1.0,3.0,10.0,5.25,1.29,1.51,2.47,,,,,,
2017-03-11,Heracles,Utrecht,2.0,1.0,3.4,3.4,2.1,1.74,2.04,,,,,,
2017-03-12,Ajax,Twente,3.0,0.0,1.29,5.5,9.5,1.49,2.53,,,,,,
2017-03-12,Feyenoord,AZ Alkmaar,5.0,2.0,1.4,4.5,8.0,1.5,2.49,,,,,,
2017-03-12,Roda,Groningen,3.0,1.0,3.0,3.5,2.25,2.0,1.77,,,,,,
2017-03-12,Willem II,Zwolle,2.0,0.0,2.3,3.1,3.2,2.02,1.76,,,,,,
2017-03-17,Roda,Twente,0.0,3.0,3.0,3.2,2.38,1.93,1.85,,,,,,
2017-03-18,Groningen,Willem II,1.0,1.0,1.91,3.4,4.0,2.05,1.74,,,,,,
2017-03-18,Nijmegen,Utrecht,0.0,3.0,3.5,3.4,2.05,1.9,1.88,,,,,,
2017-03-18,PSV Eindhoven,Vitesse,1.0,0.0,1.3,5.25,9.5,1.51,2.5,,,,,,
2017-03-18,Sparta Rotterdam,Heracles,3.0,1.0,2.05,3.4,3.5,1.69,2.13,,,,,,
2017-03-19,AZ Alkmaar,Den Haag,4.0,0.0,1.4,4.5,7.5,1.54,2.39,,,,,,
2017-03-19,Excelsior,Ajax,1.0,1.0,11.0,5.75,1.25,1.58,2.31,,,,,,
2017-03-19,Go Ahead Eagles,Zwolle,1.0,3.0,3.1,3.3,2.3,1.78,2.0,,,,,,
2017-03-19,Heerenveen,Feyenoord,1.0,2.0,5.25,3.75,1.65,1.62,2.24,,,,,,
2017-04-01,AZ Alkmaar,Groningen,0.0,0.0,1.62,3.8,5.5,1.58,2.31,,,,,,
2017-04-01,Heracles,Heerenveen,4.0,1.0,2.9,3.6,2.25,1.56,2.35,,,,,,
2017-04-01,Sparta Rotterdam,PSV Eindhoven,0.0,2.0,9.5,4.75,1.33,1.47,2.56,,,,,,
2017-04-01,Utrecht,Willem II,2.0,0.0,1.62,3.75,5.5,1.9,1.87,,,,,,
2017-04-01,Zwolle,Excelsior,1.0,1.0,1.67,4.0,4.75,1.62,2.22,,,,,,
2017-04-02,Ajax,Feyenoord,2.0,1.0,1.91,3.5,3.9,1.83,1.94,,,,,,
2017-04-02,Den Haag,Roda,4.0,1.0,2.2,3.4,3.2,2.06,1.73,,,,,,
2017-04-02,Twente,Go Ahead Eagles,1.0,2.0,1.45,4.5,6.5,1.63,2.2,,,,,,
2017-04-02,Vitesse,Nijmegen,2.0,1.0,1.44,4.2,7.5,1.79,1.99,,,,,,
2017-04-04,Excelsior,Utrecht,1.0,3.0,3.5,3.6,2.0,1.83,1.95,,,,,,
2017-04-04,Heerenveen,Sparta Rotterdam,3.0,0.0,1.73,3.7,4.6,1.59,2.28,,,,,,
2017-04-05,Ajax,AZ Alkmaar,4.0,1.0,1.3,5.0,10.0,1.47,2.56,,,,,,
2017-04-05,Feyenoord,Go Ahead Eagles,8.0,0.0,1.13,8.5,17.0,1.36,3.0,,,,,,
2017-04-05,Groningen,Nijmegen,2.0,0.0,1.67,3.6,5.5,1.9,1.86,,,,,,
2017-04-05,Heracles,Vitesse,0.0,1.0,3.5,3.3,2.1,1.68,2.13,,,,,,
2017-04-05,Willem II,Den Haag,1.0,2.0,1.85,3.5,4.2,2.02,1.75,,,,,,
2017-04-06,Roda,Zwolle,2.0,1.0,2.9,3.3,2.4,1.89,1.88,,,,,,
2017-04-06,Twente,PSV Eindhoven,2.0,2.0,6.0,4.33,1.5,1.49,2.52,,,,,,
2017-04-07,Sparta Rotterdam,Excelsior,2.0,3.0,1.95,3.5,3.8,1.75,2.04,,,,,,
2017-04-08,Den Haag,Groningen,4.0,3.0,2.8,3.5,2.35,1.83,1.95,,,,,,
2017-04-08,Go Ahead Eagles,Heracles,1.0,4.0,2.9,3.25,2.4,1.68,2.14,,,,,,
2017-04-08,Nijmegen,Ajax,1.0,5.0,13.0,5.25,1.25,1.58,2.31,,,,,,
2017-04-08,Vitesse,Heerenveen,4.0,2.0,2.05,3.4,3.5,1.75,2.03,,,,,,
2017-04-09,AZ Alkmaar,Roda,1.0,1.0,1.4,4.5,7.5,1.55,2.37,,,,,,
2017-04-09,PSV Eindhoven,Willem II,5.0,0.0,1.17,7.5,13.0,1.44,2.67,,,,,,
2017-04-09,Utrecht,Twente,3.0,0.0,1.91,3.5,4.0,1.67,2.15,,,,,,
2017-04-09,Zwolle,Feyenoord,2.0,2.0,6.5,4.1,1.5,1.56,2.34,,,,,,
2017-04-14,Heracles,AZ Alkmaar,1.0,2.0,3.25,3.4,2.15,1.5,2.49,,,,,,
2017-04-15,Den Haag,PSV Eindhoven,1.0,1.0,15.0,5.0,1.25,1.4,2.81,,,,,,
2017-04-15,Excelsior,Vitesse,1.0,0.0,3.6,3.3,2.05,1.77,2.0,,,,,,
2017-04-15,Roda,Sparta Rotterdam,3.0,1.0,2.3,3.25,3.1,1.87,1.9,,,,,,
2017-04-15,Twente,Nijmegen,3.0,0.0,1.5,4.1,6.5,1.55,2.37,,,,,,
2017-04-16,Ajax,Heerenveen,5.0,1.0,1.2,6.5,13.0,1.37,2.96,,,,,,
2017-04-16,Feyenoord,Utrecht,2.0,0.0,1.44,4.5,6.5,1.52,2.46,,,,,,
2017-04-16,Groningen,Zwolle,5.0,1.0,1.95,3.5,3.8,1.54,2.4,,,,,,
2017-04-16,Willem II,Go Ahead Eagles,2.0,0.0,1.8,3.6,4.33,1.79,1.98,,,,,,
2017-04-21,Heerenveen,Willem II,1.0,0.0,1.62,3.75,5.5,1.61,2.25,,,,,,
2017-04-22,AZ Alkmaar,Twente,2.0,1.0,1.65,3.8,5.0,1.39,2.87,,,,,,
2017-04-22,Go Ahead Eagles,Groningen,2.0,3.0,3.3,3.5,2.1,1.49,2.49,,,,,,
2017-04-22,Nijmegen,Excelsior,0.0,1.0,2.38,3.4,2.88,1.63,2.2,,,,,,
2017-04-22,Zwolle,Heracles,1.0,2.0,1.8,4.0,3.8,1.45,2.63,,,,,,
2017-04-23,PSV Eindhoven,Ajax,1.0,0.0,2.15,3.5,3.2,1.6,2.26,,,,,,
2017-04-23,Sparta Rotterdam,Den Haag,0.0,1.0,2.05,3.4,3.5,1.62,2.22,,,,,,
2017-04-23,Utrecht,Roda,1.0,0.0,1.5,4.33,6.0,1.53,2.41,,,,,,
2017-04-23,Vitesse,Feyenoord,0.0,2.0,5.5,3.75,1.62,1.53,2.4,,,,,,
2017-05-07,Ajax,Go Ahead Eagles,4.0,0.0,1.08,10.0,22.0,1.22,3.97,,,,,,
2017-05-07,Excelsior,Feyenoord,3.0,0.0,11.0,6.5,1.22,1.42,2.72,,,,,,
2017-05-07,Groningen,PSV Eindhoven,1.0,1.0,7.5,4.5,1.4,1.46,2.59,,,,,,
2017-05-07,Heracles,Den Haag,4.0,0.0,1.83,3.75,4.0,1.63,2.2,,,,,,
2017-05-07,Nijmegen,AZ Alkmaar,2.0,1.0,3.9,3.5,1.91,1.57,2.32,,,,,,
2017-05-07,Roda,Willem II,1.0,0.0,1.73,3.6,4.75,1.89,1.88,,,,,,
2017-05-07,Sparta Rotterdam,Twente,1.0,0.0,2.4,3.4,2.8,1.62,2.21,,,,,,
2017-05-07,Utrecht,Vitesse,1.0,0.0,2.0,3.5,3.6,1.64,2.17,,,,,,
2017-05-07,Zwolle,Heerenveen,2.0,1.0,2.38,3.5,2.8,1.51,2.43,,,,,,
2017-05-14,AZ Alkmaar,Utrecht,2.0,3.0,1.4,4.75,7.0,1.38,2.84,,,,,,
2017-05-14,Den Haag,Excelsior,4.0,1.0,2.25,3.5,3.0,1.66,2.14,,,,,,
2017-05-14,Feyenoord,Heracles,3.0,1.0,1.18,7.0,13.0,1.28,3.48,,,,,,
2017-05-14,Go Ahead Eagles,Sparta Rotterdam,1.0,3.0,5.0,3.8,1.67,1.56,2.35,,,,,,
2017-05-14,Heerenveen,Nijmegen,0.0,2.0,1.5,4.33,6.0,1.5,2.51,,,,,,
2017-05-14,PSV Eindhoven,Zwolle,4.0,1.0,1.18,7.0,13.0,1.25,3.71,,,,,,
2017-05-14,Twente,Groningen,3.0,5.0,2.1,3.8,3.1,1.45,2.64,,,,,,
2017-05-14,Vitesse,Roda,3.0,0.0,1.8,3.75,4.2,1.62,2.21,,,,,,
2017-05-14,Willem II,Ajax,1.0,3.0,13.0,7.0,1.18,1.46,2.57,,,,,,
2017-08-11,Den Haag,Utrecht,0.0,3.0,3.6,3.4,2.05,1.96,1.84,17.0,16.0,6.0,8.0,8.0,5.0
2017-08-12,Heracles,Ajax,2.0,1.0,7.0,4.33,1.44,1.64,2.18,14.0,29.0,8.0,11.0,3.0,8.0
2017-08-12,PSV Eindhoven,AZ Alkmaar,3.0,2.0,1.4,4.75,7.0,1.45,2.64,25.0,15.0,9.0,8.0,10.0,7.0
2017-08-12,Vitesse,NAC Breda,4.0,1.0,1.53,4.2,5.75,1.61,2.23,16.0,5.0,6.0,4.0,9.0,3.0
2017-08-12,VVV Venlo,Sparta Rotterdam,3.0,0.0,2.25,3.3,3.2,1.9,1.87,12.0,8.0,6.0,2.0,3.0,5.0
2017-08-13,Feyenoord,Twente,2.0,1.0,1.25,5.5,12.0,1.51,2.47,15.0,7.0,7.0,3.0,4.0,1.0
2017-08-13,Groningen,Heerenveen,3.0,3.0,2.2,3.5,3.1,1.58,2.28,16.0,19.0,5.0,8.0,6.0,6.0
2017-08-13,Willem II,Excelsior,1.0,2.0,2.05,3.5,3.4,1.87,1.9,9.0,9.0,2.0,3.0,8.0,1.0
2017-08-13,Zwolle,Roda,4.0,2.0,1.85,3.6,4.0,1.78,1.94,29.0,10.0,10.0,6.0,7.0,2.0
2017-08-18,Roda,Vitesse,1.0,3.0,3.6,3.75,1.91,1.74,2.08,15.0,10.0,4.0,4.0,5.0,9.0
2017-08-19,AZ Alkmaar,Den Haag,2.0,0.0,1.36,5.0,7.5,1.44,2.67,32.0,6.0,9.0,1.0,8.0,8.0
2017-08-19,Heerenveen,Heracles,1.0,1.0,1.62,4.0,5.25,1.48,2.53,19.0,7.0,6.0,3.0,10.0,3.0
2017-08-19,Twente,VVV Venlo,1.0,2.0,1.73,3.8,4.5,1.67,2.13,11.0,9.0,4.0,5.0,3.0,6.0
2017-08-20,Ajax,Groningen,3.0,1.0,1.25,5.5,12.0,1.39,2.88,27.0,7.0,7.0,2.0,12.0,2.0
2017-08-20,Excelsior,Feyenoord,0.0,1.0,8.0,4.5,1.4,1.52,2.42,7.0,11.0,4.0,3.0,3.0,6.0
2017-08-20,NAC Breda,PSV Eindhoven,1.0,4.0,10.0,5.25,1.29,1.44,2.67,9.0,26.0,4.0,9.0,6.0,8.0
2017-08-20,Sparta Rotterdam,Zwolle,1.0,1.0,2.55,3.3,2.7,1.71,2.1,7.0,12.0,4.0,4.0,1.0,9.0
2017-08-20,Utrecht,Willem II,2.0,0.0,1.5,3.9,7.0,1.82,1.97,9.0,4.0,5.0,1.0,3.0,4.0
2017-08-25,NAC Breda,Sparta Rotterdam,2.0,2.0,2.3,3.4,3.0,1.78,2.02,11.0,10.0,7.0,3.0,9.0,6.0
2017-08-26,Den Haag,Heerenveen,1.0,2.0,3.2,3.4,2.2,1.67,2.15,13.0,16.0,1.0,9.0,5.0,7.0
2017-08-26,Heracles,Excelsior,2.0,2.0,2.05,3.5,3.4,1.62,2.23,18.0,11.0,6.0,5.0,3.0,4.0
2017-08-26,Vitesse,AZ Alkmaar,1.0,2.0,2.1,3.4,3.4,1.58,2.32,16.0,27.0,4.0,9.0,4.0,7.0
2017-08-26,Zwolle,Twente,2.0,0.0,2.05,3.5,3.4,1.62,2.24,16.0,10.0,4.0,3.0,4.0,5.0
2017-08-27,Feyenoord,Willem II,5.0,0.0,1.2,6.5,13.0,1.41,2.79,16.0,4.0,8.0,1.0,11.0,1.0
2017-08-27,Groningen,Utrecht,2.0,1.0,2.8,3.25,2.5,1.62,2.24,5.0,30.0,3.0,13.0,0.0,13.0
2017-08-27,PSV Eindhoven,Roda,2.0,0.0,1.08,10.0,23.0,1.29,3.5,23.0,6.0,9.0,2.0,5.0,4.0
2017-08-27,VVV Venlo,Ajax,0.0,2.0,6.5,4.5,1.44,1.47,2.6,11.0,22.0,3.0,7.0,3.0,8.0
2017-09-09,Ajax,Zwolle,3.0,0.0,1.22,6.5,11.0,1.36,3.01,21.0,11.0,8.0,3.0,5.0,4.0
2017-09-09,Excelsior,Vitesse,0.0,3.0,3.4,3.2,2.2,1.75,2.04,7.0,12.0,1.0,4.0,5.0,5.0
2017-09-09,Heracles,Feyenoord,2.0,4.0,6.5,4.5,1.44,1.49,2.52,12.0,19.0,6.0,10.0,3.0,6.0
2017-09-09,Willem II,Den Haag,1.0,2.0,2.3,3.4,3.0,1.95,1.84,7.0,12.0,3.0,5.0,2.0,2.0
2017-09-10,AZ Alkmaar,NAC Breda,2.0,1.0,1.3,5.0,10.0,1.43,2.72,16.0,12.0,6.0,3.0,7.0,5.0
2017-09-10,Groningen,VVV Venlo,1.0,1.0,2.0,3.5,3.6,1.75,2.05,12.0,18.0,6.0,6.0,5.0,6.0
2017-09-10,Heerenveen,PSV Eindhoven,2.0,0.0,5.25,4.33,1.55,1.46,2.62,19.0,7.0,3.0,3.0,8.0,4.0
2017-09-10,Sparta Rotterdam,Twente,1.0,0.0,2.25,3.5,3.0,1.68,2.13,10.0,12.0,1.0,1.0,5.0,9.0
2017-09-10,Utrecht,Roda,2.0,0.0,1.36,4.75,8.5,1.67,2.15,27.0,3.0,10.0,1.0,9.0,0.0
2017-09-15,Sparta Rotterdam,AZ Alkmaar,0.0,2.0,4.33,3.75,1.75,1.62,2.26,15.0,15.0,7.0,5.0,8.0,8.0
2017-09-16,Excelsior,Heerenveen,1.0,2.0,3.3,3.6,2.05,1.65,2.17,12.0,16.0,5.0,5.0,5.0,3.0
2017-09-16,NAC Breda,Groningen,2.0,1.0,3.2,3.25,2.25,1.65,2.18,12.0,8.0,7.0,4.0,1.0,1.0
2017-09-16,Roda,Willem II,1.0,3.0,2.2,3.4,3.2,1.93,1.85,12.0,11.0,4.0,6.0,5.0,3.0
2017-09-16,Zwolle,Heracles,2.0,1.0,1.8,3.8,4.0,1.53,1.56,21.0,7.0,7.0,4.0,8.0,4.0
2017-09-17,Den Haag,Ajax,1.0,1.0,10.0,6.0,1.25,1.51,2.47,10.0,19.0,2.0,6.0,1.0,8.0
2017-09-17,PSV Eindhoven,Feyenoord,1.0,0.0,2.05,3.6,3.3,1.71,2.08,18.0,16.0,5.0,5.0,5.0,7.0
2017-09-17,Twente,Utrecht,4.0,0.0,3.5,3.75,1.95,1.71,2.1,12.0,8.0,8.0,1.0,5.0,6.0
2017-09-17,Vitesse,VVV Venlo,1.0,1.0,1.62,4.0,5.0,1.61,2.25,20.0,5.0,6.0,3.0,9.0,3.0
2017-09-23,Den Haag,Sparta Rotterdam,1.0,0.0,2.15,3.5,3.2,1.81,1.96,16.0,10.0,5.0,5.0,6.0,4.0
2017-09-23,Feyenoord,NAC Breda,0.0,2.0,1.17,7.5,13.0,1.37,2.93,20.0,6.0,5.0,5.0,13.0,1.0
2017-09-23,Heracles,Roda,2.0,1.0,1.62,4.0,5.0,1.58,2.3,23.0,7.0,5.0,3.0,15.0,1.0
2017-09-23,Willem II,Heerenveen,1.0,2.0,3.5,3.4,2.05,1.73,2.06,12.0,11.0,4.0,5.0,5.0,4.0
2017-09-24,Ajax,Vitesse,1.0,2.0,1.25,5.5,12.0,1.45,2.64,18.0,8.0,5.0,4.0,11.0,4.0
2017-09-24,AZ Alkmaar,Excelsior,0.0,2.0,1.3,5.0,10.0,1.42,2.74,20.0,13.0,6.0,6.0,26.0,4.0
2017-09-24,Groningen,Twente,1.0,0.0,2.0,3.6,3.5,1.61,2.25,13.0,16.0,3.0,5.0,8.0,4.0
2017-09-24,Utrecht,PSV Eindhoven,1.0,7.0,3.4,3.75,2.0,1.61,2.25,15.0,12.0,4.0,9.0,5.0,3.0
2017-09-24,VVV Venlo,Zwolle,1.0,1.0,2.3,3.4,3.0,1.72,2.08,12.0,13.0,5.0,2.0,4.0,4.0
2017-09-29,Twente,Heracles,2.0,1.0,1.91,3.75,3.6,1.56,2.36,16.0,14.0,7.0,1.0,4.0,2.0
2017-09-30,Excelsior,VVV Venlo,0.0,2.0,2.15,3.3,3.4,1.99,1.8,3.0,14.0,1.0,4.0,2.0,4.0
2017-09-30,NAC Breda,Den Haag,0.0,1.0,2.25,3.25,3.2,1.86,1.91,15.0,10.0,4.0,3.0,9.0,6.0
2017-09-30,PSV Eindhoven,Willem II,4.0,0.0,1.17,7.0,15.0,1.38,2.9,20.0,7.0,9.0,5.0,3.0,2.0
2017-09-30,Zwolle,Groningen,3.0,2.0,2.0,3.4,3.75,1.61,2.25,23.0,13.0,12.0,5.0,3.0,4.0
2017-10-01,AZ Alkmaar,Feyenoord,0.0,4.0,3.1,3.4,2.25,1.63,2.21,9.0,10.0,2.0,4.0,5.0,2.0
2017-10-01,Heerenveen,Ajax,0.0,4.0,4.75,4.0,1.67,1.59,2.28,14.0,19.0,4.0,8.0,6.0,4.0
2017-10-01,Sparta Rotterdam,Roda,1.0,2.0,1.73,3.5,5.0,1.83,1.94,21.0,5.0,8.0,2.0,12.0,5.0
2017-10-01,Vitesse,Utrecht,1.0,1.0,2.2,3.25,3.3,1.74,2.05,14.0,7.0,4.0,1.0,4.0,3.0
2017-10-14,Ajax,Sparta Rotterdam,4.0,0.0,1.13,8.5,17.0,1.29,3.38,25.0,6.0,14.0,2.0,8.0,1.0
2017-10-14,Feyenoord,Zwolle,0.0,0.0,1.33,5.0,9.0,1.41,2.79,18.0,10.0,5.0,3.0,10.0,4.0
2017-10-14,Roda,NAC Breda,1.0,0.0,2.88,3.25,2.45,1.84,1.92,12.0,9.0,4.0,3.0,4.0,1.0
2017-10-14,Utrecht,Heerenveen,3.0,1.0,1.91,3.6,3.8,1.61,2.23,10.0,8.0,4.0,2.0,2.0,8.0
2017-10-15,Den Haag,Excelsior,1.0,2.0,2.1,3.4,3.4,1.83,1.94,8.0,11.0,3.0,6.0,8.0,4.0
2017-10-15,Groningen,AZ Alkmaar,1.0,1.0,3.5,3.5,2.05,1.51,2.47,8.0,22.0,4.0,8.0,4.0,7.0
2017-10-15,Heracles,Vitesse,1.0,1.0,3.4,3.4,2.1,1.62,2.21,12.0,12.0,4.0,3.0,2.0,4.0
2017-10-15,VVV Venlo,PSV Eindhoven,2.0,5.0,7.0,4.33,1.44,1.59,2.25,9.0,34.0,6.0,13.0,4.0,11.0
2017-10-15,Willem II,Twente,3.0,1.0,2.45,3.3,2.8,1.79,1.97,6.0,10.0,4.0,3.0,2.0,1.0
2017-10-20,Groningen,Willem II,0.0,1.0,1.83,3.6,4.2,1.7,2.11,15.0,10.0,5.0,3.0,4.0,7.0
2017-10-21,Excelsior,Sparta Rotterdam,1.0,1.0,2.0,3.5,3.6,1.79,1.98,8.0,15.0,4.0,6.0,4.0,12.0
2017-10-21,NAC Breda,Zwolle,0.0,2.0,2.87,3.39,2.37,1.73,2.06,15.0,22.0,6.0,8.0,9.0,7.0
2017-10-21,Twente,Roda,3.0,0.0,1.55,4.0,5.75,1.64,2.19,13.0,5.0,5.0,2.0,4.0,2.0
2017-10-21,VVV Venlo,Den Haag,0.0,2.0,1.85,3.89,3.75,1.87,1.9,9.0,5.0,4.0,2.0,7.0,3.0
2017-10-22,AZ Alkmaar,Utrecht,3.0,0.0,2.0,3.75,3.39,1.5,2.48,14.0,10.0,6.0,3.0,5.0,5.0
2017-10-22,Feyenoord,Ajax,1.0,4.0,2.79,3.39,2.39,1.74,2.04,10.0,13.0,4.0,7.0,1.0,5.0
2017-10-22,Heerenveen,Vitesse,0.0,4.0,2.04,3.6,3.29,1.63,2.2,9.0,13.0,2.0,5.0,2.0,4.0
2017-10-22,PSV Eindhoven,Heracles,3.0,0.0,1.16,7.0,15.0,1.24,3.77,24.0,7.0,6.0,3.0,11.0,4.0
2017-10-27,Twente,Excelsior,1.0,3.0,1.72,3.79,4.5,1.66,2.17,17.0,8.0,7.0,5.0,10.0,3.0
2017-10-28,Heracles,VVV Venlo,3.0,0.0,2.37,3.6,2.75,1.65,2.17,19.0,14.0,9.0,5.0,8.0,3.0
2017-10-28,Roda,Feyenoord,1.0,1.0,9.0,5.5,1.3,1.58,2.29,9.0,32.0,2.0,10.0,3.0,16.0
2017-10-28,Willem II,Ajax,1.0,3.0,11.0,5.75,1.25,1.53,2.4,10.0,24.0,4.0,6.0,7.0,10.0
2017-10-28,Zwolle,Den Haag,2.0,0.0,1.6,4.0,5.5,1.65,2.16,14.0,6.0,6.0,0.0,2.0,4.0
2017-10-29,Heerenveen,AZ Alkmaar,1.0,2.0,2.5,3.6,2.6,1.46,2.58,8.0,20.0,4.0,6.0,2.0,4.0
2017-10-29,Sparta Rotterdam,Groningen,2.0,1.0,2.2,3.5,3.1,1.61,2.23,18.0,15.0,4.0,5.0,9.0,6.0
2017-10-29,Utrecht,NAC Breda,2.0,2.0,1.39,4.75,7.0,1.55,2.37,23.0,15.0,8.0,4.0,13.0,4.0
2017-10-29,Vitesse,PSV Eindhoven,2.0,4.0,4.75,4.0,1.66,1.6,2.26,11.0,20.0,4.0,9.0,7.0,2.0
2017-11-03,Sparta Rotterdam,Heerenveen,0.0,0.0,3.0,3.5,2.25,1.67,2.16,8.0,8.0,1.0,2.0,4.0,7.0
2017-11-04,AZ Alkmaar,Willem II,3.0,2.0,1.36,5.0,7.5,1.48,2.54,19.0,7.0,9.0,2.0,5.0,4.0
2017-11-04,Excelsior,Roda,1.0,0.0,1.7,3.6,5.0,1.78,2.0,15.0,7.0,4.0,3.0,1.0,5.0
2017-11-04,Heracles,Groningen,2.0,1.0,2.25,3.5,3.0,1.49,2.52,19.0,19.0,5.0,5.0,6.0,7.0
2017-11-04,VVV Venlo,NAC Breda,0.0,0.0,1.9,3.6,3.79,1.82,1.95,10.0,10.0,0.0,4.0,3.0,4.0
2017-11-05,Ajax,Utrecht,1.0,2.0,1.25,6.0,10.0,1.35,3.0,18.0,8.0,4.0,5.0,10.0,2.0
2017-11-05,Den Haag,Feyenoord,2.0,2.0,6.25,4.75,1.44,1.64,2.18,12.0,17.0,4.0,7.0,11.0,2.0
2017-11-05,PSV Eindhoven,Twente,4.0,3.0,1.16,7.5,15.0,1.27,3.54,18.0,10.0,8.0,4.0,8.0,6.0
2017-11-05,Vitesse,Zwolle,0.0,0.0,1.85,3.79,3.79,1.61,2.24,10.0,8.0,2.0,3.0,7.0,1.0
2017-11-18,Feyenoord,VVV Venlo,1.0,1.0,1.25,6.0,10.0,1.49,2.5,22.0,2.0,8.0,1.0,13.0,1.0
2017-11-18,NAC Breda,Ajax,0.0,8.0,11.0,5.75,1.25,1.47,2.56,13.0,30.0,6.0,14.0,3.0,9.0
2017-11-18,Twente,Heerenveen,0.0,4.0,2.37,3.5,2.79,1.6,2.26,10.0,11.0,1.0,7.0,5.0,6.0
2017-11-18,Willem II,Sparta Rotterdam,2.0,2.0,2.04,3.39,3.6,1.88,1.89,12.0,6.0,4.0,3.0,7.0,2.0
2017-11-19,Den Haag,Heracles,4.0,1.0,2.14,3.39,3.25,1.69,2.12,25.0,14.0,10.0,8.0,9.0,8.0
2017-11-19,Groningen,Vitesse,4.0,2.0,2.89,3.6,2.25,1.65,2.17,12.0,20.0,4.0,6.0,2.0,2.0
2017-11-19,Roda,AZ Alkmaar,0.0,1.0,6.25,4.2,1.5,1.5,2.47,10.0,15.0,3.0,4.0,1.0,7.0
2017-11-19,Utrecht,Excelsior,3.0,1.0,1.44,4.2,7.5,1.6,2.24,19.0,15.0,7.0,7.0,9.0,8.0
2017-11-19,Zwolle,PSV Eindhoven,0.0,1.0,6.0,3.79,1.57,1.51,2.47,19.0,11.0,7.0,5.0,6.0,5.0
2017-11-24,AZ Alkmaar,Twente,2.0,0.0,1.44,4.5,6.5,1.43,2.7,24.0,10.0,7.0,3.0,4.0,4.0
2017-11-25,Groningen,Feyenoord,0.0,2.0,5.75,4.0,1.55,1.61,2.24,9.0,15.0,1.0,8.0,4.0,7.0
2017-11-25,Heerenveen,Zwolle,1.0,2.0,1.9,3.75,3.6,1.63,2.2,11.0,9.0,6.0,4.0,6.0,2.0
2017-11-25,Heracles,NAC Breda,2.0,1.0,1.83,3.75,4.0,1.55,2.36,19.0,13.0,9.0,3.0,6.0,5.0
2017-11-25,VVV Venlo,Willem II,3.0,3.0,2.04,3.29,3.6,1.96,1.81,17.0,10.0,9.0,6.0,8.0,2.0
2017-11-26,Ajax,Roda,5.0,1.0,1.06,11.0,29.0,1.21,4.1,22.0,8.0,8.0,4.0,10.0,2.0
2017-11-26,Excelsior,PSV Eindhoven,1.0,2.0,9.0,5.0,1.33,1.52,2.45,11.0,22.0,4.0,8.0,6.0,5.0
2017-11-26,Sparta Rotterdam,Utrecht,1.0,3.0,3.39,3.5,2.04,1.68,2.11,11.0,12.0,3.0,6.0,8.0,7.0
2017-11-26,Vitesse,Den Haag,2.0,0.0,1.6,4.09,5.0,1.64,2.18,14.0,5.0,5.0,0.0,7.0,3.0
2017-12-01,Zwolle,Utrecht,1.0,1.0,2.37,3.5,2.79,1.65,2.18,14.0,13.0,4.0,7.0,6.0,2.0
2017-12-02,Den Haag,Groningen,0.0,3.0,2.25,3.5,3.0,1.66,2.16,14.0,11.0,5.0,5.0,6.0,3.0
2017-12-02,Feyenoord,Vitesse,1.0,0.0,1.44,4.33,7.0,1.59,2.27,18.0,13.0,8.0,2.0,5.0,8.0
2017-12-02,Twente,Ajax,3.0,3.0,11.0,5.0,1.3,1.48,2.53,19.0,24.0,10.0,12.0,4.0,10.0
2017-12-02,Willem II,Heracles,3.0,1.0,2.2,3.5,3.1,1.65,2.16,27.0,11.0,5.0,3.0,8.0,3.0
2017-12-03,NAC Breda,Excelsior,3.0,1.0,2.37,3.29,2.89,1.84,1.92,22.0,12.0,8.0,4.0,4.0,2.0
2017-12-03,PSV Eindhoven,Sparta Rotterdam,1.0,0.0,1.12,8.0,19.0,1.27,3.5,22.0,6.0,6.0,4.0,9.0,5.0
2017-12-03,Roda,Heerenveen,2.0,1.0,3.79,3.79,1.85,1.67,2.13,6.0,18.0,3.0,6.0,1.0,4.0
2017-12-03,VVV Venlo,AZ Alkmaar,0.0,2.0,4.0,4.2,1.72,1.63,2.2,14.0,18.0,5.0,3.0,3.0,4.0
2017-12-08,Willem II,NAC Breda,1.0,1.0,1.75,3.7,4.5,1.73,2.08,15.0,10.0,3.0,1.0,7.0,4.0
2017-12-09,AZ Alkmaar,Heracles,5.0,0.0,1.36,5.0,7.5,1.36,3.02,25.0,4.0,13.0,1.0,10.0,0.0
2017-12-09,Excelsior,Zwolle,1.0,2.0,3.2,3.39,2.2,1.78,2.0,11.0,15.0,4.0,8.0,3.0,4.0
2017-12-09,Heerenveen,VVV Venlo,2.0,2.0,1.64,3.79,5.0,1.72,2.08,18.0,11.0,8.0,5.0,6.0,4.0
2017-12-09,Twente,Den Haag,2.0,3.0,1.9,3.5,4.0,1.76,2.03,14.0,11.0,5.0,7.0,9.0,5.0
2017-12-10,Ajax,PSV Eindhoven,3.0,0.0,1.8,3.6,4.33,1.66,2.16,11.0,7.0,3.0,3.0,8.0,4.0
2017-12-10,Roda,Groningen,2.0,2.0,2.89,3.5,2.29,1.62,2.23,11.0,9.0,5.0,2.0,3.0,3.0
2017-12-12,NAC Breda,Twente,1.0,2.0,2.45,3.5,2.7,1.69,2.12,19.0,20.0,2.0,4.0,4.0,7.0
2017-12-12,Zwolle,AZ Alkmaar,1.0,1.0,3.2,3.39,2.2,1.52,2.47,14.0,10.0,5.0,3.0,4.0,4.0
2017-12-13,Den Haag,Roda,3.0,2.0,1.72,3.75,4.5,1.76,2.03,17.0,6.0,7.0,2.0,5.0,3.0
2017-12-13,Feyenoord,Heerenveen,1.0,1.0,1.36,4.75,8.5,1.54,2.41,19.0,11.0,9.0,3.0,8.0,6.0
2017-12-13,Groningen,PSV Eindhoven,3.0,3.0,7.5,5.0,1.36,1.42,2.76,12.0,15.0,4.0,8.0,8.0,5.0
2017-12-13,Vitesse,Willem II,2.0,2.0,1.57,3.79,6.0,1.79,1.99,27.0,4.0,8.0,2.0,13.0,1.0
2017-12-13,VVV Venlo,Utrecht,0.0,1.0,3.2,3.6,2.1,1.76,2.03,14.0,17.0,2.0,4.0,8.0,5.0
2017-12-14,Ajax,Excelsior,3.0,1.0,1.1,10.0,19.0,1.27,3.58,22.0,11.0,7.0,3.0,7.0,1.0
2017-12-14,Heracles,Sparta Rotterdam,3.0,2.0,2.14,3.6,3.1,1.61,2.24,15.0,20.0,5.0,11.0,12.0,8.0
2017-12-16,Heerenveen,NAC Breda,1.0,0.0,1.55,3.89,6.0,1.67,2.15,17.0,9.0,5.0,2.0,10.0,2.0
2017-12-16,PSV Eindhoven,Den Haag,3.0,0.0,1.16,7.0,15.0,1.35,3.04,18.0,9.0,8.0,6.0,4.0,5.0
2017-12-16,Roda,VVV Venlo,0.0,1.0,2.6,3.39,2.6,1.78,2.0,8.0,16.0,0.0,7.0,7.0,6.0
2017-12-16,Twente,Vitesse,1.0,1.0,3.0,3.5,2.25,1.73,2.07,6.0,11.0,3.0,5.0,4.0,13.0
2017-12-16,Willem II,Zwolle,2.0,3.0,3.0,3.39,2.29,1.77,2.01,12.0,15.0,5.0,8.0,6.0,4.0
2017-12-17,AZ Alkmaar,Ajax,1.0,2.0,3.39,3.75,2.0,1.61,2.26,11.0,20.0,4.0,9.0,7.0,4.0
2017-12-17,Excelsior,Groningen,2.0,0.0,2.39,3.39,2.79,1.67,2.13,16.0,9.0,5.0,2.0,9.0,8.0
2017-12-17,Sparta Rotterdam,Feyenoord,0.0,7.0,7.0,4.75,1.39,1.67,2.14,5.0,21.0,3.0,12.0,3.0,9.0
2017-12-17,Utrecht,Heracles,1.0,1.0,1.44,4.75,6.0,1.5,2.5,16.0,8.0,4.0,3.0,2.0,2.0
2017-12-22,Den Haag,Zwolle,4.0,0.0,2.89,3.39,2.35,1.74,2.06,14.0,9.0,10.0,4.0,5.0,1.0
2017-12-23,AZ Alkmaar,Heerenveen,3.0,1.0,1.7,4.0,4.5,1.5,2.5,12.0,14.0,6.0,4.0,4.0,5.0
2017-12-23,Excelsior,Twente,0.0,0.0,2.54,3.5,2.6,1.77,2.01,8.0,9.0,1.0,2.0,4.0,5.0
2017-12-23,NAC Breda,Utrecht,3.0,1.0,4.0,3.79,1.8,1.61,2.24,13.0,16.0,6.0,6.0,4.0,4.0
2017-12-23,PSV Eindhoven,Vitesse,2.0,1.0,1.36,5.0,7.5,1.49,2.52,23.0,11.0,7.0,6.0,6.0,3.0
2017-12-24,Ajax,Willem II,3.0,1.0,1.12,8.0,19.0,1.25,3.72,28.0,10.0,11.0,3.0,12.0,4.0
2017-12-24,Feyenoord,Roda,5.0,1.0,1.12,8.0,19.0,1.36,3.0,18.0,9.0,9.0,4.0,6.0,5.0
2017-12-24,Groningen,Sparta Rotterdam,4.0,0.0,1.95,3.6,3.6,1.59,2.27,23.0,14.0,12.0,5.0,3.0,9.0
2017-12-24,VVV Venlo,Heracles,3.0,1.0,1.95,3.5,3.75,1.72,2.08,9.0,16.0,3.0,5.0,3.0,10.0
2018-01-16,Sparta Rotterdam,Vitesse,0.0,1.0,3.7,3.39,2.0,1.88,1.9,17.0,10.0,5.0,5.0,5.0,6.0
2018-01-19,Utrecht,AZ Alkmaar,1.0,1.0,2.75,3.39,2.5,1.58,2.32,10.0,11.0,3.0,6.0,5.0,4.0
2018-01-20,Den Haag,VVV Venlo,1.0,1.0,2.14,3.39,3.29,1.88,1.89,7.0,15.0,2.0,5.0,4.0,6.0
2018-01-20,Roda,Twente,1.0,1.0,3.6,3.5,2.0,1.84,1.94,21.0,11.0,8.0,3.0,9.0,2.0
2018-01-20,Vitesse,Heerenveen,1.0,1.0,2.0,3.5,3.6,1.76,2.03,16.0,6.0,4.0,3.0,4.0,5.0
2018-01-20,Zwolle,NAC Breda,1.0,0.0,1.57,4.0,5.5,1.6,2.27,17.0,8.0,3.0,4.0,8.0,4.0
2018-01-21,Ajax,Feyenoord,2.0,0.0,1.6,4.0,5.25,1.57,2.32,19.0,3.0,6.0,2.0,5.0,0.0
2018-01-21,Heracles,PSV Eindhoven,1.0,2.0,7.5,5.0,1.36,1.4,2.81,14.0,32.0,5.0,14.0,3.0,10.0
2018-01-21,Sparta Rotterdam,Excelsior,2.0,3.0,2.1,3.5,3.29,1.84,1.94,16.0,7.0,6.0,4.0,10.0,4.0
2018-01-21,Willem II,Groningen,1.0,1.0,2.37,3.39,2.89,1.64,2.19,15.0,13.0,8.0,6.0,5.0,7.0
2018-01-24,Utrecht,Feyenoord,1.0,1.0,3.0,3.6,2.2,1.72,2.08,12.0,11.0,5.0,2.0,7.0,9.0
2018-01-26,Heerenveen,Sparta Rotterdam,2.0,1.0,1.5,4.33,6.0,1.62,2.26,13.0,15.0,7.0,4.0,4.0,6.0
2018-01-27,Groningen,Heracles,3.0,3.0,1.75,3.79,4.33,1.47,2.58,13.0,16.0,7.0,7.0,2.0,5.0
2018-01-27,NAC Breda,VVV Venlo,0.0,1.0,2.45,3.39,2.75,1.9,1.88,15.0,9.0,3.0,4.0,7.0,5.0
2018-01-27,Twente,PSV Eindhoven,0.0,2.0,6.0,4.33,1.5,1.55,2.39,19.0,14.0,6.0,7.0,9.0,4.0
2018-01-27,Zwolle,Vitesse,1.0,2.0,2.45,3.29,2.79,1.83,1.95,12.0,12.0,5.0,4.0,9.0,6.0
2018-01-28,Feyenoord,Den Haag,3.0,1.0,1.19,6.5,13.0,1.42,2.75,16.0,10.0,6.0,2.0,2.0,9.0
2018-01-28,Roda,Excelsior,2.0,1.0,2.45,3.39,2.75,1.95,1.82,15.0,9.0,2.0,2.0,8.0,5.0
2018-01-28,Utrecht,Ajax,0.0,0.0,5.5,4.2,1.55,1.56,2.36,7.0,23.0,3.0,8.0,2.0,7.0
2018-01-28,Willem II,AZ Alkmaar,0.0,2.0,4.2,3.6,1.83,1.62,2.22,7.0,19.0,3.0,9.0,2.0,12.0
2018-02-02,Vitesse,Groningen,2.0,0.0,1.61,3.79,5.5,1.64,2.22,12.0,10.0,7.0,1.0,5.0,0.0
2018-02-03,Heerenveen,Twente,1.0,0.0,1.75,3.75,4.33,1.68,2.13,14.0,10.0,6.0,2.0,6.0,4.0
2018-02-03,Heracles,Den Haag,1.0,1.0,2.1,3.5,3.25,1.63,2.22,13.0,14.0,3.0,4.0,7.0,4.0
2018-02-03,PSV Eindhoven,Zwolle,4.0,0.0,1.19,6.5,13.0,1.34,3.1,25.0,3.0,12.0,1.0,7.0,1.0
2018-02-04,Ajax,NAC Breda,3.0,1.0,1.06,12.0,23.0,1.22,4.03,32.0,8.0,8.0,3.0,14.0,0.0
2018-02-04,AZ Alkmaar,Roda,2.0,2.0,1.19,6.5,13.0,1.35,3.09,16.0,15.0,5.0,4.0,2.0,6.0
2018-02-04,Excelsior,Utrecht,2.0,2.0,4.33,3.6,1.8,1.79,2.0,13.0,13.0,6.0,4.0,3.0,10.0
2018-02-04,Sparta Rotterdam,Willem II,1.0,0.0,2.25,3.29,3.2,1.76,2.02,17.0,8.0,6.0,3.0,3.0,5.0
2018-02-04,VVV Venlo,Feyenoord,1.0,0.0,6.0,4.0,1.53,1.73,2.06,13.0,15.0,6.0,5.0,4.0,5.0
2018-02-06,Zwolle,Heerenveen,3.0,2.0,2.7,3.39,2.5,1.75,2.04,16.0,10.0,8.0,5.0,2.0,2.0
2018-02-07,NAC Breda,Heracles,6.0,1.0,2.1,3.6,3.25,1.6,2.26,25.0,11.0,10.0,5.0,6.0,6.0
2018-02-07,PSV Eindhoven,Excelsior,1.0,0.0,1.11,9.0,21.0,1.31,3.34,29.0,11.0,9.0,0.0,11.0,5.0
2018-02-07,Roda,Ajax,2.0,4.0,15.0,7.0,1.16,1.38,2.92,11.0,18.0,4.0,5.0,1.0,5.0
2018-02-07,Twente,AZ Alkmaar,0.0,4.0,3.79,3.6,1.9,1.55,2.4,17.0,18.0,6.0,8.0,3.0,4.0
2018-02-07,Utrecht,Sparta Rotterdam,1.0,0.0,1.5,4.33,6.0,1.55,2.38,16.0,10.0,3.0,3.0,10.0,2.0
2018-02-07,Willem II,VVV Venlo,3.0,0.0,2.5,3.29,2.75,1.91,1.87,13.0,7.0,6.0,4.0,7.0,2.0
2018-02-08,Den Haag,Vitesse,1.0,0.0,3.75,3.39,2.0,1.89,1.88,8.0,16.0,3.0,1.0,1.0,10.0
2018-02-08,Feyenoord,Groningen,3.0,0.0,1.25,5.5,12.0,1.43,2.72,24.0,6.0,9.0,1.0,10.0,2.0
2018-02-10,AZ Alkmaar,VVV Venlo,0.0,0.0,1.33,5.25,8.0,1.55,2.38,20.0,4.0,5.0,1.0,10.0,2.0
2018-02-10,Heerenveen,Roda,1.0,1.0,1.36,5.25,7.0,1.49,2.55,20.0,6.0,4.0,2.0,10.0,2.0
2018-02-10,Heracles,Willem II,1.0,0.0,2.25,3.6,2.89,1.61,2.26,11.0,19.0,2.0,2.0,7.0,2.0
2018-02-10,Sparta Rotterdam,PSV Eindhoven,1.0,2.0,7.0,5.25,1.36,1.49,2.53,10.0,17.0,4.0,5.0,10.0,5.0
2018-02-10,Utrecht,Zwolle,2.0,1.0,1.8,3.75,4.2,1.71,2.08,14.0,15.0,7.0,3.0,4.0,4.0
2018-02-11,Ajax,Twente,2.0,1.0,1.14,8.0,15.0,1.3,3.37,19.0,15.0,9.0,6.0,2.0,1.0
2018-02-11,Excelsior,NAC Breda,0.0,0.0,2.2,3.39,3.2,1.81,1.95,13.0,9.0,4.0,1.0,6.0,11.0
2018-02-11,Groningen,Den Haag,0.0,0.0,1.8,3.75,4.2,1.64,2.19,10.0,18.0,4.0,6.0,6.0,9.0
2018-02-11,Vitesse,Feyenoord,3.0,1.0,3.39,3.5,2.04,1.89,1.87,20.0,5.0,7.0,3.0,8.0,1.0
2018-02-16,VVV Venlo,Groningen,1.0,1.0,2.0,3.5,3.6,1.89,1.9,13.0,10.0,4.0,4.0,4.0,4.0
2018-02-17,Den Haag,Willem II,2.0,1.0,1.9,3.39,4.0,1.84,1.94,27.0,4.0,9.0,1.0,7.0,4.0
2018-02-17,NAC Breda,AZ Alkmaar,1.0,3.0,5.5,3.79,1.6,1.59,2.3,14.0,18.0,4.0,11.0,2.0,4.0
2018-02-17,PSV Eindhoven,Heerenveen,2.0,2.0,1.3,5.5,9.0,1.47,2.58,11.0,16.0,6.0,6.0,6.0,8.0
2018-02-17,Vitesse,Excelsior,1.0,2.0,1.39,4.5,8.0,1.75,2.04,11.0,10.0,5.0,4.0,5.0,1.0
2018-02-18,Feyenoord,Heracles,1.0,0.0,1.14,7.5,17.0,1.36,3.03,15.0,16.0,7.0,6.0,2.0,6.0
2018-02-18,Roda,Utrecht,1.0,4.0,5.25,3.6,1.66,1.74,2.06,13.0,17.0,2.0,11.0,3.0,10.0
2018-02-18,Twente,Sparta Rotterdam,1.0,1.0,2.14,3.39,3.25,1.66,2.16,25.0,2.0,8.0,1.0,11.0,1.0
2018-02-18,Zwolle,Ajax,0.0,1.0,7.0,5.25,1.36,1.49,2.52,5.0,25.0,2.0,7.0,3.0,4.0
2018-02-23,Groningen,NAC Breda,1.0,1.0,1.9,3.6,3.79,1.66,2.18,16.0,15.0,5.0,7.0,6.0,7.0
2018-02-24,AZ Alkmaar,Sparta Rotterdam,2.0,1.0,1.3,5.25,10.0,1.42,2.76,33.0,4.0,16.0,2.0,14.0,2.0
2018-02-24,Heerenveen,Excelsior,0.0,1.0,1.5,4.0,7.5,1.75,2.04,26.0,11.0,8.0,3.0,11.0,5.0
2018-02-24,Heracles,Zwolle,2.0,1.0,2.79,3.39,2.39,1.57,2.33,19.0,20.0,6.0,9.0,8.0,13.0
2018-02-24,VVV Venlo,Vitesse,2.0,2.0,3.29,3.5,2.1,2.02,1.77,15.0,17.0,3.0,6.0,2.0,10.0
2018-02-25,Ajax,Den Haag,0.0,0.0,1.12,9.0,15.0,1.32,3.24,28.0,4.0,9.0,1.0,5.0,1.0
2018-02-25,Feyenoord,PSV Eindhoven,1.0,3.0,2.14,3.39,3.29,1.77,2.01,11.0,17.0,4.0,7.0,2.0,6.0
2018-02-25,Utrecht,Twente,3.0,1.0,1.61,4.0,5.25,1.66,2.17,13.0,14.0,5.0,6.0,5.0,2.0
2018-02-25,Willem II,Roda,1.0,0.0,1.85,3.79,3.79,1.76,2.03,19.0,11.0,7.0,3.0,3.0,2.0
2018-03-02,Roda,Heracles,0.0,3.0,2.7,3.0,2.79,1.64,2.21,17.0,16.0,5.0,9.0,4.0,7.0
2018-03-03,Excelsior,AZ Alkmaar,1.0,2.0,6.0,4.0,1.53,1.62,2.23,16.0,16.0,8.0,6.0,5.0,6.0
2018-03-03,Heerenveen,Willem II,2.0,0.0,1.55,4.0,6.0,1.7,2.11,17.0,4.0,5.0,0.0,2.0,2.0
2018-03-03,NAC Breda,Feyenoord,2.0,1.0,6.0,4.75,1.44,1.67,2.15,8.0,24.0,3.0,6.0,1.0,11.0
2018-03-03,PSV Eindhoven,Utrecht,3.0,0.0,1.36,4.75,8.0,1.53,2.43,7.0,11.0,3.0,3.0,4.0,3.0
2018-03-04,Sparta Rotterdam,Den Haag,2.0,1.0,2.29,3.29,3.1,1.76,2.02,15.0,11.0,7.0,5.0,5.0,7.0
2018-03-04,Twente,Groningen,1.0,1.0,2.0,3.5,3.6,1.69,2.12,26.0,13.0,6.0,4.0,10.0,4.0
2018-03-04,Vitesse,Ajax,3.0,2.0,6.0,3.79,1.57,1.72,2.08,10.0,20.0,6.0,6.0,7.0,5.0
2018-03-04,Zwolle,VVV Venlo,1.0,1.0,2.04,3.5,3.39,1.93,1.85,18.0,9.0,3.0,6.0,5.0,2.0
2018-03-09,Heracles,Twente,2.0,1.0,2.37,3.39,2.89,1.61,2.27,13.0,11.0,6.0,5.0,7.0,3.0
2018-03-10,Den Haag,NAC Breda,0.0,2.0,2.2,3.39,3.2,1.88,1.88,20.0,14.0,4.0,7.0,11.0,5.0
2018-03-10,Roda,Sparta Rotterdam,0.0,2.0,3.1,3.29,2.29,1.79,1.99,14.0,14.0,1.0,3.0,6.0,3.0
2018-03-10,VVV Venlo,Excelsior,2.0,3.0,1.95,3.39,3.89,2.01,1.78,13.0,8.0,4.0,3.0,7.0,4.0
2018-03-10,Willem II,PSV Eindhoven,5.0,0.0,9.0,5.0,1.33,1.52,2.45,11.0,15.0,6.0,3.0,3.0,10.0
2018-03-11,Ajax,Heerenveen,4.0,1.0,1.28,5.5,9.5,1.47,2.56,31.0,8.0,10.0,3.0,10.0,3.0
2018-03-11,Feyenoord,AZ Alkmaar,2.0,1.0,2.2,3.39,3.25,1.67,2.13,14.0,15.0,4.0,5.0,2.0,8.0
2018-03-11,Groningen,Zwolle,2.0,0.0,2.25,3.39,3.1,1.73,2.07,13.0,14.0,4.0,4.0,1.0,4.0
2018-03-11,Utrecht,Vitesse,5.0,1.0,2.2,3.39,3.2,1.84,1.94,12.0,16.0,7.0,3.0,5.0,12.0
2018-03-16,Excelsior,Den Haag,1.0,2.0,2.37,3.5,2.89,1.93,1.84,14.0,12.0,5.0,4.0,5.0,5.0
2018-03-17,Heerenveen,Utrecht,2.0,2.0,2.39,3.39,2.79,1.71,2.09,12.0,13.0,5.0,4.0,5.0,6.0
2018-03-17,PSV Eindhoven,VVV Venlo,3.0,0.0,1.19,6.5,13.0,1.44,2.67,30.0,3.0,19.0,1.0,7.0,4.0
2018-03-17,Twente,Willem II,2.0,2.0,1.85,3.6,4.0,1.74,2.05,17.0,14.0,3.0,7.0,2.0,3.0
2018-03-17,Vitesse,Heracles,0.0,0.0,1.44,4.33,7.0,1.57,2.32,24.0,6.0,9.0,2.0,11.0,1.0
2018-03-18,AZ Alkmaar,Groningen,3.0,2.0,1.25,5.75,11.0,1.37,2.86,23.0,11.0,10.0,4.0,12.0,7.0
2018-03-18,NAC Breda,Roda,0.0,1.0,1.7,3.79,4.75,1.7,2.1,21.0,14.0,8.0,5.0,6.0,4.0
2018-03-18,Sparta Rotterdam,Ajax,2.0,5.0,9.0,5.75,1.28,1.48,2.54,11.0,14.0,4.0,8.0,4.0,4.0
2018-03-18,Zwolle,Feyenoord,3.0,4.0,5.5,4.0,1.6,1.68,2.14,19.0,10.0,7.0,8.0,6.0,5.0
2018-03-31,Den Haag,AZ Alkmaar,0.0,3.0,5.5,4.2,1.55,1.45,2.62,11.0,12.0,5.0,5.0,7.0,7.0
2018-03-31,PSV Eindhoven,NAC Breda,5.0,1.0,1.16,7.0,15.0,1.39,2.86,36.0,6.0,14.0,3.0,9.0,0.0
2018-03-31,Vitesse,Roda,0.0,3.0,1.25,5.5,12.0,1.53,2.41,13.0,18.0,3.0,9.0,6.0,5.0
2018-03-31,Willem II,Utrecht,3.0,2.0,3.6,3.5,2.0,1.72,2.07,8.0,19.0,5.0,4.0,2.0,4.0
2018-03-31,Zwolle,Sparta Rotterdam,2.0,0.0,1.95,3.6,3.6,1.67,2.14,22.0,9.0,9.0,4.0,7.0,6.0
2018-04-01,Feyenoord,Excelsior,5.0,0.0,1.16,7.0,15.0,1.44,2.68,14.0,2.0,6.0,0.0,8.0,2.0
2018-04-01,Groningen,Ajax,1.0,2.0,10.0,6.0,1.25,1.36,2.99,13.0,11.0,5.0,4.0,5.0,1.0
2018-04-01,Heracles,Heerenveen,1.0,2.0,3.0,3.5,2.25,1.6,2.26,13.0,11.0,4.0,6.0,5.0,4.0
2018-04-01,VVV Venlo,Twente,0.0,0.0,2.29,3.29,3.1,1.9,1.86,10.0,17.0,2.0,4.0,7.0,6.0
2018-04-06,Excelsior,Willem II,2.0,1.0,2.2,3.39,3.2,1.88,1.89,19.0,13.0,9.0,4.0,10.0,6.0
2018-04-07,AZ Alkmaar,PSV Eindhoven,2.0,3.0,2.39,3.39,2.79,1.47,2.58,10.0,18.0,3.0,6.0,6.0,8.0
2018-04-07,NAC Breda,Vitesse,1.0,0.0,3.39,3.39,2.1,1.77,2.01,13.0,13.0,2.0,2.0,4.0,5.0
2018-04-07,Roda,Zwolle,3.0,2.0,2.87,3.39,2.37,1.69,2.13,7.0,19.0,4.0,8.0,1.0,7.0
2018-04-07,Sparta Rotterdam,VVV Venlo,3.0,2.0,2.14,3.25,3.39,1.9,1.87,23.0,19.0,7.0,6.0,6.0,4.0
2018-04-08,Ajax,Heracles,1.0,0.0,1.08,10.0,23.0,1.21,4.09,34.0,4.0,8.0,0.0,10.0,1.0
2018-04-08,Heerenveen,Groningen,1.0,1.0,1.61,4.33,4.75,1.55,2.39,15.0,8.0,6.0,5.0,7.0,2.0
2018-04-08,Twente,Feyenoord,1.0,3.0,5.0,3.75,1.66,1.62,2.22,12.0,13.0,4.0,8.0,6.0,4.0
2018-04-08,Utrecht,Den Haag,3.0,3.0,1.53,4.0,6.0,1.62,2.24,21.0,14.0,9.0,4.0,13.0,5.0
2018-04-13,Heracles,AZ Alkmaar,0.0,3.0,6.0,4.75,1.44,1.35,3.08,7.0,23.0,1.0,8.0,4.0,7.0
2018-04-14,Den Haag,Twente,2.0,1.0,2.14,3.6,3.1,1.63,2.2,13.0,7.0,6.0,1.0,6.0,4.0
2018-04-14,Vitesse,Sparta Rotterdam,7.0,0.0,1.53,4.2,5.75,1.56,2.33,19.0,3.0,8.0,1.0,3.0,0.0
2018-04-14,VVV Venlo,Heerenveen,0.0,2.0,2.87,3.39,2.37,1.79,1.98,11.0,20.0,3.0,6.0,4.0,9.0
2018-04-14,Zwolle,Excelsior,1.0,1.0,1.8,3.75,4.2,1.64,2.19,26.0,9.0,9.0,3.0,11.0,2.0
2018-04-15,Feyenoord,Utrecht,3.0,1.0,1.57,4.33,5.0,1.51,2.47,10.0,14.0,4.0,3.0,7.0,3.0
2018-04-15,Groningen,Roda,2.0,1.0,1.7,4.2,4.2,1.59,2.27,19.0,15.0,4.0,4.0,4.0,3.0
2018-04-15,NAC Breda,Willem II,1.0,2.0,2.0,3.6,3.5,1.77,2.0,16.0,11.0,5.0,5.0,3.0,9.0
2018-04-15,PSV Eindhoven,Ajax,3.0,0.0,2.5,3.6,2.6,1.59,2.27,17.0,11.0,11.0,3.0,9.0,3.0
2018-04-17,Heerenveen,Den Haag,2.0,0.0,1.72,4.0,4.5,1.64,2.21,11.0,8.0,4.0,1.0,5.0,4.0
2018-04-17,Twente,Zwolle,2.0,0.0,2.1,3.39,3.39,1.63,2.23,11.0,7.0,4.0,2.0,8.0,4.0
2018-04-18,AZ Alkmaar,Vitesse,4.0,3.0,1.57,4.0,5.5,1.41,2.76,16.0,20.0,11.0,9.0,5.0,3.0
2018-04-18,Excelsior,Heracles,2.0,2.0,2.14,3.6,3.1,1.59,2.28,20.0,16.0,8.0,4.0,6.0,11.0
2018-04-18,Roda,PSV Eindhoven,2.0,2.0,6.5,5.25,1.39,1.4,2.83,10.0,17.0,3.0,5.0,2.0,9.0
2018-04-18,Sparta Rotterdam,NAC Breda,2.0,1.0,2.1,3.39,3.39,1.65,2.17,17.0,14.0,6.0,6.0,6.0,3.0
2018-04-18,Willem II,Feyenoord,1.0,5.0,5.25,4.0,1.6,1.6,2.26,11.0,16.0,4.0,9.0,4.0,5.0
2018-04-19,Ajax,VVV Venlo,4.0,1.0,1.1,9.0,23.0,1.31,3.28,30.0,9.0,13.0,3.0,11.0,0.0
2018-04-19,Utrecht,Groningen,1.0,1.0,1.57,4.0,5.75,1.53,2.42,12.0,13.0,3.0,7.0,2.0,5.0
2018-04-29,Ajax,AZ Alkmaar,3.0,0.0,1.53,4.33,5.5,1.33,3.18,17.0,13.0,6.0,4.0,8.0,3.0
2018-04-29,Den Haag,PSV Eindhoven,3.0,3.0,4.5,4.5,1.6,1.45,2.64,11.0,20.0,7.0,6.0,6.0,8.0
2018-04-29,Feyenoord,Sparta Rotterdam,3.0,1.0,1.22,6.5,11.0,1.29,3.41,11.0,12.0,5.0,7.0,5.0,6.0
2018-04-29,Groningen,Excelsior,4.0,0.0,1.85,3.79,3.75,1.52,2.44,23.0,6.0,8.0,3.0,2.0,3.0
2018-04-29,Heracles,Utrecht,2.0,2.0,3.6,3.75,1.9,1.44,2.65,10.0,25.0,4.0,8.0,3.0,13.0
2018-04-29,NAC Breda,Heerenveen,3.0,0.0,2.62,3.39,2.54,1.61,2.24,14.0,11.0,5.0,3.0,5.0,4.0
2018-04-29,Vitesse,Twente,5.0,0.0,1.72,4.0,4.5,1.53,2.42,16.0,6.0,9.0,3.0,4.0,0.0
2018-04-29,VVV Venlo,Roda,1.0,4.0,2.5,3.39,2.7,1.7,2.11,10.0,18.0,4.0,6.0,3.0,5.0
2018-04-29,Zwolle,Willem II,0.0,1.0,1.61,4.33,4.75,1.59,2.27,22.0,6.0,8.0,1.0,9.0,3.0
2018-05-06,AZ Alkmaar,Zwolle,6.0,0.0,1.44,4.5,6.5,1.34,3.11,19.0,6.0,13.0,3.0,9.0,2.0
2018-05-06,Excelsior,Ajax,1.0,2.0,10.0,5.25,1.28,1.38,2.9,16.0,23.0,5.0,13.0,8.0,11.0
2018-05-06,Heerenveen,Feyenoord,2.0,3.0,2.89,3.75,2.2,1.52,2.44,13.0,16.0,3.0,7.0,2.0,4.0
2018-05-06,PSV Eindhoven,Groningen,0.0,0.0,1.18,7.5,12.0,1.3,3.33,14.0,9.0,5.0,4.0,11.0,2.0
2018-05-06,Roda,Den Haag,2.0,3.0,2.89,3.6,2.25,1.5,1.61,23.0,14.0,7.0,6.0,8.0,2.0
2018-05-06,Sparta Rotterdam,Heracles,2.0,5.0,2.14,3.79,3.0,1.39,2.84,10.0,15.0,6.0,11.0,3.0,5.0
2018-05-06,Twente,NAC Breda,1.0,1.0,2.14,3.75,3.1,1.5,2.5,20.0,11.0,8.0,5.0,7.0,4.0
2018-05-06,Utrecht,VVV Venlo,1.0,0.0,1.44,4.5,6.5,1.45,2.62,25.0,12.0,8.0,4.0,9.0,4.0
2018-05-06,Willem II,Vitesse,2.0,2.0,2.89,3.79,2.2,1.44,2.67,19.0,15.0,8.0,4.0,2.0,4.0
2018-08-10,Zwolle,Heerenveen,2.0,3.0,2.4,3.6,2.7,1.64,2.22,18.0,7.0,4.0,3.0,5.0,1.0
2018-08-11,Ajax,Heracles,1.0,1.0,1.12,8.0,19.0,1.28,3.55,17.0,11.0,7.0,2.0,12.0,7.0
2018-08-11,Excelsior,For Sittard,1.0,1.0,2.1,3.5,3.3,1.67,2.14,13.0,18.0,3.0,6.0,4.0,8.0
2018-08-11,PSV Eindhoven,Utrecht,4.0,0.0,1.4,5.0,6.5,1.5,2.52,14.0,6.0,10.0,2.0,9.0,1.0
2018-08-11,Willem II,VVV Venlo,0.0,1.0,2.25,3.4,3.1,1.88,1.9,15.0,7.0,6.0,1.0,13.0,2.0
2018-08-12,AZ Alkmaar,NAC Breda,5.0,0.0,1.36,4.75,8.5,1.48,2.57,29.0,5.0,12.0,4.0,14.0,1.0
2018-08-12,Den Haag,FC Emmen,1.0,2.0,1.8,4.0,3.9,1.62,2.25,14.0,10.0,5.0,5.0,8.0,3.0
2018-08-12,Graafschap,Feyenoord,2.0,0.0,5.0,4.33,1.57,1.51,2.5,9.0,14.0,5.0,6.0,3.0,5.0
2018-08-12,Vitesse,Groningen,5.0,1.0,1.57,4.0,5.5,1.63,2.22,14.0,11.0,8.0,6.0,6.0,1.0
2018-08-17,Groningen,Willem II,0.0,1.0,1.8,3.6,4.33,1.7,2.13,15.0,7.0,4.0,2.0,5.0,2.0
2018-08-18,Heracles,Den Haag,4.0,2.0,2.0,3.4,3.75,1.59,2.29,17.0,19.0,7.0,7.0,5.0,10.0
2018-08-18,NAC Breda,Graafschap,3.0,0.0,2.14,3.4,3.3,1.71,2.11,7.0,7.0,3.0,2.0,3.0,4.0
2018-08-18,For Sittard,PSV Eindhoven,1.0,2.0,10.0,5.25,1.3,1.5,2.52,10.0,17.0,6.0,8.0,5.0,8.0
2018-08-18,VVV Venlo,Ajax,0.0,1.0,10.0,5.25,1.28,1.49,2.52,9.0,18.0,1.0,9.0,5.0,7.0
2018-08-19,FC Emmen,AZ Alkmaar,1.0,4.0,4.75,4.0,1.66,1.56,2.36,14.0,16.0,7.0,8.0,6.0,3.0
2018-08-19,Feyenoord,Excelsior,3.0,0.0,1.28,5.25,10.0,1.48,2.56,23.0,9.0,6.0,2.0,10.0,1.0
2018-08-19,Heerenveen,Vitesse,1.0,1.0,2.1,3.4,3.4,1.64,2.2,7.0,20.0,3.0,4.0,1.0,8.0
2018-08-19,Utrecht,Zwolle,2.0,0.0,1.66,4.0,4.75,1.63,2.21,7.0,17.0,2.0,4.0,6.0,10.0
2018-08-24,Den Haag,For Sittard,3.0,1.0,1.9,3.5,4.0,1.67,2.18,12.0,14.0,6.0,3.0,14.0,10.0
2018-08-25,Ajax,FC Emmen,5.0,0.0,1.1,9.0,21.0,1.27,3.58,22.0,6.0,10.0,2.0,11.0,1.0
2018-08-25,Graafschap,Groningen,0.0,1.0,2.9,3.3,2.37,1.68,2.14,10.0,12.0,4.0,3.0,7.0,3.0
2018-08-25,NAC Breda,Excelsior,0.0,2.0,2.0,3.5,3.6,1.74,2.06,12.0,10.0,3.0,3.0,3.0,3.0
2018-08-25,Zwolle,PSV Eindhoven,1.0,2.0,6.0,4.5,1.5,1.48,2.55,18.0,15.0,5.0,6.0,6.0,6.0
2018-08-26,AZ Alkmaar,Vitesse,0.0,0.0,1.66,4.0,4.75,1.43,2.71,18.0,13.0,3.0,3.0,6.0,4.0
2018-08-26,Heerenveen,Feyenoord,3.0,5.0,4.33,4.0,1.7,1.59,2.28,13.0,13.0,5.0,6.0,5.0,4.0
2018-08-26,Utrecht,VVV Venlo,1.0,1.0,1.5,4.33,6.0,1.58,2.31,21.0,11.0,4.0,2.0,3.0,0.0
2018-08-26,Willem II,Heracles,5.0,0.0,2.1,3.5,3.3,1.59,2.28,13.0,6.0,7.0,3.0,4.0,4.0
2018-08-31,FC Emmen,Graafschap,1.0,1.0,2.14,3.5,3.2,1.66,2.2,26.0,13.0,11.0,6.0,13.0,1.0
2018-09-01,Excelsior,Den Haag,2.0,4.0,2.37,3.3,2.9,1.7,2.11,13.0,16.0,4.0,7.0,4.0,6.0
2018-09-01,For Sittard,Utrecht,1.0,1.0,3.75,3.6,1.9,1.64,2.2,9.0,14.0,2.0,5.0,6.0,6.0
2018-09-01,PSV Eindhoven,Willem II,6.0,1.0,1.2,6.5,13.0,1.38,2.92,16.0,6.0,10.0,2.0,2.0,3.0
2018-09-01,VVV Venlo,Heerenveen,1.0,1.0,2.8,3.4,2.4,1.81,1.98,19.0,8.0,4.0,4.0,4.0,2.0
2018-09-02,Feyenoord,NAC Breda,4.0,2.0,1.16,7.5,13.0,1.42,2.76,20.0,7.0,8.0,4.0,14.0,2.0
2018-09-02,Groningen,Zwolle,0.0,1.0,2.04,3.5,3.4,1.64,2.19,14.0,9.0,2.0,6.0,6.0,4.0
2018-09-02,Heracles,AZ Alkmaar,3.0,2.0,5.75,4.0,1.57,1.37,2.98,23.0,17.0,14.0,8.0,5.0,2.0
2018-09-02,Vitesse,Ajax,0.0,4.0,5.0,4.2,1.6,1.56,2.35,21.0,16.0,7.0,8.0,7.0,5.0
2018-09-15,Ajax,Groningen,3.0,0.0,1.14,7.5,17.0,1.32,3.27,17.0,7.0,5.0,2.0,4.0,2.0
2018-09-15,Den Haag,PSV Eindhoven,0.0,7.0,5.75,5.0,1.44,1.44,2.8,5.0,27.0,2.0,10.0,3.0,5.0
2018-09-15,Graafschap,VVV Venlo,1.0,2.0,2.37,3.4,2.87,1.81,1.98,14.0,12.0,2.0,6.0,6.0,3.0
2018-09-15,Willem II,Excelsior,2.0,2.0,1.83,3.6,4.2,1.75,2.06,21.0,16.0,6.0,4.0,13.0,9.0
2018-09-16,AZ Alkmaar,Feyenoord,1.0,1.0,2.6,3.75,2.4,1.48,2.57,11.0,9.0,3.0,3.0,4.0,10.0
2018-09-16,Heerenveen,Heracles,3.0,5.0,1.72,4.0,4.33,1.53,2.45,11.0,10.0,6.0,7.0,4.0,3.0
2018-09-16,NAC Breda,For Sittard,2.0,3.0,2.04,3.4,3.5,1.64,2.21,14.0,12.0,4.0,4.0,6.0,2.0
2018-09-16,Utrecht,FC Emmen,1.0,2.0,1.44,4.5,6.5,1.53,2.44,15.0,10.0,4.0,2.0,4.0,4.0
2018-09-16,Zwolle,Vitesse,0.0,2.0,3.4,3.5,2.04,1.72,2.09,12.0,9.0,6.0,4.0,6.0,6.0
2018-09-21,Heracles,Graafschap,4.0,0.0,1.44,4.5,6.25,1.47,2.58,27.0,13.0,10.0,4.0,11.0,3.0
2018-09-22,Excelsior,Heerenveen,3.0,3.0,2.87,3.4,2.35,1.66,2.17,12.0,10.0,8.0,5.0,6.0,7.0
2018-09-22,For Sittard,Willem II,4.0,4.0,2.3,3.5,2.87,1.64,2.2,10.0,12.0,7.0,6.0,2.0,10.0
2018-09-22,Vitesse,Den Haag,1.0,1.0,1.5,4.0,7.5,1.5,2.51,15.0,11.0,4.0,3.0,3.0,6.0
2018-09-22,VVV Venlo,NAC Breda,3.0,0.0,1.83,3.6,4.2,1.86,1.92,14.0,6.0,5.0,1.0,3.0,2.0
2018-09-23,FC Emmen,Zwolle,0.0,1.0,2.7,3.4,2.5,1.67,2.12,9.0,12.0,3.0,4.0,7.0,7.0
2018-09-23,Feyenoord,Utrecht,1.0,0.0,1.44,4.33,7.0,1.44,2.65,23.0,12.0,9.0,1.0,4.0,2.0
2018-09-23,Groningen,AZ Alkmaar,1.0,3.0,3.5,3.8,1.95,1.52,2.43,8.0,21.0,3.0,11.0,3.0,7.0
2018-09-23,PSV Eindhoven,Ajax,3.0,0.0,2.5,3.3,2.8,1.59,1.56,14.0,15.0,8.0,4.0,1.0,6.0
2018-09-29,Excelsior,VVV Venlo,1.0,0.0,2.37,3.4,2.87,1.96,1.82,9.0,14.0,2.0,4.0,3.0,9.0
2018-09-29,For Sittard,Ajax,0.0,2.0,10.0,6.0,1.25,1.36,3.02,15.0,17.0,5.0,4.0,3.0,8.0
2018-09-29,Heerenveen,Den Haag,1.0,1.0,1.95,3.75,3.5,1.51,2.47,11.0,8.0,1.0,2.0,2.0,3.0
2018-09-29,NAC Breda,PSV Eindhoven,0.0,2.0,12.0,6.5,1.2,1.4,2.83,10.0,12.0,2.0,4.0,4.0,9.0
2018-09-30,AZ Alkmaar,Zwolle,2.0,2.0,1.44,4.75,6.0,1.41,2.82,15.0,9.0,3.0,3.0,9.0,0.0
2018-09-30,Feyenoord,Vitesse,2.0,1.0,1.5,4.5,5.75,1.52,2.45,19.0,11.0,7.0,5.0,9.0,1.0
2018-09-30,Graafschap,Willem II,2.0,1.0,3.2,3.5,2.14,1.65,2.19,24.0,10.0,7.0,4.0,10.0,3.0
2018-09-30,Groningen,Utrecht,1.0,1.0,2.7,3.5,2.45,1.74,2.06,15.0,7.0,6.0,2.0,4.0,3.0
2018-09-30,Heracles,FC Emmen,2.0,1.0,1.55,4.33,5.5,1.43,2.73,15.0,16.0,6.0,8.0,2.0,7.0
2018-10-05,Utrecht,NAC Breda,2.0,1.0,1.5,4.33,6.0,1.63,2.24,18.0,9.0,5.0,3.0,11.0,2.0
2018-10-06,Den Haag,Groningen,1.0,0.0,2.1,3.6,3.25,1.6,2.27,9.0,8.0,3.0,3.0,6.0,5.0
2018-10-06,Graafschap,Heerenveen,0.0,5.0,3.2,3.5,2.14,1.63,2.21,8.0,24.0,1.0,14.0,1.0,6.0
2018-10-06,PSV Eindhoven,VVV Venlo,4.0,0.0,1.14,7.5,17.0,1.42,2.76,24.0,3.0,8.0,0.0,6.0,1.0
2018-10-06,Zwolle,Excelsior,2.0,0.0,1.8,3.8,4.0,1.59,2.28,22.0,5.0,4.0,2.0,5.0,5.0
2018-10-07,Ajax,AZ Alkmaar,5.0,0.0,1.36,5.0,7.5,1.33,3.21,22.0,5.0,11.0,3.0,6.0,4.0
2018-10-07,FC Emmen,For Sittard,3.0,3.0,2.25,3.4,3.1,1.69,2.11,12.0,12.0,4.0,6.0,3.0,3.0
2018-10-07,Vitesse,Heracles,4.0,0.0,1.9,3.75,3.6,1.49,2.53,19.0,4.0,6.0,2.0,5.0,5.0
2018-10-07,Willem II,Feyenoord,1.0,1.0,5.5,4.2,1.55,1.53,2.43,12.0,9.0,4.0,7.0,2.0,8.0
2018-10-20,Excelsior,Vitesse,2.0,0.0,4.0,3.75,1.83,1.67,2.18,6.0,24.0,1.0,7.0,9.0,13.0
2018-10-20,Heerenveen,Ajax,0.0,4.0,9.5,6.0,1.25,1.41,2.82,13.0,17.0,4.0,10.0,5.0,10.0
2018-10-20,PSV Eindhoven,FC Emmen,6.0,0.0,1.11,9.0,17.0,1.24,3.86,29.0,8.0,15.0,4.0,10.0,1.0
2018-10-20,Utrecht,AZ Alkmaar,2.0,1.0,2.7,3.4,2.5,1.53,2.44,15.0,13.0,6.0,8.0,7.0,4.0
2018-10-21,Feyenoord,Zwolle,3.0,0.0,1.25,6.5,9.0,1.37,2.99,17.0,17.0,11.0,5.0,7.0,3.0
2018-10-21,For Sittard,Graafschap,3.0,1.0,1.75,3.8,4.5,1.61,2.26,22.0,11.0,11.0,3.0,4.0,2.0
2018-10-21,Heracles,Groningen,4.0,1.0,1.9,4.0,3.4,1.46,1.67,13.0,11.0,8.0,4.0,3.0,1.0
2018-10-21,NAC Breda,Willem II,2.0,2.0,2.87,3.4,2.37,1.73,2.08,6.0,8.0,3.0,3.0,1.0,6.0
2018-10-21,VVV Venlo,Den Haag,2.0,0.0,2.37,3.4,2.87,1.82,1.96,22.0,12.0,7.0,2.0,4.0,3.0
2018-10-26,FC Emmen,VVV Venlo,1.0,1.0,2.8,3.4,2.4,1.91,1.88,28.0,5.0,8.0,2.0,9.0,0.0
2018-10-27,Den Haag,NAC Breda,1.0,1.0,1.72,3.8,4.5,1.71,2.11,17.0,7.0,4.0,3.0,5.0,1.0
2018-10-27,Graafschap,Excelsior,4.0,1.0,2.6,3.6,2.5,1.63,2.24,13.0,14.0,6.0,4.0,3.0,3.0
2018-10-27,Groningen,PSV Eindhoven,1.0,2.0,9.0,5.75,1.28,1.46,2.63,14.0,19.0,3.0,5.0,2.0,6.0
2018-10-27,Zwolle,Heracles,1.0,1.0,2.1,3.6,3.2,1.52,2.46,24.0,8.0,6.0,3.0,6.0,6.0
2018-10-28,Ajax,Feyenoord,3.0,0.0,1.4,5.0,6.5,1.43,2.7,28.0,8.0,10.0,2.0,13.0,6.0
2018-10-28,AZ Alkmaar,Heerenveen,2.0,3.0,1.44,4.75,6.0,1.4,2.84,15.0,11.0,7.0,6.0,6.0,1.0
2018-10-28,Vitesse,For Sittard,2.0,1.0,1.44,4.5,6.5,1.5,2.5,12.0,10.0,6.0,2.0,2.0,7.0
2018-10-28,Willem II,Utrecht,0.0,1.0,2.8,3.25,2.5,1.77,2.01,8.0,19.0,0.0,8.0,9.0,6.0
2018-11-02,Excelsior,Groningen,2.0,4.0,2.54,3.5,2.6,1.71,2.12,10.0,15.0,4.0,8.0,3.0,5.0
2018-11-03,Ajax,Willem II,2.0,0.0,1.08,11.0,21.0,1.26,3.67,21.0,3.0,10.0,0.0,5.0,1.0
2018-11-03,AZ Alkmaar,Graafschap,1.0,0.0,1.2,7.0,11.0,1.25,3.77,18.0,3.0,6.0,0.0,7.0,1.0
2018-11-03,NAC Breda,Heracles,2.0,1.0,2.87,3.6,2.3,1.65,2.2,9.0,21.0,2.0,5.0,6.0,4.0
2018-11-03,PSV Eindhoven,Vitesse,1.0,0.0,1.3,5.75,8.5,1.44,2.69,14.0,7.0,6.0,1.0,7.0,2.0
2018-11-04,For Sittard,Zwolle,3.0,0.0,2.62,3.5,2.5,1.6,2.29,17.0,10.0,6.0,4.0,12.0,3.0
2018-11-04,Heerenveen,FC Emmen,1.0,1.0,1.5,4.33,6.0,1.54,2.43,17.0,17.0,6.0,6.0,3.0,2.0
2018-11-04,Utrecht,Den Haag,3.0,0.0,1.57,4.0,5.5,1.65,2.2,14.0,11.0,5.0,5.0,5.0,6.0
2018-11-09,Zwolle,Willem II,2.0,3.0,2.0,3.6,3.5,1.67,2.18,20.0,5.0,7.0,3.0,7.0,1.0
2018-11-10,FC Emmen,NAC Breda,2.0,0.0,2.1,3.5,3.3,1.75,2.06,19.0,7.0,8.0,3.0,9.0,1.0
2018-11-10,Graafschap,PSV Eindhoven,1.0,4.0,12.0,6.0,1.22,1.31,3.37,10.0,22.0,2.0,7.0,5.0,5.0
2018-11-10,Vitesse,Utrecht,2.0,1.0,2.0,3.4,3.7,1.69,2.14,17.0,13.0,5.0,7.0,5.0,7.0
2018-11-10,VVV Venlo,For Sittard,3.0,2.0,2.0,3.6,3.5,1.74,2.07,11.0,17.0,6.0,5.0,2.0,7.0
2018-11-11,Den Haag,AZ Alkmaar,0.0,1.0,4.5,3.7,1.75,1.5,2.52,6.0,8.0,0.0,2.0,7.0,3.0
2018-11-11,Excelsior,Ajax,1.0,7.0,13.0,7.0,1.18,1.32,3.29,13.0,29.0,3.0,12.0,2.0,15.0
2018-11-11,Groningen,Heerenveen,2.0,0.0,2.25,3.4,3.1,1.67,2.17,11.0,4.0,5.0,2.0,3.0,1.0
2018-11-11,Heracles,Feyenoord,0.0,2.0,5.0,4.0,1.61,1.51,2.5,15.0,16.0,3.0,7.0,5.0,6.0
2018-11-24,For Sittard,Heracles,3.0,0.0,2.37,3.4,2.87,1.5,2.52,15.0,14.0,9.0,3.0,3.0,4.0
2018-11-24,NAC Breda,Ajax,0.0,3.0,17.0,8.5,1.12,1.25,3.75,5.0,16.0,3.0,5.0,2.0,7.0
2018-11-24,PSV Eindhoven,Heerenveen,3.0,0.0,1.18,7.0,13.0,1.36,3.04,28.0,4.0,11.0,0.0,6.0,2.0
2018-11-24,Zwolle,Den Haag,2.0,3.0,1.9,3.6,3.75,1.68,2.14,13.0,14.0,4.0,8.0,7.0,6.0
2018-11-25,FC Emmen,Excelsior,1.0,2.0,1.95,3.6,3.75,1.7,2.13,17.0,9.0,3.0,3.0,10.0,6.0
2018-11-25,Feyenoord,Groningen,1.0,0.0,1.28,6.0,8.0,1.46,2.63,14.0,10.0,7.0,3.0,12.0,2.0
2018-11-25,Utrecht,Graafschap,5.0,0.0,1.25,5.5,12.0,1.39,2.89,22.0,5.0,6.0,2.0,4.0,1.0
2018-11-25,VVV Venlo,AZ Alkmaar,2.0,2.0,4.2,4.0,1.75,1.7,2.13,9.0,17.0,3.0,7.0,8.0,9.0
2018-11-25,Willem II,Vitesse,1.0,3.0,3.4,3.5,2.04,1.73,2.08,8.0,11.0,4.0,7.0,0.0,5.0
2018-11-30,Excelsior,Utrecht,3.0,3.0,5.75,4.0,1.55,1.58,2.32,11.0,22.0,4.0,9.0,2.0,6.0
2018-12-01,AZ Alkmaar,Willem II,0.0,2.0,1.4,5.0,6.5,1.44,2.68,16.0,8.0,7.0,4.0,7.0,1.0
2018-12-01,Graafschap,Zwolle,0.0,2.0,3.75,3.6,1.9,1.56,2.38,4.0,26.0,0.0,9.0,3.0,7.0
2018-12-01,Heerenveen,For Sittard,3.0,1.0,2.0,3.6,3.5,1.51,2.49,18.0,15.0,9.0,5.0,7.0,1.0
2018-12-01,Vitesse,FC Emmen,1.0,1.0,1.44,4.75,6.0,1.5,2.52,24.0,7.0,8.0,4.0,10.0,1.0
2018-12-02,Ajax,Den Haag,5.0,1.0,1.08,11.0,21.0,1.23,3.97,31.0,8.0,12.0,3.0,19.0,3.0
2018-12-02,Feyenoord,PSV Eindhoven,2.0,1.0,3.2,3.4,2.2,1.63,2.24,14.0,12.0,5.0,5.0,6.0,4.0
2018-12-02,Groningen,NAC Breda,5.0,2.0,1.5,4.2,6.0,1.68,2.16,19.0,6.0,9.0,3.0,5.0,1.0
2018-12-02,Heracles,VVV Venlo,4.0,1.0,1.95,3.6,3.6,1.67,2.15,22.0,9.0,8.0,4.0,14.0,1.0
2018-12-06,Feyenoord,VVV Venlo,4.0,1.0,1.22,6.0,12.0,1.5,2.52,27.0,3.0,9.0,1.0,13.0,0.0
2018-12-07,For Sittard,AZ Alkmaar,0.0,3.0,4.33,4.0,1.72,1.45,2.68,15.0,8.0,4.0,6.0,5.0,7.0
2018-12-07,PSV Eindhoven,Excelsior,6.0,0.0,1.08,10.0,23.0,1.19,4.43,23.0,2.0,8.0,0.0,8.0,1.0
2018-12-08,Den Haag,Graafschap,0.0,0.0,1.5,4.5,6.0,1.5,2.53,16.0,9.0,3.0,5.0,4.0,3.0
2018-12-08,Willem II,Heerenveen,1.0,5.0,2.2,3.4,3.2,1.64,2.21,5.0,20.0,1.0,11.0,0.0,14.0
2018-12-08,Zwolle,Ajax,1.0,4.0,15.0,6.5,1.18,1.33,3.25,16.0,14.0,7.0,6.0,4.0,7.0
2018-12-09,FC Emmen,Feyenoord,1.0,4.0,7.0,4.75,1.4,1.47,2.61,12.0,32.0,6.0,12.0,4.0,10.0
2018-12-09,NAC Breda,Vitesse,2.0,1.0,5.5,4.0,1.57,1.74,2.07,11.0,15.0,4.0,4.0,4.0,9.0
2018-12-09,Utrecht,Heracles,3.0,1.0,1.53,4.33,5.5,1.45,2.66,12.0,14.0,5.0,3.0,4.0,4.0
2018-12-09,VVV Venlo,Groningen,0.0,0.0,2.7,3.4,2.5,1.82,1.97,12.0,10.0,6.0,4.0,4.0,6.0
2018-12-14,Willem II,Den Haag,0.0,3.0,2.04,3.5,3.4,1.69,2.15,8.0,7.0,3.0,4.0,2.0,1.0
2018-12-15,AZ Alkmaar,Excelsior,2.0,1.0,1.18,6.5,15.0,1.31,3.33,29.0,7.0,12.0,3.0,23.0,3.0
2018-12-15,Heracles,PSV Eindhoven,0.0,4.0,8.0,4.75,1.36,1.42,2.76,12.0,16.0,1.0,8.0,2.0,3.0
2018-12-15,Vitesse,VVV Venlo,2.0,1.0,1.36,4.5,9.0,1.6,2.3,17.0,11.0,4.0,1.0,13.0,2.0
2018-12-15,Zwolle,NAC Breda,0.0,0.0,1.6,4.0,5.5,1.64,2.22,16.0,13.0,5.0,3.0,4.0,7.0
2018-12-16,Ajax,Graafschap,8.0,0.0,1.05,13.0,29.0,1.13,5.52,35.0,3.0,17.0,2.0,14.0,2.0
2018-12-16,Feyenoord,For Sittard,0.0,2.0,1.22,5.75,13.0,1.36,3.07,26.0,11.0,8.0,4.0,9.0,4.0
2018-12-16,Groningen,FC Emmen,1.0,2.0,1.57,4.0,5.5,1.6,2.28,11.0,13.0,5.0,3.0,5.0,6.0
2018-12-16,Heerenveen,Utrecht,2.0,3.0,3.2,3.4,2.2,1.63,2.24,10.0,9.0,6.0,3.0,5.0,7.0
2018-12-21,VVV Venlo,Zwolle,2.0,0.0,2.45,3.4,2.75,1.8,2.01,19.0,8.0,6.0,1.0,5.0,6.0
2018-12-22,Excelsior,Heracles,0.0,3.0,2.87,3.75,2.2,1.48,2.59,13.0,22.0,4.0,6.0,2.0,5.0
2018-12-22,For Sittard,Groningen,0.0,0.0,2.2,3.5,3.1,1.63,2.26,13.0,15.0,4.0,5.0,6.0,7.0
2018-12-22,NAC Breda,Heerenveen,4.0,2.0,3.0,3.5,2.25,1.68,2.16,32.0,8.0,12.0,4.0,8.0,1.0
2018-12-22,PSV Eindhoven,AZ Alkmaar,3.0,1.0,1.36,5.25,7.0,1.36,3.05,14.0,11.0,8.0,4.0,4.0,8.0
2018-12-23,Den Haag,Feyenoord,2.0,2.0,5.0,4.33,1.57,1.53,2.43,13.0,14.0,5.0,6.0,9.0,9.0
2018-12-23,FC Emmen,Willem II,0.0,2.0,2.4,3.4,2.8,1.67,2.17,11.0,10.0,2.0,3.0,6.0,3.0
2018-12-23,Graafschap,Vitesse,2.0,2.0,6.5,4.5,1.44,1.55,2.4,14.0,21.0,5.0,7.0,6.0,4.0
2018-12-23,Utrecht,Ajax,1.0,3.0,9.5,5.25,1.3,1.34,3.18,8.0,17.0,2.0,7.0,5.0,9.0
2019-01-18,Vitesse,Excelsior,3.0,2.0,1.3,5.5,9.0,1.49,2.58,16.0,9.0,9.0,2.0,7.0,3.0
2019-01-19,AZ Alkmaar,Utrecht,3.0,0.0,1.9,3.8,3.6,1.47,2.63,10.0,14.0,3.0,4.0,4.0,5.0
2019-01-19,Den Haag,VVV Venlo,2.0,4.0,1.95,3.5,3.75,1.9,1.89,20.0,16.0,8.0,8.0,11.0,7.0
2019-01-19,Groningen,Heracles,3.0,0.0,2.15,3.6,3.1,1.59,2.33,18.0,7.0,6.0,2.0,5.0,1.0
2019-01-19,Zwolle,Feyenoord,3.0,1.0,5.5,4.0,1.57,1.52,1.47,15.0,13.0,7.0,6.0,9.0,4.0
2019-01-20,Ajax,Heerenveen,4.0,4.0,1.05,13.0,29.0,1.19,4.4,27.0,12.0,9.0,9.0,11.0,4.0
2019-01-20,FC Emmen,PSV Eindhoven,2.0,2.0,13.0,6.5,1.2,1.36,3.06,6.0,14.0,2.0,4.0,2.0,7.0
2019-01-20,Graafschap,For Sittard,5.0,1.0,3.2,3.8,2.05,1.51,2.5,18.0,7.0,9.0,3.0,8.0,2.0
2019-01-20,Willem II,NAC Breda,2.0,0.0,1.95,3.5,3.75,1.78,2.03,11.0,4.0,4.0,0.0,8.0,3.0
2019-01-25,NAC Breda,Den Haag,1.0,1.0,2.5,3.4,2.7,1.75,2.06,20.0,8.0,4.0,2.0,8.0,4.0
2019-01-26,Excelsior,Graafschap,2.0,0.0,2.05,3.6,3.3,1.55,2.4,7.0,13.0,2.0,3.0,0.0,10.0
2019-01-26,Heracles,Zwolle,0.0,2.0,2.0,4.0,3.2,1.54,2.43,15.0,9.0,4.0,4.0,8.0,5.0
2019-01-26,PSV Eindhoven,Groningen,2.0,1.0,1.14,8.5,13.0,1.3,3.41,12.0,5.0,6.0,1.0,8.0,5.0
2019-01-26,VVV Venlo,FC Emmen,2.0,3.0,1.95,3.5,3.8,1.8,2.0,16.0,11.0,7.0,5.0,6.0,0.0
2019-01-27,Feyenoord,Ajax,6.0,2.0,4.2,4.0,1.72,1.45,2.68,20.0,15.0,9.0,7.0,4.0,5.0
2019-01-27,For Sittard,Vitesse,2.0,1.0,3.4,3.75,2.0,1.64,2.23,16.0,11.0,6.0,5.0,5.0,10.0
2019-01-27,Heerenveen,AZ Alkmaar,0.0,2.0,3.6,3.8,1.9,1.46,2.64,5.0,21.0,0.0,8.0,3.0,8.0
2019-01-27,Utrecht,Willem II,0.0,1.0,1.44,4.33,7.0,1.61,2.27,18.0,7.0,5.0,2.0,8.0,2.0
2019-02-01,Graafschap,NAC Breda,3.0,0.0,2.37,3.6,2.75,1.81,1.99,23.0,10.0,11.0,2.0,8.0,4.0
2019-02-02,Ajax,VVV Venlo,6.0,0.0,1.08,10.0,23.0,1.21,4.19,23.0,4.0,11.0,1.0,4.0,0.0
2019-02-02,AZ Alkmaar,FC Emmen,5.0,0.0,1.25,6.0,10.0,1.32,3.31,20.0,3.0,9.0,0.0,9.0,6.0
2019-02-02,Vitesse,Heerenveen,2.0,2.0,1.72,3.8,4.5,1.59,2.33,13.0,14.0,3.0,6.0,4.0,4.0
2019-02-02,Willem II,Groningen,1.0,2.0,2.45,3.3,2.8,1.89,1.9,13.0,12.0,4.0,5.0,11.0,5.0
2019-02-03,Den Haag,Heracles,2.0,0.0,2.05,3.6,3.3,1.59,2.32,14.0,11.0,7.0,3.0,6.0,7.0
2019-02-03,Excelsior,Feyenoord,2.0,1.0,10.0,6.0,1.25,1.4,2.87,10.0,13.0,5.0,5.0,3.0,8.0
2019-02-03,PSV Eindhoven,For Sittard,5.0,0.0,1.12,9.0,15.0,1.24,3.91,20.0,7.0,11.0,0.0,10.0,6.0
2019-02-03,Zwolle,Utrecht,4.0,3.0,2.87,3.6,2.3,1.68,2.14,19.0,10.0,5.0,4.0,7.0,3.0
2019-02-08,NAC Breda,AZ Alkmaar,0.0,3.0,6.0,4.5,1.45,1.59,2.34,10.0,16.0,3.0,8.0,1.0,5.0
2019-02-09,Feyenoord,Graafschap,4.0,0.0,1.11,9.0,19.0,1.24,3.92,28.0,13.0,16.0,2.0,2.0,4.0
2019-02-09,Heerenveen,Zwolle,1.0,1.0,2.05,3.6,3.3,1.58,2.35,8.0,14.0,4.0,6.0,3.0,9.0
2019-02-09,Heracles,Ajax,1.0,0.0,13.0,6.5,1.2,1.29,3.51,8.0,22.0,2.0,7.0,8.0,10.0
2019-02-09,VVV Venlo,Willem II,2.0,1.0,2.25,3.5,3.0,1.98,1.82,15.0,10.0,6.0,5.0,2.0,6.0
2019-02-10,FC Emmen,Den Haag,3.0,2.0,2.75,3.3,2.5,1.66,2.18,15.0,12.0,6.0,3.0,3.0,5.0
2019-02-10,For Sittard,Excelsior,4.0,1.0,1.75,3.75,4.5,1.55,2.4,12.0,18.0,6.0,7.0,3.0,7.0
2019-02-10,Groningen,Vitesse,2.0,1.0,2.37,3.4,2.9,1.82,1.97,8.0,7.0,3.0,1.0,4.0,4.0
2019-02-10,Utrecht,PSV Eindhoven,2.0,2.0,6.0,4.2,1.57,1.47,2.63,6.0,23.0,3.0,4.0,2.0,11.0
2019-02-15,Den Haag,Zwolle,1.0,0.0,2.45,3.5,2.7,1.64,2.24,4.0,12.0,2.0,4.0,2.0,4.0
2019-02-16,AZ Alkmaar,VVV Venlo,3.0,0.0,1.25,5.75,12.0,1.51,2.5,19.0,12.0,10.0,2.0,9.0,3.0
2019-02-16,Heerenveen,PSV Eindhoven,2.0,2.0,8.0,5.25,1.33,1.39,2.9,10.0,24.0,3.0,7.0,2.0,7.0
2019-02-16,Heracles,For Sittard,6.0,0.0,1.8,3.8,4.0,1.44,2.72,22.0,11.0,12.0,5.0,4.0,3.0
2019-02-16,Vitesse,Willem II,3.0,2.0,1.53,4.0,6.0,1.74,2.07,20.0,13.0,9.0,5.0,5.0,9.0
2019-02-17,Ajax,NAC Breda,5.0,0.0,1.03,15.0,41.0,1.16,4.9,33.0,6.0,11.0,2.0,13.0,2.0
2019-02-17,Excelsior,FC Emmen,2.0,1.0,2.3,3.6,2.87,1.62,2.25,12.0,14.0,6.0,5.0,4.0,7.0
2019-02-17,Graafschap,Utrecht,0.0,1.0,4.33,4.2,1.7,1.59,2.32,14.0,9.0,3.0,3.0,6.0,5.0
2019-02-17,Groningen,Feyenoord,1.0,0.0,5.0,3.75,1.7,1.54,2.43,21.0,4.0,7.0,1.0,5.0,3.0
2019-02-22,VVV Venlo,Heracles,0.0,1.0,2.7,3.6,2.4,1.64,2.23,28.0,6.0,6.0,3.0,7.0,3.0
2019-02-23,For Sittard,Heerenveen,2.0,4.0,3.0,3.4,2.3,1.48,2.58,12.0,22.0,4.0,12.0,2.0,10.0
2019-02-23,NAC Breda,Groningen,0.0,0.0,3.6,3.8,1.9,1.83,1.97,13.0,13.0,2.0,3.0,4.0,7.0
2019-02-23,Utrecht,Excelsior,0.0,0.0,1.33,5.5,8.0,1.44,2.71,29.0,3.0,8.0,2.0,9.0,1.0
2019-02-23,Zwolle,Graafschap,0.0,3.0,1.53,4.33,5.75,1.52,2.47,12.0,11.0,3.0,5.0,9.0,2.0
2019-02-24,Den Haag,Ajax,1.0,5.0,15.0,8.0,1.16,1.29,3.51,10.0,17.0,1.0,11.0,3.0,8.0
2019-02-24,FC Emmen,Vitesse,0.0,3.0,4.0,3.6,1.85,1.68,2.16,4.0,18.0,1.0,7.0,8.0,5.0
2019-02-24,PSV Eindhoven,Feyenoord,1.0,1.0,1.53,4.33,5.5,1.41,2.84,20.0,14.0,10.0,6.0,6.0,7.0
2019-02-24,Willem II,AZ Alkmaar,2.0,1.0,5.5,4.33,1.53,1.58,1.53,13.0,10.0,6.0,5.0,7.0,5.0
2019-03-01,Graafschap,Den Haag,1.0,1.0,2.15,3.6,3.1,1.66,2.21,14.0,14.0,2.0,3.0,8.0,4.0
2019-03-02,Excelsior,PSV Eindhoven,0.0,2.0,13.0,7.0,1.18,1.3,3.42,7.0,18.0,1.0,6.0,3.0,7.0
2019-03-02,Heracles,Utrecht,1.0,5.0,2.8,3.6,2.3,1.56,2.39,8.0,16.0,3.0,8.0,5.0,4.0
2019-03-02,Vitesse,NAC Breda,4.0,1.0,1.36,5.0,7.5,1.69,2.16,21.0,6.0,8.0,4.0,11.0,2.0
2019-03-03,AZ Alkmaar,For Sittard,4.0,2.0,1.22,7.0,10.0,1.31,3.39,21.0,10.0,6.0,6.0,9.0,4.0
2019-03-03,Feyenoord,FC Emmen,4.0,0.0,1.16,7.5,13.0,1.29,3.49,23.0,11.0,11.0,3.0,8.0,2.0
2019-03-03,Groningen,VVV Venlo,3.0,2.0,1.61,3.75,5.5,1.87,1.93,18.0,8.0,7.0,2.0,6.0,3.0
2019-03-03,Heerenveen,Willem II,4.0,2.0,1.8,3.8,4.0,1.64,2.24,11.0,14.0,5.0,5.0,10.0,3.0
2019-03-08,Utrecht,Groningen,0.0,0.0,1.75,3.75,4.5,1.76,2.06,15.0,11.0,3.0,3.0,9.0,7.0
2019-03-09,Den Haag,Heerenveen,2.0,3.0,2.37,3.4,2.9,1.6,2.31,19.0,16.0,7.0,9.0,8.0,4.0
2019-03-09,PSV Eindhoven,NAC Breda,2.0,0.0,1.05,13.0,26.0,1.21,4.3,20.0,5.0,7.0,0.0,8.0,4.0
2019-03-09,VVV Venlo,Excelsior,1.0,0.0,2.0,3.4,3.75,1.76,2.06,16.0,13.0,6.0,3.0,7.0,5.0
2019-03-09,Willem II,Graafschap,3.0,2.0,1.75,4.0,4.2,1.66,2.2,18.0,6.0,9.0,2.0,9.0,6.0
2019-03-10,Ajax,For Sittard,4.0,0.0,1.02,17.0,34.0,1.12,6.08,21.0,9.0,8.0,2.0,7.0,0.0
2019-03-10,FC Emmen,Heracles,1.0,1.0,3.2,3.5,2.15,1.54,2.43,14.0,2.0,5.0,1.0,9.0,5.0
2019-03-10,Vitesse,Feyenoord,1.0,1.0,3.8,3.5,1.9,1.71,2.12,19.0,19.0,7.0,7.0,6.0,6.0
2019-03-10,Zwolle,AZ Alkmaar,0.0,0.0,4.5,3.75,1.72,1.58,2.35,11.0,14.0,4.0,5.0,7.0,6.0
2019-03-13,Ajax,Zwolle,2.0,1.0,1.05,13.0,26.0,1.13,5.61,17.0,7.0,7.0,3.0,7.0,4.0
2019-03-15,For Sittard,FC Emmen,3.0,1.0,2.05,3.6,3.3,1.52,2.5,12.0,12.0,5.0,4.0,9.0,3.0
2019-03-16,Feyenoord,Willem II,2.0,3.0,1.25,6.5,10.0,1.49,2.58,20.0,10.0,7.0,7.0,10.0,5.0
2019-03-16,Heerenveen,Graafschap,0.0,3.0,1.5,5.0,5.0,1.44,2.73,9.0,7.0,4.0,4.0,4.0,3.0
2019-03-16,Heracles,Vitesse,3.0,2.0,3.0,3.6,2.2,1.56,2.4,12.0,24.0,7.0,6.0,4.0,6.0
2019-03-16,NAC Breda,Utrecht,0.0,4.0,4.5,3.8,1.72,1.76,2.05,8.0,17.0,1.0,5.0,1.0,4.0
2019-03-17,AZ Alkmaar,Ajax,1.0,0.0,4.75,4.75,1.55,1.31,3.36,17.0,15.0,8.0,6.0,2.0,7.0
2019-03-17,Excelsior,Zwolle,0.0,2.0,3.0,3.5,2.25,1.66,2.2,6.0,20.0,1.0,8.0,6.0,11.0
2019-03-17,Groningen,Den Haag,1.0,0.0,1.66,4.0,4.75,1.73,2.1,13.0,7.0,5.0,1.0,7.0,3.0
2019-03-17,VVV Venlo,PSV Eindhoven,0.0,1.0,9.0,6.5,1.25,1.48,2.59,17.0,12.0,6.0,6.0,4.0,8.0
2019-03-30,AZ Alkmaar,Groningen,1.0,0.0,1.4,5.0,6.5,1.55,2.41,9.0,8.0,2.0,2.0,6.0,6.0
2019-03-30,Den Haag,Vitesse,3.0,3.0,3.5,3.6,2.0,1.59,2.33,12.0,13.0,4.0,9.0,8.0,4.0
2019-03-30,Graafschap,Heracles,1.0,2.0,2.6,3.8,2.4,1.49,2.55,12.0,9.0,5.0,3.0,6.0,6.0
2019-03-30,Heerenveen,Excelsior,1.0,0.0,1.57,4.33,5.0,1.47,2.62,13.0,17.0,5.0,5.0,9.0,7.0
2019-03-30,Willem II,For Sittard,3.0,2.0,1.61,4.2,4.75,1.44,2.68,15.0,8.0,6.0,4.0,9.0,5.0
2019-03-31,Ajax,PSV Eindhoven,3.0,1.0,1.66,4.2,4.5,1.49,2.57,16.0,11.0,7.0,3.0,4.0,8.0
2019-03-31,NAC Breda,VVV Venlo,1.0,1.0,2.6,3.3,2.62,1.92,1.88,13.0,13.0,5.0,3.0,6.0,6.0
2019-03-31,Utrecht,Feyenoord,3.0,2.0,3.0,3.5,2.25,1.54,2.42,12.0,15.0,5.0,4.0,4.0,5.0
2019-03-31,Zwolle,FC Emmen,3.0,0.0,1.57,4.0,5.75,1.59,2.31,15.0,13.0,6.0,3.0,4.0,3.0
2019-04-02,Groningen,Graafschap,1.0,0.0,1.44,4.2,7.5,1.62,2.27,16.0,13.0,8.0,4.0,5.0,3.0
2019-04-02,Heracles,Willem II,3.0,4.0,2.37,3.6,2.75,1.52,2.47,14.0,14.0,5.0,8.0,5.0,2.0
2019-04-02,Vitesse,AZ Alkmaar,2.0,2.0,2.87,3.6,2.3,1.51,2.5,14.0,8.0,3.0,4.0,9.0,4.0
2019-04-03,Excelsior,NAC Breda,1.0,2.0,2.0,3.5,3.6,1.71,2.12,14.0,22.0,5.0,12.0,5.0,9.0
2019-04-03,FC Emmen,Ajax,2.0,5.0,17.0,9.0,1.11,1.26,3.72,15.0,17.0,3.0,10.0,6.0,4.0
2019-04-03,For Sittard,Den Haag,0.0,0.0,2.25,3.6,2.87,1.47,2.6,15.0,10.0,2.0,1.0,2.0,11.0
2019-04-03,VVV Venlo,Utrecht,2.0,6.0,3.6,3.6,1.95,1.69,2.14,13.0,21.0,5.0,8.0,2.0,5.0
2019-04-04,Feyenoord,Heerenveen,3.0,0.0,1.33,5.0,9.0,1.35,3.09,24.0,7.0,9.0,1.0,4.0,4.0
2019-04-04,PSV Eindhoven,Zwolle,4.0,0.0,1.16,7.5,13.0,1.33,3.22,13.0,4.0,8.0,1.0,12.0,3.0
2019-04-06,Den Haag,Utrecht,5.0,0.0,3.4,4.0,1.9,1.55,2.4,12.0,16.0,6.0,4.0,6.0,2.0
2019-04-06,Graafschap,AZ Alkmaar,1.0,1.0,5.0,4.33,1.57,1.44,2.69,9.0,8.0,3.0,4.0,2.0,4.0
2019-04-06,Groningen,Excelsior,1.0,0.0,1.5,4.0,7.0,1.64,2.23,10.0,8.0,3.0,1.0,6.0,6.0
2019-04-06,Heracles,NAC Breda,1.0,0.0,1.66,4.0,4.75,1.49,2.54,21.0,6.0,5.0,0.0,6.0,2.0
2019-04-06,Willem II,Ajax,1.0,4.0,7.5,6.5,1.28,1.25,3.86,13.0,13.0,4.0,5.0,3.0,1.0
2019-04-07,FC Emmen,Heerenveen,2.0,0.0,2.8,3.4,2.4,1.51,2.51,13.0,5.0,5.0,2.0,5.0,3.0
2019-04-07,Vitesse,PSV Eindhoven,3.0,3.0,4.5,4.0,1.7,1.5,2.52,16.0,16.0,5.0,9.0,7.0,6.0
2019-04-07,VVV Venlo,Feyenoord,0.0,3.0,6.0,4.33,1.5,1.47,2.62,15.0,15.0,3.0,9.0,6.0,3.0
2019-04-07,Zwolle,For Sittard,5.0,0.0,1.57,4.2,5.25,1.41,2.81,19.0,3.0,10.0,0.0,8.0,1.0
2019-04-12,NAC Breda,FC Emmen,1.0,1.0,2.2,3.4,3.2,1.65,2.22,21.0,15.0,5.0,11.0,10.0,2.0
2019-04-13,Ajax,Excelsior,6.0,2.0,1.05,13.0,31.0,1.19,4.4,22.0,9.0,13.0,4.0,7.0,1.0
2019-04-13,AZ Alkmaar,Den Haag,2.0,3.0,1.25,5.75,11.0,1.37,3.02,36.0,11.0,11.0,5.0,6.0,4.0
2019-04-13,Feyenoord,Heracles,2.0,1.0,1.25,6.5,9.0,1.26,3.72,22.0,14.0,12.0,3.0,10.0,3.0
2019-04-13,For Sittard,VVV Venlo,1.0,1.0,2.37,3.4,2.9,1.51,2.51,13.0,15.0,5.0,3.0,5.0,10.0
2019-04-14,Heerenveen,Groningen,1.0,1.0,2.37,3.4,2.9,1.67,2.18,16.0,12.0,5.0,6.0,4.0,2.0
2019-04-14,PSV Eindhoven,Graafschap,2.0,1.0,1.07,11.0,23.0,1.2,4.37,26.0,5.0,10.0,1.0,9.0,3.0
2019-04-14,Utrecht,Vitesse,0.0,0.0,2.05,3.6,3.3,1.59,2.32,9.0,10.0,1.0,5.0,6.0,9.0
2019-04-14,Willem II,Zwolle,2.0,0.0,2.0,3.6,3.5,1.56,2.4,15.0,6.0,7.0,2.0,7.0,0.0
2019-04-19,Heracles,Heerenveen,2.0,1.0,1.95,3.75,3.5,1.41,2.81,11.0,19.0,7.0,10.0,9.0,9.0
2019-04-20,FC Emmen,Utrecht,2.0,0.0,3.8,3.6,1.9,1.53,2.43,10.0,13.0,7.0,5.0,6.0,2.0
2019-04-20,Feyenoord,AZ Alkmaar,2.0,1.0,1.75,4.33,3.75,1.43,2.75,18.0,7.0,11.0,2.0,9.0,6.0
2019-04-20,Groningen,Ajax,0.0,1.0,8.5,6.0,1.28,1.32,3.29,12.0,16.0,2.0,5.0,4.0,6.0
2019-04-20,Vitesse,Zwolle,4.0,1.0,1.6,4.0,5.25,1.6,2.3,10.0,11.0,5.0,3.0,8.0,5.0
2019-04-20,VVV Venlo,Graafschap,4.0,1.0,2.05,3.6,3.3,1.7,2.13,14.0,14.0,9.0,5.0,3.0,7.0
2019-04-21,Excelsior,Willem II,1.0,1.0,3.6,3.5,2.0,1.6,2.29,12.0,11.0,3.0,4.0,3.0,2.0
2019-04-21,For Sittard,NAC Breda,2.0,1.0,2.1,3.75,3.1,1.56,2.38,19.0,18.0,5.0,3.0,6.0,4.0
2019-04-21,PSV Eindhoven,Den Haag,3.0,1.0,1.1,9.0,21.0,1.25,3.77,22.0,5.0,10.0,1.0,8.0,2.0
2019-04-23,Ajax,Vitesse,4.0,2.0,1.2,7.0,11.0,1.29,3.5,20.0,9.0,9.0,4.0,5.0,2.0
2019-04-23,AZ Alkmaar,Heracles,2.0,1.0,1.28,5.75,9.0,1.26,3.65,16.0,7.0,7.0,4.0,2.0,4.0
2019-04-23,Graafschap,FC Emmen,1.0,0.0,2.1,3.75,3.2,1.52,2.45,7.0,14.0,2.0,4.0,3.0,3.0
2019-04-23,Heerenveen,VVV Venlo,2.0,2.0,1.83,4.0,3.8,1.51,2.52,12.0,7.0,6.0,4.0,1.0,4.0
2019-04-24,NAC Breda,Feyenoord,0.0,4.0,7.5,5.0,1.36,1.48,2.58,5.0,27.0,1.0,5.0,1.0,8.0
2019-04-24,Utrecht,For Sittard,2.0,1.0,1.36,5.25,7.0,1.37,3.01,23.0,16.0,6.0,3.0,11.0,4.0
2019-04-25,Den Haag,Excelsior,3.0,1.0,1.83,4.0,3.75,1.59,2.31,12.0,18.0,7.0,4.0,4.0,9.0
2019-04-25,Willem II,PSV Eindhoven,0.0,3.0,6.0,5.5,1.4,1.36,3.03,3.0,13.0,0.0,6.0,0.0,7.0
2019-04-29,Zwolle,Groningen,3.0,2.0,2.25,3.6,2.9,1.76,2.05,16.0,16.0,5.0,4.0,6.0,4.0
2019-05-12,Ajax,Utrecht,4.0,1.0,1.12,8.0,19.0,1.24,3.86,25.0,11.0,12.0,4.0,5.0,4.0
2019-05-12,AZ Alkmaar,PSV Eindhoven,1.0,0.0,3.8,4.0,1.8,1.41,2.82,13.0,15.0,2.0,5.0,3.0,6.0
2019-05-12,Feyenoord,Den Haag,0.0,2.0,1.16,7.5,13.0,1.25,3.79,29.0,12.0,7.0,5.0,10.0,7.0
2019-05-12,Groningen,For Sittard,3.0,0.0,1.45,4.5,6.5,1.51,2.49,16.0,14.0,7.0,3.0,3.0,2.0
2019-05-12,Heerenveen,NAC Breda,2.0,1.0,1.66,4.0,4.75,1.47,2.61,19.0,17.0,3.0,6.0,6.0,5.0
2019-05-12,Heracles,Excelsior,4.0,5.0,1.7,4.33,4.0,1.39,2.92,18.0,12.0,10.0,8.0,4.0,6.0
2019-05-12,Vitesse,Graafschap,6.0,1.0,1.33,5.0,8.5,1.45,2.68,20.0,11.0,9.0,3.0,9.0,10.0
2019-05-12,Willem II,FC Emmen,2.0,3.0,1.61,4.33,4.75,1.46,2.65,8.0,14.0,4.0,6.0,2.0,2.0
2019-05-12,Zwolle,VVV Venlo,2.0,4.0,1.7,3.8,4.75,1.52,2.46,11.0,13.0,6.0,8.0,5.0,3.0
2019-05-15,Den Haag,Willem II,6.0,2.0,3.0,3.6,2.25,1.45,2.63,24.0,13.0,8.0,7.0,6.0,5.0
2019-05-15,Excelsior,AZ Alkmaar,4.0,2.0,5.5,4.75,1.5,1.35,3.04,13.0,19.0,9.0,4.0,2.0,9.0
2019-05-15,FC Emmen,Groningen,1.0,0.0,4.2,3.8,1.75,1.59,2.29,15.0,9.0,7.0,4.0,6.0,3.0
2019-05-15,For Sittard,Feyenoord,1.0,4.0,7.0,5.25,1.36,1.31,3.32,16.0,17.0,8.0,9.0,8.0,4.0
2019-05-15,Graafschap,Ajax,1.0,4.0,17.0,13.0,1.08,1.16,4.83,11.0,16.0,3.0,9.0,2.0,6.0
2019-05-15,NAC Breda,Zwolle,0.0,0.0,2.7,3.5,2.45,1.52,2.43,10.0,17.0,2.0,5.0,3.0,6.0
2019-05-15,PSV Eindhoven,Heracles,3.0,1.0,1.14,7.5,17.0,1.19,4.33,22.0,6.0,8.0,4.0,8.0,2.0
2019-05-15,Utrecht,Heerenveen,3.0,1.0,1.57,4.0,5.5,1.36,2.99,16.0,11.0,9.0,5.0,5.0,1.0
2019-05-15,VVV Venlo,Vitesse,1.0,3.0,3.75,4.0,1.85,1.43,2.71,9.0,21.0,2.0,6.0,1.0,7.0
2019-08-02,Zwolle,Willem II,1.0,3.0,2.04,3.66,3.38,1.63,2.27,9.0,17.0,2.0,8.0,2.0,9.0
2019-08-03,FC Emmen,Groningen,0.0,1.0,3.03,3.47,2.25,1.73,2.1,7.0,10.0,2.0,4.0,6.0,7.0
2019-08-03,Vitesse,Ajax,2.0,2.0,5.77,4.63,1.49,1.46,2.66,13.0,26.0,3.0,9.0,0.0,9.0
2019-08-03,Twente,PSV Eindhoven,1.0,1.0,7.38,4.84,1.39,1.44,2.74,3.0,16.0,2.0,5.0,0.0,7.0
2019-08-03,VVV Venlo,Waalwijk,3.0,1.0,1.87,3.73,3.87,1.64,2.22,11.0,15.0,6.0,3.0,2.0,3.0
2019-08-04,Heracles,Heerenveen,0.0,4.0,2.02,3.79,3.31,1.47,2.61,14.0,13.0,4.0,6.0,4.0,2.0
2019-08-04,Feyenoord,Sparta Rotterdam,2.0,2.0,1.26,6.12,9.5,1.36,3.09,15.0,13.0,6.0,5.0,5.0,3.0
2019-08-04,Den Haag,Utrecht,2.0,4.0,3.29,3.61,2.08,1.63,2.23,12.0,18.0,5.0,6.0,5.0,5.0
2019-08-04,AZ Alkmaar,For Sittard,4.0,0.0,1.26,6.12,9.8,1.31,3.37,21.0,5.0,10.0,1.0,14.0,1.0
2019-08-09,Sparta Rotterdam,VVV Venlo,4.0,1.0,1.99,3.7,3.47,1.63,2.27,17.0,6.0,8.0,2.0,2.0,4.0
2019-08-10,Groningen,Twente,1.0,3.0,1.95,3.55,3.72,1.84,1.96,9.0,7.0,4.0,4.0,3.0,0.0
2019-08-10,Ajax,FC Emmen,5.0,0.0,1.08,10.52,27.05,1.22,4.03,32.0,5.0,12.0,0.0,7.0,3.0
2019-08-10,Willem II,Vitesse,0.0,2.0,2.87,3.49,2.33,1.72,2.11,7.0,17.0,1.0,10.0,4.0,7.0
2019-08-11,For Sittard,Heracles,1.0,1.0,2.33,3.68,2.76,1.51,2.53,16.0,17.0,3.0,5.0,4.0,12.0
2019-08-11,Heerenveen,Feyenoord,1.0,1.0,3.53,3.87,1.92,1.57,2.37,12.0,6.0,6.0,3.0,1.0,1.0
2019-08-11,Waalwijk,AZ Alkmaar,0.0,2.0,5.18,4.19,1.59,1.56,2.39,12.0,13.0,3.0,6.0,9.0,6.0
2019-08-11,Utrecht,Zwolle,3.0,1.0,1.5,4.38,5.96,1.56,2.39,18.0,8.0,9.0,4.0,11.0,3.0
2019-08-11,PSV Eindhoven,Den Haag,3.0,1.0,1.13,8.35,16.81,1.26,3.67,25.0,4.0,14.0,2.0,12.0,1.0
2019-08-16,Vitesse,Zwolle,3.0,0.0,1.31,5.54,8.65,1.46,2.64,12.0,8.0,6.0,2.0,2.0,3.0
2019-08-17,Den Haag,Sparta Rotterdam,1.0,2.0,2.77,3.58,2.38,1.6,2.32,16.0,10.0,3.0,3.0,13.0,2.0
2019-08-17,VVV Venlo,Ajax,1.0,4.0,15.68,7.88,1.15,1.29,3.51,7.0,20.0,4.0,9.0,3.0,13.0
2019-08-17,FC Emmen,Heerenveen,2.0,0.0,2.79,3.6,2.36,1.61,2.29,12.0,19.0,7.0,4.0,4.0,8.0
2019-08-18,For Sittard,Willem II,2.0,3.0,2.97,3.64,2.23,1.6,2.31,16.0,9.0,7.0,5.0,4.0,5.0
2019-08-18,Twente,Waalwijk,3.0,3.0,1.49,4.48,6.02,1.56,2.37,15.0,14.0,7.0,9.0,9.0,2.0
2019-08-18,AZ Alkmaar,Groningen,0.0,0.0,1.43,4.64,6.89,1.53,2.45,6.0,12.0,0.0,2.0,6.0,5.0
2019-08-18,Feyenoord,Utrecht,1.0,1.0,1.94,3.86,3.5,1.53,2.44,14.0,16.0,6.0,7.0,7.0,6.0
2019-08-18,Heracles,PSV Eindhoven,0.0,2.0,6.76,5.13,1.39,1.4,2.88,21.0,10.0,3.0,5.0,6.0,2.0
2019-08-24,Willem II,FC Emmen,2.0,1.0,1.74,3.92,4.32,1.57,2.36,17.0,11.0,6.0,2.0,3.0,4.0
2019-08-24,Heracles,Vitesse,1.0,1.0,3.23,3.86,2.03,1.49,2.55,16.0,16.0,4.0,6.0,5.0,5.0
2019-08-24,Heerenveen,Twente,0.0,0.0,2.18,3.58,3.09,1.58,2.33,17.0,11.0,3.0,1.0,5.0,8.0
2019-08-25,Waalwijk,Den Haag,0.0,3.0,2.37,3.58,2.76,1.58,2.36,13.0,7.0,3.0,5.0,10.0,3.0
2019-08-25,Utrecht,VVV Venlo,1.0,2.0,1.29,5.65,9.38,1.45,2.71,20.0,10.0,5.0,3.0,13.0,2.0
2019-08-25,Zwolle,Sparta Rotterdam,2.0,2.0,3.27,3.77,2.03,1.51,2.49,17.0,22.0,8.0,7.0,4.0,2.0
2019-08-30,FC Emmen,Zwolle,1.0,3.0,2.48,3.48,2.72,1.75,2.07,30.0,18.0,8.0,9.0,15.0,2.0
2019-08-31,Heerenveen,For Sittard,1.0,1.0,1.48,4.61,5.98,1.5,2.55,27.0,8.0,11.0,3.0,14.0,1.0
2019-08-31,Groningen,Heracles,1.0,2.0,2.02,3.53,3.54,1.79,2.02,12.0,10.0,2.0,4.0,5.0,5.0
2019-08-31,Den Haag,VVV Venlo,1.0,0.0,2.05,3.68,3.31,1.6,2.31,12.0,9.0,4.0,2.0,1.0,6.0
2019-09-01,Twente,Utrecht,3.0,1.0,3.59,3.78,1.94,1.61,2.3,10.0,13.0,4.0,3.0,1.0,7.0
2019-09-01,Sparta Rotterdam,Ajax,1.0,4.0,8.82,6.2,1.27,1.27,3.65,12.0,15.0,3.0,6.0,4.0,8.0
2019-09-01,Vitesse,AZ Alkmaar,2.0,1.0,2.31,3.63,2.84,1.57,2.38,10.0,13.0,4.0,3.0,5.0,11.0
2019-09-01,Willem II,Feyenoord,0.0,1.0,3.64,3.72,1.94,1.58,2.34,10.0,8.0,2.0,3.0,6.0,5.0
2019-09-01,Waalwijk,PSV Eindhoven,1.0,3.0,11.48,6.72,1.21,1.29,3.54,8.0,16.0,2.0,7.0,5.0,6.0
2019-09-14,Ajax,Heerenveen,4.0,1.0,1.14,8.51,16.07,1.19,4.45,29.0,10.0,12.0,4.0,11.0,2.0
2019-09-14,AZ Alkmaar,Sparta Rotterdam,5.0,1.0,1.51,4.47,5.69,1.5,2.56,14.0,11.0,7.0,4.0,9.0,3.0
2019-09-14,VVV Venlo,Groningen,2.0,1.0,2.92,3.24,2.43,2.02,1.79,5.0,17.0,4.0,6.0,5.0,13.0
2019-09-14,PSV Eindhoven,Vitesse,5.0,0.0,1.42,4.67,6.87,1.49,2.57,19.0,14.0,12.0,2.0,8.0,3.0
2019-09-14,Utrecht,FC Emmen,3.0,1.0,1.31,5.66,8.33,1.47,2.64,23.0,8.0,7.0,3.0,10.0,4.0
2019-09-15,Zwolle,Waalwijk,6.0,2.0,1.61,4.31,4.81,1.47,2.64,14.0,11.0,6.0,5.0,4.0,5.0
2019-09-15,Feyenoord,Den Haag,3.0,2.0,1.25,6.06,10.64,1.38,2.96,15.0,7.0,9.0,3.0,1.0,4.0
2019-09-15,Heracles,Willem II,4.0,1.0,2.12,3.69,3.15,1.64,2.24,12.0,7.0,6.0,4.0,2.0,4.0
2019-09-15,For Sittard,Twente,2.0,3.0,3.02,3.72,2.17,1.56,2.41,25.0,9.0,10.0,5.0,12.0,2.0
2019-09-20,Twente,Heracles,2.0,3.0,2.4,3.66,2.72,1.55,2.41,9.0,7.0,2.0,5.0,5.0,4.0
2019-09-21,Sparta Rotterdam,Waalwijk,4.0,0.0,1.5,4.58,5.68,1.41,2.85,19.0,15.0,8.0,4.0,4.0,8.0
2019-09-21,Groningen,Zwolle,2.0,0.0,1.87,3.65,3.97,1.83,1.97,18.0,5.0,7.0,1.0,7.0,3.0
2019-09-21,Willem II,VVV Venlo,1.0,0.0,1.69,4.02,4.56,1.67,2.19,20.0,8.0,6.0,1.0,8.0,2.0
2019-09-21,Vitesse,For Sittard,4.0,2.0,1.28,5.99,8.9,1.36,3.12,20.0,12.0,9.0,4.0,9.0,6.0
2019-09-22,Heerenveen,Utrecht,1.0,1.0,3.18,3.8,2.07,1.49,2.58,22.0,9.0,4.0,4.0,4.0,2.0
2019-09-22,FC Emmen,Feyenoord,3.0,3.0,6.43,4.74,1.44,1.5,2.53,10.0,20.0,5.0,7.0,4.0,7.0
2019-09-22,Den Haag,AZ Alkmaar,0.0,1.0,5.17,4.43,1.56,1.5,2.54,8.0,11.0,1.0,3.0,1.0,2.0
2019-09-22,PSV Eindhoven,Ajax,1.0,1.0,2.8,3.79,2.28,1.46,2.68,16.0,20.0,3.0,6.0,4.0,10.0
2019-09-25,PSV Eindhoven,Groningen,3.0,1.0,1.24,6.34,10.02,1.38,2.97,10.0,6.0,4.0,1.0,4.0,3.0
2019-09-25,Ajax,For Sittard,5.0,0.0,1.03,16.19,36.86,1.09,6.69,25.0,4.0,13.0,0.0,5.0,2.0
2019-09-26,Feyenoord,AZ Alkmaar,0.0,3.0,2.15,3.69,3.06,1.5,2.54,12.0,11.0,5.0,6.0,3.0,2.0
2019-09-27,FC Emmen,Den Haag,3.0,0.0,2.08,3.75,3.22,1.55,2.42,16.0,19.0,5.0,5.0,5.0,4.0
2019-09-28,VVV Venlo,Heerenveen,0.0,3.0,3.23,3.55,2.13,1.78,2.03,9.0,10.0,2.0,4.0,10.0,4.0
2019-09-28,Ajax,Groningen,2.0,0.0,1.14,8.2,16.62,1.3,3.42,32.0,6.0,9.0,2.0,8.0,2.0
2019-09-28,For Sittard,Sparta Rotterdam,0.0,0.0,3.73,3.88,1.87,1.5,2.56,13.0,14.0,2.0,2.0,10.0,3.0
2019-09-29,Waalwijk,Vitesse,1.0,2.0,5.65,4.39,1.52,1.48,2.6,10.0,11.0,5.0,3.0,2.0,5.0
2019-09-29,Utrecht,Willem II,2.0,0.0,1.52,4.37,5.72,1.51,2.54,11.0,9.0,6.0,3.0,3.0,3.0
2019-09-29,Zwolle,PSV Eindhoven,0.0,4.0,6.64,4.97,1.41,1.44,2.75,14.0,25.0,4.0,15.0,5.0,6.0
2019-09-29,AZ Alkmaar,Heracles,2.0,0.0,1.56,4.25,5.45,1.52,2.49,16.0,9.0,9.0,3.0,8.0,4.0
2019-09-29,Feyenoord,Twente,5.0,1.0,1.42,4.89,6.59,1.42,2.79,18.0,6.0,11.0,1.0,7.0,2.0
2019-10-04,Groningen,Waalwijk,3.0,0.0,1.38,5.03,7.32,1.56,2.42,11.0,8.0,5.0,3.0,4.0,4.0
2019-10-05,Heracles,FC Emmen,2.0,0.0,1.63,4.25,4.78,1.47,2.64,15.0,8.0,4.0,0.0,5.0,0.0
2019-10-05,Sparta Rotterdam,Twente,2.0,1.0,1.78,4.02,4.01,1.52,2.49,14.0,15.0,9.0,5.0,5.0,3.0
2019-10-05,Vitesse,Utrecht,2.0,1.0,2.35,3.72,2.73,1.52,2.49,13.0,16.0,4.0,6.0,3.0,4.0
2019-10-05,Heerenveen,Zwolle,1.0,0.0,1.67,4.18,4.52,1.51,2.54,18.0,9.0,5.0,2.0,10.0,10.0
2019-10-06,Den Haag,Ajax,0.0,2.0,18.12,9.42,1.11,1.2,4.36,9.0,17.0,1.0,7.0,5.0,6.0
2019-10-06,For Sittard,Feyenoord,4.0,2.0,6.95,5.3,1.37,1.36,3.11,11.0,20.0,8.0,6.0,2.0,12.0
2019-10-06,PSV Eindhoven,VVV Venlo,4.0,1.0,1.11,9.17,21.1,1.28,3.6,20.0,10.0,6.0,3.0,5.0,5.0
2019-10-06,Willem II,AZ Alkmaar,1.0,1.0,4.23,3.92,1.76,1.66,2.2,16.0,18.0,4.0,7.0,5.0,8.0
2019-10-19,AZ Alkmaar,Heerenveen,2.0,4.0,1.56,4.23,5.42,1.54,2.44,17.0,12.0,8.0,8.0,9.0,4.0
2019-10-19,Waalwijk,Ajax,1.0,2.0,27.04,12.35,1.06,1.16,4.95,14.0,19.0,5.0,7.0,4.0,6.0
2019-10-19,Twente,Willem II,0.0,1.0,2.39,3.63,2.72,1.65,2.22,11.0,11.0,3.0,4.0,9.0,4.0
2019-10-19,Utrecht,PSV Eindhoven,3.0,0.0,3.34,3.59,2.08,1.57,2.36,17.0,6.0,4.0,1.0,6.0,2.0
2019-10-19,VVV Venlo,Vitesse,0.0,4.0,4.36,3.86,1.75,1.6,2.31,15.0,15.0,4.0,7.0,6.0,3.0
2019-10-20,Zwolle,Den Haag,3.0,1.0,1.98,3.78,3.44,1.52,2.5,13.0,14.0,4.0,1.0,1.0,8.0
2019-10-20,FC Emmen,For Sittard,2.0,1.0,1.77,4.16,3.94,1.4,2.89,14.0,17.0,3.0,8.0,2.0,7.0
2019-10-20,Groningen,Sparta Rotterdam,2.0,0.0,2.09,3.64,3.25,1.69,2.15,15.0,10.0,4.0,4.0,4.0,5.0
2019-10-20,Feyenoord,Heracles,1.0,1.0,1.42,4.92,6.61,1.39,2.92,17.0,7.0,6.0,2.0,7.0,6.0
2019-10-25,Twente,FC Emmen,4.0,1.0,1.77,3.94,4.14,1.55,2.43,17.0,10.0,8.0,3.0,3.0,2.0
2019-10-26,Willem II,Waalwijk,2.0,1.0,1.45,4.48,6.65,1.53,2.47,19.0,10.0,5.0,1.0,4.0,3.0
2019-10-26,For Sittard,VVV Venlo,4.0,1.0,2.33,3.67,2.79,1.59,2.34,10.0,17.0,5.0,6.0,1.0,13.0
2019-10-26,Vitesse,Den Haag,0.0,2.0,1.44,4.73,6.38,1.38,2.99,27.0,7.0,6.0,4.0,2.0,4.0
2019-10-26,Heracles,Zwolle,4.0,0.0,1.68,4.11,4.48,1.5,2.56,22.0,17.0,12.0,6.0,7.0,7.0
2019-10-27,Heerenveen,Groningen,1.0,1.0,2.03,3.52,3.52,1.8,2.01,14.0,8.0,4.0,3.0,6.0,1.0
2019-10-27,PSV Eindhoven,AZ Alkmaar,0.0,4.0,1.8,3.65,4.33,1.63,2.27,6.0,16.0,0.0,6.0,1.0,3.0
2019-10-27,Sparta Rotterdam,Utrecht,1.0,2.0,3.15,3.79,2.08,1.51,2.5,15.0,10.0,1.0,3.0,7.0,4.0
2019-10-27,Ajax,Feyenoord,4.0,0.0,1.27,6.07,9.11,1.32,3.31,19.0,4.0,12.0,0.0,6.0,4.0
2019-11-01,Zwolle,Ajax,2.0,4.0,16.18,8.87,1.13,1.2,4.33,11.0,20.0,5.0,7.0,2.0,4.0
2019-11-02,Waalwijk,Heracles,2.0,0.0,3.08,3.74,2.14,1.47,2.65,21.0,12.0,8.0,5.0,7.0,2.0
2019-11-02,Sparta Rotterdam,PSV Eindhoven,2.0,2.0,3.99,3.93,1.8,1.48,2.6,10.0,24.0,7.0,7.0,6.0,6.0
2019-11-02,AZ Alkmaar,Twente,3.0,0.0,1.29,5.59,9.33,1.46,2.68,33.0,3.0,11.0,2.0,13.0,0.0
2019-11-03,FC Emmen,Vitesse,2.0,1.0,3.91,3.98,1.8,1.45,2.72,21.0,13.0,7.0,3.0,8.0,6.0
2019-11-03,Groningen,Willem II,2.0,0.0,2.04,3.51,3.5,1.96,1.85,16.0,5.0,10.0,0.0,5.0,2.0
2019-11-03,Utrecht,For Sittard,6.0,0.0,1.18,7.3,12.71,1.27,3.64,15.0,2.0,8.0,1.0,8.0,1.0
2019-11-03,VVV Venlo,Feyenoord,0.0,3.0,5.64,4.72,1.49,1.46,2.68,10.0,12.0,0.0,6.0,2.0,5.0
2019-11-03,Den Haag,Heerenveen,1.0,1.0,2.96,3.76,2.18,1.52,2.49,7.0,17.0,2.0,4.0,4.0,8.0
2019-11-08,Vitesse,Groningen,1.0,2.0,1.95,3.48,3.88,1.84,1.96,31.0,13.0,8.0,6.0,9.0,2.0
2019-11-09,Heerenveen,Sparta Rotterdam,2.0,1.0,2.04,3.73,3.32,1.56,2.4,17.0,13.0,4.0,3.0,6.0,6.0
2019-11-09,For Sittard,Den Haag,1.0,0.0,2.36,3.74,2.71,1.5,2.55,15.0,13.0,8.0,6.0,8.0,3.0
2019-11-09,Heracles,VVV Venlo,6.0,1.0,1.6,4.26,4.95,1.52,2.49,24.0,9.0,12.0,3.0,9.0,1.0
2019-11-10,Ajax,Utrecht,4.0,0.0,1.22,6.81,10.21,1.25,3.78,22.0,4.0,15.0,0.0,9.0,2.0
2019-11-10,Twente,Zwolle,2.0,1.0,2.02,3.74,3.37,1.52,2.49,10.0,12.0,6.0,4.0,7.0,6.0
2019-11-10,Willem II,PSV Eindhoven,2.0,1.0,4.3,3.86,1.76,1.66,2.2,13.0,14.0,5.0,6.0,3.0,4.0
2019-11-10,Feyenoord,Waalwijk,3.0,2.0,1.19,7.55,11.86,1.25,3.81,24.0,10.0,9.0,4.0,5.0,4.0
2019-11-10,AZ Alkmaar,FC Emmen,3.0,0.0,1.2,6.88,12.02,1.36,3.1,20.0,8.0,11.0,2.0,8.0,0.0
2019-11-23,Utrecht,AZ Alkmaar,0.0,3.0,2.91,3.59,2.28,1.67,2.18,17.0,9.0,1.0,7.0,4.0,1.0
2019-11-23,Ajax,Heracles,4.0,1.0,1.1,9.83,19.41,1.17,4.71,25.0,10.0,10.0,7.0,7.0,2.0
2019-11-23,Zwolle,For Sittard,3.0,1.0,1.71,4.2,4.2,1.4,2.87,16.0,15.0,7.0,6.0,12.0,5.0
2019-11-23,Den Haag,Willem II,3.0,3.0,2.87,3.66,2.28,1.65,2.22,20.0,20.0,9.0,10.0,3.0,6.0
2019-11-24,Groningen,Feyenoord,1.0,1.0,3.15,3.6,2.15,1.69,2.16,16.0,12.0,1.0,6.0,8.0,5.0
2019-11-24,PSV Eindhoven,Heerenveen,2.0,1.0,1.42,4.75,6.72,1.49,2.56,18.0,14.0,9.0,5.0,7.0,4.0
2019-11-24,Waalwijk,FC Emmen,1.0,1.0,2.31,3.77,2.75,1.51,2.5,19.0,9.0,4.0,3.0,10.0,0.0
2019-11-24,Sparta Rotterdam,Vitesse,2.0,0.0,2.5,3.65,2.58,1.51,2.5,15.0,13.0,5.0,6.0,2.0,5.0
2019-11-24,VVV Venlo,Twente,2.0,1.0,2.69,3.62,2.42,1.61,2.3,12.0,15.0,7.0,5.0,2.0,5.0
2019-11-29,Heerenveen,Vitesse,3.0,2.0,2.22,3.49,3.1,1.58,2.35,17.0,19.0,8.0,9.0,8.0,5.0
2019-11-30,Willem II,Sparta Rotterdam,4.0,0.0,2.03,3.69,3.35,1.59,2.34,12.0,10.0,7.0,3.0,6.0,4.0
2019-11-30,For Sittard,Groningen,1.0,0.0,3.7,3.76,1.91,1.69,2.16,10.0,11.0,4.0,2.0,0.0,6.0
2019-11-30,Heracles,Den Haag,4.0,0.0,1.58,4.31,5.12,1.48,2.59,12.0,7.0,4.0,2.0,3.0,1.0
2019-12-01,Twente,Ajax,2.0,5.0,13.27,7.56,1.17,1.24,3.93,9.0,18.0,3.0,10.0,1.0,4.0
2019-12-01,Utrecht,Waalwijk,0.0,1.0,1.27,6.1,8.91,1.33,3.25,13.0,11.0,4.0,3.0,4.0,9.0
2019-12-01,AZ Alkmaar,VVV Venlo,1.0,0.0,1.15,7.86,16.57,1.37,3.01,25.0,4.0,8.0,1.0,10.0,0.0
2019-12-01,Feyenoord,Zwolle,1.0,0.0,1.3,5.56,8.58,1.36,3.06,20.0,20.0,7.0,8.0,7.0,5.0
2019-12-01,FC Emmen,PSV Eindhoven,1.0,1.0,6.85,5.01,1.39,1.43,2.77,12.0,13.0,2.0,4.0,1.0,7.0
2019-12-06,Ajax,Willem II,0.0,2.0,1.12,9.22,18.32,1.22,4.08,29.0,9.0,6.0,4.0,12.0,3.0
2019-12-07,Den Haag,Twente,0.0,0.0,2.36,3.63,2.76,1.55,2.41,9.0,8.0,3.0,2.0,8.0,7.0
2019-12-07,PSV Eindhoven,For Sittard,5.0,0.0,1.12,8.87,17.72,1.27,3.66,28.0,4.0,10.0,0.0,13.0,0.0
2019-12-07,VVV Venlo,FC Emmen,2.0,0.0,2.11,3.67,3.17,1.62,2.26,19.0,12.0,6.0,3.0,5.0,3.0
2019-12-07,Zwolle,AZ Alkmaar,0.0,3.0,6.4,4.75,1.44,1.5,2.54,15.0,14.0,7.0,8.0,6.0,4.0
2019-12-08,Vitesse,Feyenoord,0.0,0.0,2.83,3.73,2.27,1.51,2.52,15.0,21.0,3.0,4.0,4.0,3.0
2019-12-08,Groningen,Utrecht,0.0,1.0,2.76,3.37,2.48,1.89,1.9,19.0,10.0,3.0,4.0,5.0,1.0
2019-12-08,Waalwijk,Heerenveen,1.0,3.0,2.98,3.84,2.15,1.49,2.57,14.0,21.0,4.0,10.0,4.0,7.0
2019-12-08,Sparta Rotterdam,Heracles,0.0,0.0,2.14,3.71,3.08,1.5,2.54,10.0,12.0,3.0,2.0,8.0,13.0
2019-12-13,Heerenveen,Willem II,1.0,2.0,1.73,4.06,4.22,1.56,2.39,21.0,4.0,9.0,2.0,4.0,0.0
2019-12-14,Den Haag,Groningen,1.0,1.0,3.02,3.39,2.29,1.87,1.93,10.0,11.0,2.0,4.0,2.0,7.0
2019-12-14,For Sittard,Waalwijk,3.0,2.0,2.18,3.85,2.91,1.44,2.73,21.0,11.0,13.0,3.0,5.0,4.0
2019-12-14,VVV Venlo,Zwolle,1.0,2.0,2.28,3.61,2.89,1.64,2.25,12.0,22.0,7.0,8.0,8.0,7.0
2019-12-14,Twente,Vitesse,0.0,3.0,2.79,3.75,2.3,1.5,2.53,11.0,14.0,2.0,8.0,8.0,5.0
2019-12-15,FC Emmen,Sparta Rotterdam,2.0,0.0,2.76,3.74,2.31,1.47,2.62,20.0,11.0,8.0,2.0,6.0,7.0
2019-12-15,Feyenoord,PSV Eindhoven,3.0,1.0,2.56,3.76,2.47,1.51,2.49,10.0,20.0,6.0,8.0,4.0,8.0
2019-12-15,AZ Alkmaar,Ajax,1.0,0.0,3.26,3.78,2.04,1.48,2.59,15.0,11.0,2.0,3.0,8.0,6.0
2019-12-15,Heracles,Utrecht,1.0,3.0,2.66,3.68,2.42,1.55,2.4,13.0,16.0,4.0,7.0,7.0,4.0
2019-12-20,Waalwijk,Twente,3.0,0.0,2.52,3.64,2.58,1.52,2.48,16.0,11.0,7.0,4.0,3.0,3.0
2019-12-21,Heerenveen,Heracles,1.0,1.0,1.82,3.97,3.82,1.51,2.51,14.0,8.0,6.0,2.0,4.0,6.0
2019-12-21,PSV Eindhoven,Zwolle,4.0,1.0,1.25,6.13,10.34,1.35,3.11,22.0,12.0,10.0,6.0,7.0,3.0
2019-12-21,Sparta Rotterdam,AZ Alkmaar,3.0,0.0,5.85,4.75,1.47,1.51,2.52,11.0,10.0,5.0,2.0,4.0,7.0
2019-12-21,Willem II,For Sittard,0.0,0.0,1.45,4.73,6.19,1.48,2.6,6.0,10.0,3.0,1.0,4.0,3.0
2019-12-22,Ajax,Den Haag,6.0,1.0,1.06,12.15,28.3,1.17,4.64,28.0,6.0,13.0,5.0,6.0,5.0
2019-12-22,Groningen,FC Emmen,2.0,0.0,1.6,4.05,5.28,1.73,2.09,19.0,13.0,4.0,6.0,11.0,3.0
2019-12-22,Utrecht,Feyenoord,1.0,2.0,2.35,3.68,2.74,1.53,2.45,15.0,13.0,3.0,7.0,8.0,3.0
2019-12-22,Vitesse,VVV Venlo,3.0,0.0,1.42,4.73,6.91,1.46,2.64,16.0,4.0,6.0,2.0,6.0,2.0
2020-01-17,Zwolle,Utrecht,3.0,3.0,3.45,3.79,1.97,1.49,2.58,13.0,16.0,7.0,6.0,5.0,5.0
2020-01-18,For Sittard,Vitesse,1.0,3.0,3.31,3.75,2.03,1.5,2.56,10.0,19.0,2.0,9.0,3.0,5.0
2020-01-18,Feyenoord,Heerenveen,3.0,1.0,1.51,4.44,5.73,1.47,2.62,15.0,14.0,9.0,5.0,6.0,3.0
2020-01-18,Twente,Groningen,0.0,0.0,2.64,3.29,2.63,1.92,1.87,9.0,10.0,3.0,4.0,5.0,1.0
2020-01-18,AZ Alkmaar,Willem II,1.0,3.0,1.33,5.25,8.48,1.5,2.55,16.0,14.0,3.0,7.0,5.0,3.0
2020-01-19,VVV Venlo,PSV Eindhoven,1.0,1.0,7.02,4.66,1.42,1.5,2.54,12.0,14.0,3.0,5.0,4.0,8.0
2020-01-19,Ajax,Sparta Rotterdam,2.0,1.0,1.09,10.49,22.15,1.17,4.64,23.0,19.0,8.0,7.0,9.0,4.0
2020-01-19,FC Emmen,Heracles,1.0,0.0,2.72,3.71,2.35,1.54,2.44,13.0,8.0,6.0,1.0,5.0,3.0
2020-01-19,Den Haag,Waalwijk,2.0,0.0,2.03,3.71,3.34,1.56,2.39,6.0,6.0,3.0,2.0,2.0,5.0
2020-01-24,Utrecht,Den Haag,4.0,0.0,1.42,4.77,6.9,1.5,2.54,14.0,4.0,4.0,2.0,11.0,6.0
2020-01-25,Heerenveen,AZ Alkmaar,1.0,2.0,4.31,3.99,1.73,1.57,2.37,10.0,17.0,2.0,7.0,2.0,8.0
2020-01-25,Heracles,Feyenoord,2.0,3.0,3.36,3.75,2.01,1.5,2.55,13.0,14.0,7.0,6.0,7.0,9.0
2020-01-25,Waalwijk,VVV Venlo,1.0,2.0,2.01,3.56,3.51,1.69,2.15,12.0,13.0,4.0,6.0,3.0,5.0
2020-01-25,Sparta Rotterdam,For Sittard,1.0,1.0,1.55,4.32,5.38,1.43,2.76,21.0,12.0,5.0,3.0,11.0,1.0
2020-01-26,Vitesse,FC Emmen,1.0,1.0,1.41,4.72,7.25,1.5,2.55,19.0,11.0,5.0,3.0,9.0,3.0
2020-01-26,Groningen,Ajax,2.0,1.0,7.51,4.83,1.38,1.59,2.33,9.0,14.0,5.0,3.0,4.0,5.0
2020-01-26,Willem II,Zwolle,0.0,0.0,1.64,4.24,4.66,1.54,2.45,13.0,16.0,2.0,5.0,6.0,4.0
2020-01-26,PSV Eindhoven,Twente,1.0,1.0,1.28,5.83,9.36,1.37,3.03,17.0,11.0,7.0,3.0,5.0,6.0
2020-01-31,AZ Alkmaar,Waalwijk,4.0,0.0,1.11,9.02,20.13,1.35,3.12,20.0,11.0,7.0,2.0,3.0,1.0
2020-02-01,Den Haag,Vitesse,0.0,0.0,3.63,3.85,1.9,1.52,2.48,12.0,15.0,6.0,1.0,5.0,5.0
2020-02-01,Feyenoord,FC Emmen,3.0,0.0,1.24,6.12,10.47,1.37,3.05,13.0,10.0,7.0,4.0,6.0,5.0
2020-02-01,Twente,Sparta Rotterdam,2.0,0.0,2.28,3.59,2.9,1.61,2.27,8.0,11.0,3.0,3.0,5.0,7.0
2020-02-01,Zwolle,Groningen,1.0,0.0,2.56,3.34,2.69,1.83,1.97,6.0,15.0,3.0,3.0,2.0,12.0
2020-02-02,Willem II,Heracles,1.0,0.0,1.91,3.76,3.65,1.64,2.24,12.0,12.0,6.0,1.0,3.0,6.0
2020-02-02,For Sittard,Heerenveen,2.0,1.0,3.37,3.7,2.02,1.53,2.45,11.0,7.0,3.0,3.0,2.0,5.0
2020-02-02,VVV Venlo,Utrecht,1.0,1.0,4.19,3.85,1.77,1.67,2.17,9.0,13.0,4.0,3.0,5.0,8.0
2020-02-02,Ajax,PSV Eindhoven,1.0,0.0,1.37,5.18,7.19,1.44,2.74,28.0,7.0,7.0,1.0,7.0,3.0
2020-02-07,Heracles,For Sittard,2.0,0.0,1.64,4.22,4.7,1.51,2.53,13.0,13.0,7.0,5.0,6.0,2.0
2020-02-08,Groningen,Vitesse,1.0,0.0,2.35,3.27,3.01,1.98,1.81,15.0,16.0,3.0,2.0,7.0,7.0
2020-02-08,Heerenveen,VVV Venlo,1.0,1.0,1.48,4.45,6.2,1.55,2.4,30.0,5.0,9.0,2.0,10.0,0.0
2020-02-08,PSV Eindhoven,Willem II,3.0,0.0,1.59,4.25,5.04,1.57,2.37,20.0,11.0,5.0,1.0,6.0,4.0
2020-02-08,Waalwijk,Zwolle,0.0,0.0,2.65,3.57,2.48,1.61,2.29,12.0,8.0,1.0,1.0,2.0,4.0
2020-02-11,FC Emmen,Twente,2.0,0.0,2.09,3.52,3.37,1.78,2.03,15.0,5.0,5.0,2.0,5.0,1.0
2020-02-11,Sparta Rotterdam,Den Haag,4.0,2.0,1.86,3.52,4.19,1.9,1.9,21.0,7.0,8.0,4.0,8.0,2.0
2020-02-14,VVV Venlo,Heracles,1.0,0.0,2.48,3.57,2.67,1.74,2.08,11.0,11.0,1.0,6.0,1.0,5.0
2020-02-15,Twente,AZ Alkmaar,2.0,0.0,6.03,4.56,1.48,1.59,2.33,10.0,5.0,6.0,2.0,7.0,2.0
2020-02-15,Den Haag,PSV Eindhoven,0.0,3.0,5.0,4.21,1.6,1.54,2.44,7.0,27.0,4.0,14.0,3.0,12.0
2020-02-15,For Sittard,FC Emmen,0.0,0.0,2.19,3.73,2.97,1.55,2.4,10.0,7.0,2.0,0.0,1.0,3.0
2020-02-16,Vitesse,Heerenveen,4.0,2.0,2.02,3.53,3.53,1.63,2.25,19.0,12.0,8.0,7.0,8.0,3.0
2020-02-16,Ajax,Waalwijk,3.0,0.0,1.04,14.61,37.69,1.16,4.94,18.0,11.0,6.0,3.0,6.0,3.0
2020-02-16,Sparta Rotterdam,Groningen,1.0,2.0,2.53,3.23,2.8,2.03,1.78,9.0,7.0,2.0,3.0,5.0,6.0
2020-02-16,Willem II,Utrecht,1.0,1.0,2.56,3.49,2.6,1.74,2.09,11.0,18.0,5.0,9.0,13.0,5.0
2020-02-16,Zwolle,Feyenoord,3.0,4.0,4.3,4.06,1.72,1.48,2.59,9.0,20.0,3.0,10.0,2.0,5.0
2020-02-21,Waalwijk,Sparta Rotterdam,0.0,1.0,2.66,3.48,2.53,1.67,2.18,8.0,18.0,2.0,4.0,2.0,4.0
2020-02-22,FC Emmen,Willem II,4.0,2.0,2.63,3.44,2.56,1.78,2.02,14.0,12.0,7.0,4.0,3.0,6.0
2020-02-22,Feyenoord,For Sittard,2.0,1.0,1.23,6.29,10.82,1.32,3.31,22.0,8.0,6.0,4.0,9.0,2.0
2020-02-22,Heerenveen,Den Haag,2.0,2.0,1.49,4.49,5.97,1.59,2.33,38.0,4.0,9.0,1.0,15.0,4.0
2020-02-22,Groningen,VVV Venlo,0.0,1.0,1.59,3.81,5.86,1.99,1.81,12.0,9.0,3.0,1.0,5.0,4.0
2020-02-23,Utrecht,Twente,2.0,1.0,1.42,4.65,7.04,1.57,2.37,13.0,13.0,4.0,2.0,7.0,2.0
2020-02-23,AZ Alkmaar,Zwolle,2.0,0.0,1.29,5.55,9.54,1.45,2.7,17.0,9.0,9.0,1.0,7.0,2.0
2020-02-23,Vitesse,PSV Eindhoven,1.0,2.0,3.31,3.6,2.08,1.64,2.25,15.0,10.0,4.0,3.0,8.0,1.0
2020-02-23,Heracles,Ajax,1.0,0.0,7.55,5.48,1.34,1.29,3.53,12.0,26.0,6.0,5.0,4.0,10.0
2020-02-28,Willem II,Groningen,3.0,1.0,2.34,3.09,3.22,2.29,1.62,9.0,16.0,4.0,3.0,5.0,5.0
2020-02-29,Den Haag,Heracles,0.0,0.0,2.89,3.56,2.29,1.7,2.13,9.0,12.0,4.0,3.0,4.0,4.0
2020-02-29,VVV Venlo,For Sittard,0.0,0.0,1.91,3.68,3.77,1.74,2.08,13.0,7.0,3.0,2.0,2.0,4.0
2020-02-29,Zwolle,Vitesse,4.0,3.0,2.63,3.64,2.45,1.58,2.33,15.0,15.0,7.0,7.0,7.0,6.0
2020-02-29,Twente,Heerenveen,2.0,3.0,2.53,3.56,2.58,1.65,2.22,14.0,20.0,8.0,11.0,8.0,8.0
2020-03-01,Waalwijk,Utrecht,2.0,1.0,4.72,4.16,1.64,1.57,2.38,14.0,12.0,5.0,2.0,3.0,2.0
2020-03-01,PSV Eindhoven,Feyenoord,1.0,1.0,1.86,3.86,3.75,1.53,2.44,12.0,13.0,2.0,6.0,3.0,8.0
2020-03-01,Sparta Rotterdam,FC Emmen,5.0,1.0,1.94,3.62,3.7,1.69,2.14,12.0,12.0,7.0,3.0,2.0,9.0
2020-03-01,Ajax,AZ Alkmaar,0.0,2.0,1.5,4.52,5.74,1.45,2.69,17.0,11.0,4.0,5.0,9.0,1.0
2020-03-06,For Sittard,Zwolle,1.0,1.0,2.31,3.48,2.95,1.69,2.15,9.0,13.0,2.0,5.0,4.0,4.0
2020-03-07,AZ Alkmaar,Den Haag,4.0,0.0,1.14,7.86,17.89,1.38,2.96,16.0,6.0,8.0,1.0,6.0,2.0
2020-03-07,FC Emmen,VVV Venlo,3.0,0.0,1.91,3.53,3.94,1.76,2.04,17.0,8.0,7.0,0.0,5.0,4.0
2020-03-07,Vitesse,Twente,1.0,0.0,1.62,4.11,4.96,1.57,2.36,9.0,8.0,2.0,2.0,4.0,2.0
2020-03-07,Heerenveen,Ajax,1.0,3.0,5.25,4.69,1.52,1.37,3.01,8.0,14.0,5.0,7.0,3.0,9.0
2020-03-08,Utrecht,Sparta Rotterdam,5.0,1.0,1.58,4.11,5.35,1.61,2.29,15.0,7.0,6.0,1.0,7.0,1.0
2020-03-08,Feyenoord,Willem II,2.0,0.0,1.49,4.48,5.98,1.49,2.55,12.0,3.0,3.0,0.0,6.0,3.0
2020-03-08,Heracles,Waalwijk,4.0,2.0,1.49,4.48,5.99,1.49,2.55,23.0,11.0,10.0,4.0,7.0,4.0
2020-03-08,Groningen,PSV Eindhoven,0.0,1.0,3.26,3.3,2.21,1.97,1.83,13.0,7.0,4.0,2.0,11.0,6.0
2020-09-12,Heerenveen,Willem II,2.0,0.0,2.51,3.51,2.63,1.66,2.2,13.0,10.0,7.0,5.0,3.0,10.0
2020-09-12,Zwolle,Feyenoord,0.0,2.0,4.25,4.0,1.73,1.59,2.34,17.0,13.0,5.0,6.0,3.0,3.0
2020-09-12,Twente,For Sittard,2.0,0.0,1.86,3.7,3.92,1.7,2.14,14.0,2.0,5.0,0.0,7.0,2.0
2020-09-13,FC Emmen,VVV Venlo,3.0,5.0,1.88,3.59,3.94,1.84,1.96,15.0,14.0,5.0,7.0,7.0,3.0
2020-09-13,Heracles,Den Haag,2.0,0.0,1.74,3.85,4.39,1.7,2.14,22.0,8.0,5.0,1.0,7.0,2.0
2020-09-13,Sparta Rotterdam,Ajax,0.0,1.0,9.51,6.39,1.25,1.3,3.47,14.0,9.0,3.0,4.0,2.0,1.0
2020-09-13,Groningen,PSV Eindhoven,1.0,3.0,3.46,3.32,2.12,1.95,1.84,14.0,16.0,2.0,6.0,3.0,1.0
2020-09-13,Waalwijk,Vitesse,0.0,1.0,4.64,4.1,1.65,1.5,2.54,7.0,17.0,3.0,6.0,0.0,6.0
2020-09-18,VVV Venlo,Utrecht,1.0,1.0,4.18,3.84,1.79,1.67,2.21,9.0,26.0,3.0,8.0,5.0,12.0
2020-09-19,AZ Alkmaar,Zwolle,1.0,1.0,1.36,5.08,7.77,1.51,2.55,13.0,14.0,3.0,4.0,6.0,2.0
2020-09-19,Vitesse,Sparta Rotterdam,2.0,0.0,1.69,4.02,4.51,1.57,2.4,26.0,2.0,9.0,1.0,6.0,7.0
2020-09-19,PSV Eindhoven,FC Emmen,2.0,1.0,1.18,7.17,14.1,1.4,2.91,21.0,7.0,5.0,2.0,7.0,5.0
2020-09-19,For Sittard,Heerenveen,1.0,3.0,3.25,3.66,2.08,1.63,2.28,25.0,10.0,7.0,5.0,14.0,2.0
2020-09-20,Den Haag,Groningen,0.0,1.0,3.43,3.4,2.1,1.93,1.88,6.0,13.0,0.0,6.0,3.0,8.0
2020-09-20,Feyenoord,Twente,1.0,1.0,1.41,4.9,6.79,1.47,2.66,18.0,10.0,5.0,3.0,8.0,4.0
2020-09-20,Willem II,Heracles,4.0,0.0,2.14,3.47,3.26,1.83,1.97,19.0,7.0,5.0,2.0,8.0,5.0
2020-09-20,Ajax,Waalwijk,3.0,0.0,1.06,12.99,30.56,1.16,5.09,23.0,6.0,10.0,3.0,4.0,3.0
2020-09-25,Twente,Groningen,3.0,1.0,2.26,3.35,3.16,2.14,1.71,7.0,11.0,7.0,5.0,1.0,3.0
2020-09-26,Zwolle,Sparta Rotterdam,4.0,0.0,2.13,3.63,3.15,1.69,2.15,20.0,9.0,8.0,2.0,9.0,5.0
2020-09-26,For Sittard,AZ Alkmaar,3.0,3.0,5.62,4.52,1.51,1.5,2.55,13.0,12.0,5.0,4.0,5.0,8.0
2020-09-26,Heerenveen,VVV Venlo,1.0,0.0,1.6,4.2,5.03,1.57,2.38,16.0,13.0,8.0,2.0,8.0,5.0
2020-09-26,Ajax,Vitesse,2.0,1.0,1.28,6.03,8.79,1.32,3.34,18.0,24.0,4.0,5.0,7.0,4.0
2020-09-27,Feyenoord,Den Haag,4.0,2.0,1.22,6.51,10.88,1.34,3.23,24.0,11.0,12.0,5.0,10.0,4.0
2020-09-27,Utrecht,Waalwijk,3.0,1.0,1.28,6.01,9.14,1.34,3.21,12.0,12.0,7.0,4.0,6.0,1.0
2020-09-27,FC Emmen,Willem II,1.0,1.0,2.66,3.46,2.52,1.77,2.04,10.0,14.0,2.0,2.0,2.0,8.0
2020-09-27,Heracles,PSV Eindhoven,1.0,1.0,4.18,3.97,1.75,1.58,2.35,9.0,9.0,2.0,2.0,4.0,2.0
2020-10-02,Utrecht,Heerenveen,1.0,1.0,1.67,4.32,4.38,1.45,2.7,38.0,10.0,6.0,3.0,16.0,2.0
2020-10-03,Vitesse,Heracles,3.0,0.0,1.66,4.02,4.73,1.58,2.36,15.0,3.0,7.0,0.0,7.0,4.0
2020-10-03,VVV Venlo,Den Haag,1.0,2.0,1.94,3.6,3.71,1.74,2.09,10.0,15.0,3.0,5.0,4.0,1.0
2020-10-03,Twente,FC Emmen,1.0,1.0,1.83,3.77,4.0,1.67,2.19,17.0,7.0,7.0,2.0,2.0,1.0
2020-10-04,Groningen,Ajax,1.0,0.0,6.65,4.88,1.41,1.48,2.61,11.0,19.0,3.0,3.0,1.0,11.0
2020-10-04,Sparta Rotterdam,AZ Alkmaar,4.0,4.0,4.62,4.04,1.67,1.6,2.31,17.0,15.0,7.0,6.0,5.0,6.0
2020-10-04,Willem II,Feyenoord,1.0,4.0,4.03,4.01,1.77,1.57,2.38,6.0,16.0,3.0,8.0,1.0,4.0
2020-10-04,PSV Eindhoven,For Sittard,2.0,0.0,1.19,6.81,13.26,1.39,2.91,9.0,16.0,5.0,5.0,6.0,3.0
2020-10-17,Heracles,Waalwijk,0.0,1.0,1.54,4.31,5.52,1.58,2.34,24.0,5.0,6.0,1.0,6.0,2.0
2020-10-17,AZ Alkmaar,VVV Venlo,2.0,2.0,1.24,6.19,10.93,1.42,2.8,20.0,11.0,7.0,4.0,6.0,2.0
2020-10-17,Willem II,Twente,0.0,3.0,2.03,3.49,3.54,1.77,2.04,18.0,16.0,9.0,8.0,12.0,3.0
2020-10-18,Feyenoord,Sparta Rotterdam,1.0,1.0,1.35,5.28,7.74,1.43,2.78,11.0,11.0,1.0,5.0,8.0,4.0
2020-10-18,Ajax,Heerenveen,5.0,1.0,1.2,7.14,11.45,1.25,3.82,16.0,9.0,5.0,5.0,5.0,9.0
2020-10-18,Den Haag,Vitesse,0.0,2.0,4.79,4.02,1.66,1.63,2.26,11.0,20.0,4.0,8.0,3.0,3.0
2020-10-18,Groningen,Utrecht,0.0,0.0,2.87,3.45,2.35,1.84,1.96,16.0,14.0,1.0,6.0,4.0,4.0
2020-10-18,Zwolle,PSV Eindhoven,0.0,3.0,5.15,4.27,1.58,1.52,2.48,12.0,12.0,3.0,5.0,4.0,3.0
2020-10-18,FC Emmen,For Sittard,2.0,2.0,2.0,3.79,3.34,1.56,2.4,17.0,15.0,8.0,5.0,5.0,3.0
2020-10-21,Waalwijk,Zwolle,1.0,1.0,3.41,3.36,2.14,1.9,1.9,11.0,21.0,3.0,6.0,9.0,5.0
2020-10-24,VVV Venlo,Ajax,0.0,13.0,12.52,6.96,1.2,1.35,3.09,3.0,45.0,0.0,23.0,3.0,12.0
2020-10-24,Utrecht,Twente,2.0,1.0,1.7,4.04,4.45,1.6,2.31,12.0,9.0,5.0,3.0,7.0,4.0
2020-10-24,Zwolle,Willem II,0.0,0.0,2.43,3.52,2.73,1.7,2.13,20.0,12.0,4.0,3.0,9.0,3.0
2020-10-24,Heerenveen,FC Emmen,4.0,0.0,1.74,4.01,4.22,1.57,2.39,14.0,9.0,5.0,2.0,5.0,8.0
2020-10-25,For Sittard,Groningen,1.0,3.0,2.93,3.46,2.32,1.85,1.94,5.0,17.0,2.0,10.0,1.0,6.0
2020-10-25,Sparta Rotterdam,Heracles,1.0,1.0,2.08,3.61,3.29,1.69,2.16,10.0,19.0,5.0,2.0,4.0,9.0
2020-10-25,Vitesse,PSV Eindhoven,2.0,1.0,2.93,3.75,2.2,1.61,2.28,7.0,12.0,5.0,4.0,4.0,5.0
2020-10-25,Waalwijk,Feyenoord,2.0,2.0,9.25,5.81,1.29,1.41,2.83,8.0,18.0,6.0,8.0,2.0,3.0
2020-10-25,Den Haag,AZ Alkmaar,2.0,2.0,4.06,3.97,1.78,1.6,2.31,9.0,23.0,3.0,7.0,3.0,8.0
2020-10-31,Twente,Zwolle,5.0,1.0,1.93,3.7,3.71,1.69,2.16,8.0,10.0,5.0,5.0,5.0,4.0
2020-10-31,Ajax,For Sittard,5.0,2.0,1.08,11.65,23.16,1.14,5.39,30.0,11.0,9.0,7.0,7.0,0.0
2020-10-31,Groningen,VVV Venlo,2.0,1.0,1.42,4.53,7.23,1.78,2.04,14.0,8.0,6.0,2.0,5.0,5.0
2020-10-31,Willem II,Vitesse,1.0,3.0,3.37,3.59,2.06,1.72,2.11,12.0,17.0,7.0,4.0,6.0,5.0
2020-11-01,Heracles,Utrecht,4.0,1.0,3.32,3.71,2.05,1.63,2.27,15.0,10.0,7.0,5.0,4.0,6.0
2020-11-01,FC Emmen,Feyenoord,2.0,3.0,4.8,4.19,1.64,1.52,2.5,9.0,24.0,3.0,7.0,6.0,9.0
2020-11-01,Sparta Rotterdam,Heerenveen,1.0,4.0,2.66,3.67,2.43,1.61,2.3,15.0,12.0,6.0,6.0,4.0,3.0
2020-11-01,PSV Eindhoven,Den Haag,4.0,0.0,1.17,7.4,15.26,1.38,2.96,22.0,5.0,9.0,3.0,4.0,2.0
2020-11-01,AZ Alkmaar,Waalwijk,3.0,0.0,1.24,6.31,10.86,1.4,2.86,19.0,3.0,11.0,1.0,6.0,1.0
2020-11-06,For Sittard,Zwolle,2.0,2.0,2.78,3.56,2.4,1.61,2.31,10.0,12.0,6.0,1.0,2.0,5.0
2020-11-07,Den Haag,Twente,2.0,4.0,3.58,3.83,1.92,1.73,2.1,10.0,23.0,4.0,9.0,3.0,10.0
2020-11-07,VVV Venlo,Heracles,3.0,2.0,3.0,3.55,2.24,1.72,2.12,9.0,7.0,4.0,2.0,1.0,6.0
2020-11-07,Waalwijk,Sparta Rotterdam,0.0,2.0,2.82,3.59,2.34,1.72,2.12,7.0,20.0,4.0,7.0,6.0,8.0
2020-11-08,Utrecht,Ajax,0.0,3.0,4.17,4.19,1.71,1.33,3.23,5.0,19.0,2.0,6.0,0.0,8.0
2020-11-08,Feyenoord,Groningen,2.0,0.0,1.62,3.75,5.65,1.73,2.1,9.0,8.0,6.0,1.0,6.0,3.0
2020-11-08,Vitesse,FC Emmen,3.0,1.0,1.45,4.56,6.54,1.56,2.38,9.0,15.0,6.0,5.0,3.0,3.0
2020-11-08,Heerenveen,AZ Alkmaar,0.0,3.0,3.36,3.78,2.01,1.55,2.4,9.0,15.0,1.0,6.0,3.0,10.0
2020-11-08,PSV Eindhoven,Willem II,3.0,0.0,1.39,4.94,7.16,1.48,2.59,16.0,6.0,8.0,2.0,6.0,4.0
2020-11-21,Willem II,VVV Venlo,2.0,1.0,1.62,4.19,4.87,1.59,2.34,8.0,13.0,5.0,2.0,3.0,5.0
2020-11-21,Groningen,Vitesse,1.0,1.0,2.92,3.36,2.39,1.97,1.83,7.0,9.0,3.0,1.0,5.0,1.0
2020-11-21,Zwolle,Utrecht,1.0,1.0,3.45,3.72,1.99,1.6,2.32,10.0,2.0,4.0,2.0,3.0,3.0
2020-11-22,Ajax,Heracles,5.0,0.0,1.12,9.52,17.95,1.19,4.5,18.0,8.0,13.0,2.0,14.0,5.0
2020-11-22,For Sittard,Feyenoord,1.0,3.0,5.26,4.39,1.55,1.48,2.6,14.0,16.0,7.0,8.0,5.0,5.0
2020-11-22,Sparta Rotterdam,Den Haag,6.0,0.0,1.66,4.06,4.71,1.67,2.2,22.0,2.0,13.0,1.0,7.0,0.0
2020-11-22,Twente,PSV Eindhoven,1.0,1.0,5.15,4.17,1.59,1.56,2.4,11.0,16.0,4.0,5.0,2.0,9.0
2020-11-22,Waalwijk,Heerenveen,1.0,1.0,4.05,4.03,1.76,1.57,2.37,22.0,12.0,10.0,5.0,16.0,5.0
2020-11-22,AZ Alkmaar,FC Emmen,1.0,0.0,1.25,6.15,10.07,1.35,3.09,24.0,5.0,8.0,3.0,15.0,3.0
2020-11-27,Twente,Waalwijk,0.0,2.0,1.42,4.86,6.6,1.48,2.6,14.0,10.0,6.0,7.0,4.0,8.0
2020-11-28,FC Emmen,Ajax,0.0,5.0,12.25,7.09,1.19,1.31,3.35,3.0,27.0,1.0,12.0,0.0,12.0
2020-11-28,Den Haag,Heerenveen,1.0,1.0,4.33,4.19,1.7,1.54,2.44,5.0,22.0,2.0,4.0,4.0,10.0
2020-11-28,VVV Venlo,Zwolle,2.0,2.0,2.89,3.42,2.37,1.67,2.18,11.0,13.0,2.0,6.0,4.0,4.0
2020-11-29,Vitesse,For Sittard,2.0,0.0,1.34,5.29,8.1,1.49,2.57,20.0,11.0,4.0,2.0,7.0,1.0
2020-11-29,Feyenoord,Utrecht,1.0,1.0,1.73,4.03,4.29,1.53,2.45,9.0,16.0,2.0,7.0,4.0,8.0
2020-11-29,Groningen,Willem II,1.0,0.0,1.98,3.45,3.75,2.02,1.79,18.0,4.0,3.0,1.0,6.0,4.0
2020-11-29,Heracles,AZ Alkmaar,1.0,2.0,4.26,4.22,1.7,1.51,2.49,3.0,13.0,1.0,7.0,1.0,3.0
2020-11-29,PSV Eindhoven,Sparta Rotterdam,1.0,0.0,1.26,6.06,9.86,1.41,2.83,11.0,4.0,5.0,0.0,7.0,1.0
2020-12-04,Sparta Rotterdam,FC Emmen,2.0,1.0,1.65,4.14,4.75,1.61,2.31,7.0,12.0,2.0,3.0,1.0,5.0
2020-12-05,Waalwijk,VVV Venlo,3.0,2.0,2.41,3.58,2.71,1.65,2.23,25.0,10.0,10.0,6.0,6.0,0.0
2020-12-05,For Sittard,Willem II,3.0,2.0,2.94,3.73,2.21,1.61,2.29,7.0,11.0,4.0,3.0,2.0,8.0
2020-12-05,Ajax,Twente,1.0,2.0,1.21,6.92,11.42,1.3,3.42,19.0,13.0,5.0,5.0,9.0,6.0
2020-12-05,Zwolle,Vitesse,2.0,1.0,3.87,3.81,1.85,1.69,2.16,16.0,12.0,5.0,4.0,4.0,2.0
2020-12-06,Feyenoord,Heracles,0.0,0.0,1.48,4.5,6.3,1.53,2.44,20.0,4.0,7.0,3.0,8.0,2.0
2020-12-06,AZ Alkmaar,Groningen,1.0,2.0,1.5,4.24,6.43,1.78,2.02,5.0,16.0,2.0,3.0,7.0,10.0
2020-12-06,Utrecht,Den Haag,1.0,1.0,1.21,6.53,12.34,1.44,2.74,20.0,9.0,6.0,2.0,6.0,3.0
2020-12-06,Heerenveen,PSV Eindhoven,2.0,2.0,4.33,3.85,1.75,1.66,2.2,12.0,12.0,7.0,4.0,6.0,10.0
2020-12-11,Heracles,For Sittard,1.0,2.0,1.69,4.1,4.52,1.57,2.38,14.0,5.0,4.0,1.0,7.0,2.0
2020-12-12,Groningen,Waalwijk,2.0,0.0,1.47,4.4,6.44,1.77,2.05,8.0,11.0,4.0,3.0,2.0,6.0
2020-12-12,FC Emmen,Den Haag,1.0,1.0,1.7,4.12,4.34,1.57,2.39,27.0,7.0,7.0,2.0,7.0,2.0
2020-12-12,Ajax,Zwolle,4.0,0.0,1.15,8.62,13.43,1.17,4.76,22.0,6.0,13.0,3.0,14.0,1.0
2020-12-13,Vitesse,Heerenveen,1.0,1.0,1.7,4.04,4.42,1.55,2.42,16.0,14.0,7.0,6.0,6.0,1.0
2020-12-13,VVV Venlo,Feyenoord,0.0,3.0,5.44,4.51,1.53,1.47,2.62,8.0,21.0,3.0,8.0,5.0,6.0
2020-12-13,Willem II,Sparta Rotterdam,1.0,3.0,2.42,3.58,2.7,1.66,2.21,8.0,18.0,3.0,9.0,6.0,5.0
2020-12-13,PSV Eindhoven,Utrecht,2.0,1.0,1.56,4.42,5.13,1.51,2.5,6.0,15.0,3.0,8.0,3.0,9.0
2020-12-13,Twente,AZ Alkmaar,1.0,3.0,3.01,3.56,2.23,1.54,2.41,13.0,13.0,5.0,7.0,6.0,4.0
2020-12-18,Zwolle,FC Emmen,0.0,0.0,1.91,3.72,3.79,1.64,2.25,16.0,5.0,5.0,3.0,7.0,8.0
2020-12-19,Sparta Rotterdam,Groningen,2.0,3.0,2.5,3.28,2.81,2.02,1.79,15.0,12.0,4.0,6.0,8.0,6.0
2020-12-19,VVV Venlo,Twente,1.0,2.0,3.94,4.09,1.78,1.55,2.42,6.0,18.0,1.0,9.0,3.0,8.0
2020-12-19,Waalwijk,PSV Eindhoven,1.0,4.0,8.39,5.22,1.34,1.45,2.68,15.0,17.0,4.0,10.0,7.0,4.0
2020-12-19,Utrecht,For Sittard,1.0,1.0,1.36,5.21,7.45,1.44,2.72,21.0,14.0,5.0,7.0,12.0,2.0
2020-12-20,Vitesse,Feyenoord,1.0,0.0,2.29,3.57,2.9,1.68,2.17,12.0,24.0,4.0,4.0,4.0,8.0
2020-12-20,Den Haag,Ajax,2.0,4.0,24.46,10.73,1.08,1.22,4.09,5.0,30.0,3.0,12.0,2.0,11.0
2020-12-20,Heerenveen,Heracles,1.0,2.0,1.85,3.94,3.77,1.56,2.4,16.0,8.0,2.0,2.0,6.0,3.0
2020-12-20,AZ Alkmaar,Willem II,5.0,3.0,1.34,5.32,8.06,1.47,2.63,19.0,11.0,8.0,5.0,3.0,3.0
2020-12-22,For Sittard,Waalwijk,2.0,1.0,2.31,3.5,2.95,1.56,2.41,18.0,10.0,7.0,4.0,8.0,5.0
2020-12-22,FC Emmen,Utrecht,2.0,3.0,4.51,4.17,1.68,1.54,2.45,15.0,16.0,4.0,6.0,4.0,3.0
2020-12-22,PSV Eindhoven,VVV Venlo,4.0,1.0,1.15,8.13,15.57,1.31,3.38,29.0,4.0,9.0,1.0,10.0,3.0
2020-12-22,Twente,Sparta Rotterdam,0.0,2.0,2.03,3.66,3.42,1.64,2.26,10.0,12.0,1.0,6.0,5.0,3.0
2020-12-23,AZ Alkmaar,Vitesse,3.0,1.0,1.83,3.8,3.97,1.67,2.2,11.0,16.0,4.0,5.0,4.0,3.0
2020-12-23,Willem II,Ajax,1.0,1.0,13.15,7.65,1.17,1.26,3.79,10.0,32.0,5.0,8.0,0.0,12.0
2020-12-23,Den Haag,Zwolle,0.0,2.0,4.27,4.01,1.74,1.68,2.18,8.0,20.0,1.0,6.0,4.0,4.0
2020-12-23,Groningen,Heracles,0.0,1.0,1.95,3.43,3.92,2.07,1.76,13.0,8.0,5.0,2.0,5.0,1.0
2020-12-23,Feyenoord,Heerenveen,3.0,0.0,1.59,4.27,5.09,1.48,2.6,28.0,11.0,9.0,4.0,6.0,1.0
2020-12-27,Utrecht,AZ Alkmaar,2.0,2.0,2.73,3.65,2.37,1.55,2.4,14.0,12.0,6.0,6.0,8.0,4.0
2021-01-09,Waalwijk,Den Haag,0.0,1.0,1.71,4.05,4.38,1.6,2.33,17.0,11.0,5.0,5.0,2.0,5.0
2021-01-09,FC Emmen,Twente,1.0,4.0,3.48,3.76,1.98,1.65,2.22,8.0,10.0,1.0,6.0,2.0,2.0
2021-01-09,Heracles,Vitesse,0.0,2.0,3.43,3.65,2.02,1.86,1.95,12.0,12.0,5.0,3.0,3.0,7.0
2021-01-09,Zwolle,AZ Alkmaar,1.0,1.0,4.32,4.14,1.71,1.58,2.36,5.0,15.0,2.0,4.0,3.0,11.0
2021-01-09,Utrecht,Groningen,2.0,2.0,1.81,3.67,4.25,1.84,1.95,19.0,7.0,6.0,2.0,9.0,2.0
2021-01-10,Sparta Rotterdam,Feyenoord,0.0,2.0,3.7,3.82,1.89,1.57,2.36,11.0,13.0,1.0,3.0,6.0,4.0
2021-01-10,Heerenveen,For Sittard,1.0,3.0,1.7,3.94,4.57,1.55,2.43,10.0,9.0,2.0,4.0,5.0,4.0
2021-01-10,VVV Venlo,Willem II,2.0,1.0,3.05,3.59,2.21,1.68,2.18,12.0,17.0,4.0,6.0,5.0,1.0
2021-01-10,Ajax,PSV Eindhoven,2.0,2.0,1.67,4.14,4.6,1.5,2.54,11.0,7.0,4.0,7.0,6.0,6.0
2021-01-12,Vitesse,Utrecht,1.0,0.0,2.27,3.64,2.92,1.61,2.31,16.0,8.0,4.0,5.0,8.0,7.0
2021-01-12,Heracles,FC Emmen,4.0,0.0,1.78,3.75,4.4,1.83,1.97,20.0,8.0,11.0,1.0,12.0,4.0
2021-01-13,PSV Eindhoven,AZ Alkmaar,1.0,3.0,1.82,3.96,3.88,1.51,2.5,14.0,6.0,3.0,4.0,7.0,3.0
2021-01-13,Den Haag,VVV Venlo,1.0,4.0,2.55,3.58,2.57,1.71,2.13,14.0,15.0,4.0,8.0,6.0,1.0
2021-01-13,For Sittard,Sparta Rotterdam,0.0,1.0,3.09,3.52,2.21,1.62,2.28,9.0,19.0,4.0,5.0,4.0,5.0
2021-01-13,Feyenoord,Zwolle,1.0,0.0,1.45,4.58,6.5,1.6,2.32,21.0,8.0,4.0,2.0,10.0,5.0
2021-01-14,Heerenveen,Waalwijk,1.0,1.0,1.58,4.1,5.41,1.57,2.37,10.0,15.0,6.0,4.0,3.0,9.0
2021-01-14,Twente,Ajax,1.0,3.0,7.33,5.46,1.35,1.33,3.23,12.0,21.0,5.0,12.0,5.0,6.0
2021-01-14,Willem II,Groningen,2.0,3.0,2.96,3.39,2.33,1.98,1.82,16.0,11.0,6.0,4.0,5.0,5.0
2021-01-16,FC Emmen,Vitesse,1.0,4.0,5.42,4.3,1.56,1.63,2.26,6.0,15.0,4.0,10.0,0.0,1.0
2021-01-16,Sparta Rotterdam,PSV Eindhoven,3.0,5.0,4.88,4.15,1.63,1.6,2.31,12.0,11.0,5.0,7.0,5.0,3.0
2021-01-16,Utrecht,Heracles,2.0,0.0,1.64,4.11,4.8,1.63,2.29,16.0,3.0,8.0,0.0,8.0,1.0
2021-01-16,Zwolle,For Sittard,0.0,2.0,1.85,3.61,4.12,1.65,2.22,8.0,13.0,2.0,7.0,5.0,7.0
2021-01-16,AZ Alkmaar,Den Haag,2.0,1.0,1.12,8.78,18.66,1.3,3.48,19.0,3.0,5.0,2.0,17.0,0.0
2021-01-17,Waalwijk,Willem II,1.0,1.0,2.68,3.56,2.45,1.69,2.16,17.0,13.0,7.0,6.0,2.0,1.0
2021-01-17,Groningen,Twente,2.0,2.0,2.39,3.39,2.88,2.0,1.8,17.0,10.0,6.0,5.0,6.0,6.0
2021-01-17,VVV Venlo,Heerenveen,1.0,1.0,3.22,3.79,2.06,1.51,2.53,7.0,20.0,2.0,7.0,1.0,8.0
2021-01-17,Ajax,Feyenoord,1.0,0.0,1.44,4.9,6.2,1.38,2.99,12.0,9.0,2.0,4.0,6.0,3.0
2021-01-22,Willem II,Zwolle,1.0,3.0,2.33,3.47,2.93,1.79,2.02,9.0,21.0,4.0,6.0,5.0,4.0
2021-01-23,Den Haag,FC Emmen,0.0,0.0,2.8,3.47,2.4,1.77,2.04,13.0,13.0,4.0,4.0,7.0,4.0
2021-01-23,Vitesse,Groningen,1.0,0.0,1.75,3.8,4.45,1.84,1.95,15.0,4.0,4.0,1.0,6.0,3.0
2021-01-23,PSV Eindhoven,Waalwijk,2.0,0.0,1.15,7.9,15.78,1.34,3.2,12.0,7.0,5.0,3.0,3.0,4.0
2021-01-23,Heracles,Heerenveen,1.0,0.0,2.28,3.46,3.0,1.74,2.08,9.0,6.0,3.0,2.0,6.0,4.0
2021-01-24,For Sittard,Ajax,1.0,2.0,14.31,8.1,1.15,1.23,4.03,8.0,19.0,5.0,8.0,4.0,10.0
2021-01-24,Twente,VVV Venlo,0.0,1.0,1.58,4.32,5.12,1.47,2.6,21.0,7.0,5.0,6.0,8.0,1.0
2021-01-24,Utrecht,Sparta Rotterdam,1.0,0.0,1.64,3.92,5.12,1.66,2.21,11.0,11.0,2.0,1.0,6.0,5.0
2021-01-24,Feyenoord,AZ Alkmaar,2.0,3.0,2.36,3.59,2.79,1.58,2.33,13.0,13.0,6.0,8.0,4.0,4.0
2021-01-26,Zwolle,Heracles,2.0,2.0,2.53,3.31,2.76,2.09,1.73,10.0,7.0,4.0,4.0,6.0,2.0
2021-01-26,FC Emmen,PSV Eindhoven,0.0,2.0,7.0,4.87,1.41,1.51,2.5,5.0,20.0,2.0,9.0,4.0,11.0
2021-01-26,Groningen,Den Haag,3.0,0.0,1.42,4.6,7.32,1.78,2.02,14.0,7.0,6.0,1.0,4.0,5.0
2021-01-27,AZ Alkmaar,Utrecht,0.0,1.0,1.86,3.72,3.92,1.67,2.19,11.0,12.0,3.0,5.0,5.0,2.0
2021-01-27,VVV Venlo,Vitesse,4.0,1.0,6.05,4.57,1.48,1.57,2.39,11.0,24.0,6.0,5.0,5.0,4.0
2021-01-27,Waalwijk,For Sittard,1.0,2.0,2.64,3.5,2.51,1.74,2.09,14.0,15.0,7.0,9.0,8.0,5.0
2021-01-27,Heerenveen,Feyenoord,3.0,0.0,4.36,4.06,1.71,1.58,2.37,15.0,15.0,6.0,1.0,6.0,9.0
2021-01-28,Sparta Rotterdam,Twente,0.0,0.0,2.28,3.6,2.88,1.68,2.18,12.0,6.0,5.0,2.0,1.0,5.0
2021-01-28,Ajax,Willem II,3.0,1.0,1.11,9.6,19.13,1.22,4.12,27.0,7.0,9.0,4.0,7.0,1.0
2021-01-30,Heracles,Groningen,1.0,0.0,2.34,3.35,3.0,2.12,1.72,8.0,13.0,3.0,3.0,5.0,4.0
2021-01-30,Utrecht,Zwolle,3.0,3.0,1.59,3.94,5.67,1.71,2.13,19.0,10.0,8.0,4.0,16.0,3.0
2021-01-30,For Sittard,VVV Venlo,3.0,2.0,1.99,3.71,3.45,1.61,2.3,9.0,12.0,7.0,3.0,2.0,4.0
2021-01-30,Vitesse,Waalwijk,1.0,1.0,1.34,5.16,8.29,1.54,2.45,11.0,11.0,6.0,5.0,11.0,5.0
2021-01-31,Twente,Heerenveen,0.0,0.0,2.15,3.63,3.15,1.63,2.26,19.0,4.0,4.0,1.0,8.0,5.0
2021-01-31,Feyenoord,PSV Eindhoven,3.0,1.0,2.78,3.6,2.39,1.61,2.28,6.0,17.0,5.0,6.0,0.0,13.0
2021-01-31,Willem II,FC Emmen,2.0,0.0,2.03,3.63,3.42,1.69,2.16,12.0,18.0,4.0,2.0,1.0,5.0
2021-01-31,AZ Alkmaar,Ajax,0.0,3.0,3.79,4.06,1.82,1.47,2.63,8.0,13.0,3.0,7.0,2.0,3.0
2021-01-31,Den Haag,Sparta Rotterdam,1.0,1.0,4.69,4.1,1.65,1.7,2.15,8.0,12.0,5.0,4.0,4.0,3.0
2021-02-05,For Sittard,Heracles,0.0,1.0,2.87,3.26,2.48,1.83,1.98,15.0,10.0,3.0,5.0,7.0,6.0
2021-02-06,FC Emmen,AZ Alkmaar,0.0,1.0,6.74,4.67,1.43,1.55,2.42,6.0,16.0,1.0,5.0,2.0,8.0
2021-02-06,Zwolle,Waalwijk,1.0,1.0,1.96,3.7,3.6,1.79,2.02,19.0,7.0,8.0,3.0,6.0,1.0
2021-02-06,Heerenveen,Vitesse,1.0,0.0,3.69,3.88,1.88,1.64,2.24,11.0,11.0,3.0,3.0,3.0,4.0
2021-02-06,PSV Eindhoven,Twente,3.0,0.0,1.42,4.85,6.75,1.52,2.49,25.0,5.0,8.0,2.0,7.0,4.0
2021-02-12,Waalwijk,FC Emmen,1.0,0.0,2.18,3.55,3.1,1.73,2.09,19.0,5.0,6.0,2.0,8.0,2.0
2021-02-13,Groningen,Zwolle,1.0,0.0,2.04,3.43,3.54,2.04,1.76,14.0,12.0,7.0,4.0,6.0,3.0
2021-02-13,Sparta Rotterdam,For Sittard,1.0,2.0,1.85,3.71,3.96,1.72,2.1,16.0,8.0,6.0,3.0,3.0,4.0
2021-02-13,Den Haag,PSV Eindhoven,2.0,2.0,10.17,5.99,1.25,1.43,2.74,5.0,35.0,2.0,15.0,1.0,17.0
2021-02-13,Heracles,Ajax,0.0,2.0,8.11,5.34,1.33,1.4,2.87,14.0,7.0,2.0,3.0,5.0,2.0
2021-02-14,AZ Alkmaar,Heerenveen,3.0,1.0,1.46,4.59,6.21,1.57,2.35,15.0,5.0,9.0,4.0,8.0,2.0
2021-02-14,Feyenoord,Willem II,5.0,0.0,1.36,5.03,7.61,1.55,2.41,23.0,6.0,12.0,3.0,9.0,4.0
2021-02-14,Utrecht,VVV Venlo,3.0,1.0,1.3,5.41,9.16,1.54,2.42,24.0,11.0,11.0,3.0,6.0,3.0
2021-02-14,Vitesse,Twente,0.0,2.0,1.71,3.85,4.57,1.74,2.07,10.0,6.0,1.0,3.0,4.0,2.0
2021-02-19,Willem II,Utrecht,0.0,6.0,5.66,4.58,1.51,1.54,2.44,7.0,20.0,1.0,8.0,3.0,1.0
2021-02-20,FC Emmen,Zwolle,3.0,2.0,3.32,3.58,2.08,1.81,1.98,14.0,10.0,5.0,2.0,7.0,3.0
2021-02-20,VVV Venlo,AZ Alkmaar,1.0,4.0,7.87,5.29,1.34,1.43,2.78,5.0,20.0,1.0,10.0,2.0,12.0
2021-02-20,For Sittard,Den Haag,2.0,0.0,1.59,4.16,5.22,1.69,2.16,13.0,4.0,5.0,1.0,5.0,3.0
2021-02-21,Twente,Feyenoord,2.0,2.0,3.43,3.68,2.01,1.66,2.2,9.0,10.0,6.0,2.0,4.0,3.0
2021-02-21,Heerenveen,Groningen,1.0,1.0,2.46,3.38,2.79,1.92,1.88,8.0,16.0,2.0,2.0,6.0,4.0
2021-02-21,Waalwijk,Heracles,3.0,0.0,3.12,3.54,2.18,1.85,1.95,8.0,7.0,5.0,0.0,5.0,3.0
2021-02-21,PSV Eindhoven,Vitesse,3.0,1.0,1.64,4.11,4.75,1.64,2.24,22.0,10.0,15.0,3.0,1.0,1.0
2021-02-21,Ajax,Sparta Rotterdam,4.0,2.0,1.15,8.15,14.11,1.25,3.82,16.0,12.0,7.0,4.0,3.0,3.0
2021-02-24,Willem II,Den Haag,1.0,1.0,1.74,3.78,4.54,1.81,1.99,13.0,8.0,3.0,3.0,9.0,1.0
2021-02-24,Groningen,Feyenoord,0.0,0.0,3.26,3.48,2.13,1.85,1.95,8.0,19.0,3.0,4.0,3.0,7.0
2021-02-26,Zwolle,Heerenveen,4.0,1.0,2.49,3.4,2.74,1.8,2.0,21.0,10.0,10.0,4.0,4.0,4.0
2021-02-27,Utrecht,FC Emmen,0.0,1.0,1.26,5.87,10.05,1.46,2.66,12.0,13.0,5.0,4.0,8.0,4.0
2021-02-27,Den Haag,Waalwijk,0.0,0.0,3.45,3.54,2.05,1.95,1.85,10.0,4.0,2.0,0.0,6.0,3.0
2021-02-27,Vitesse,VVV Venlo,4.0,1.0,1.43,4.69,6.74,1.57,2.37,23.0,5.0,8.0,2.0,3.0,2.0
2021-02-27,Heracles,Twente,2.0,2.0,2.57,3.38,2.65,1.88,1.91,9.0,7.0,6.0,3.0,3.0,1.0
2021-02-28,Sparta Rotterdam,Willem II,0.0,2.0,1.73,3.84,4.47,1.68,2.16,13.0,13.0,2.0,4.0,3.0,1.0
2021-02-28,Groningen,For Sittard,1.0,0.0,1.87,3.6,3.99,1.86,1.94,4.0,5.0,1.0,1.0,4.0,6.0
2021-02-28,PSV Eindhoven,Ajax,1.0,1.0,3.35,3.96,1.97,1.5,2.53,9.0,17.0,5.0,3.0,5.0,2.0
2021-02-28,AZ Alkmaar,Feyenoord,4.0,2.0,2.06,3.72,3.25,1.55,2.41,9.0,9.0,7.0,5.0,3.0,5.0
2021-03-05,FC Emmen,Sparta Rotterdam,1.0,1.0,3.0,3.42,2.31,1.93,1.86,15.0,14.0,5.0,5.0,7.0,2.0
2021-03-06,Feyenoord,VVV Venlo,6.0,0.0,1.27,6.01,9.42,1.37,3.04,21.0,5.0,10.0,0.0,11.0,1.0
2021-03-06,Twente,Willem II,1.0,1.0,1.71,3.9,4.55,1.72,2.1,12.0,9.0,5.0,2.0,3.0,1.0
2021-03-06,Heerenveen,Den Haag,3.0,0.0,1.49,4.35,6.27,1.62,2.28,18.0,12.0,7.0,3.0,5.0,2.0
2021-03-06,Waalwijk,Utrecht,1.0,2.0,5.43,4.16,1.57,1.69,2.15,13.0,17.0,6.0,5.0,4.0,11.0
2021-03-07,Ajax,Groningen,3.0,1.0,1.22,6.42,11.3,1.44,2.73,21.0,9.0,8.0,4.0,5.0,3.0
2021-03-07,For Sittard,PSV Eindhoven,1.0,3.0,6.07,4.74,1.46,1.47,2.62,11.0,12.0,4.0,6.0,9.0,1.0
2021-03-07,Heracles,Zwolle,2.0,1.0,2.06,3.49,3.45,1.94,1.86,18.0,8.0,8.0,3.0,6.0,6.0
2021-03-07,Vitesse,AZ Alkmaar,2.0,1.0,3.25,3.77,2.05,1.64,2.23,10.0,13.0,4.0,4.0,4.0,6.0
2021-03-09,VVV Venlo,Sparta Rotterdam,0.0,1.0,3.76,3.6,1.94,1.83,1.96,8.0,12.0,3.0,5.0,3.0,9.0
2021-03-13,Willem II,Heerenveen,3.0,1.0,2.71,3.53,2.44,1.7,2.13,17.0,14.0,8.0,4.0,5.0,6.0
2021-03-13,Den Haag,Heracles,1.0,2.0,5.22,3.99,1.62,1.94,1.86,9.0,10.0,2.0,4.0,5.0,4.0
2021-03-13,AZ Alkmaar,Twente,4.0,1.0,1.43,4.75,6.61,1.54,2.45,11.0,11.0,4.0,4.0,2.0,3.0
2021-03-13,Groningen,FC Emmen,1.0,1.0,1.88,3.49,4.13,2.0,1.8,8.0,15.0,3.0,4.0,3.0,4.0
2021-03-13,Sparta Rotterdam,Waalwijk,2.0,0.0,1.92,3.54,3.87,1.92,1.88,16.0,4.0,3.0,0.0,5.0,1.0
2021-03-14,VVV Venlo,For Sittard,1.0,3.0,3.35,3.79,2.0,1.63,2.26,9.0,10.0,3.0,5.0,0.0,0.0
2021-03-14,PSV Eindhoven,Feyenoord,1.0,1.0,1.84,3.93,3.82,1.5,2.54,12.0,10.0,7.0,3.0,5.0,2.0
2021-03-14,Utrecht,Vitesse,1.0,3.0,1.97,3.65,3.54,1.76,2.04,15.0,10.0,3.0,5.0,9.0,2.0
2021-03-14,Zwolle,Ajax,0.0,2.0,10.22,6.35,1.24,1.32,3.31,1.0,21.0,1.0,6.0,2.0,7.0
2021-03-19,Heerenveen,Twente,0.0,0.0,2.86,3.42,2.4,1.74,2.08,11.0,13.0,4.0,1.0,1.0,3.0
2021-03-20,For Sittard,Utrecht,0.0,1.0,4.3,3.96,1.74,1.65,2.21,9.0,16.0,1.0,7.0,5.0,5.0
2021-03-20,Feyenoord,FC Emmen,1.0,1.0,1.32,5.35,8.77,1.48,2.58,19.0,10.0,6.0,5.0,6.0,3.0
2021-03-20,Waalwijk,Groningen,3.0,1.0,3.09,3.19,2.35,2.18,1.67,17.0,19.0,10.0,6.0,3.0,5.0
2021-03-21,Zwolle,VVV Venlo,2.0,1.0,1.76,3.93,4.17,1.65,2.22,19.0,12.0,5.0,4.0,11.0,5.0
2021-03-21,AZ Alkmaar,PSV Eindhoven,2.0,0.0,2.69,3.67,2.37,1.52,2.46,9.0,15.0,5.0,4.0,2.0,10.0
2021-03-21,Vitesse,Willem II,0.0,0.0,1.51,4.32,5.99,1.66,2.18,12.0,10.0,4.0,4.0,5.0,2.0
2021-03-21,Heracles,Sparta Rotterdam,1.0,1.0,2.17,3.35,3.3,2.02,1.78,7.0,13.0,1.0,4.0,2.0,6.0
2021-03-21,Ajax,Den Haag,5.0,0.0,1.04,13.89,34.25,1.16,4.92,18.0,2.0,10.0,0.0,6.0,3.0
2021-04-03,VVV Venlo,Groningen,0.0,1.0,3.61,3.59,1.97,1.77,2.04,9.0,8.0,2.0,3.0,3.0,0.0
2021-04-03,Twente,Vitesse,1.0,2.0,2.71,3.4,2.51,1.86,1.93,2.0,20.0,1.0,6.0,1.0,5.0
2021-04-03,Willem II,AZ Alkmaar,0.0,1.0,5.56,4.56,1.51,1.45,2.7,12.0,5.0,2.0,2.0,6.0,2.0
2021-04-03,Sparta Rotterdam,Zwolle,3.0,2.0,2.1,3.38,3.45,1.93,1.86,18.0,18.0,5.0,6.0,4.0,11.0
2021-04-04,Feyenoord,For Sittard,2.0,0.0,1.52,4.43,5.72,1.45,2.67,18.0,8.0,7.0,3.0,4.0,2.0
2021-04-04,Den Haag,Utrecht,1.0,4.0,8.56,5.21,1.33,1.49,2.55,8.0,22.0,1.0,8.0,4.0,2.0
2021-04-04,PSV Eindhoven,Heracles,3.0,0.0,1.36,4.95,8.11,1.55,2.41,15.0,5.0,7.0,2.0,3.0,3.0
2021-04-04,FC Emmen,Waalwijk,3.0,1.0,2.23,3.43,3.1,1.89,1.9,18.0,7.0,11.0,2.0,3.0,6.0
2021-04-04,Heerenveen,Ajax,1.0,2.0,9.18,6.02,1.27,1.32,3.28,8.0,18.0,1.0,6.0,2.0,9.0
2021-04-09,Vitesse,Den Haag,0.0,0.0,1.21,6.61,13.47,1.52,2.5,21.0,6.0,4.0,2.0,15.0,2.0
2021-04-10,Heracles,Willem II,4.0,0.0,2.1,3.52,3.34,1.84,1.96,10.0,9.0,5.0,1.0,3.0,4.0
2021-04-10,AZ Alkmaar,Sparta Rotterdam,2.0,0.0,1.48,4.58,6.11,1.54,2.44,20.0,5.0,10.0,3.0,9.0,2.0
2021-04-10,For Sittard,FC Emmen,1.0,3.0,2.35,3.35,2.99,1.79,2.01,6.0,18.0,4.0,9.0,0.0,6.0
2021-04-10,Zwolle,Twente,1.0,0.0,2.87,3.44,2.39,1.86,1.95,7.0,18.0,5.0,4.0,2.0,10.0
2021-04-11,Utrecht,Feyenoord,1.0,2.0,2.28,3.62,2.92,1.64,2.25,12.0,7.0,7.0,2.0,7.0,2.0
2021-04-11,Groningen,Heerenveen,0.0,2.0,2.28,3.3,3.15,2.02,1.78,11.0,15.0,3.0,10.0,5.0,3.0
2021-04-11,VVV Venlo,PSV Eindhoven,0.0,2.0,9.97,6.16,1.26,1.38,2.96,4.0,14.0,1.0,5.0,5.0,4.0
2021-04-11,Waalwijk,Ajax,0.0,1.0,15.16,8.06,1.15,1.29,3.52,3.0,13.0,0.0,4.0,4.0,7.0
2021-04-22,Ajax,Utrecht,1.0,1.0,1.4,4.97,6.81,1.39,2.94,21.0,6.0,8.0,1.0,9.0,2.0
2021-04-23,Willem II,Waalwijk,1.0,0.0,1.87,3.66,3.97,1.74,2.08,20.0,6.0,9.0,3.0,6.0,5.0
2021-04-24,Heerenveen,Zwolle,0.0,2.0,2.05,3.73,3.29,1.66,2.21,11.0,4.0,3.0,3.0,5.0,1.0
2021-04-24,PSV Eindhoven,Groningen,1.0,0.0,1.31,5.32,9.51,1.63,2.25,13.0,8.0,5.0,1.0,4.0,4.0
2021-04-24,Sparta Rotterdam,VVV Venlo,2.0,0.0,1.54,4.15,5.81,1.78,2.03,19.0,10.0,7.0,3.0,5.0,3.0
2021-04-25,FC Emmen,Heracles,3.0,1.0,2.53,3.37,2.7,1.93,1.87,15.0,8.0,5.0,4.0,7.0,5.0
2021-04-25,Ajax,AZ Alkmaar,2.0,0.0,1.53,4.52,5.5,1.47,2.62,21.0,8.0,10.0,3.0,9.0,3.0
2021-04-25,Den Haag,For Sittard,0.0,3.0,4.05,3.75,1.83,1.75,2.07,18.0,19.0,3.0,6.0,8.0,4.0
2021-04-25,Feyenoord,Vitesse,0.0,0.0,2.08,3.65,3.28,1.72,2.12,14.0,19.0,2.0,7.0,6.0,3.0
2021-04-25,Twente,Utrecht,1.0,2.0,3.57,3.72,1.96,1.67,2.17,9.0,12.0,4.0,5.0,5.0,5.0
2021-05-01,Heracles,VVV Venlo,4.0,0.0,1.6,4.11,5.24,1.69,2.17,17.0,16.0,10.0,5.0,10.0,5.0
2021-05-01,For Sittard,Twente,3.0,0.0,2.82,3.66,2.33,1.62,2.29,21.0,4.0,10.0,1.0,10.0,0.0
2021-05-01,Vitesse,Zwolle,2.0,1.0,1.55,4.25,5.63,1.76,2.06,20.0,12.0,5.0,6.0,6.0,7.0
2021-05-01,Waalwijk,AZ Alkmaar,1.0,3.0,7.06,5.07,1.39,1.42,2.8,5.0,20.0,2.0,7.0,1.0,8.0
2021-05-01,Utrecht,Willem II,3.0,2.0,1.5,4.38,6.13,1.67,2.19,10.0,8.0,2.0,4.0,2.0,3.0
2021-05-02,Den Haag,Feyenoord,3.0,2.0,8.42,5.39,1.33,1.45,2.68,9.0,14.0,5.0,4.0,5.0,4.0
2021-05-02,Ajax,FC Emmen,4.0,0.0,1.12,8.94,18.67,1.29,3.53,15.0,4.0,6.0,0.0,9.0,3.0
2021-05-02,Groningen,Sparta Rotterdam,1.0,2.0,2.28,3.33,3.12,2.04,1.77,11.0,11.0,3.0,4.0,2.0,5.0
2021-05-02,PSV Eindhoven,Heerenveen,2.0,2.0,1.26,6.1,9.98,1.33,3.23,16.0,9.0,7.0,5.0,9.0,3.0
2021-05-07,Sparta Rotterdam,Vitesse,3.0,0.0,3.46,3.65,2.03,1.77,2.04,13.0,13.0,6.0,1.0,3.0,8.0
2021-05-08,Twente,Heracles,1.0,1.0,2.4,3.47,2.84,1.91,1.89,9.0,6.0,5.0,2.0,3.0,2.0
2021-05-08,Heerenveen,Utrecht,0.0,0.0,3.84,3.9,1.85,1.67,2.18,9.0,10.0,2.0,2.0,6.0,3.0
2021-05-08,AZ Alkmaar,For Sittard,1.0,0.0,1.31,5.62,8.76,1.4,2.88,8.0,9.0,5.0,5.0,6.0,4.0
2021-05-08,VVV Venlo,Waalwijk,3.0,3.0,2.36,3.51,2.86,1.77,2.04,13.0,14.0,5.0,5.0,6.0,4.0
2021-05-09,FC Emmen,Groningen,0.0,4.0,2.14,3.5,3.27,1.85,1.95,5.0,15.0,2.0,6.0,5.0,6.0
2021-05-09,Feyenoord,Ajax,0.0,3.0,4.93,4.63,1.57,1.43,2.76,15.0,7.0,4.0,4.0,3.0,3.0
2021-05-09,Zwolle,Den Haag,0.0,1.0,1.82,3.83,4.02,1.67,2.18,11.0,7.0,3.0,4.0,7.0,4.0
2021-05-09,Willem II,PSV Eindhoven,0.0,2.0,6.56,4.83,1.43,1.46,2.65,0.0,11.0,0.0,5.0,0.0,5.0
2021-05-13,Ajax,VVV Venlo,3.0,1.0,1.09,10.19,22.88,1.29,3.56,19.0,13.0,10.0,8.0,7.0,6.0
2021-05-13,Den Haag,Willem II,1.0,4.0,3.48,3.74,1.98,1.67,2.19,14.0,16.0,7.0,9.0,5.0,2.0
2021-05-13,FC Emmen,Heerenveen,3.0,1.0,2.03,3.71,3.37,1.57,2.37,25.0,5.0,7.0,4.0,9.0,1.0
2021-05-13,For Sittard,Vitesse,3.0,3.0,3.87,3.76,1.87,1.63,2.25,10.0,19.0,4.0,9.0,1.0,11.0
2021-05-13,Groningen,AZ Alkmaar,0.0,0.0,5.73,4.0,1.57,1.77,2.04,8.0,11.0,1.0,3.0,2.0,4.0
2021-05-13,Heracles,Feyenoord,1.0,1.0,3.54,3.71,1.97,1.62,2.27,8.0,11.0,5.0,3.0,3.0,6.0
2021-05-13,PSV Eindhoven,Zwolle,4.0,2.0,1.17,7.26,16.11,1.43,2.78,18.0,9.0,10.0,4.0,6.0,5.0
2021-05-13,Sparta Rotterdam,Utrecht,0.0,0.0,3.07,3.7,2.16,1.73,2.11,11.0,17.0,2.0,6.0,3.0,8.0
2021-05-13,Waalwijk,Twente,2.0,1.0,2.32,3.57,2.87,1.67,2.18,10.0,5.0,2.0,2.0,5.0,0.0
2021-05-16,AZ Alkmaar,Heracles,5.0,0.0,1.51,4.6,5.7,1.42,2.78,26.0,4.0,9.0,2.0,8.0,3.0
2021-05-16,Feyenoord,Waalwijk,3.0,0.0,1.41,5.0,6.89,1.36,3.08,14.0,3.0,6.0,1.0,6.0,0.0
2021-05-16,Heerenveen,Sparta Rotterdam,1.0,2.0,2.73,3.53,2.46,1.77,2.03,16.0,13.0,4.0,4.0,3.0,6.0
2021-05-16,Twente,Den Haag,3.0,2.0,1.66,4.22,4.62,1.63,2.24,23.0,10.0,9.0,5.0,9.0,6.0
2021-05-16,Utrecht,PSV Eindhoven,1.0,1.0,3.29,3.77,2.05,1.51,2.51,8.0,10.0,5.0,3.0,3.0,2.0
2021-05-16,Vitesse,Ajax,1.0,3.0,5.01,4.43,1.58,1.36,3.08,11.0,18.0,2.0,8.0,4.0,10.0
2021-05-16,VVV Venlo,FC Emmen,0.0,4.0,4.2,4.15,1.73,1.57,2.35,12.0,16.0,2.0,8.0,4.0,4.0
2021-05-16,Willem II,For Sittard,2.0,1.0,1.85,4.14,3.66,1.54,2.42,18.0,10.0,7.0,2.0,6.0,5.0
2021-05-16,Zwolle,Groningen,1.0,0.0,2.49,3.45,2.72,1.89,1.9,13.0,11.0,4.0,1.0,4.0,0.0
2021-08-13,Go Ahead Eagles,Heerenveen,0.0,1.0,2.69,3.36,2.59,1.95,1.86,11.0,19.0,3.0,5.0,3.0,11.0
2021-08-14,Waalwijk,AZ Alkmaar,1.0,0.0,6.33,4.77,1.45,1.47,2.65,7.0,19.0,2.0,5.0,4.0,6.0
2021-08-14,Heracles,PSV Eindhoven,0.0,2.0,6.1,4.6,1.48,1.52,2.52,6.0,19.0,2.0,6.0,2.0,11.0
2021-08-14,For Sittard,Twente,2.0,1.0,2.71,3.43,2.52,1.77,2.05,6.0,13.0,4.0,1.0,8.0,5.0
2021-08-14,Ajax,Nijmegen,5.0,0.0,1.08,10.65,27.08,1.28,3.6,25.0,7.0,9.0,1.0,10.0,0.0
2021-08-15,Cambuur,Groningen,1.0,2.0,2.46,3.51,2.72,1.77,2.05,6.0,11.0,3.0,7.0,2.0,8.0
2021-08-15,Utrecht,Sparta Rotterdam,4.0,0.0,1.57,4.26,5.36,1.61,2.32,22.0,7.0,8.0,1.0,4.0,2.0
2021-08-15,Zwolle,Vitesse,0.0,1.0,3.74,3.56,1.96,1.79,2.03,15.0,14.0,5.0,6.0,6.0,2.0
2021-08-15,Willem II,Feyenoord,0.0,4.0,4.1,4.02,1.78,1.56,2.4,6.0,21.0,3.0,9.0,5.0,4.0
2021-08-20,Nijmegen,Zwolle,2.0,0.0,2.54,3.33,2.75,1.83,1.97,8.0,17.0,3.0,1.0,2.0,5.0
2021-08-21,Heerenveen,Waalwijk,3.0,2.0,1.76,3.69,4.55,1.59,2.31,11.0,17.0,4.0,3.0,2.0,7.0
2021-08-21,PSV Eindhoven,Cambuur,4.0,1.0,1.25,6.21,10.16,1.4,2.88,25.0,8.0,8.0,4.0,11.0,3.0
2021-08-21,Sparta Rotterdam,Heracles,1.0,1.0,2.18,3.22,3.42,1.91,1.89,11.0,12.0,4.0,4.0,4.0,9.0
2021-08-21,Groningen,Utrecht,0.0,0.0,3.57,3.64,1.97,1.86,1.94,13.0,5.0,3.0,0.0,5.0,4.0
2021-08-22,Twente,Ajax,1.0,1.0,8.86,5.82,1.29,1.35,3.06,13.0,9.0,3.0,3.0,1.0,7.0
2021-08-22,Feyenoord,Go Ahead Eagles,2.0,0.0,1.24,6.12,10.83,1.44,2.71,29.0,8.0,9.0,3.0,10.0,3.0
2021-08-22,Vitesse,Willem II,0.0,3.0,1.63,4.02,5.04,1.64,2.23,17.0,13.0,6.0,4.0,6.0,3.0
2021-08-27,For Sittard,Waalwijk,2.0,2.0,1.79,3.89,4.17,1.69,2.18,11.0,15.0,2.0,5.0,5.0,6.0
2021-08-28,Cambuur,Twente,2.0,0.0,2.54,3.49,2.65,1.68,2.18,23.0,10.0,6.0,2.0,8.0,5.0
2021-08-28,Go Ahead Eagles,Sparta Rotterdam,2.0,0.0,3.12,3.38,2.27,1.95,1.85,18.0,13.0,7.0,1.0,7.0,3.0
2021-08-28,PSV Eindhoven,Groningen,5.0,2.0,1.33,5.19,8.92,1.59,2.33,16.0,14.0,8.0,4.0,7.0,7.0
2021-08-28,Willem II,Zwolle,1.0,0.0,2.17,3.39,3.33,1.84,1.97,16.0,11.0,3.0,4.0,6.0,0.0
2021-08-29,Utrecht,Feyenoord,3.0,1.0,2.81,3.39,2.47,1.67,2.19,19.0,12.0,7.0,2.0,8.0,6.0
2021-08-29,Ajax,Vitesse,5.0,0.0,1.23,6.54,11.15,1.35,3.15,29.0,7.0,11.0,1.0,6.0,1.0
2021-08-29,Heracles,Nijmegen,0.0,1.0,1.78,3.97,4.13,1.75,2.07,14.0,6.0,4.0,4.0,7.0,1.0
2021-08-29,Heerenveen,AZ Alkmaar,1.0,3.0,3.69,3.59,1.97,1.68,2.17,7.0,15.0,3.0,5.0,3.0,7.0
2021-09-11,Twente,Utrecht,1.0,0.0,3.53,3.56,2.03,1.78,2.04,11.0,11.0,5.0,1.0,3.0,5.0
2021-09-11,Cambuur,Go Ahead Eagles,5.0,2.0,1.75,3.8,4.51,1.81,2.01,15.0,13.0,9.0,7.0,1.0,5.0
2021-09-11,Zwolle,Ajax,0.0,2.0,12.64,7.18,1.2,1.35,3.16,9.0,17.0,2.0,8.0,5.0,7.0
2021-09-11,AZ Alkmaar,PSV Eindhoven,0.0,3.0,3.18,3.79,2.1,1.61,2.31,7.0,10.0,3.0,4.0,6.0,2.0
2021-09-12,Nijmegen,Willem II,0.0,0.0,2.68,3.36,2.55,1.88,1.92,22.0,8.0,8.0,2.0,10.0,1.0
2021-09-12,Groningen,Heerenveen,1.0,1.0,2.07,3.54,3.4,1.87,1.95,15.0,8.0,3.0,2.0,9.0,0.0
2021-09-12,Sparta Rotterdam,For Sittard,3.0,1.0,1.97,3.6,3.65,1.84,1.97,18.0,4.0,8.0,2.0,3.0,4.0
2021-09-12,Waalwijk,Vitesse,1.0,2.0,3.27,3.66,2.08,1.65,2.26,9.0,9.0,4.0,4.0,7.0,2.0
2021-09-17,Sparta Rotterdam,Nijmegen,1.0,1.0,2.07,3.5,3.54,1.96,1.85,15.0,11.0,4.0,4.0,4.0,6.0
2021-09-18,Heerenveen,For Sittard,1.0,0.0,1.75,3.92,4.32,1.71,2.14,17.0,13.0,7.0,4.0,7.0,2.0
2021-09-18,Willem II,Groningen,2.0,1.0,2.42,3.34,2.89,1.9,1.91,7.0,14.0,3.0,5.0,5.0,4.0
2021-09-18,Ajax,Cambuur,9.0,0.0,1.09,11.09,25.41,1.21,4.24,21.0,11.0,11.0,2.0,6.0,1.0
2021-09-18,Utrecht,Waalwijk,2.0,2.0,1.31,5.5,9.12,1.53,2.5,19.0,13.0,6.0,5.0,10.0,4.0
2021-09-19,Go Ahead Eagles,Zwolle,1.0,0.0,2.42,3.33,2.91,1.99,1.82,19.0,9.0,7.0,3.0,4.0,4.0
2021-09-19,PSV Eindhoven,Feyenoord,0.0,4.0,1.71,3.99,4.55,1.55,2.43,14.0,10.0,3.0,4.0,7.0,5.0
2021-09-19,Heracles,AZ Alkmaar,3.0,2.0,4.0,3.75,1.85,1.72,2.14,14.0,10.0,7.0,4.0,1.0,7.0
2021-09-19,Vitesse,Twente,1.0,4.0,2.0,3.65,3.54,1.7,2.14,19.0,12.0,7.0,7.0,6.0,4.0
2021-09-21,For Sittard,Ajax,0.0,5.0,18.91,9.11,1.13,1.26,3.75,6.0,25.0,1.0,9.0,3.0,8.0
2021-09-21,Waalwijk,Willem II,1.0,2.0,2.51,3.52,2.69,1.76,2.05,11.0,14.0,4.0,5.0,4.0,5.0
2021-09-22,Go Ahead Eagles,PSV Eindhoven,1.0,2.0,10.19,5.76,1.28,1.5,2.57,12.0,19.0,5.0,8.0,1.0,8.0
2021-09-22,Nijmegen,Utrecht,0.0,3.0,4.51,3.84,1.75,1.77,2.05,12.0,12.0,3.0,4.0,2.0,7.0
2021-09-22,Groningen,Vitesse,0.0,1.0,2.47,3.46,2.75,1.85,1.96,8.0,13.0,2.0,3.0,0.0,8.0
2021-09-22,Feyenoord,Heerenveen,3.0,1.0,1.4,5.01,7.05,1.51,2.51,21.0,5.0,9.0,1.0,8.0,6.0
2021-09-22,Zwolle,Sparta Rotterdam,1.0,1.0,2.71,3.28,2.61,1.98,1.83,16.0,8.0,4.0,4.0,4.0,7.0
2021-09-23,Cambuur,Heracles,2.0,1.0,2.14,3.64,3.17,1.64,2.25,10.0,17.0,4.0,4.0,3.0,10.0
2021-09-23,Twente,AZ Alkmaar,3.0,1.0,3.37,3.65,2.06,1.63,2.27,11.0,11.0,7.0,5.0,3.0,4.0
2021-09-25,Willem II,PSV Eindhoven,2.0,1.0,5.87,4.36,1.52,1.61,2.29,3.0,25.0,1.0,9.0,1.0,6.0
2021-09-25,Ajax,Groningen,3.0,0.0,1.05,14.34,40.64,1.23,3.94,23.0,5.0,9.0,2.0,4.0,2.0
2021-09-25,Vitesse,For Sittard,1.0,1.0,1.62,4.17,4.96,1.59,2.33,22.0,2.0,9.0,1.0,6.0,2.0
2021-09-25,Feyenoord,Nijmegen,5.0,3.0,1.22,6.66,12.31,1.41,2.84,19.0,8.0,7.0,3.0,7.0,1.0
2021-09-25,Utrecht,Zwolle,5.0,1.0,1.3,5.54,9.56,1.55,2.42,22.0,8.0,11.0,3.0,8.0,1.0
2021-09-26,Sparta Rotterdam,Cambuur,0.0,4.0,1.98,3.71,3.55,1.68,2.18,9.0,9.0,1.0,5.0,5.0,2.0
2021-09-26,AZ Alkmaar,Go Ahead Eagles,5.0,0.0,1.33,5.32,8.83,1.51,2.53,17.0,6.0,13.0,1.0,5.0,2.0
2021-09-26,Heerenveen,Twente,2.0,3.0,2.35,3.42,2.94,1.81,2.0,12.0,13.0,3.0,5.0,5.0,4.0
2021-09-26,Heracles,Waalwijk,1.0,0.0,1.83,3.74,4.11,1.7,2.14,22.0,5.0,9.0,0.0,6.0,1.0
2021-10-01,Groningen,Twente,1.0,1.0,2.69,3.33,2.62,1.9,1.9,8.0,11.0,4.0,3.0,4.0,7.0
2021-10-02,Waalwijk,Go Ahead Eagles,1.0,1.0,2.27,3.55,3.0,1.68,2.18,16.0,13.0,3.0,3.0,5.0,4.0
2021-10-02,Heracles,Willem II,3.0,2.0,1.9,3.75,3.81,1.82,1.99,17.0,13.0,7.0,5.0,6.0,4.0
2021-10-02,Zwolle,Heerenveen,0.0,1.0,2.84,3.28,2.5,1.94,1.87,16.0,9.0,3.0,2.0,5.0,7.0
2021-10-02,For Sittard,Nijmegen,1.0,3.0,2.42,3.46,2.83,1.8,2.01,11.0,10.0,3.0,4.0,3.0,1.0
2021-10-03,Ajax,Utrecht,0.0,1.0,1.18,7.56,14.03,1.27,3.74,20.0,8.0,6.0,4.0,12.0,3.0
2021-10-03,Cambuur,AZ Alkmaar,1.0,3.0,3.91,3.95,1.83,1.54,2.43,13.0,9.0,4.0,5.0,3.0,1.0
2021-10-03,Vitesse,Feyenoord,2.0,1.0,3.4,3.91,1.98,1.59,2.33,14.0,19.0,6.0,3.0,9.0,6.0
2021-10-03,PSV Eindhoven,Sparta Rotterdam,2.0,1.0,1.2,6.8,13.29,1.46,2.68,26.0,5.0,12.0,2.0,10.0,0.0
2021-10-16,Feyenoord,Waalwijk,2.0,2.0,1.19,6.96,12.96,1.34,3.2,27.0,5.0,9.0,3.0,10.0,2.0
2021-10-16,Go Ahead Eagles,Heracles,4.0,2.0,3.02,3.43,2.27,1.91,1.9,12.0,22.0,4.0,6.0,6.0,6.0
2021-10-16,Heerenveen,Ajax,0.0,2.0,10.47,6.44,1.24,1.33,3.25,14.0,15.0,5.0,3.0,7.0,7.0
2021-10-16,For Sittard,Cambuur,1.0,0.0,2.56,3.55,2.58,1.61,2.31,9.0,8.0,6.0,3.0,6.0,3.0
2021-10-16,PSV Eindhoven,Zwolle,3.0,1.0,1.15,7.68,16.34,1.41,2.85,29.0,6.0,10.0,1.0,7.0,2.0
2021-10-17,AZ Alkmaar,Utrecht,5.0,1.0,2.06,3.68,3.3,1.64,2.26,10.0,8.0,7.0,3.0,2.0,3.0
2021-10-17,Nijmegen,Vitesse,0.0,1.0,3.01,3.52,2.24,1.8,2.02,9.0,15.0,3.0,6.0,4.0,4.0
2021-10-17,Sparta Rotterdam,Groningen,1.0,1.0,2.34,3.32,2.99,1.91,1.9,17.0,7.0,5.0,3.0,5.0,5.0
2021-10-17,Twente,Willem II,1.0,1.0,1.73,3.85,4.52,1.71,2.14,6.0,7.0,2.0,3.0,3.0,3.0
2021-10-22,Willem II,For Sittard,1.0,1.0,1.91,3.64,3.89,1.87,1.94,21.0,11.0,7.0,7.0,8.0,5.0
2021-10-23,Utrecht,Heerenveen,2.0,1.0,1.45,4.6,6.65,1.58,2.39,16.0,12.0,6.0,6.0,6.0,3.0
2021-10-23,Zwolle,Heracles,1.0,0.0,3.0,3.44,2.29,1.92,1.89,10.0,10.0,2.0,3.0,3.0,3.0
2021-10-23,Waalwijk,Sparta Rotterdam,1.0,0.0,2.62,3.45,2.57,1.81,2.01,10.0,9.0,4.0,2.0,3.0,3.0
2021-10-24,Twente,Nijmegen,1.0,2.0,1.72,3.88,4.55,1.74,2.11,20.0,6.0,6.0,4.0,5.0,4.0
2021-10-24,Cambuur,Feyenoord,2.0,3.0,5.28,4.53,1.54,1.42,2.82,8.0,21.0,4.0,5.0,4.0,6.0
2021-10-24,Vitesse,Go Ahead Eagles,1.0,2.0,1.55,4.36,5.51,1.59,2.35,11.0,10.0,3.0,6.0,4.0,4.0
2021-10-24,Ajax,PSV Eindhoven,5.0,0.0,1.44,4.88,6.33,1.44,2.76,16.0,10.0,7.0,5.0,6.0,1.0
2021-10-24,Groningen,AZ Alkmaar,2.0,0.0,4.3,3.72,1.79,1.79,2.03,8.0,21.0,4.0,9.0,3.0,11.0
2021-10-30,PSV Eindhoven,Twente,5.0,2.0,1.32,5.36,8.79,1.52,2.49,20.0,7.0,12.0,4.0,4.0,2.0
2021-10-30,Heracles,Ajax,0.0,0.0,13.74,7.1,1.19,1.36,3.05,7.0,18.0,5.0,7.0,2.0,6.0
2021-10-30,Heerenveen,Vitesse,1.0,2.0,2.59,3.5,2.58,1.69,2.16,6.0,26.0,1.0,9.0,2.0,11.0
2021-10-30,AZ Alkmaar,Zwolle,3.0,2.0,1.24,6.01,10.98,1.5,2.52,17.0,7.0,6.0,3.0,3.0,1.0
2021-10-31,Sparta Rotterdam,Feyenoord,0.0,1.0,5.92,4.48,1.5,1.56,2.39,6.0,15.0,2.0,6.0,7.0,8.0
2021-10-31,Nijmegen,Groningen,3.0,0.0,2.53,3.28,2.76,1.95,1.85,18.0,11.0,9.0,1.0,6.0,6.0
2021-10-31,Utrecht,Willem II,5.0,1.0,1.37,4.89,7.9,1.55,2.4,19.0,9.0,7.0,3.0,4.0,5.0
2021-10-31,Waalwijk,Cambuur,0.0,1.0,2.51,3.54,2.62,1.62,2.28,20.0,14.0,3.0,5.0,8.0,3.0
2021-10-31,Go Ahead Eagles,For Sittard,4.0,3.0,1.84,3.76,3.97,1.73,2.11,23.0,11.0,5.0,5.0,5.0,3.0
2021-11-05,Twente,Heracles,1.0,0.0,2.22,3.38,3.25,1.98,1.83,15.0,10.0,5.0,2.0,4.0,2.0
2021-11-06,Nijmegen,Heerenveen,1.0,1.0,2.32,3.42,3.02,1.88,1.92,17.0,19.0,7.0,6.0,11.0,7.0
2021-11-06,Willem II,Sparta Rotterdam,0.0,3.0,2.15,3.5,3.26,1.87,1.94,8.0,10.0,0.0,5.0,5.0,7.0
2021-11-06,Zwolle,Cambuur,1.0,2.0,2.15,3.54,3.23,1.76,2.07,14.0,13.0,4.0,4.0,8.0,3.0
2021-11-07,Groningen,Waalwijk,1.0,1.0,1.77,3.77,4.44,1.81,2.0,15.0,6.0,6.0,1.0,5.0,3.0
2021-11-07,For Sittard,PSV Eindhoven,1.0,4.0,9.0,5.57,1.31,1.47,2.63,8.0,21.0,1.0,9.0,1.0,5.0
2021-11-07,Feyenoord,AZ Alkmaar,1.0,0.0,1.92,3.83,3.65,1.59,2.32,20.0,9.0,8.0,4.0,5.0,4.0
2021-11-07,Vitesse,Utrecht,2.0,1.0,2.91,3.63,2.28,1.65,2.24,19.0,6.0,8.0,2.0,9.0,2.0
2021-11-07,Ajax,Go Ahead Eagles,0.0,0.0,1.05,13.88,36.08,1.18,4.55,29.0,2.0,5.0,2.0,7.0,3.0
2021-11-20,PSV Eindhoven,Vitesse,2.0,0.0,1.42,4.87,6.95,1.53,2.45,8.0,14.0,5.0,5.0,0.0,5.0
2021-11-20,Sparta Rotterdam,Twente,0.0,1.0,2.7,3.25,2.65,2.03,1.78,11.0,6.0,4.0,4.0,4.0,3.0
2021-11-20,AZ Alkmaar,Nijmegen,1.0,1.0,1.37,4.92,8.33,1.61,2.3,21.0,7.0,7.0,2.0,15.0,1.0
2021-11-20,Heracles,For Sittard,3.0,1.0,1.66,3.96,5.0,1.67,2.18,19.0,14.0,8.0,4.0,5.0,4.0
2021-11-21,Go Ahead Eagles,Groningen,0.0,1.0,2.35,3.33,3.02,1.93,1.87,6.0,19.0,3.0,9.0,5.0,6.0
2021-11-21,Feyenoord,Zwolle,4.0,0.0,1.2,6.67,13.12,1.47,2.61,18.0,5.0,9.0,4.0,6.0,2.0
2021-11-21,Heerenveen,Willem II,2.0,1.0,2.0,3.61,3.59,1.72,2.12,9.0,17.0,4.0,5.0,3.0,8.0
2021-11-21,Waalwijk,Ajax,0.0,5.0,19.87,8.88,1.12,1.32,3.28,9.0,22.0,2.0,10.0,5.0,9.0
2021-11-21,Cambuur,Utrecht,2.0,1.0,4.05,3.93,1.8,1.57,2.35,10.0,15.0,4.0,5.0,6.0,11.0
2021-11-26,Nijmegen,Cambuur,2.0,3.0,2.31,3.42,3.05,1.75,2.07,20.0,15.0,9.0,8.0,10.0,3.0
2021-11-27,For Sittard,Groningen,1.0,4.0,2.97,3.34,2.38,1.92,1.88,11.0,14.0,7.0,7.0,1.0,2.0
2021-11-27,Zwolle,Waalwijk,0.0,0.0,2.11,3.49,3.37,1.86,1.94,9.0,5.0,1.0,3.0,4.0,5.0
2021-11-27,Willem II,Go Ahead Eagles,0.0,1.0,2.07,3.53,3.44,1.85,1.95,19.0,6.0,5.0,3.0,9.0,4.0
2021-11-28,Sparta Rotterdam,Ajax,0.0,1.0,15.77,7.77,1.16,1.37,3.02,1.0,15.0,0.0,8.0,1.0,11.0
2021-11-28,Twente,Feyenoord,0.0,0.0,4.26,3.75,1.8,1.69,2.17,3.0,19.0,1.0,5.0,2.0,13.0
2021-11-28,Utrecht,Heracles,1.0,0.0,1.63,4.23,4.8,1.65,2.23,22.0,8.0,7.0,0.0,9.0,3.0
2021-11-28,Heerenveen,PSV Eindhoven,1.0,1.0,5.65,4.45,1.52,1.53,2.46,8.0,13.0,1.0,2.0,3.0,8.0
2021-11-28,Vitesse,AZ Alkmaar,0.0,0.0,3.05,3.55,2.22,1.72,2.1,16.0,13.0,1.0,0.0,6.0,3.0
2021-12-01,Feyenoord,Heracles,2.0,1.0,1.32,5.3,8.92,1.56,2.37,22.0,4.0,12.0,2.0,1.0,1.0
2021-12-02,AZ Alkmaar,For Sittard,2.0,1.0,1.29,5.51,9.9,1.57,2.35,19.0,7.0,7.0,2.0,2.0,3.0
2021-12-02,Ajax,Willem II,5.0,0.0,1.08,11.22,26.86,1.21,4.17,21.0,3.0,9.0,0.0,8.0,1.0
2021-12-03,Groningen,Zwolle,1.0,1.0,1.77,3.51,4.93,2.23,1.65,8.0,12.0,1.0,4.0,6.0,4.0
2021-12-04,PSV Eindhoven,Utrecht,4.0,1.0,1.56,4.4,5.31,1.51,2.52,11.0,10.0,6.0,1.0,3.0,2.0
2021-12-04,Cambuur,Vitesse,1.0,6.0,3.13,3.65,2.16,1.71,2.15,7.0,23.0,1.0,9.0,3.0,8.0
2021-12-04,Heracles,Heerenveen,0.0,1.0,2.08,3.59,3.38,1.77,2.05,12.0,10.0,2.0,2.0,5.0,1.0
2021-12-05,Waalwijk,Nijmegen,2.0,1.0,2.91,3.49,2.34,1.87,1.94,15.0,11.0,6.0,4.0,3.0,5.0
2021-12-05,AZ Alkmaar,Sparta Rotterdam,3.0,1.0,1.47,4.43,6.71,1.79,2.04,10.0,8.0,5.0,4.0,8.0,0.0
2021-12-05,Go Ahead Eagles,Twente,1.0,2.0,2.93,3.42,2.36,1.95,1.86,12.0,11.0,5.0,2.0,7.0,3.0
2021-12-05,Feyenoord,For Sittard,5.0,0.0,1.2,6.7,13.46,1.43,2.79,24.0,8.0,10.0,5.0,9.0,2.0
2021-12-10,Willem II,Cambuur,1.0,3.0,2.4,3.52,2.84,1.71,2.13,13.0,14.0,4.0,8.0,4.0,7.0
2021-12-11,Utrecht,Go Ahead Eagles,0.0,0.0,1.41,4.86,7.13,1.58,2.38,21.0,7.0,8.0,1.0,5.0,3.0
2021-12-11,Heerenveen,Sparta Rotterdam,0.0,0.0,2.08,3.51,3.46,1.93,1.88,11.0,10.0,4.0,3.0,6.0,2.0
2021-12-11,Zwolle,For Sittard,0.0,1.0,1.81,3.73,4.27,1.91,1.89,13.0,13.0,1.0,8.0,9.0,5.0
2021-12-12,Twente,Waalwijk,2.0,1.0,1.59,4.07,5.51,1.8,2.02,19.0,12.0,10.0,3.0,5.0,3.0
2021-12-12,Groningen,Feyenoord,1.0,1.0,5.82,4.21,1.55,1.72,2.12,5.0,27.0,3.0,7.0,0.0,13.0
2021-12-12,Vitesse,Heracles,2.0,1.0,1.71,3.88,4.64,1.8,2.02,10.0,9.0,5.0,4.0,3.0,5.0
2021-12-12,Ajax,AZ Alkmaar,1.0,2.0,1.23,6.71,10.92,1.32,3.32,23.0,5.0,8.0,3.0,10.0,1.0
2021-12-12,Nijmegen,PSV Eindhoven,1.0,2.0,8.04,5.08,1.36,1.54,2.44,6.0,29.0,6.0,10.0,1.0,14.0
2021-12-18,For Sittard,Utrecht,2.0,2.0,5.15,4.17,1.61,1.65,2.23,8.0,16.0,3.0,6.0,1.0,7.0
2021-12-18,Sparta Rotterdam,Vitesse,2.0,2.0,3.25,3.3,2.25,2.13,1.71,15.0,5.0,7.0,3.0,5.0,3.0
2021-12-18,AZ Alkmaar,Willem II,4.0,1.0,1.32,5.4,8.96,1.53,2.48,13.0,10.0,3.0,5.0,5.0,2.0
2021-12-18,Heracles,Groningen,4.0,2.0,2.1,3.38,3.56,2.11,1.73,13.0,5.0,10.0,3.0,9.0,0.0
2021-12-18,Zwolle,Twente,1.0,3.0,3.55,3.28,2.13,2.29,1.62,13.0,7.0,2.0,4.0,8.0,3.0
2021-12-19,Cambuur,Heerenveen,1.0,2.0,2.29,3.6,2.95,1.62,2.29,7.0,23.0,4.0,7.0,3.0,7.0
2021-12-19,Feyenoord,Ajax,0.0,2.0,4.2,4.11,1.75,1.53,2.46,11.0,8.0,1.0,1.0,4.0,4.0
2021-12-19,Go Ahead Eagles,Nijmegen,0.0,2.0,2.29,3.44,3.06,1.84,1.97,14.0,10.0,2.0,5.0,7.0,3.0
2021-12-19,Waalwijk,PSV Eindhoven,1.0,4.0,11.85,6.54,1.22,1.48,2.62,7.0,25.0,4.0,12.0,2.0,2.0
2021-12-21,Vitesse,Zwolle,1.0,0.0,1.52,4.19,6.57,1.99,1.83,14.0,15.0,5.0,7.0,2.0,7.0
2021-12-21,AZ Alkmaar,Groningen,1.0,0.0,1.36,4.98,8.74,1.68,2.19,15.0,12.0,6.0,3.0,4.0,3.0
2021-12-22,Heerenveen,Feyenoord,0.0,3.0,5.84,4.34,1.53,1.65,2.25,7.0,23.0,1.0,10.0,3.0,9.0
2021-12-22,Willem II,Nijmegen,0.0,1.0,2.51,3.26,2.85,1.91,1.89,13.0,13.0,1.0,5.0,4.0,2.0
2021-12-22,Heracles,Cambuur,1.0,1.0,2.03,3.76,3.37,1.65,2.23,23.0,8.0,7.0,4.0,5.0,4.0
2021-12-22,Ajax,For Sittard,5.0,0.0,1.04,16.43,41.22,1.16,4.93,27.0,6.0,14.0,0.0,14.0,2.0
2021-12-22,Utrecht,Twente,1.0,1.0,1.78,3.87,4.25,1.78,2.04,14.0,4.0,5.0,2.0,7.0,2.0
2021-12-23,PSV Eindhoven,Go Ahead Eagles,2.0,0.0,1.14,8.19,19.52,1.41,2.85,21.0,3.0,7.0,1.0,9.0,1.0
2021-12-23,Sparta Rotterdam,Waalwijk,1.0,1.0,1.81,3.56,4.46,1.98,1.82,18.0,5.0,7.0,3.0,7.0,0.0
2022-01-14,Zwolle,Willem II,2.0,0.0,3.05,3.32,2.35,2.04,1.79,15.0,7.0,5.0,0.0,5.0,6.0
2022-01-15,Nijmegen,Heracles,0.0,0.0,2.48,3.42,2.77,1.98,1.82,13.0,12.0,1.0,2.0,3.0,10.0
2022-01-15,Feyenoord,Vitesse,0.0,1.0,1.43,4.74,6.9,1.61,2.31,18.0,15.0,3.0,5.0,5.0,4.0
2022-01-15,Twente,Heerenveen,2.0,0.0,1.97,3.57,3.74,1.91,1.89,16.0,8.0,6.0,3.0,4.0,6.0
2022-01-15,Go Ahead Eagles,Waalwijk,0.0,2.0,2.07,3.49,3.48,1.94,1.86,9.0,10.0,4.0,3.0,4.0,6.0
2022-01-16,Utrecht,Ajax,0.0,3.0,6.34,4.87,1.44,1.45,2.69,10.0,8.0,1.0,3.0,3.0,0.0
2022-01-16,Cambuur,Sparta Rotterdam,1.0,1.0,2.44,3.55,2.72,1.75,2.07,12.0,12.0,3.0,7.0,2.0,4.0
2022-01-16,Groningen,PSV Eindhoven,0.0,1.0,8.02,4.99,1.37,1.65,2.23,6.0,10.0,0.0,2.0,2.0,5.0
2022-01-16,For Sittard,AZ Alkmaar,1.0,2.0,6.81,4.85,1.42,1.53,2.46,15.0,10.0,5.0,5.0,8.0,6.0
2022-01-22,Vitesse,Groningen,1.0,3.0,1.69,3.74,5.0,1.89,1.91,7.0,11.0,2.0,7.0,3.0,2.0
2022-01-22,AZ Alkmaar,Cambuur,0.0,0.0,1.36,5.23,7.61,1.42,2.79,18.0,5.0,5.0,2.0,18.0,0.0
2022-01-22,Heerenveen,Zwolle,0.0,1.0,1.94,3.52,3.87,1.88,1.92,14.0,10.0,4.0,6.0,3.0,6.0
2022-01-22,Willem II,Twente,0.0,1.0,3.2,3.38,2.23,1.94,1.85,6.0,7.0,1.0,2.0,4.0,4.0
2022-01-23,Nijmegen,Feyenoord,1.0,4.0,7.69,4.85,1.39,1.6,2.29,6.0,28.0,4.0,11.0,2.0,9.0
2022-01-23,Heracles,Go Ahead Eagles,1.0,1.0,1.83,3.56,4.35,1.91,1.89,20.0,11.0,4.0,2.0,8.0,4.0
2022-01-23,PSV Eindhoven,Ajax,1.0,2.0,3.61,3.69,1.97,1.63,2.25,10.0,15.0,4.0,6.0,6.0,5.0
2022-01-23,Sparta Rotterdam,Utrecht,0.0,3.0,3.51,3.43,2.07,1.86,1.94,9.0,13.0,1.0,7.0,5.0,7.0
2022-01-23,Waalwijk,For Sittard,2.0,1.0,2.34,3.42,2.95,1.83,1.97,14.0,13.0,6.0,6.0,4.0,5.0
2022-02-05,Utrecht,Cambuur,3.0,2.0,1.4,4.93,7.23,1.59,2.35,13.0,8.0,6.0,5.0,10.0,5.0
2022-02-05,For Sittard,Heerenveen,2.0,0.0,2.72,3.51,2.47,1.71,2.13,6.0,15.0,3.0,4.0,7.0,5.0
2022-02-05,PSV Eindhoven,AZ Alkmaar,1.0,2.0,1.62,4.13,5.07,1.68,2.17,15.0,12.0,4.0,3.0,8.0,5.0
2022-02-05,Zwolle,Nijmegen,1.0,1.0,2.19,3.42,3.25,2.04,1.77,13.0,12.0,5.0,4.0,5.0,4.0
2022-02-05,Twente,Vitesse,3.0,0.0,2.46,3.25,2.91,2.05,1.77,17.0,8.0,6.0,2.0,6.0,0.0
2022-02-06,Feyenoord,Sparta Rotterdam,4.0,0.0,1.26,5.82,11.38,1.62,2.29,16.0,5.0,6.0,0.0,5.0,0.0
2022-02-06,Groningen,Go Ahead Eagles,2.0,1.0,1.97,3.31,4.03,2.21,1.67,17.0,13.0,5.0,5.0,2.0,5.0
2022-02-06,Willem II,Waalwijk,3.0,1.0,2.15,3.42,3.33,2.01,1.8,6.0,13.0,4.0,6.0,1.0,7.0
2022-02-06,Ajax,Heracles,3.0,0.0,1.07,11.51,29.7,1.25,3.8,25.0,5.0,12.0,0.0,7.0,0.0
2022-02-11,Heracles,Utrecht,1.0,0.0,3.2,3.45,2.21,1.88,1.92,14.0,17.0,5.0,5.0,7.0,4.0
2022-02-12,Cambuur,Zwolle,3.0,4.0,2.38,3.48,2.87,1.81,2.0,11.0,12.0,6.0,9.0,6.0,2.0
2022-02-12,Groningen,For Sittard,0.0,1.0,1.87,3.57,4.13,1.95,1.86,18.0,8.0,7.0,5.0,7.0,5.0
2022-02-12,Vitesse,PSV Eindhoven,0.0,5.0,4.68,3.92,1.7,1.71,2.13,18.0,18.0,2.0,13.0,6.0,3.0
2022-02-13,Go Ahead Eagles,AZ Alkmaar,1.0,4.0,6.34,4.32,1.5,1.73,2.11,9.0,16.0,4.0,9.0,4.0,7.0
2022-02-13,Sparta Rotterdam,Willem II,1.0,0.0,2.05,3.42,3.62,1.99,1.82,14.0,5.0,6.0,0.0,2.0,1.0
2022-02-13,Heerenveen,Nijmegen,0.0,1.0,2.28,3.49,3.01,1.78,2.04,14.0,6.0,4.0,2.0,6.0,3.0
2022-02-13,Waalwijk,Feyenoord,0.0,2.0,11.63,5.6,1.27,1.63,2.26,11.0,16.0,4.0,4.0,9.0,8.0
2022-02-13,Ajax,Twente,5.0,0.0,1.13,8.43,19.81,1.45,2.72,23.0,3.0,11.0,1.0,10.0,0.0
2022-02-19,Nijmegen,Waalwijk,1.0,1.0,2.04,3.5,3.58,1.84,1.96,24.0,12.0,6.0,3.0,8.0,3.0
2022-02-19,Willem II,Ajax,0.0,1.0,26.13,10.13,1.09,1.34,3.22,6.0,31.0,1.0,5.0,2.0,12.0
2022-02-19,AZ Alkmaar,Heracles,2.0,1.0,1.38,4.92,8.06,1.67,2.19,13.0,3.0,5.0,1.0,3.0,3.0
2022-02-20,Zwolle,Groningen,1.0,1.0,2.24,3.36,3.21,2.0,1.8,10.0,11.0,4.0,3.0,6.0,1.0
2022-02-20,Feyenoord,Cambuur,3.0,1.0,1.14,8.51,17.45,1.31,3.36,19.0,6.0,11.0,2.0,4.0,1.0
2022-02-20,Twente,Go Ahead Eagles,2.0,2.0,1.73,3.75,4.78,1.93,1.87,25.0,9.0,5.0,6.0,6.0,4.0
2022-02-20,PSV Eindhoven,Heerenveen,3.0,1.0,1.17,7.4,16.1,1.42,2.83,13.0,9.0,4.0,4.0,9.0,4.0
2022-02-20,Utrecht,Vitesse,1.0,1.0,1.8,3.78,4.25,1.75,2.07,8.0,19.0,1.0,2.0,3.0,2.0
2022-02-25,Waalwijk,Twente,1.0,2.0,3.28,3.39,2.2,1.95,1.86,15.0,18.0,6.0,4.0,6.0,6.0
2022-02-26,Heracles,Zwolle,2.0,0.0,2.08,3.43,3.54,1.98,1.82,22.0,12.0,8.0,2.0,8.0,5.0
2022-02-26,Groningen,Willem II,1.0,0.0,1.91,3.44,4.18,2.1,1.73,17.0,9.0,5.0,0.0,5.0,5.0
2022-02-26,Cambuur,For Sittard,2.0,1.0,2.04,3.59,3.49,1.73,2.1,16.0,9.0,9.0,4.0,6.0,5.0
2022-02-27,AZ Alkmaar,Feyenoord,2.0,1.0,2.68,3.47,2.54,1.83,1.98,9.0,13.0,3.0,6.0,5.0,7.0
2022-02-27,Vitesse,Nijmegen,4.0,1.0,1.77,3.84,4.37,1.82,1.98,20.0,8.0,8.0,3.0,6.0,1.0
2022-02-27,Sparta Rotterdam,PSV Eindhoven,1.0,2.0,7.4,4.77,1.41,1.65,2.23,12.0,21.0,4.0,9.0,4.0,11.0
2022-02-27,Go Ahead Eagles,Ajax,2.0,1.0,16.89,7.6,1.16,1.42,2.81,7.0,20.0,4.0,4.0,2.0,8.0
2022-02-27,Heerenveen,Utrecht,1.0,2.0,3.65,3.75,1.95,1.7,2.14,10.0,11.0,6.0,8.0,6.0,6.0
2022-03-05,Willem II,Heerenveen,0.0,0.0,2.46,3.29,2.89,2.04,1.77,15.0,10.0,5.0,3.0,11.0,2.0
2022-03-05,Go Ahead Eagles,Utrecht,1.0,1.0,3.83,3.64,1.92,1.87,1.93,9.0,19.0,3.0,7.0,7.0,3.0
2022-03-05,Feyenoord,Groningen,1.0,1.0,1.27,5.59,11.34,1.64,2.24,23.0,6.0,6.0,3.0,8.0,1.0
2022-03-06,PSV Eindhoven,Heracles,3.0,1.0,1.24,6.14,11.73,1.53,2.47,25.0,5.0,14.0,1.0,8.0,2.0
2022-03-06,Twente,Cambuur,1.0,0.0,1.62,4.08,5.15,1.75,2.08,21.0,5.0,4.0,0.0,9.0,5.0
2022-03-06,Ajax,Waalwijk,3.0,2.0,1.06,12.93,32.16,1.19,4.41,39.0,6.0,14.0,3.0,9.0,3.0
2022-03-06,Nijmegen,AZ Alkmaar,1.0,3.0,6.2,4.19,1.53,1.8,2.01,13.0,10.0,7.0,7.0,4.0,6.0
2022-03-06,For Sittard,Zwolle,0.0,1.0,2.64,3.45,2.57,1.83,1.98,17.0,20.0,3.0,4.0,3.0,4.0
2022-03-11,Cambuur,Ajax,2.0,3.0,16.87,9.65,1.13,1.19,4.56,6.0,25.0,3.0,10.0,5.0,5.0
2022-03-12,Sparta Rotterdam,Go Ahead Eagles,1.0,0.0,1.92,3.45,4.14,2.1,1.73,12.0,8.0,5.0,2.0,1.0,4.0
2022-03-12,Groningen,Nijmegen,4.0,3.0,1.87,3.48,4.28,2.1,1.74,20.0,18.0,7.0,7.0,8.0,10.0
2022-03-12,Waalwijk,Heerenveen,0.0,0.0,2.52,3.33,2.79,1.97,1.84,6.0,17.0,0.0,2.0,7.0,7.0
2022-03-13,For Sittard,Willem II,1.0,0.0,2.36,3.33,3.02,2.0,1.8,15.0,12.0,2.0,1.0,1.0,9.0
2022-03-13,Heracles,Vitesse,0.0,0.0,2.46,3.36,2.85,1.96,1.84,11.0,10.0,1.0,2.0,8.0,5.0
2022-03-13,Utrecht,PSV Eindhoven,0.0,1.0,3.84,3.75,1.9,1.7,2.15,6.0,20.0,3.0,4.0,6.0,15.0
2022-03-13,Zwolle,Feyenoord,1.0,2.0,6.62,4.5,1.47,1.67,2.19,7.0,16.0,3.0,6.0,3.0,6.0
2022-03-13,AZ Alkmaar,Twente,0.0,1.0,1.62,4.01,5.32,1.82,1.98,7.0,7.0,0.0,3.0,2.0,3.0
2022-03-18,Heerenveen,Heracles,2.0,0.0,2.42,3.21,3.05,2.15,1.7,14.0,7.0,8.0,2.0,9.0,1.0
2022-03-19,Go Ahead Eagles,Cambuur,3.0,0.0,2.06,3.58,3.45,1.83,1.97,14.0,1.0,5.0,1.0,2.0,4.0
2022-03-19,Twente,Zwolle,1.0,0.0,1.68,3.77,5.11,1.98,1.83,18.0,9.0,7.0,4.0,4.0,5.0
2022-03-19,Nijmegen,Sparta Rotterdam,0.0,0.0,2.48,3.26,2.89,2.1,1.73,18.0,3.0,6.0,0.0,4.0,2.0
2022-03-20,Utrecht,Groningen,1.0,3.0,1.7,3.72,5.06,1.92,1.88,19.0,9.0,6.0,5.0,4.0,3.0
2022-03-20,Ajax,Feyenoord,3.0,2.0,1.43,5.02,6.5,1.42,2.83,17.0,14.0,8.0,4.0,4.0,4.0
2022-03-20,PSV Eindhoven,For Sittard,5.0,0.0,1.1,9.58,23.53,1.33,3.27,24.0,6.0,15.0,0.0,11.0,3.0
2022-03-20,Vitesse,Waalwijk,1.0,2.0,1.62,4.02,5.21,1.81,1.99,25.0,8.0,3.0,4.0,10.0,1.0
2022-03-20,Willem II,AZ Alkmaar,2.0,2.0,5.6,3.97,1.6,1.87,1.93,5.0,22.0,2.0,5.0,1.0,8.0
2022-04-02,Groningen,Ajax,1.0,3.0,11.19,6.2,1.25,1.46,2.66,8.0,16.0,3.0,7.0,1.0,2.0
2022-04-02,Twente,PSV Eindhoven,3.0,3.0,4.44,3.66,1.81,1.81,1.99,13.0,16.0,5.0,8.0,1.0,4.0
2022-04-02,AZ Alkmaar,Vitesse,3.0,1.0,1.63,4.03,5.23,1.78,2.04,9.0,15.0,2.0,5.0,2.0,9.0
2022-04-02,Waalwijk,Utrecht,1.0,1.0,4.03,3.68,1.87,1.8,2.02,5.0,11.0,2.0,5.0,2.0,3.0
2022-04-02,Feyenoord,Willem II,2.0,0.0,1.15,7.97,17.54,1.42,2.84,30.0,3.0,9.0,0.0,9.0,2.0
2022-04-03,Zwolle,Go Ahead Eagles,0.0,1.0,2.04,3.39,3.72,2.08,1.75,13.0,14.0,1.0,4.0,4.0,4.0
2022-04-03,For Sittard,Heracles,0.0,2.0,2.66,3.31,2.65,1.99,1.82,10.0,11.0,5.0,4.0,6.0,1.0
2022-04-03,Sparta Rotterdam,Heerenveen,1.0,1.0,2.22,3.18,3.44,2.3,1.61,8.0,7.0,4.0,3.0,5.0,3.0
2022-04-03,Cambuur,Nijmegen,1.0,2.0,2.5,3.54,2.69,1.71,2.13,15.0,9.0,4.0,6.0,6.0,3.0
2022-04-08,Go Ahead Eagles,Willem II,4.0,0.0,2.07,3.33,3.73,2.17,1.69,18.0,10.0,10.0,5.0,4.0,9.0
2022-04-09,Utrecht,For Sittard,1.0,1.0,1.51,4.46,6.04,1.62,2.28,18.0,16.0,5.0,10.0,10.0,6.0
2022-04-09,Ajax,Sparta Rotterdam,2.0,1.0,1.09,10.65,26.31,1.25,3.79,18.0,11.0,6.0,1.0,12.0,5.0
2022-04-09,Nijmegen,Twente,0.0,2.0,3.92,3.53,1.94,1.91,1.89,8.0,12.0,3.0,4.0,2.0,6.0
2022-04-10,Heerenveen,Groningen,3.0,1.0,2.4,3.24,3.04,2.15,1.7,11.0,10.0,7.0,4.0,9.0,6.0
2022-04-10,PSV Eindhoven,Waalwijk,2.0,0.0,1.13,8.82,19.89,1.32,3.35,18.0,10.0,8.0,2.0,7.0,5.0
2022-04-10,Vitesse,Cambuur,1.0,0.0,1.53,4.4,5.75,1.57,2.38,31.0,4.0,14.0,0.0,8.0,3.0
2022-04-10,Heracles,Feyenoord,1.0,4.0,5.43,4.31,1.57,1.63,2.27,19.0,23.0,8.0,8.0,9.0,7.0
2022-04-10,Zwolle,AZ Alkmaar,2.0,1.0,4.85,3.71,1.72,1.88,1.91,13.0,14.0,7.0,5.0,4.0,3.0
2022-04-16,For Sittard,Sparta Rotterdam,3.0,0.0,2.58,3.23,2.8,2.08,1.75,12.0,7.0,4.0,1.0,14.0,4.0
2022-04-19,Vitesse,Sparta Rotterdam,0.0,1.0,1.78,3.58,4.7,2.03,1.79,8.0,3.0,5.0,1.0,4.0,0.0
2022-04-22,Twente,Sparta Rotterdam,2.0,0.0,1.63,3.76,5.82,2.08,1.75,19.0,5.0,7.0,0.0,10.0,3.0
2022-04-23,Nijmegen,Ajax,0.0,1.0,12.28,6.87,1.21,1.37,3.01,8.0,17.0,2.0,6.0,4.0,8.0
2022-04-23,AZ Alkmaar,Heerenveen,2.0,1.0,1.41,4.7,7.61,1.71,2.12,24.0,12.0,8.0,4.0,3.0,2.0
2022-04-23,Waalwijk,Zwolle,0.0,2.0,2.74,3.26,2.61,2.05,1.77,13.0,10.0,5.0,4.0,4.0,2.0
2022-04-23,Cambuur,PSV Eindhoven,1.0,2.0,8.93,5.83,1.3,1.41,2.85,6.0,24.0,3.0,7.0,1.0,18.0
2022-04-24,Willem II,Vitesse,1.0,0.0,3.58,3.47,2.04,1.93,1.87,8.0,12.0,2.0,2.0,4.0,2.0
2022-04-24,Feyenoord,Utrecht,2.0,1.0,1.37,5.21,7.57,1.45,2.7,16.0,4.0,7.0,1.0,11.0,4.0
2022-04-24,Groningen,Heracles,0.0,1.0,2.07,3.38,3.6,2.03,1.78,7.0,9.0,2.0,5.0,1.0,2.0
2022-04-24,For Sittard,Go Ahead Eagles,1.0,0.0,2.35,3.35,3.02,1.91,1.88,14.0,5.0,4.0,1.0,4.0,2.0
2022-04-29,Utrecht,Nijmegen,1.0,0.0,1.7,3.91,4.89,1.74,2.09,21.0,11.0,8.0,4.0,10.0,2.0
2022-04-30,Ajax,Zwolle,3.0,0.0,1.12,9.25,19.47,1.3,3.45,20.0,10.0,9.0,1.0,1.0,1.0
2022-04-30,Heracles,Twente,1.0,1.0,3.3,3.35,2.21,2.09,1.74,7.0,17.0,2.0,6.0,2.0,2.0
2022-04-30,Sparta Rotterdam,AZ Alkmaar,1.0,1.0,4.81,3.65,1.75,1.93,1.87,13.0,18.0,5.0,5.0,2.0,8.0
2022-05-01,Heerenveen,Cambuur,3.0,3.0,1.79,3.94,4.14,1.63,2.26,22.0,8.0,7.0,3.0,5.0,4.0
2022-05-01,Go Ahead Eagles,Vitesse,1.0,2.0,2.88,3.42,2.41,1.93,1.87,14.0,12.0,7.0,5.0,5.0,3.0
2022-05-01,PSV Eindhoven,Willem II,4.0,2.0,1.14,8.16,18.43,1.41,2.85,12.0,8.0,6.0,3.0,7.0,4.0
2022-05-01,For Sittard,Feyenoord,1.0,3.0,7.02,5.0,1.4,1.49,2.59,15.0,21.0,3.0,9.0,4.0,5.0
2022-05-01,Waalwijk,Groningen,3.0,1.0,2.79,3.28,2.55,2.06,1.76,11.0,12.0,3.0,4.0,2.0,4.0
2022-05-06,Cambuur,Waalwijk,1.0,1.0,2.24,3.57,3.07,1.68,2.17,14.0,20.0,4.0,4.0,3.0,5.0
2022-05-07,Twente,For Sittard,1.0,2.0,1.41,4.79,7.3,1.64,2.26,22.0,9.0,4.0,5.0,5.0,0.0
2022-05-07,Willem II,Heracles,2.0,0.0,2.23,3.38,3.23,2.02,1.79,21.0,3.0,11.0,2.0,9.0,0.0
2022-05-07,Zwolle,Utrecht,1.0,1.0,2.73,3.42,2.53,1.87,1.94,18.0,15.0,7.0,5.0,7.0,9.0
2022-05-07,Groningen,Sparta Rotterdam,1.0,2.0,2.12,3.41,3.46,2.08,1.75,17.0,9.0,5.0,3.0,8.0,2.0
2022-05-08,Nijmegen,Go Ahead Eagles,1.0,0.0,2.11,3.48,3.4,1.92,1.88,17.0,8.0,7.0,2.0,5.0,2.0
2022-05-08,AZ Alkmaar,Ajax,2.0,2.0,4.34,4.08,1.73,1.6,2.31,12.0,13.0,4.0,4.0,0.0,10.0
2022-05-08,Vitesse,Heerenveen,1.0,2.0,1.86,3.81,3.93,1.73,2.09,12.0,13.0,6.0,4.0,4.0,8.0
2022-05-08,Feyenoord,PSV Eindhoven,2.0,2.0,2.37,3.76,2.72,1.52,2.48,20.0,16.0,7.0,5.0,6.0,5.0
2022-05-11,Ajax,Heerenveen,5.0,0.0,1.14,8.72,15.95,1.26,3.78,18.0,5.0,7.0,1.0,6.0,5.0
2022-05-11,Cambuur,Willem II,1.0,1.0,2.59,3.65,2.55,1.67,2.19,6.0,13.0,2.0,3.0,1.0,10.0
2022-05-11,For Sittard,Vitesse,1.0,2.0,2.62,3.56,2.55,1.74,2.09,9.0,15.0,4.0,5.0,4.0,4.0
2022-05-11,Go Ahead Eagles,Feyenoord,0.0,1.0,6.19,4.94,1.45,1.45,2.69,12.0,11.0,2.0,4.0,0.0,2.0
2022-05-11,PSV Eindhoven,Nijmegen,3.0,2.0,1.17,7.78,14.39,1.33,3.27,13.0,12.0,6.0,7.0,3.0,2.0
2022-05-11,Sparta Rotterdam,Zwolle,2.0,0.0,2.36,3.37,3.0,1.93,1.87,6.0,22.0,2.0,3.0,4.0,13.0
2022-05-11,Twente,Groningen,3.0,0.0,1.58,4.12,5.61,1.81,2.0,20.0,9.0,9.0,4.0,5.0,3.0
2022-05-11,Utrecht,AZ Alkmaar,2.0,2.0,3.05,3.74,2.18,1.67,2.2,11.0,9.0,4.0,4.0,7.0,6.0
2022-05-11,Waalwijk,Heracles,2.0,0.0,2.26,3.51,3.07,1.77,2.04,15.0,9.0,5.0,1.0,9.0,4.0
2022-05-15,AZ Alkmaar,Waalwijk,1.0,3.0,1.24,6.5,10.64,1.37,3.03,14.0,9.0,6.0,5.0,8.0,2.0
2022-05-15,Feyenoord,Twente,1.0,2.0,1.5,4.72,5.69,1.46,2.68,11.0,9.0,3.0,4.0,7.0,0.0
2022-05-15,Groningen,Cambuur,2.0,3.0,1.75,3.96,4.27,1.57,2.4,20.0,13.0,4.0,4.0,11.0,4.0
2022-05-15,Heerenveen,Go Ahead Eagles,3.0,1.0,1.88,3.8,3.82,1.71,2.14,13.0,4.0,7.0,2.0,5.0,2.0
2022-05-15,Heracles,Sparta Rotterdam,1.0,3.0,2.45,2.99,3.2,2.19,1.68,28.0,7.0,5.0,4.0,4.0,2.0
2022-05-15,Nijmegen,For Sittard,0.0,1.0,2.19,3.7,3.03,1.66,2.21,30.0,8.0,7.0,3.0,11.0,0.0
2022-05-15,Vitesse,Ajax,2.0,2.0,6.58,5.08,1.41,1.41,2.86,12.0,14.0,6.0,4.0,5.0,6.0
2022-05-15,Willem II,Utrecht,3.0,0.0,2.17,3.85,2.97,1.56,2.39,18.0,8.0,6.0,3.0,2.0,5.0
2022-05-15,Zwolle,PSV Eindhoven,1.0,2.0,6.4,4.94,1.43,1.41,2.86,21.0,21.0,12.0,11.0,9.0,4.0
2022-08-05,Heerenveen,Sparta Rotterdam,0.0,0.0,1.93,3.5,3.96,1.98,1.82,11.0,13.0,2.0,1.0,3.0,6.0
2022-08-06,For Sittard,Ajax,2.0,3.0,11.93,6.87,1.21,1.35,3.11,13.0,15.0,2.0,4.0,3.0,10.0
2022-08-06,Cambuur,Excelsior,0.0,2.0,1.9,3.82,3.71,1.58,2.34,27.0,7.0,8.0,4.0,10.0,2.0
2022-08-06,PSV Eindhoven,FC Emmen,4.0,1.0,1.21,6.73,12.84,1.47,2.64,11.0,6.0,6.0,2.0,3.0,6.0
2022-08-06,Waalwijk,Utrecht,2.0,2.0,3.67,3.65,1.96,1.78,2.03,11.0,11.0,3.0,3.0,3.0,7.0
2022-08-07,Groningen,Volendam,2.0,2.0,1.72,3.9,4.59,1.76,2.05,18.0,11.0,6.0,3.0,7.0,4.0
2022-08-07,Nijmegen,Twente,0.0,1.0,3.23,3.48,2.17,1.82,1.98,11.0,13.0,4.0,2.0,6.0,9.0
2022-08-07,Vitesse,Feyenoord,2.0,5.0,3.75,3.9,1.87,1.64,2.25,9.0,16.0,3.0,8.0,5.0,6.0
2022-08-07,AZ Alkmaar,Go Ahead Eagles,2.0,0.0,1.39,4.85,7.65,1.64,2.23,19.0,8.0,8.0,2.0,7.0,3.0
2022-08-12,Excelsior,Vitesse,3.0,1.0,3.5,3.88,1.96,1.59,2.35,11.0,22.0,6.0,6.0,1.0,8.0
2022-08-13,Go Ahead Eagles,PSV Eindhoven,2.0,5.0,7.89,5.12,1.36,1.56,2.39,11.0,23.0,4.0,11.0,6.0,6.0
2022-08-13,FC Emmen,Waalwijk,1.0,1.0,1.91,3.65,3.86,1.85,1.95,11.0,12.0,5.0,2.0,3.0,4.0
2022-08-13,Utrecht,Cambuur,0.0,0.0,1.48,4.66,6.12,1.47,2.64,15.0,21.0,6.0,10.0,7.0,4.0
2022-08-13,Feyenoord,Heerenveen,0.0,0.0,1.29,5.79,8.97,1.45,2.67,19.0,8.0,11.0,3.0,7.0,2.0
2022-08-14,Volendam,Nijmegen,1.0,4.0,2.55,3.63,2.56,1.64,2.24,16.0,13.0,6.0,8.0,6.0,6.0
2022-08-14,Ajax,Groningen,6.0,1.0,1.16,7.97,14.63,1.32,3.32,24.0,4.0,11.0,2.0,7.0,3.0
2022-08-14,Twente,For Sittard,3.0,0.0,1.47,4.49,6.46,1.64,2.23,19.0,5.0,8.0,1.0,10.0,1.0
2022-08-14,Sparta Rotterdam,AZ Alkmaar,2.0,3.0,4.09,3.56,1.88,1.97,1.82,8.0,25.0,3.0,7.0,2.0,6.0
2022-08-20,Vitesse,Heerenveen,0.0,4.0,1.97,3.66,3.63,1.75,2.07,4.0,13.0,2.0,4.0,3.0,4.0
2022-08-20,For Sittard,Cambuur,1.0,4.0,2.25,3.64,2.96,1.64,2.23,19.0,16.0,6.0,8.0,6.0,5.0
2022-08-20,FC Emmen,Utrecht,3.0,2.0,3.12,3.47,2.23,1.83,1.96,13.0,9.0,7.0,4.0,6.0,6.0
2022-08-21,Groningen,Go Ahead Eagles,1.0,0.0,1.87,3.54,4.17,1.9,1.89,9.0,8.0,2.0,3.0,5.0,4.0
2022-08-21,Sparta Rotterdam,Ajax,0.0,1.0,10.69,6.26,1.24,1.38,2.96,9.0,14.0,5.0,3.0,2.0,7.0
2022-08-21,Waalwijk,Feyenoord,0.0,1.0,7.87,5.4,1.34,1.46,2.66,10.0,18.0,4.0,8.0,6.0,8.0
2022-08-26,Nijmegen,Groningen,1.0,1.0,2.07,3.46,3.53,1.92,1.87,16.0,15.0,7.0,6.0,7.0,6.0
2022-08-27,Go Ahead Eagles,Sparta Rotterdam,0.0,1.0,2.28,3.38,3.09,1.93,1.86,11.0,17.0,6.0,7.0,6.0,7.0
2022-08-27,Vitesse,Waalwijk,2.0,2.0,1.69,3.98,4.74,1.71,2.12,25.0,10.0,8.0,5.0,10.0,4.0
2022-08-27,Feyenoord,FC Emmen,4.0,0.0,1.26,6.04,10.26,1.47,2.63,22.0,7.0,7.0,1.0,11.0,2.0
2022-08-27,Heerenveen,For Sittard,2.0,1.0,1.63,4.11,5.01,1.6,2.3,23.0,8.0,9.0,3.0,8.0,6.0
2022-08-28,Utrecht,Ajax,0.0,2.0,6.17,4.99,1.44,1.43,2.77,5.0,10.0,1.0,4.0,3.0,4.0
2022-08-28,Excelsior,PSV Eindhoven,1.0,6.0,8.89,6.13,1.28,1.3,3.46,9.0,27.0,4.0,13.0,3.0,9.0
2022-08-28,Volendam,Twente,1.0,0.0,4.43,4.05,1.71,1.54,2.43,11.0,20.0,5.0,6.0,4.0,10.0
2022-08-28,Cambuur,AZ Alkmaar,0.0,1.0,4.46,3.89,1.74,1.65,2.22,9.0,16.0,4.0,3.0,5.0,5.0
2022-08-31,PSV Eindhoven,Volendam,7.0,1.0,1.09,11.34,21.77,1.17,4.62,25.0,9.0,16.0,4.0,10.0,3.0
2022-08-31,Twente,Excelsior,4.0,0.0,1.28,5.95,9.7,1.38,2.94,11.0,9.0,6.0,2.0,1.0,4.0
2022-09-01,AZ Alkmaar,Nijmegen,1.0,1.0,1.47,4.46,6.46,1.63,2.25,30.0,4.0,13.0,2.0,8.0,3.0
2022-09-02,For Sittard,Utrecht,3.0,4.0,3.07,3.72,2.17,1.57,2.36,16.0,26.0,8.0,11.0,6.0,8.0
2022-09-03,Ajax,Cambuur,4.0,0.0,1.1,10.66,21.4,1.17,4.72,22.0,5.0,8.0,3.0,9.0,1.0
2022-09-03,Twente,PSV Eindhoven,2.0,1.0,3.75,3.83,1.89,1.54,2.44,18.0,13.0,5.0,6.0,4.0,6.0
2022-09-03,Sparta Rotterdam,Volendam,4.0,0.0,1.6,4.23,5.1,1.62,2.26,15.0,18.0,9.0,6.0,5.0,11.0
2022-09-03,Go Ahead Eagles,Feyenoord,3.0,4.0,7.41,4.99,1.39,1.53,2.44,10.0,23.0,4.0,11.0,6.0,12.0
2022-09-04,Waalwijk,Excelsior,5.0,2.0,1.7,4.13,4.47,1.56,2.39,22.0,10.0,9.0,4.0,8.0,3.0
2022-09-04,FC Emmen,AZ Alkmaar,0.0,3.0,3.8,3.69,1.92,1.68,2.15,11.0,15.0,2.0,7.0,7.0,1.0
2022-09-04,Heerenveen,Nijmegen,0.0,0.0,1.95,3.59,3.77,1.79,2.0,11.0,12.0,2.0,2.0,1.0,5.0
2022-09-04,Groningen,Vitesse,0.0,1.0,2.39,3.51,2.82,1.71,2.1,7.0,19.0,0.0,5.0,3.0,8.0
2022-09-09,Volendam,Go Ahead Eagles,2.0,3.0,2.53,3.6,2.61,1.59,2.34,18.0,11.0,6.0,4.0,8.0,10.0
2022-09-10,Nijmegen,For Sittard,1.0,1.0,1.88,3.71,3.91,1.74,2.08,22.0,8.0,6.0,3.0,13.0,4.0
2022-09-10,Ajax,Heerenveen,5.0,0.0,1.19,7.36,12.72,1.29,3.48,20.0,5.0,7.0,1.0,17.0,3.0
2022-09-10,Excelsior,FC Emmen,2.0,1.0,3.12,3.58,2.19,1.68,2.16,13.0,11.0,4.0,4.0,6.0,8.0
2022-09-11,Utrecht,Vitesse,1.0,0.0,1.91,3.77,3.74,1.63,2.25,12.0,12.0,5.0,5.0,10.0,10.0
2022-09-11,Cambuur,Groningen,0.0,1.0,2.15,3.61,3.16,1.71,2.12,14.0,10.0,2.0,3.0,6.0,4.0
2022-09-11,PSV Eindhoven,Waalwijk,1.0,0.0,1.16,7.76,15.76,1.31,3.34,31.0,9.0,5.0,3.0,12.0,3.0
2022-09-11,AZ Alkmaar,Twente,1.0,1.0,2.09,3.52,3.4,1.76,2.05,12.0,10.0,3.0,2.0,6.0,5.0
2022-09-11,Feyenoord,Sparta Rotterdam,3.0,0.0,1.27,5.85,10.13,1.46,2.66,23.0,8.0,9.0,2.0,8.0,3.0
2022-09-16,Utrecht,Nijmegen,0.0,0.0,1.69,3.98,4.7,1.68,2.17,17.0,12.0,7.0,3.0,6.0,5.0
2022-09-17,Sparta Rotterdam,Groningen,2.0,1.0,2.18,3.35,3.35,2.04,1.76,9.0,4.0,4.0,2.0,5.0,1.0
2022-09-17,Vitesse,Volendam,1.0,1.0,1.46,4.87,6.03,1.4,2.86,17.0,11.0,9.0,6.0,11.0,3.0
2022-09-17,Waalwijk,Cambuur,5.0,1.0,2.15,3.62,3.16,1.67,2.18,33.0,4.0,13.0,2.0,16.0,0.0
2022-09-17,For Sittard,Excelsior,1.0,0.0,1.81,4.07,3.87,1.5,2.49,13.0,14.0,4.0,2.0,1.0,5.0
2022-09-18,Go Ahead Eagles,FC Emmen,2.0,0.0,2.42,3.41,2.85,1.82,1.97,16.0,13.0,7.0,6.0,3.0,5.0
2022-09-18,Heerenveen,Twente,2.0,1.0,2.86,3.37,2.43,1.87,1.92,14.0,20.0,6.0,6.0,9.0,11.0
2022-09-18,PSV Eindhoven,Feyenoord,4.0,3.0,1.87,3.95,3.75,1.5,2.52,27.0,13.0,10.0,6.0,13.0,1.0
2022-09-18,AZ Alkmaar,Ajax,2.0,1.0,4.55,4.17,1.67,1.58,2.33,13.0,15.0,8.0,7.0,3.0,5.0
2022-10-01,Cambuur,PSV Eindhoven,3.0,0.0,8.89,6.04,1.28,1.36,3.04,11.0,12.0,4.0,5.0,7.0,4.0
2022-10-01,Groningen,AZ Alkmaar,1.0,4.0,4.72,3.72,1.73,1.88,1.9,14.0,13.0,2.0,7.0,1.0,1.0
2022-10-01,Ajax,Go Ahead Eagles,1.0,1.0,1.08,11.29,25.19,1.22,4.03,23.0,3.0,7.0,1.0,7.0,0.0
2022-10-01,Twente,Vitesse,3.0,0.0,1.7,3.89,4.73,1.73,2.09,18.0,8.0,6.0,1.0,5.0,2.0
2022-10-02,For Sittard,Volendam,2.0,0.0,1.79,4.09,3.93,1.47,2.62,20.0,7.0,6.0,4.0,8.0,4.0
2022-10-02,Excelsior,Utrecht,0.0,1.0,4.65,4.27,1.64,1.47,2.63,14.0,20.0,3.0,7.0,8.0,10.0
2022-10-02,Nijmegen,Feyenoord,1.0,1.0,5.23,4.27,1.58,1.58,2.36,8.0,19.0,2.0,8.0,4.0,10.0
2022-10-02,Waalwijk,Sparta Rotterdam,2.0,2.0,2.2,3.37,3.26,1.9,1.88,13.0,15.0,5.0,6.0,6.0,5.0
2022-10-02,FC Emmen,Heerenveen,0.0,0.0,2.9,3.33,2.41,1.93,1.86,12.0,8.0,3.0,1.0,2.0,4.0
2022-10-07,Groningen,Waalwijk,2.0,3.0,2.3,3.45,3.03,1.87,1.92,15.0,13.0,8.0,5.0,8.0,9.0
2022-10-08,Volendam,Ajax,2.0,4.0,13.16,8.1,1.17,1.2,4.26,13.0,19.0,6.0,9.0,3.0,6.0
2022-10-08,Sparta Rotterdam,FC Emmen,3.0,1.0,2.09,3.42,3.48,1.91,1.87,15.0,11.0,4.0,2.0,4.0,2.0
2022-10-08,Nijmegen,Excelsior,1.0,1.0,1.5,4.51,5.94,1.53,2.43,15.0,9.0,6.0,4.0,8.0,4.0
2022-10-09,Go Ahead Eagles,Cambuur,0.0,0.0,2.22,3.69,2.98,1.67,2.18,20.0,7.0,6.0,3.0,12.0,5.0
2022-10-09,Feyenoord,Twente,2.0,0.0,1.67,4.02,4.71,1.62,2.25,20.0,5.0,7.0,2.0,10.0,3.0
2022-10-09,Utrecht,AZ Alkmaar,1.0,2.0,2.94,3.58,2.28,1.72,2.1,11.0,14.0,4.0,6.0,6.0,7.0
2022-10-09,Heerenveen,PSV Eindhoven,0.0,1.0,5.24,4.37,1.57,1.58,2.33,9.0,16.0,1.0,6.0,2.0,7.0
2022-10-09,Vitesse,For Sittard,1.0,2.0,1.62,4.2,4.9,1.59,2.32,10.0,8.0,2.0,4.0,8.0,3.0
2022-10-14,FC Emmen,Volendam,1.0,1.0,1.94,3.71,3.7,1.69,2.14,18.0,12.0,4.0,4.0,7.0,5.0
2022-10-15,For Sittard,Waalwijk,0.0,0.0,2.23,3.68,2.97,1.61,2.29,9.0,11.0,3.0,3.0,8.0,5.0
2022-10-15,Go Ahead Eagles,Heerenveen,1.0,1.0,2.81,3.31,2.5,1.99,1.81,13.0,16.0,3.0,3.0,2.0,3.0
2022-10-15,Cambuur,Vitesse,0.0,3.0,2.57,3.56,2.57,1.71,2.12,10.0,19.0,2.0,6.0,4.0,7.0
2022-10-16,Sparta Rotterdam,Nijmegen,2.0,0.0,2.38,3.32,2.97,2.05,1.76,14.0,15.0,4.0,4.0,4.0,3.0
2022-10-16,PSV Eindhoven,Utrecht,6.0,1.0,1.38,5.08,7.27,1.43,2.74,12.0,8.0,9.0,2.0,5.0,3.0
2022-10-16,Twente,Groningen,3.0,0.0,1.4,4.7,7.53,1.69,2.15,24.0,5.0,7.0,2.0,9.0,2.0
2022-10-16,AZ Alkmaar,Feyenoord,1.0,3.0,2.48,3.57,2.66,1.72,2.1,5.0,13.0,2.0,5.0,1.0,2.0
2022-10-16,Ajax,Excelsior,7.0,1.0,1.06,13.5,29.8,1.12,5.72,29.0,7.0,20.0,2.0,13.0,2.0
2022-10-22,Feyenoord,For Sittard,1.0,1.0,1.2,7.15,11.45,1.33,3.26,33.0,4.0,11.0,1.0,12.0,2.0
2022-10-22,Waalwijk,Ajax,1.0,4.0,9.45,6.52,1.25,1.32,3.3,14.0,17.0,4.0,8.0,5.0,7.0
2022-10-22,Vitesse,FC Emmen,2.0,1.0,1.8,3.72,4.28,1.8,2.01,16.0,4.0,4.0,2.0,4.0,3.0
2022-10-23,Excelsior,AZ Alkmaar,2.0,1.0,7.35,5.23,1.37,1.47,2.63,8.0,17.0,2.0,8.0,3.0,9.0
2022-10-23,Cambuur,Twente,0.0,1.0,4.34,3.88,1.75,1.69,2.16,8.0,15.0,3.0,4.0,7.0,5.0
2022-10-23,Groningen,PSV Eindhoven,4.0,2.0,8.88,5.33,1.32,1.51,2.5,17.0,28.0,7.0,10.0,2.0,13.0
2022-10-23,Nijmegen,Go Ahead Eagles,3.0,3.0,1.97,3.46,3.85,1.99,1.81,19.0,7.0,5.0,5.0,3.0,3.0
2022-10-23,Utrecht,Sparta Rotterdam,3.0,1.0,1.74,3.78,4.53,1.81,1.99,15.0,21.0,9.0,3.0,8.0,5.0
2022-10-23,Volendam,Heerenveen,1.0,3.0,3.2,3.61,2.13,1.68,2.17,12.0,9.0,5.0,4.0,8.0,5.0
2022-10-29,Heerenveen,Utrecht,1.0,2.0,2.32,3.49,2.92,1.83,1.96,17.0,5.0,8.0,2.0,4.0,2.0
2022-10-29,Sparta Rotterdam,For Sittard,3.0,1.0,1.95,3.62,3.7,1.82,1.97,14.0,13.0,5.0,3.0,6.0,6.0
2022-10-29,Go Ahead Eagles,Excelsior,3.0,1.0,1.73,4.04,4.25,1.61,2.28,15.0,9.0,8.0,4.0,6.0,3.0
2022-10-30,FC Emmen,Groningen,0.0,0.0,2.25,3.34,3.15,1.93,1.85,15.0,13.0,4.0,1.0,9.0,5.0
2022-10-30,PSV Eindhoven,Nijmegen,3.0,0.0,1.22,6.67,11.2,1.37,2.96,13.0,12.0,7.0,2.0,5.0,4.0
2022-10-30,Twente,Waalwijk,3.0,0.0,1.47,4.62,6.14,1.57,2.34,19.0,9.0,6.0,0.0,6.0,4.0
2022-10-30,AZ Alkmaar,Volendam,2.0,1.0,1.2,6.89,11.89,1.35,3.06,12.0,18.0,5.0,6.0,5.0,9.0
2022-11-04,Cambuur,Nijmegen,0.0,1.0,2.63,3.38,2.63,1.95,1.85,16.0,23.0,6.0,11.0,5.0,6.0
2022-11-05,Vitesse,Sparta Rotterdam,0.0,4.0,1.89,3.57,4.03,1.93,1.86,14.0,11.0,5.0,6.0,6.0,2.0
2022-11-05,For Sittard,FC Emmen,0.0,1.0,2.2,3.48,3.13,1.82,1.98,14.0,15.0,1.0,6.0,8.0,3.0
2022-11-05,Excelsior,Heerenveen,0.0,1.0,3.93,4.03,1.8,1.6,2.32,11.0,8.0,1.0,4.0,7.0,2.0
2022-11-06,Utrecht,Groningen,2.0,1.0,1.68,3.98,4.69,1.71,2.11,20.0,6.0,6.0,1.0,6.0,5.0
2022-11-06,Twente,Go Ahead Eagles,1.0,1.0,1.37,4.97,7.83,1.62,2.27,27.0,13.0,6.0,2.0,6.0,5.0
2022-11-06,Volendam,Feyenoord,0.0,2.0,6.88,5.54,1.36,1.33,3.21,7.0,23.0,2.0,12.0,6.0,8.0
2022-11-06,Ajax,PSV Eindhoven,1.0,2.0,1.75,4.17,4.1,1.44,2.74,14.0,5.0,5.0,2.0,9.0,1.0
2022-11-06,Waalwijk,AZ Alkmaar,3.0,1.0,3.98,3.95,1.8,1.6,2.31,17.0,12.0,7.0,6.0,8.0,5.0
2022-11-09,Ajax,Vitesse,2.0,2.0,1.13,9.08,17.18,1.28,3.49,34.0,10.0,8.0,8.0,8.0,7.0
2022-11-10,Feyenoord,Cambuur,1.0,0.0,1.2,6.84,12.96,1.41,2.84,21.0,7.0,7.0,4.0,8.0,4.0
2022-11-11,Sparta Rotterdam,Twente,1.0,1.0,2.96,3.42,2.35,1.91,1.89,11.0,17.0,2.0,5.0,3.0,7.0
2022-11-12,Volendam,Utrecht,0.0,4.0,3.74,4.12,1.83,1.47,2.61,12.0,13.0,2.0,8.0,4.0,5.0
2022-11-12,FC Emmen,Ajax,3.0,3.0,8.83,5.69,1.3,1.41,2.84,15.0,10.0,5.0,5.0,5.0,1.0
2022-11-12,PSV Eindhoven,AZ Alkmaar,0.0,1.0,1.52,4.48,5.67,1.48,2.6,10.0,10.0,2.0,3.0,4.0,2.0
2022-11-13,Nijmegen,Waalwijk,6.0,1.0,2.06,3.56,3.43,1.72,2.1,27.0,6.0,12.0,3.0,7.0,3.0
2022-11-13,Groningen,For Sittard,2.0,3.0,2.04,3.56,3.47,1.77,2.03,12.0,15.0,3.0,7.0,4.0,5.0
2022-11-13,Heerenveen,Cambuur,2.0,1.0,1.8,3.81,4.18,1.77,2.04,15.0,7.0,4.0,2.0,7.0,2.0
2022-11-13,Feyenoord,Excelsior,5.0,1.0,1.13,8.59,16.55,1.29,3.44,23.0,5.0,12.0,3.0,5.0,2.0
2022-11-13,Go Ahead Eagles,Vitesse,2.0,2.0,2.45,3.46,2.77,1.79,2.01,10.0,24.0,3.0,7.0,3.0,11.0
2023-01-06,Twente,FC Emmen,2.0,0.0,1.42,4.52,7.6,1.83,1.98,20.0,5.0,3.0,1.0,11.0,3.0
2023-01-07,Waalwijk,Heerenveen,0.0,0.0,2.44,3.54,2.75,1.73,2.11,6.0,18.0,2.0,9.0,3.0,7.0
2023-01-07,AZ Alkmaar,Vitesse,1.0,1.0,1.53,4.41,5.76,1.6,2.3,15.0,13.0,5.0,3.0,7.0,4.0
2023-01-07,For Sittard,Go Ahead Eagles,0.0,2.0,2.54,3.46,2.67,1.79,2.02,9.0,20.0,2.0,6.0,4.0,10.0
2023-01-07,PSV Eindhoven,Sparta Rotterdam,0.0,0.0,1.22,6.42,12.72,1.49,2.57,17.0,12.0,4.0,4.0,5.0,4.0
2023-01-08,Utrecht,Feyenoord,1.0,1.0,3.92,4.01,1.81,1.57,2.37,8.0,10.0,4.0,4.0,5.0,2.0
2023-01-08,Cambuur,Volendam,0.0,3.0,1.91,3.77,3.73,1.63,2.29,9.0,9.0,4.0,5.0,7.0,4.0
2023-01-08,Nijmegen,Ajax,1.0,1.0,7.62,5.21,1.36,1.46,2.67,6.0,21.0,1.0,7.0,1.0,9.0
2023-01-08,Excelsior,Groningen,1.0,0.0,2.64,3.65,2.48,1.61,2.3,14.0,11.0,3.0,4.0,4.0,6.0
2023-01-14,Heerenveen,AZ Alkmaar,0.0,2.0,3.2,3.51,2.16,1.83,1.98,21.0,13.0,2.0,6.0,3.0,1.0
2023-01-14,Volendam,Waalwijk,2.0,1.0,2.56,3.55,2.59,1.65,2.24,14.0,8.0,5.0,4.0,9.0,4.0
2023-01-14,Ajax,Twente,0.0,0.0,1.35,5.38,7.72,1.42,2.82,6.0,24.0,5.0,7.0,3.0,5.0
2023-01-14,Sparta Rotterdam,Excelsior,1.0,0.0,1.53,4.33,5.82,1.6,2.31,15.0,11.0,4.0,4.0,6.0,3.0
2023-01-15,Vitesse,Nijmegen,0.0,0.0,2.15,3.56,3.2,1.75,2.07,24.0,6.0,6.0,3.0,11.0,4.0
2023-01-15,For Sittard,PSV Eindhoven,2.0,2.0,8.34,5.22,1.34,1.5,2.53,6.0,32.0,3.0,12.0,1.0,10.0
2023-01-15,Go Ahead Eagles,Utrecht,2.0,2.0,2.79,3.54,2.39,1.7,2.15,13.0,11.0,4.0,6.0,5.0,7.0
2023-01-15,FC Emmen,Cambuur,0.0,0.0,2.11,3.5,3.35,1.95,1.85,15.0,9.0,7.0,2.0,6.0,7.0
2023-01-15,Groningen,Feyenoord,0.0,3.0,6.47,4.55,1.46,1.66,2.22,5.0,28.0,2.0,10.0,2.0,13.0
2023-01-20,Excelsior,Volendam,2.0,0.0,2.4,3.69,2.72,1.57,2.4,17.0,9.0,4.0,0.0,7.0,4.0
2023-01-21,Nijmegen,FC Emmen,3.0,1.0,1.98,3.35,3.97,2.14,1.7,20.0,10.0,5.0,4.0,9.0,5.0
2023-01-21,Cambuur,Sparta Rotterdam,0.0,3.0,3.06,3.23,2.36,2.15,1.7,14.0,12.0,3.0,6.0,6.0,2.0
2023-01-21,PSV Eindhoven,Vitesse,1.0,0.0,1.25,6.11,10.35,1.4,2.9,15.0,12.0,5.0,4.0,3.0,4.0
2023-01-22,Heerenveen,Groningen,3.0,1.0,1.72,3.79,4.69,1.85,1.96,18.0,10.0,9.0,3.0,7.0,5.0
2023-01-22,Feyenoord,Ajax,1.0,1.0,2.61,3.57,2.53,1.59,2.32,11.0,11.0,4.0,3.0,7.0,6.0
2023-01-22,Twente,Utrecht,2.0,0.0,1.72,3.93,4.52,1.7,2.14,15.0,7.0,6.0,1.0,4.0,4.0
2023-01-22,AZ Alkmaar,For Sittard,3.0,1.0,1.3,5.61,9.05,1.51,2.5,16.0,8.0,5.0,1.0,6.0,2.0
2023-01-24,FC Emmen,PSV Eindhoven,1.0,0.0,7.27,4.61,1.43,1.74,2.09,11.0,12.0,2.0,4.0,5.0,6.0
2023-01-24,Sparta Rotterdam,Waalwijk,0.0,0.0,1.79,3.65,4.51,1.91,1.89,9.0,12.0,4.0,3.0,2.0,3.0
2023-01-25,Go Ahead Eagles,AZ Alkmaar,1.0,4.0,3.93,3.68,1.88,1.77,2.05,13.0,16.0,1.0,9.0,6.0,7.0
2023-01-25,Vitesse,Twente,2.0,2.0,3.5,3.55,2.04,1.85,1.96,17.0,10.0,6.0,4.0,6.0,8.0
2023-01-25,For Sittard,Heerenveen,2.0,0.0,3.0,3.37,2.34,1.92,1.88,16.0,15.0,6.0,4.0,7.0,8.0
2023-01-25,Feyenoord,Nijmegen,2.0,0.0,1.3,5.5,9.86,1.56,2.38,22.0,8.0,9.0,5.0,12.0,4.0
2023-01-25,Utrecht,Excelsior,1.0,0.0,1.39,5.01,7.1,1.48,2.59,17.0,2.0,9.0,0.0,7.0,3.0
2023-01-26,Groningen,Cambuur,0.0,1.0,2.23,3.37,3.2,1.94,1.86,15.0,10.0,2.0,4.0,9.0,1.0
2023-01-26,Ajax,Volendam,1.0,1.0,1.13,9.47,16.21,1.19,4.39,31.0,2.0,7.0,1.0,13.0,0.0
2023-01-28,PSV Eindhoven,Go Ahead Eagles,2.0,0.0,1.25,6.19,10.6,1.43,2.74,19.0,6.0,3.0,1.0,9.0,2.0
2023-01-28,Waalwijk,FC Emmen,2.0,0.0,2.2,3.34,3.26,2.02,1.8,6.0,17.0,4.0,3.0,3.0,6.0
2023-01-28,Heerenveen,Vitesse,1.0,3.0,2.15,3.4,3.35,2.0,1.82,10.0,22.0,2.0,8.0,6.0,6.0
2023-01-28,Nijmegen,Sparta Rotterdam,1.0,1.0,2.35,3.28,3.06,2.07,1.75,26.0,9.0,4.0,4.0,11.0,3.0
2023-01-28,AZ Alkmaar,Utrecht,5.0,5.0,1.68,3.98,4.74,1.67,2.2,15.0,24.0,9.0,9.0,3.0,7.0
2023-01-29,Twente,Feyenoord,1.0,1.0,2.81,3.31,2.5,1.95,1.85,14.0,17.0,6.0,6.0,2.0,6.0
2023-01-29,Excelsior,Ajax,1.0,4.0,9.98,6.46,1.24,1.35,3.11,12.0,19.0,4.0,9.0,6.0,7.0
2023-01-29,Volendam,Groningen,3.0,2.0,2.3,3.47,2.98,1.85,1.95,12.0,13.0,5.0,3.0,5.0,3.0
2023-01-29,Cambuur,For Sittard,1.0,2.0,2.35,3.39,2.95,1.92,1.88,9.0,18.0,1.0,6.0,6.0,4.0
2023-02-01,Waalwijk,Go Ahead Eagles,3.0,1.0,2.24,3.53,3.04,1.78,2.04,6.0,11.0,4.0,2.0,1.0,4.0
2023-02-03,For Sittard,Sparta Rotterdam,0.0,0.0,2.49,3.19,2.92,2.17,1.69,14.0,8.0,7.0,2.0,3.0,3.0
2023-02-04,Volendam,AZ Alkmaar,1.0,1.0,5.02,4.59,1.56,1.48,2.6,9.0,13.0,2.0,3.0,2.0,6.0
2023-02-04,FC Emmen,Vitesse,2.0,2.0,2.71,3.24,2.64,2.12,1.72,6.0,14.0,3.0,8.0,6.0,4.0
2023-02-04,Utrecht,Heerenveen,1.0,0.0,1.82,3.62,4.29,1.91,1.88,12.0,9.0,7.0,5.0,4.0,3.0
2023-02-04,Excelsior,Waalwijk,0.0,0.0,2.7,3.53,2.5,1.76,2.06,15.0,17.0,3.0,6.0,10.0,0.0
2023-02-05,Cambuur,Ajax,0.0,5.0,10.69,6.0,1.25,1.51,2.52,4.0,20.0,1.0,5.0,3.0,6.0
2023-02-05,Feyenoord,PSV Eindhoven,2.0,2.0,2.18,3.53,3.16,1.74,2.1,35.0,7.0,7.0,4.0,12.0,1.0
2023-02-05,Go Ahead Eagles,Nijmegen,1.0,0.0,2.44,3.39,2.81,1.96,1.84,11.0,7.0,2.0,0.0,2.0,6.0
2023-02-05,Groningen,Twente,1.0,1.0,5.27,4.01,1.62,1.87,1.93,19.0,9.0,7.0,1.0,5.0,5.0
2023-02-10,AZ Alkmaar,Excelsior,5.0,0.0,1.26,6.07,10.14,1.43,2.8,21.0,3.0,11.0,1.0,10.0,0.0
2023-02-11,Nijmegen,Cambuur,0.0,0.0,1.71,3.77,4.83,1.96,1.85,16.0,13.0,6.0,4.0,14.0,4.0
2023-02-11,PSV Eindhoven,Groningen,6.0,0.0,1.15,7.72,17.07,1.44,2.75,34.0,3.0,13.0,1.0,18.0,1.0
2023-02-11,FC Emmen,For Sittard,0.0,1.0,2.17,3.39,3.34,2.05,1.77,10.0,14.0,2.0,4.0,3.0,6.0
2023-02-12,Sparta Rotterdam,Go Ahead Eagles,2.0,1.0,2.02,3.32,3.82,2.21,1.66,19.0,18.0,6.0,4.0,7.0,4.0
2023-02-12,Heerenveen,Feyenoord,1.0,2.0,4.79,3.87,1.7,1.81,2.0,13.0,13.0,4.0,3.0,5.0,7.0
2023-02-12,Vitesse,Utrecht,2.0,0.0,2.47,3.51,2.71,1.83,1.98,13.0,11.0,4.0,4.0,3.0,8.0
2023-02-12,Ajax,Waalwijk,3.0,1.0,1.14,8.26,17.12,1.32,3.32,17.0,6.0,5.0,3.0,10.0,2.0
2023-02-12,Twente,Volendam,3.0,0.0,1.24,6.14,11.56,1.45,2.7,18.0,9.0,9.0,2.0,9.0,2.0
2023-02-17,Waalwijk,For Sittard,3.0,1.0,2.24,3.48,3.14,1.81,2.0,18.0,10.0,9.0,5.0,5.0,4.0
2023-02-18,Volendam,Vitesse,2.0,0.0,3.46,3.68,2.02,1.68,2.18,9.0,15.0,3.0,1.0,5.0,8.0
2023-02-18,Groningen,FC Emmen,1.0,1.0,2.31,3.23,3.19,2.15,1.7,19.0,7.0,3.0,3.0,9.0,2.0
2023-02-18,Feyenoord,AZ Alkmaar,2.0,1.0,1.73,3.93,4.52,1.67,2.2,18.0,2.0,3.0,0.0,2.0,5.0
2023-02-19,Cambuur,Heerenveen,1.0,2.0,3.08,3.35,2.31,1.97,1.84,11.0,12.0,3.0,4.0,2.0,5.0
2023-02-19,Go Ahead Eagles,Twente,2.0,0.0,4.01,3.56,1.9,1.93,1.88,11.0,19.0,5.0,2.0,1.0,4.0
2023-02-19,Utrecht,PSV Eindhoven,2.0,2.0,3.76,4.01,1.85,1.55,2.41,8.0,16.0,4.0,8.0,2.0,5.0
2023-02-19,Ajax,Sparta Rotterdam,4.0,0.0,1.22,6.53,12.24,1.45,2.71,23.0,7.0,12.0,2.0,5.0,2.0
2023-02-19,Excelsior,Nijmegen,0.0,3.0,3.12,3.57,2.2,1.69,2.16,10.0,17.0,4.0,6.0,8.0,2.0
2023-02-24,Sparta Rotterdam,Utrecht,0.0,3.0,2.74,3.23,2.63,2.13,1.71,14.0,14.0,1.0,5.0,0.0,6.0
2023-02-25,Groningen,Excelsior,3.0,0.0,1.87,3.81,3.89,1.77,2.05,17.0,4.0,8.0,0.0,3.0,1.0
2023-02-25,Heerenveen,Waalwijk,1.0,4.0,1.95,3.66,3.69,1.79,2.02,26.0,8.0,8.0,4.0,5.0,0.0
2023-02-25,AZ Alkmaar,Cambuur,2.0,1.0,1.25,6.17,10.72,1.49,2.57,14.0,9.0,7.0,3.0,5.0,1.0
2023-02-25,Nijmegen,Volendam,3.0,0.0,1.58,4.2,5.46,1.68,2.18,21.0,11.0,7.0,6.0,6.0,1.0
2023-02-26,For Sittard,Feyenoord,2.0,4.0,6.53,4.83,1.44,1.57,2.39,13.0,18.0,5.0,7.0,7.0,5.0
2023-02-26,FC Emmen,Go Ahead Eagles,2.0,2.0,2.41,3.28,2.98,2.14,1.7,8.0,8.0,3.0,4.0,3.0,4.0
2023-02-26,Vitesse,Ajax,1.0,2.0,5.67,4.62,1.51,1.56,2.41,10.0,10.0,5.0,3.0,6.0,4.0
2023-02-26,PSV Eindhoven,Twente,3.0,1.0,1.63,4.2,4.87,1.66,2.21,14.0,14.0,9.0,8.0,6.0,5.0
2023-03-03,Utrecht,For Sittard,1.0,2.0,1.57,4.22,5.52,1.69,2.15,13.0,9.0,5.0,5.0,3.0,1.0
2023-03-03,Vitesse,AZ Alkmaar,0.0,1.0,3.13,3.42,2.25,1.85,1.95,12.0,16.0,1.0,6.0,4.0,6.0
2023-03-04,Volendam,FC Emmen,3.0,1.0,2.61,3.39,2.64,1.9,1.9,22.0,21.0,10.0,7.0,9.0,3.0
2023-03-04,Feyenoord,Groningen,1.0,0.0,1.2,6.96,12.56,1.41,2.85,23.0,6.0,6.0,0.0,14.0,3.0
2023-03-04,Twente,Heerenveen,3.0,3.0,1.55,4.18,5.81,1.81,2.0,18.0,18.0,5.0,5.0,6.0,6.0
2023-03-05,Excelsior,Sparta Rotterdam,1.0,4.0,3.32,3.49,2.14,1.93,1.87,17.0,14.0,5.0,7.0,4.0,4.0
2023-03-05,Waalwijk,PSV Eindhoven,0.0,1.0,6.33,4.88,1.44,1.55,2.42,10.0,23.0,3.0,7.0,2.0,4.0
2023-03-05,Ajax,Nijmegen,1.0,0.0,1.23,6.5,11.24,1.42,2.81,19.0,5.0,7.0,2.0,10.0,2.0
2023-03-05,Cambuur,Go Ahead Eagles,4.0,1.0,2.84,3.35,2.46,1.94,1.85,15.0,18.0,7.0,3.0,4.0,6.0
2023-03-11,FC Emmen,Excelsior,2.0,0.0,1.75,3.76,4.56,1.82,1.98,9.0,11.0,4.0,4.0,2.0,6.0
2023-03-11,For Sittard,Twente,0.0,3.0,3.61,3.66,1.97,1.78,2.02,10.0,17.0,3.0,5.0,0.0,4.0
2023-03-11,AZ Alkmaar,Groningen,1.0,0.0,1.32,5.24,9.23,1.63,2.27,10.0,11.0,3.0,2.0,5.0,2.0
2023-03-11,Sparta Rotterdam,Vitesse,3.0,1.0,2.45,3.3,2.88,2.11,1.72,19.0,9.0,10.0,2.0,7.0,3.0
2023-03-12,Nijmegen,Utrecht,2.0,2.0,2.47,3.31,2.86,1.91,1.88,11.0,12.0,6.0,6.0,3.0,7.0
2023-03-12,Heerenveen,Ajax,2.0,4.0,6.86,4.86,1.42,1.55,2.42,6.0,13.0,4.0,6.0,5.0,8.0
2023-03-12,PSV Eindhoven,Cambuur,5.0,2.0,1.14,8.49,17.56,1.36,3.09,25.0,12.0,16.0,5.0,6.0,5.0
2023-03-12,Feyenoord,Volendam,2.0,1.0,1.12,9.4,18.19,1.27,3.68,25.0,9.0,8.0,2.0,9.0,2.0
2023-03-17,Volendam,For Sittard,2.0,1.0,2.41,3.57,2.78,1.69,2.16,9.0,13.0,2.0,4.0,1.0,14.0
2023-03-18,Utrecht,Go Ahead Eagles,1.0,2.0,1.72,3.94,4.52,1.73,2.1,11.0,18.0,6.0,6.0,6.0,3.0
2023-03-18,FC Emmen,Sparta Rotterdam,0.0,2.0,2.59,3.13,2.86,2.25,1.64,12.0,15.0,6.0,8.0,1.0,8.0
2023-03-18,Waalwijk,Nijmegen,1.0,3.0,2.47,3.41,2.8,1.81,2.0,15.0,12.0,4.0,7.0,2.0,4.0
2023-03-19,Groningen,Heerenveen,0.0,2.0,2.77,3.3,2.55,1.95,1.84,11.0,13.0,1.0,5.0,5.0,2.0
2023-03-19,Ajax,Feyenoord,2.0,3.0,1.74,4.05,4.22,1.57,2.37,12.0,17.0,5.0,5.0,8.0,4.0
2023-03-19,Excelsior,Cambuur,4.0,1.0,2.65,3.47,2.58,1.81,2.0,6.0,19.0,3.0,9.0,4.0,8.0
2023-03-19,Vitesse,PSV Eindhoven,1.0,1.0,4.69,4.05,1.68,1.68,2.16,10.0,13.0,2.0,3.0,5.0,5.0
2023-03-19,Twente,AZ Alkmaar,2.0,1.0,2.17,3.45,3.28,1.86,1.94,18.0,12.0,4.0,3.0,6.0,2.0
2023-04-01,AZ Alkmaar,Heerenveen,1.0,1.0,1.5,4.38,6.23,1.68,2.17,21.0,9.0,7.0,2.0,9.0,2.0
2023-04-01,Excelsior,Twente,0.0,0.0,5.65,4.37,1.54,1.6,2.31,6.0,26.0,1.0,8.0,7.0,10.0
2023-04-01,Cambuur,FC Emmen,1.0,2.0,2.39,3.3,2.99,2.03,1.77,10.0,13.0,2.0,5.0,3.0,5.0
2023-04-01,Nijmegen,PSV Eindhoven,2.0,4.0,4.85,4.06,1.66,1.64,2.24,12.0,25.0,6.0,11.0,3.0,7.0
2023-04-01,Waalwijk,Vitesse,1.0,0.0,2.52,3.42,2.72,1.79,2.01,10.0,16.0,4.0,7.0,1.0,2.0
2023-04-02,Go Ahead Eagles,Ajax,0.0,0.0,8.05,5.24,1.34,1.53,2.44,5.0,9.0,2.0,4.0,2.0,6.0
2023-04-02,Sparta Rotterdam,Feyenoord,1.0,3.0,5.43,3.91,1.62,1.79,2.01,7.0,22.0,5.0,5.0,4.0,8.0
2023-04-02,Utrecht,Volendam,0.0,0.0,1.4,5.08,6.74,1.43,2.76,18.0,8.0,5.0,2.0,11.0,7.0
2023-04-02,For Sittard,Groningen,3.0,1.0,2.12,3.49,3.31,1.85,1.95,8.0,19.0,5.0,4.0,3.0,9.0
2023-04-07,Groningen,Utrecht,1.0,2.0,3.04,3.47,2.28,1.8,2.0,6.0,16.0,1.0,4.0,2.0,7.0
2023-04-08,Vitesse,Go Ahead Eagles,2.0,0.0,2.05,3.45,3.6,1.93,1.86,19.0,9.0,9.0,1.0,6.0,2.0
2023-04-08,AZ Alkmaar,Sparta Rotterdam,0.0,1.0,1.48,4.39,6.5,1.77,2.04,16.0,11.0,3.0,3.0,4.0,4.0
2023-04-08,PSV Eindhoven,Excelsior,4.0,0.0,1.08,11.06,26.84,1.25,3.85,21.0,5.0,9.0,2.0,7.0,1.0
2023-04-08,Heerenveen,Volendam,2.0,1.0,1.57,4.36,5.31,1.57,2.36,15.0,9.0,9.0,5.0,4.0,2.0
2023-04-09,Twente,Cambuur,4.0,0.0,1.27,5.73,10.81,1.59,2.35,30.0,8.0,10.0,3.0,7.0,2.0
2023-04-09,FC Emmen,Nijmegen,0.0,0.0,2.84,3.42,2.41,1.9,1.89,14.0,22.0,4.0,3.0,2.0,5.0
2023-04-09,Ajax,For Sittard,4.0,0.0,1.12,9.4,17.4,1.3,3.44,31.0,9.0,8.0,1.0,17.0,4.0
2023-04-09,Feyenoord,Waalwijk,5.0,1.0,1.17,7.89,14.08,1.31,3.36,22.0,6.0,10.0,2.0,7.0,4.0
2023-04-14,Excelsior,Go Ahead Eagles,2.0,1.0,3.23,3.54,2.17,1.79,2.02,14.0,17.0,3.0,7.0,5.0,12.0
2023-04-15,Waalwijk,Groningen,2.0,1.0,1.92,3.63,3.86,1.77,2.04,12.0,15.0,3.0,4.0,3.0,2.0
2023-04-15,Sparta Rotterdam,Heerenveen,4.0,0.0,2.31,3.34,3.11,2.03,1.78,10.0,12.0,4.0,5.0,7.0,4.0
2023-04-16,Nijmegen,Vitesse,1.0,4.0,2.18,3.38,3.33,1.89,1.9,13.0,14.0,3.0,4.0,7.0,6.0
2023-04-16,Utrecht,Twente,1.0,0.0,2.95,3.46,2.33,1.78,2.03,10.0,19.0,3.0,5.0,4.0,8.0
2023-04-16,Volendam,PSV Eindhoven,2.0,3.0,9.64,6.25,1.26,1.32,3.34,11.0,8.0,3.0,5.0,3.0,2.0
2023-04-16,Cambuur,Feyenoord,0.0,3.0,9.63,5.87,1.28,1.46,2.65,11.0,25.0,1.0,9.0,2.0,9.0
2023-04-16,Ajax,FC Emmen,3.0,1.0,1.12,9.21,19.2,1.3,3.44,26.0,8.0,10.0,4.0,13.0,5.0
2023-04-16,For Sittard,AZ Alkmaar,0.0,3.0,4.44,3.86,1.75,1.7,2.13,11.0,14.0,3.0,6.0,1.0,12.0
2023-04-19,Go Ahead Eagles,Waalwijk,3.0,2.0,2.03,3.63,3.51,1.74,2.08,25.0,5.0,11.0,3.0,10.0,1.0
2023-04-21,Volendam,Cambuur,2.0,0.0,1.72,4.07,4.43,1.55,2.42,15.0,9.0,7.0,2.0,9.0,5.0
2023-04-22,Heerenveen,FC Emmen,2.0,3.0,1.72,3.75,4.87,1.9,1.89,15.0,14.0,4.0,5.0,10.0,5.0
2023-04-22,Vitesse,Excelsior,0.0,0.0,1.45,4.63,6.69,1.58,2.35,28.0,6.0,7.0,0.0,17.0,3.0
2023-04-23,Twente,Sparta Rotterdam,3.0,3.0,1.54,4.22,5.88,1.75,2.06,21.0,17.0,7.0,7.0,17.0,6.0
2023-04-23,Go Ahead Eagles,For Sittard,2.0,0.0,1.93,3.67,3.79,1.75,2.06,15.0,15.0,6.0,3.0,6.0,9.0
2023-04-23,PSV Eindhoven,Ajax,3.0,0.0,2.34,3.64,2.83,1.56,2.39,11.0,8.0,4.0,2.0,5.0,5.0
2023-04-23,Feyenoord,Utrecht,3.0,1.0,1.35,5.25,7.98,1.49,2.57,15.0,6.0,9.0,1.0,4.0,0.0
2023-04-23,AZ Alkmaar,Waalwijk,3.0,0.0,1.34,5.23,8.35,1.53,2.46,16.0,7.0,8.0,1.0,8.0,0.0
2023-04-25,Groningen,Nijmegen,0.0,1.0,2.84,3.33,2.48,1.91,1.88,14.0,9.0,2.0,3.0,4.0,8.0
2023-05-05,Waalwijk,Volendam,4.0,1.0,1.86,4.01,3.76,1.52,2.49,11.0,15.0,4.0,4.0,4.0,8.0
2023-05-06,Sparta Rotterdam,PSV Eindhoven,0.0,1.0,5.83,4.47,1.52,1.61,2.31,5.0,21.0,0.0,4.0,2.0,4.0
2023-05-06,Cambuur,Utrecht,0.0,3.0,4.07,3.92,1.81,1.63,2.25,5.0,10.0,0.0,1.0,4.0,0.0
2023-05-06,Nijmegen,Heerenveen,2.0,3.0,2.15,3.56,3.23,1.77,2.03,11.0,10.0,3.0,4.0,4.0,3.0
2023-05-06,Ajax,AZ Alkmaar,0.0,0.0,1.56,4.46,5.35,1.55,2.42,18.0,11.0,3.0,4.0,8.0,2.0
2023-05-07,FC Emmen,Twente,0.0,3.0,4.51,3.88,1.74,1.74,2.07,11.0,16.0,4.0,4.0,2.0,2.0
2023-05-07,Excelsior,Feyenoord,0.0,2.0,11.52,7.07,1.21,1.35,3.16,9.0,8.0,4.0,3.0,4.0,2.0
2023-05-07,Go Ahead Eagles,Groningen,1.0,1.0,1.71,3.97,4.59,1.79,2.01,14.0,7.0,6.0,2.0,6.0,5.0
2023-05-07,For Sittard,Vitesse,2.0,0.0,3.3,3.56,2.12,1.77,2.04,7.0,14.0,4.0,2.0,5.0,8.0
2023-05-12,Twente,Nijmegen,4.0,0.0,1.45,4.81,6.49,1.52,2.5,26.0,7.0,11.0,2.0,7.0,3.0
2023-05-13,Volendam,Sparta Rotterdam,2.0,1.0,2.94,3.63,2.28,1.63,2.25,11.0,6.0,5.0,2.0,6.0,5.0
2023-05-13,Heerenveen,Excelsior,0.0,0.0,1.51,4.62,5.72,1.53,2.46,11.0,15.0,2.0,4.0,5.0,6.0
2023-05-13,Utrecht,Waalwijk,2.0,0.0,1.59,4.42,4.99,1.52,2.5,13.0,10.0,3.0,2.0,4.0,4.0
2023-05-14,Vitesse,Cambuur,2.0,0.0,1.35,5.28,8.16,1.51,2.53,14.0,10.0,2.0,1.0,4.0,4.0
2023-05-14,Groningen,Ajax,2.0,3.0,11.59,6.38,1.23,1.42,2.8,12.0,18.0,5.0,8.0,3.0,10.0
2023-05-14,Feyenoord,Go Ahead Eagles,3.0,0.0,1.17,7.78,14.1,1.33,3.24,12.0,7.0,3.0,1.0,1.0,2.0
2023-05-14,AZ Alkmaar,FC Emmen,5.0,1.0,1.33,5.33,8.86,1.57,2.37,23.0,7.0,4.0,2.0,13.0,3.0
2023-05-14,PSV Eindhoven,For Sittard,2.0,1.0,1.11,10.26,19.7,1.26,3.74,22.0,4.0,7.0,0.0,14.0,1.0
2023-05-21,Ajax,Utrecht,3.0,1.0,1.25,6.51,9.83,1.35,3.12,27.0,5.0,9.0,1.0,8.0,1.0
2023-05-21,Excelsior,For Sittard,3.0,0.0,1.94,3.83,3.58,1.58,2.35,14.0,13.0,6.0,3.0,6.0,2.0
2023-05-21,FC Emmen,Feyenoord,1.0,3.0,6.02,4.84,1.46,1.46,2.66,5.0,22.0,2.0,8.0,3.0,8.0
2023-05-21,Go Ahead Eagles,Volendam,3.0,0.0,1.79,4.05,3.99,1.51,2.52,20.0,16.0,6.0,3.0,8.0,3.0
2023-05-21,Nijmegen,AZ Alkmaar,0.0,3.0,4.0,3.97,1.8,1.6,2.31,11.0,14.0,2.0,6.0,3.0,4.0
2023-05-21,PSV Eindhoven,Heerenveen,3.0,3.0,1.23,6.66,11.24,1.34,3.2,22.0,13.0,5.0,6.0,9.0,6.0
2023-05-21,Sparta Rotterdam,Cambuur,4.0,1.0,1.38,5.01,7.58,1.57,2.38,11.0,15.0,5.0,4.0,4.0,4.0
2023-05-21,Vitesse,Groningen,6.0,0.0,1.43,4.79,6.67,1.61,2.29,30.0,8.0,13.0,1.0,2.0,2.0
2023-05-21,Waalwijk,Twente,0.0,5.0,3.86,4.19,1.79,1.44,2.76,4.0,20.0,2.0,12.0,5.0,5.0
2023-05-28,AZ Alkmaar,PSV Eindhoven,1.0,2.0,2.64,3.76,2.43,1.5,2.49,9.0,7.0,6.0,2.0,2.0,4.0
2023-05-28,Cambuur,Waalwijk,4.0,0.0,3.38,3.96,1.96,1.48,2.61,21.0,10.0,9.0,4.0,11.0,5.0
2023-05-28,Feyenoord,Vitesse,0.0,1.0,1.28,6.13,8.85,1.33,3.22,27.0,14.0,9.0,7.0,11.0,5.0
2023-05-28,For Sittard,Nijmegen,1.0,1.0,2.55,3.7,2.54,1.54,2.44,16.0,15.0,4.0,6.0,5.0,6.0
2023-05-28,Groningen,Sparta Rotterdam,0.0,5.0,3.17,3.67,2.13,1.68,2.17,7.0,27.0,1.0,12.0,2.0,5.0
2023-05-28,Heerenveen,Go Ahead Eagles,2.0,0.0,2.04,3.89,3.21,1.55,2.41,16.0,15.0,7.0,3.0,4.0,1.0
2023-05-28,Twente,Ajax,3.0,1.0,4.0,4.25,1.75,1.43,2.77,11.0,20.0,6.0,6.0,0.0,7.0
2023-05-28,Utrecht,FC Emmen,3.0,2.0,1.53,4.5,5.59,1.54,2.44,20.0,10.0,7.0,5.0,13.0,4.0
2023-05-28,Volendam,Excelsior,3.0,2.0,1.71,4.35,4.12,1.41,2.85,28.0,19.0,9.0,8.0,15.0,5.0
2023-08-11,Volendam,Vitesse,1.0,2.0,3.37,3.74,2.04,1.56,2.39,4.0,13.0,4.0,9.0,3.0,7.0
2023-08-12,PSV Eindhoven,Utrecht,2.0,0.0,1.36,5.21,7.94,1.49,2.58,23.0,7.0,8.0,1.0,4.0,2.0
2023-08-12,Heerenveen,Waalwijk,3.0,1.0,1.75,4.03,4.26,1.57,2.36,19.0,13.0,9.0,5.0,7.0,2.0
2023-08-12,Ajax,Heracles,4.0,1.0,1.18,7.73,13.26,1.34,3.2,31.0,7.0,13.0,2.0,13.0,4.0
2023-08-12,Zwolle,Sparta Rotterdam,1.0,2.0,2.47,3.43,2.78,1.76,2.04,20.0,9.0,7.0,4.0,7.0,1.0
2023-08-13,Nijmegen,Excelsior,3.0,4.0,1.51,4.49,5.79,1.55,2.4,8.0,6.0,6.0,6.0,2.0,7.0
2023-08-13,AZ Alkmaar,Go Ahead Eagles,5.0,1.0,1.36,5.03,8.25,1.59,2.31,13.0,9.0,8.0,4.0,5.0,4.0
2023-08-13,Feyenoord,For Sittard,0.0,0.0,1.15,8.2,16.29,1.31,3.36,22.0,14.0,6.0,5.0,8.0,3.0
2023-08-13,Almere City,Twente,1.0,4.0,5.38,4.27,1.57,1.61,2.3,12.0,20.0,4.0,8.0,2.0,11.0
2023-08-18,Heracles,Nijmegen,2.0,1.0,2.42,3.61,2.74,1.61,2.3,16.0,17.0,7.0,4.0,5.0,9.0
2023-08-19,Excelsior,Ajax,2.0,2.0,10.24,6.55,1.24,1.29,3.53,13.0,15.0,2.0,8.0,4.0,10.0
2023-08-19,Vitesse,PSV Eindhoven,1.0,3.0,5.7,4.43,1.53,1.55,2.42,12.0,19.0,2.0,7.0,4.0,7.0
2023-08-19,For Sittard,Almere City,2.0,1.0,1.93,3.81,3.64,1.6,2.3,21.0,8.0,7.0,5.0,5.0,6.0
2023-08-19,Go Ahead Eagles,Volendam,4.0,1.0,1.65,4.17,4.73,1.59,2.31,8.0,19.0,6.0,5.0,4.0,12.0
2023-08-20,Utrecht,Heerenveen,0.0,2.0,1.78,3.85,4.22,1.63,2.25,12.0,12.0,6.0,6.0,9.0,2.0
2023-08-20,Sparta Rotterdam,Feyenoord,2.0,2.0,5.27,4.39,1.56,1.57,2.36,10.0,24.0,5.0,8.0,3.0,12.0
2023-08-20,Twente,Zwolle,3.0,1.0,1.34,5.18,8.34,1.54,2.45,18.0,9.0,3.0,4.0,8.0,3.0
2023-08-20,Waalwijk,AZ Alkmaar,1.0,3.0,5.02,4.26,1.6,1.53,2.45,7.0,15.0,5.0,7.0,1.0,10.0
2023-08-26,Nijmegen,Waalwijk,3.0,0.0,1.78,4.01,4.09,1.58,2.37,13.0,10.0,10.0,1.0,2.0,4.0
2023-08-26,Excelsior,For Sittard,2.0,2.0,2.37,3.64,2.79,1.64,2.25,9.0,13.0,6.0,5.0,0.0,6.0
2023-08-27,Zwolle,Utrecht,1.0,0.0,2.8,3.69,2.34,1.61,2.3,9.0,10.0,2.0,1.0,2.0,8.0
2023-08-27,Feyenoord,Almere City,6.0,1.0,1.15,8.25,15.35,1.32,3.3,31.0,6.0,18.0,1.0,8.0,2.0
2023-08-27,Heerenveen,Sparta Rotterdam,1.0,3.0,2.28,3.66,2.89,1.66,2.21,19.0,16.0,6.0,7.0,6.0,7.0
2023-09-01,Sparta Rotterdam,Nijmegen,1.0,1.0,1.88,3.78,3.88,1.67,2.17,15.0,13.0,6.0,6.0,10.0,1.0
2023-09-02,Almere City,Zwolle,1.0,2.0,3.15,3.63,2.16,1.65,2.23,10.0,13.0,3.0,6.0,7.0,4.0
2023-09-02,Go Ahead Eagles,Heerenveen,3.0,2.0,2.2,3.64,3.06,1.62,2.27,21.0,13.0,7.0,3.0,9.0,8.0
2023-09-02,Waalwijk,PSV Eindhoven,0.0,4.0,7.93,5.61,1.33,1.36,3.08,10.0,22.0,3.0,9.0,4.0,8.0
2023-09-02,Heracles,Excelsior,3.0,1.0,1.81,3.85,4.1,1.59,2.34,15.0,9.0,5.0,3.0,8.0,1.0
2023-09-03,Utrecht,Feyenoord,1.0,5.0,4.69,4.36,1.63,1.48,2.62,5.0,21.0,1.0,11.0,5.0,8.0
2023-09-03,For Sittard,Ajax,0.0,0.0,6.89,5.25,1.39,1.39,2.95,12.0,12.0,4.0,4.0,3.0,7.0
2023-09-03,Volendam,Twente,0.0,2.0,5.05,4.47,1.57,1.45,2.72,7.0,12.0,2.0,4.0,1.0,5.0
2023-09-03,Vitesse,AZ Alkmaar,0.0,2.0,3.56,3.72,1.97,1.64,2.22,4.0,16.0,2.0,7.0,0.0,9.0
2023-09-16,Feyenoord,Heerenveen,6.0,1.0,1.22,6.63,11.54,1.37,3.05,21.0,7.0,9.0,1.0,6.0,3.0
2023-09-16,Vitesse,Waalwijk,0.0,2.0,1.51,4.53,5.75,1.52,2.5,16.0,18.0,2.0,9.0,8.0,6.0
2023-09-16,For Sittard,Volendam,3.0,1.0,1.63,4.25,4.86,1.52,2.49,27.0,7.0,11.0,2.0,15.0,3.0
2023-09-16,PSV Eindhoven,Nijmegen,4.0,0.0,1.16,7.98,14.84,1.31,3.35,28.0,3.0,11.0,0.0,8.0,3.0
2023-09-16,Heracles,Utrecht,1.0,3.0,2.52,3.52,2.67,1.69,2.15,11.0,11.0,1.0,7.0,4.0,4.0
2023-09-17,Zwolle,Go Ahead Eagles,1.0,1.0,2.39,3.54,2.81,1.64,2.24,27.0,9.0,11.0,2.0,11.0,4.0
2023-09-17,Excelsior,Almere City,0.0,0.0,2.06,3.79,3.23,1.57,2.37,14.0,16.0,2.0,3.0,4.0,5.0
2023-09-17,Twente,Ajax,3.0,1.0,2.55,3.56,2.62,1.59,2.32,24.0,11.0,9.0,2.0,5.0,9.0
2023-09-17,AZ Alkmaar,Sparta Rotterdam,2.0,0.0,1.52,4.37,5.83,1.61,2.28,18.0,10.0,7.0,3.0,9.0,4.0
2023-09-22,Go Ahead Eagles,For Sittard,3.0,0.0,2.2,3.63,3.08,1.7,2.15,20.0,21.0,9.0,2.0,2.0,5.0
2023-09-23,Volendam,Heracles,2.0,2.0,2.77,3.7,2.35,1.58,2.35,16.0,15.0,6.0,5.0,5.0,7.0
2023-09-23,Nijmegen,Utrecht,3.0,0.0,2.59,3.6,2.55,1.64,2.24,9.0,17.0,5.0,4.0,4.0,4.0
2023-09-23,Almere City,PSV Eindhoven,0.0,4.0,12.79,7.27,1.19,1.35,3.11,9.0,20.0,2.0,9.0,5.0,8.0
2023-09-23,Heerenveen,Excelsior,0.0,3.0,1.64,4.24,4.74,1.52,2.49,9.0,7.0,2.0,4.0,3.0,2.0
2023-09-24,Sparta Rotterdam,Vitesse,1.0,0.0,1.91,3.75,3.76,1.72,2.11,17.0,6.0,5.0,0.0,5.0,3.0
2023-09-24,Waalwijk,Twente,1.0,0.0,5.49,4.54,1.52,1.45,2.7,9.0,7.0,3.0,2.0,1.0,6.0
2023-09-24,Zwolle,AZ Alkmaar,0.0,3.0,4.5,3.92,1.72,1.7,2.13,7.0,15.0,3.0,5.0,2.0,6.0
2023-09-27,Ajax,Feyenoord,0.0,4.0,2.74,3.75,2.35,1.52,2.52,9.0,14.0,2.0,7.0,4.0,0.0
2023-09-27,PSV Eindhoven,Go Ahead Eagles,3.0,0.0,1.16,8.14,14.64,1.31,3.37,23.0,9.0,11.0,2.0,9.0,2.0
2023-09-27,Twente,Vitesse,1.0,0.0,1.38,4.94,7.51,1.54,2.4,18.0,10.0,5.0,3.0,5.0,2.0
2023-09-28,AZ Alkmaar,Heracles,1.0,1.0,1.27,6.01,9.96,1.46,2.68,21.0,4.0,7.0,2.0,16.0,0.0
2023-09-30,Feyenoord,Go Ahead Eagles,3.0,1.0,1.14,8.58,16.1,1.28,3.61,29.0,7.0,9.0,3.0,11.0,0.0
2023-09-30,PSV Eindhoven,Volendam,3.0,1.0,1.06,13.86,29.64,1.14,5.21,38.0,2.0,17.0,1.0,7.0,0.0
2023-09-30,Utrecht,Almere City,0.0,2.0,1.54,4.39,5.67,1.59,2.31,11.0,17.0,2.0,5.0,4.0,6.0
2023-09-30,Twente,Heerenveen,1.0,0.0,1.33,5.51,8.41,1.46,2.67,11.0,5.0,3.0,1.0,8.0,1.0
2023-10-01,Nijmegen,Vitesse,1.0,3.0,2.16,3.61,3.14,1.7,2.14,9.0,10.0,5.0,5.0,6.0,5.0
2023-10-01,Excelsior,Sparta Rotterdam,2.0,1.0,3.43,3.62,2.05,1.68,2.17,15.0,9.0,7.0,5.0,2.0,7.0
2023-10-01,Heracles,Zwolle,2.0,1.0,2.22,3.68,2.99,1.57,2.37,13.0,13.0,6.0,5.0,2.0,2.0
2023-10-01,AZ Alkmaar,For Sittard,4.0,0.0,1.36,5.19,7.92,1.54,2.45,12.0,8.0,7.0,1.0,1.0,3.0
2023-10-06,Volendam,Utrecht,1.0,0.0,3.84,4.04,1.84,1.52,2.52,15.0,7.0,5.0,3.0,6.0,0.0
2023-10-07,Heerenveen,Nijmegen,1.0,1.0,2.14,3.66,3.18,1.67,2.19,18.0,9.0,7.0,3.0,7.0,1.0
2023-10-07,Almere City,Waalwijk,1.0,0.0,2.32,3.79,2.79,1.57,2.4,18.0,13.0,6.0,4.0,4.0,3.0
2023-10-07,Go Ahead Eagles,Heracles,4.0,0.0,1.81,3.98,4.0,1.59,2.33,22.0,17.0,13.0,8.0,9.0,5.0
2023-10-07,Vitesse,Excelsior,0.0,0.0,1.73,4.09,4.33,1.64,2.25,21.0,11.0,7.0,5.0,11.0,5.0
2023-10-08,Zwolle,Feyenoord,0.0,2.0,9.03,5.9,1.29,1.34,3.19,4.0,13.0,1.0,5.0,3.0,4.0
2023-10-08,Ajax,AZ Alkmaar,1.0,2.0,2.23,3.8,2.9,1.54,2.43,6.0,12.0,1.0,4.0,6.0,4.0
2023-10-08,For Sittard,Twente,0.0,3.0,3.72,3.83,1.91,1.7,2.13,3.0,15.0,1.0,6.0,3.0,7.0
2023-10-08,Sparta Rotterdam,PSV Eindhoven,0.0,4.0,8.12,5.27,1.35,1.49,2.61,8.0,30.0,3.0,11.0,1.0,8.0
2023-10-21,PSV Eindhoven,For Sittard,3.0,1.0,1.1,10.15,20.8,1.26,3.74,18.0,2.0,6.0,1.0,10.0,1.0
2023-10-21,Waalwijk,Volendam,2.0,1.0,1.68,4.31,4.39,1.5,2.53,10.0,11.0,4.0,3.0,3.0,4.0
2023-10-21,Nijmegen,Almere City,1.0,1.0,1.83,3.83,4.06,1.69,2.15,12.0,14.0,4.0,2.0,6.0,5.0
2023-10-21,AZ Alkmaar,Heerenveen,3.0,0.0,1.28,5.77,10.28,1.51,2.48,11.0,9.0,3.0,3.0,6.0,3.0
2023-10-21,Feyenoord,Vitesse,4.0,0.0,1.14,8.37,17.27,1.36,3.08,23.0,4.0,8.0,1.0,9.0,2.0
2023-10-22,Utrecht,Ajax,4.0,3.0,3.67,3.95,1.89,1.51,2.52,14.0,11.0,8.0,6.0,6.0,5.0
2023-10-22,Excelsior,Zwolle,2.0,4.0,2.39,3.65,2.76,1.69,2.16,18.0,11.0,6.0,6.0,2.0,4.0
2023-10-22,Heracles,Twente,2.0,2.0,5.3,4.24,1.59,1.65,2.24,16.0,17.0,3.0,5.0,6.0,6.0
2023-10-22,Go Ahead Eagles,Sparta Rotterdam,0.0,0.0,2.17,3.64,3.11,1.73,2.1,16.0,15.0,6.0,6.0,3.0,6.0
2023-10-27,Vitesse,Zwolle,1.0,1.0,1.98,3.71,3.61,1.69,2.12,29.0,5.0,12.0,2.0,18.0,2.0
2023-10-28,Heerenveen,Heracles,3.0,0.0,1.96,3.78,3.58,1.66,2.21,18.0,9.0,9.0,3.0,10.0,4.0
2023-10-28,Almere City,Go Ahead Eagles,0.0,0.0,2.7,3.55,2.5,1.7,2.14,12.0,9.0,1.0,3.0,6.0,5.0
2023-10-28,Sparta Rotterdam,Waalwijk,2.0,0.0,1.76,3.88,4.45,1.71,2.13,15.0,11.0,4.0,3.0,8.0,4.0
2023-10-28,For Sittard,Utrecht,0.0,0.0,2.42,3.65,2.75,1.64,2.22,12.0,12.0,6.0,3.0,5.0,5.0
2023-10-29,Twente,Feyenoord,2.0,1.0,3.09,3.68,2.18,1.63,2.26,12.0,11.0,5.0,6.0,2.0,5.0
2023-10-29,PSV Eindhoven,Ajax,5.0,2.0,1.3,5.91,8.59,1.34,3.18,26.0,16.0,9.0,7.0,5.0,5.0
2023-10-29,Volendam,Excelsior,3.0,1.0,2.71,3.78,2.38,1.52,2.5,20.0,10.0,12.0,2.0,8.0,6.0
2023-11-02,Ajax,Volendam,2.0,0.0,1.28,6.36,8.68,1.29,3.48,30.0,7.0,10.0,3.0,9.0,4.0
2023-11-04,Heracles,PSV Eindhoven,0.0,6.0,11.44,7.15,1.21,1.26,3.75,7.0,34.0,1.0,11.0,1.0,7.0
2023-11-04,Excelsior,AZ Alkmaar,1.0,1.0,7.36,4.99,1.39,1.52,2.49,15.0,11.0,5.0,4.0,3.0,7.0
2023-11-04,Waalwijk,Feyenoord,1.0,2.0,12.88,7.12,1.2,1.33,3.24,5.0,27.0,1.0,12.0,2.0,10.0
2023-11-04,Go Ahead Eagles,Vitesse,5.0,1.0,1.94,3.75,3.71,1.71,2.13,22.0,13.0,14.0,3.0,4.0,6.0
2023-11-05,Utrecht,Twente,1.0,1.0,4.68,3.99,1.69,1.71,2.13,14.0,10.0,6.0,1.0,5.0,2.0
2023-11-05,Nijmegen,Volendam,3.0,3.0,1.61,4.29,4.93,1.57,2.37,13.0,15.0,7.0,7.0,8.0,4.0
2023-11-05,Zwolle,For Sittard,2.0,0.0,2.2,3.57,3.13,1.77,2.04,15.0,8.0,6.0,2.0,2.0,2.0
2023-11-05,Ajax,Heerenveen,4.0,1.0,1.47,4.97,5.68,1.4,2.9,14.0,12.0,8.0,3.0,5.0,8.0
2023-11-05,Sparta Rotterdam,Almere City,1.0,2.0,1.69,4.01,4.66,1.73,2.11,24.0,11.0,6.0,4.0,10.0,3.0
2023-11-10,For Sittard,Heracles,4.0,1.0,1.75,3.92,4.43,1.68,2.16,15.0,7.0,8.0,3.0,9.0,7.0
2023-11-11,Waalwijk,Go Ahead Eagles,0.0,1.0,2.82,3.65,2.36,1.66,2.21,19.0,9.0,5.0,2.0,7.0,0.0
2023-11-11,Twente,Nijmegen,3.0,3.0,1.31,5.47,9.22,1.57,2.37,35.0,14.0,7.0,8.0,13.0,3.0
2023-11-11,Vitesse,Heerenveen,1.0,3.0,2.37,3.59,2.83,1.69,2.12,9.0,19.0,5.0,7.0,4.0,7.0
2023-11-12,PSV Eindhoven,Zwolle,4.0,0.0,1.09,11.03,22.12,1.22,4.01,21.0,3.0,6.0,2.0,12.0,0.0
2023-11-12,Almere City,Ajax,2.0,2.0,5.37,4.68,1.52,1.47,2.62,13.0,22.0,5.0,13.0,4.0,6.0
2023-11-12,Volendam,Sparta Rotterdam,1.0,4.0,3.18,3.75,2.1,1.61,2.31,17.0,16.0,1.0,7.0,3.0,5.0
2023-11-12,Feyenoord,AZ Alkmaar,1.0,0.0,1.55,4.41,5.36,1.58,2.34,10.0,7.0,5.0,1.0,2.0,0.0
2023-11-12,Utrecht,Excelsior,2.0,2.0,1.78,3.93,4.15,1.63,2.25,13.0,12.0,6.0,6.0,13.0,2.0
2023-11-25,Excelsior,Feyenoord,2.0,4.0,12.45,7.27,1.2,1.33,3.29,13.0,20.0,3.0,9.0,2.0,5.0
2023-11-25,Heerenveen,For Sittard,3.0,0.0,2.04,3.56,3.52,1.84,1.96,16.0,10.0,5.0,4.0,3.0,7.0
2023-11-25,Twente,PSV Eindhoven,0.0,3.0,3.66,3.83,1.93,1.58,2.35,12.0,17.0,1.0,7.0,3.0,4.0
2023-11-25,Ajax,Vitesse,5.0,0.0,1.3,6.0,8.73,1.4,2.91,19.0,9.0,12.0,4.0,7.0,4.0
2023-11-25,Zwolle,Waalwijk,1.0,2.0,1.77,3.91,4.25,1.68,2.18,17.0,13.0,6.0,4.0,5.0,8.0
2023-11-26,Almere City,Heracles,0.0,5.0,1.95,3.73,3.64,1.68,2.18,17.0,17.0,3.0,6.0,6.0,4.0
2023-11-26,AZ Alkmaar,Volendam,3.0,0.0,1.15,8.35,15.85,1.35,3.13,19.0,7.0,8.0,1.0,5.0,4.0
2023-11-26,Nijmegen,Go Ahead Eagles,1.0,1.0,2.37,3.68,2.77,1.66,2.22,15.0,13.0,5.0,4.0,4.0,10.0
2023-11-26,Sparta Rotterdam,Utrecht,1.0,2.0,2.36,3.46,2.91,1.78,2.04,19.0,7.0,6.0,2.0,5.0,4.0
2023-12-01,Heerenveen,Almere City,3.0,0.0,1.65,4.06,4.97,1.7,2.15,15.0,13.0,8.0,2.0,7.0,8.0
2023-12-02,Volendam,Zwolle,0.0,5.0,2.61,3.69,2.51,1.57,2.37,9.0,20.0,3.0,10.0,6.0,5.0
2023-12-02,For Sittard,Vitesse,3.0,1.0,2.0,3.6,3.62,1.83,1.98,15.0,8.0,11.0,4.0,5.0,4.0
2023-12-02,Waalwijk,Excelsior,2.0,2.0,2.06,3.83,3.26,1.56,2.37,17.0,13.0,8.0,6.0,2.0,2.0
2023-12-02,Heracles,Sparta Rotterdam,0.0,1.0,2.65,3.67,2.48,1.64,2.25,13.0,10.0,3.0,4.0,6.0,3.0
2023-12-03,Feyenoord,PSV Eindhoven,1.0,2.0,2.21,3.77,2.96,1.55,2.4,14.0,14.0,3.0,7.0,10.0,5.0
2023-12-03,Go Ahead Eagles,Twente,1.0,3.0,3.73,3.81,1.91,1.68,2.18,15.0,13.0,9.0,5.0,4.0,4.0
2023-12-03,Nijmegen,Ajax,1.0,2.0,4.25,4.35,1.7,1.45,2.69,7.0,22.0,3.0,10.0,2.0,6.0
2023-12-03,Utrecht,AZ Alkmaar,1.0,1.0,4.02,3.75,1.85,1.79,2.02,15.0,20.0,4.0,9.0,7.0,5.0
2023-12-06,AZ Alkmaar,Nijmegen,1.0,2.0,1.27,5.89,10.46,1.53,2.47,26.0,4.0,4.0,2.0,13.0,1.0
2023-12-06,Waalwijk,Ajax,2.0,3.0,4.94,4.5,1.59,1.42,2.76,10.0,16.0,2.0,6.0,8.0,9.0
2023-12-07,PSV Eindhoven,Heerenveen,2.0,0.0,1.17,7.89,13.61,1.29,3.47,30.0,12.0,8.0,1.0,11.0,2.0
2023-12-07,Feyenoord,Volendam,3.0,1.0,1.06,13.87,28.04,1.13,5.33,30.0,2.0,10.0,2.0,12.0,3.0
2023-12-08,Twente,Excelsior,4.0,2.0,1.24,6.34,11.11,1.47,2.6,31.0,5.0,9.0,4.0,10.0,2.0
2023-12-09,Ajax,Sparta Rotterdam,2.0,1.0,1.39,5.18,7.03,1.43,2.74,23.0,10.0,6.0,2.0,7.0,7.0
2023-12-09,Zwolle,Nijmegen,1.0,3.0,2.32,3.54,2.91,1.76,2.04,16.0,17.0,3.0,9.0,1.0,6.0
2023-12-09,AZ Alkmaar,Almere City,4.0,1.0,1.19,7.06,14.44,1.47,2.61,13.0,13.0,7.0,6.0,6.0,5.0
2023-12-10,Go Ahead Eagles,Utrecht,0.0,2.0,2.16,3.54,3.22,1.73,2.09,22.0,12.0,7.0,3.0,11.0,1.0
2023-12-10,For Sittard,Waalwijk,1.0,0.0,1.92,3.69,3.77,1.74,2.06,11.0,13.0,3.0,2.0,9.0,6.0
2023-12-10,Vitesse,Heracles,2.0,0.0,1.98,3.68,3.57,1.67,2.2,12.0,12.0,2.0,3.0,3.0,5.0
2023-12-15,Nijmegen,For Sittard,4.0,1.0,1.96,3.58,3.82,1.89,1.9,16.0,11.0,7.0,4.0,5.0,7.0
2023-12-16,Utrecht,Waalwijk,1.0,1.0,1.62,4.19,5.03,1.63,2.25,17.0,12.0,6.0,4.0,10.0,4.0
2023-12-16,Excelsior,Go Ahead Eagles,1.0,1.0,2.93,3.68,2.27,1.64,2.26,11.0,11.0,3.0,5.0,1.0,4.0
2023-12-16,Heerenveen,Volendam,1.0,2.0,1.37,5.14,7.71,1.49,2.49,20.0,3.0,7.0,2.0,19.0,2.0
2023-12-17,Almere City,Vitesse,5.0,0.0,2.37,3.54,2.84,1.75,2.07,11.0,7.0,7.0,4.0,6.0,2.0
2023-12-17,Heracles,Feyenoord,0.0,4.0,11.33,6.88,1.22,1.34,3.19,2.0,26.0,0.0,12.0,3.0,10.0
2023-12-17,Sparta Rotterdam,Twente,2.0,2.0,4.14,3.72,1.84,1.8,2.01,12.0,39.0,8.0,9.0,3.0,14.0
2023-12-17,Ajax,Zwolle,2.0,2.0,1.27,6.18,9.14,1.36,3.1,16.0,11.0,5.0,4.0,5.0,0.0
2023-12-17,AZ Alkmaar,PSV Eindhoven,0.0,4.0,4.0,3.77,1.85,1.71,2.13,1.0,23.0,0.0,8.0,1.0,5.0
2024-01-12,Waalwijk,Heracles,1.0,2.0,1.84,3.68,4.17,1.79,2.01,18.0,9.0,8.0,2.0,7.0,4.0
2024-01-13,For Sittard,Sparta Rotterdam,0.0,2.0,2.35,3.38,2.98,1.88,1.9,25.0,10.0,6.0,7.0,7.0,2.0
2024-01-13,Twente,AZ Alkmaar,2.0,1.0,2.17,3.46,3.27,1.87,1.92,19.0,5.0,8.0,2.0,5.0,3.0
2024-01-13,Zwolle,Heerenveen,2.0,2.0,2.61,3.62,2.52,1.68,2.17,13.0,20.0,5.0,10.0,4.0,6.0
2024-01-13,PSV Eindhoven,Excelsior,3.0,1.0,1.07,12.25,27.51,1.17,4.66,27.0,8.0,15.0,3.0,12.0,2.0
2024-01-14,Volendam,Almere City,0.0,1.0,2.6,3.62,2.53,1.64,2.23,5.0,10.0,2.0,2.0,5.0,4.0
2024-01-14,Go Ahead Eagles,Ajax,2.0,3.0,3.65,4.1,1.85,1.46,2.63,24.0,17.0,12.0,6.0,6.0,4.0
2024-01-14,Vitesse,Utrecht,0.0,0.0,2.95,3.55,2.29,1.79,2.01,12.0,20.0,6.0,4.0,1.0,14.0
2024-01-14,Feyenoord,Nijmegen,2.0,2.0,1.14,8.28,15.92,1.33,3.24,25.0,2.0,5.0,2.0,9.0,0.0
2024-01-19,Excelsior,Heerenveen,3.0,0.0,3.14,3.64,2.17,1.68,2.16,14.0,9.0,7.0,1.0,6.0,5.0
2024-01-20,Nijmegen,Twente,1.0,0.0,4.14,3.86,1.8,1.64,2.21,23.0,11.0,8.0,2.0,6.0,5.0
2024-01-20,Heracles,Volendam,1.0,1.0,1.72,4.04,4.39,1.58,2.35,16.0,10.0,8.0,2.0,9.0,3.0
2024-01-20,AZ Alkmaar,Zwolle,2.0,2.0,1.34,5.37,8.07,1.55,2.41,19.0,8.0,8.0,5.0,11.0,3.0
2024-01-21,Utrecht,PSV Eindhoven,1.0,1.0,7.76,5.57,1.33,1.42,2.82,17.0,13.0,4.0,5.0,7.0,3.0
2024-01-21,Sparta Rotterdam,Go Ahead Eagles,0.0,2.0,2.19,3.6,3.08,1.72,2.1,20.0,7.0,4.0,3.0,5.0,1.0
2024-01-21,Vitesse,Feyenoord,1.0,2.0,11.29,6.55,1.23,1.4,2.89,5.0,16.0,1.0,5.0,1.0,4.0
2024-01-21,Ajax,Waalwijk,4.0,1.0,1.26,6.34,9.64,1.35,3.14,14.0,8.0,7.0,5.0,6.0,0.0
2024-01-24,Almere City,For Sittard,0.0,0.0,2.39,3.46,2.87,1.84,1.95,4.0,11.0,1.0,2.0,3.0,2.0
2024-01-26,Zwolle,Vitesse,1.0,0.0,1.97,3.72,3.6,1.68,2.17,16.0,8.0,9.0,2.0,5.0,4.0
2024-01-27,PSV Eindhoven,Almere City,2.0,0.0,1.08,11.46,24.59,1.25,3.86,17.0,4.0,8.0,2.0,4.0,1.0
2024-01-27,Waalwijk,Sparta Rotterdam,1.0,1.0,2.53,3.56,2.64,1.73,2.09,10.0,15.0,2.0,7.0,3.0,3.0
2024-01-27,Excelsior,Utrecht,1.0,1.0,3.06,3.63,2.19,1.71,2.12,9.0,16.0,5.0,3.0,5.0,8.0
2024-01-27,Heracles,Ajax,2.0,4.0,5.96,4.84,1.46,1.43,2.72,13.0,31.0,7.0,12.0,3.0,11.0
2024-01-28,Heerenveen,AZ Alkmaar,2.0,2.0,3.39,3.64,2.05,1.79,2.01,16.0,12.0,2.0,2.0,4.0,5.0
2024-01-28,Feyenoord,Twente,0.0,0.0,1.41,4.82,6.9,1.55,2.4,23.0,2.0,6.0,0.0,9.0,0.0
2024-01-28,Go Ahead Eagles,Nijmegen,2.0,2.0,2.12,3.64,3.2,1.69,2.14,17.0,16.0,5.0,5.0,9.0,5.0
2024-01-28,Volendam,For Sittard,0.0,1.0,3.22,3.52,2.16,1.87,1.92,8.0,12.0,2.0,1.0,7.0,2.0
2024-02-02,Almere City,Excelsior,2.0,1.0,2.15,3.39,3.43,2.0,1.81,11.0,8.0,2.0,4.0,7.0,3.0
2024-02-03,Twente,Waalwijk,3.0,0.0,1.29,5.74,9.69,1.56,2.4,16.0,14.0,10.0,5.0,9.0,3.0
2024-02-03,For Sittard,Heerenveen,3.0,3.0,2.39,3.38,2.94,1.96,1.84,13.0,10.0,3.0,6.0,6.0,0.0
2024-02-03,Ajax,PSV Eindhoven,1.0,1.0,3.37,4.09,1.95,1.41,2.87,13.0,18.0,4.0,5.0,3.0,5.0
2024-02-03,Nijmegen,Heracles,3.0,1.0,1.71,4.06,4.48,1.62,2.28,26.0,7.0,12.0,1.0,7.0,6.0
2024-02-04,Vitesse,Go Ahead Eagles,0.0,2.0,2.78,3.48,2.44,1.82,1.99,15.0,16.0,5.0,7.0,5.0,6.0
2024-02-04,AZ Alkmaar,Feyenoord,0.0,1.0,4.41,3.86,1.75,1.73,2.1,14.0,6.0,4.0,2.0,5.0,2.0
2024-02-04,Utrecht,Volendam,4.0,2.0,1.33,5.21,8.55,1.6,2.32,24.0,5.0,10.0,3.0,9.0,2.0
2024-02-04,Sparta Rotterdam,Zwolle,0.0,2.0,1.92,3.67,3.83,1.79,2.03,21.0,12.0,11.0,4.0,13.0,3.0
2024-02-09,Waalwijk,Nijmegen,2.0,0.0,2.81,3.56,2.39,1.73,2.1,11.0,17.0,4.0,6.0,4.0,10.0
2024-02-10,Excelsior,Twente,0.0,3.0,5.86,4.21,1.54,1.7,2.14,12.0,14.0,3.0,3.0,1.0,4.0
2024-02-10,Almere City,AZ Alkmaar,0.0,0.0,4.76,3.9,1.69,1.78,2.03,11.0,10.0,1.0,3.0,5.0,6.0
2024-02-10,Heracles,Vitesse,3.0,2.0,2.09,3.54,3.41,1.77,2.04,20.0,12.0,8.0,4.0,8.0,6.0
2024-02-11,Go Ahead Eagles,Zwolle,1.0,1.0,1.73,4.06,4.27,1.59,2.33,16.0,15.0,4.0,4.0,8.0,4.0
2024-02-11,Heerenveen,Ajax,3.0,2.0,4.01,4.4,1.72,1.42,2.81,17.0,12.0,5.0,6.0,7.0,4.0
2024-02-11,Utrecht,For Sittard,4.0,0.0,1.77,3.7,4.49,1.9,1.89,16.0,9.0,8.0,1.0,3.0,6.0
2024-02-11,Volendam,PSV Eindhoven,1.0,5.0,22.66,10.72,1.09,1.3,3.44,8.0,34.0,2.0,14.0,4.0,7.0
2024-02-11,Feyenoord,Sparta Rotterdam,2.0,0.0,1.14,8.27,17.93,1.43,2.75,23.0,5.0,4.0,1.0,8.0,4.0
2024-02-16,PSV Eindhoven,Heracles,2.0,0.0,1.07,12.6,26.4,1.2,4.37,39.0,3.0,14.0,0.0,15.0,0.0
2024-02-17,For Sittard,AZ Alkmaar,1.0,2.0,4.21,3.51,1.88,2.06,1.76,14.0,19.0,5.0,5.0,3.0,10.0
2024-02-17,Sparta Rotterdam,Excelsior,4.0,2.0,1.83,3.82,4.05,1.73,2.11,12.0,11.0,9.0,4.0,4.0,4.0
2024-02-17,Heerenveen,Go Ahead Eagles,0.0,2.0,1.99,3.7,3.51,1.73,2.11,21.0,14.0,3.0,7.0,3.0,5.0
2024-02-17,Zwolle,Almere City,0.0,1.0,2.12,3.44,3.42,1.92,1.88,16.0,5.0,2.0,2.0,4.0,2.0
2024-02-18,Twente,Utrecht,0.0,1.0,1.61,4.1,5.24,1.79,2.02,13.0,4.0,2.0,2.0,11.0,0.0
2024-02-18,Ajax,Nijmegen,2.0,2.0,1.42,5.16,6.29,1.36,3.03,8.0,16.0,4.0,9.0,2.0,5.0
2024-02-18,Vitesse,Volendam,1.0,1.0,1.75,3.84,4.43,1.81,1.99,30.0,8.0,8.0,4.0,12.0,3.0
2024-02-18,Feyenoord,Waalwijk,1.0,0.0,1.1,9.98,20.48,1.3,3.45,32.0,5.0,14.0,1.0,19.0,2.0
2024-02-23,Utrecht,Heracles,1.0,0.0,1.37,5.08,7.7,1.53,2.48,11.0,4.0,3.0,0.0,9.0,3.0
2024-02-24,Waalwijk,For Sittard,0.0,1.0,2.4,3.36,2.93,1.99,1.81,9.0,15.0,0.0,6.0,1.0,2.0
2024-02-24,Zwolle,PSV Eindhoven,1.0,7.0,11.95,6.91,1.21,1.36,3.06,8.0,25.0,1.0,12.0,3.0,7.0
2024-02-24,Nijmegen,Sparta Rotterdam,2.0,0.0,1.92,3.71,3.75,1.78,2.02,22.0,13.0,5.0,6.0,2.0,9.0
2024-02-25,Excelsior,Vitesse,1.0,2.0,2.13,3.6,3.24,1.76,2.05,12.0,14.0,7.0,5.0,10.0,11.0
2024-02-25,Almere City,Feyenoord,0.0,2.0,10.21,5.79,1.27,1.59,2.33,12.0,8.0,6.0,2.0,5.0,5.0
2024-02-25,Twente,Go Ahead Eagles,3.0,0.0,1.52,4.5,5.63,1.64,2.25,21.0,10.0,6.0,2.0,6.0,4.0
2024-02-25,AZ Alkmaar,Ajax,2.0,0.0,1.99,3.82,3.39,1.58,2.34,8.0,9.0,3.0,3.0,2.0,1.0
2024-02-25,Volendam,Heerenveen,0.0,4.0,4.29,4.0,1.74,1.63,2.25,10.0,22.0,4.0,12.0,4.0,10.0
2024-03-01,Volendam,Nijmegen,2.0,5.0,5.2,4.33,1.58,1.57,2.39,14.0,20.0,6.0,11.0,7.0,5.0
2024-03-02,Go Ahead Eagles,Waalwijk,1.0,0.0,1.69,4.0,4.68,1.72,2.1,22.0,19.0,8.0,6.0,9.0,7.0
2024-03-02,Vitesse,Twente,1.0,2.0,5.17,4.04,1.63,1.79,2.01,6.0,15.0,3.0,5.0,2.0,8.0
2024-03-02,Sparta Rotterdam,AZ Alkmaar,1.0,1.0,4.08,3.64,1.86,1.93,1.86,14.0,15.0,6.0,4.0,5.0,6.0
2024-03-03,Ajax,Utrecht,2.0,0.0,1.78,4.14,3.93,1.53,2.45,14.0,6.0,8.0,2.0,1.0,3.0
2024-03-03,Heerenveen,Zwolle,2.0,0.0,1.63,4.2,4.85,1.63,2.25,15.0,11.0,6.0,3.0,4.0,6.0
2024-03-03,PSV Eindhoven,Feyenoord,2.0,2.0,2.04,3.6,3.42,1.74,2.06,17.0,9.0,8.0,6.0,9.0,2.0
2024-03-03,For Sittard,Excelsior,5.0,2.0,1.9,3.65,3.88,1.86,1.94,17.0,5.0,8.0,2.0,6.0,1.0
2024-03-03,Heracles,Almere City,2.0,2.0,2.55,3.35,2.71,1.99,1.81,16.0,14.0,5.0,6.0,5.0,1.0
2024-03-08,Go Ahead Eagles,PSV Eindhoven,0.0,1.0,6.77,5.18,1.4,1.4,2.89,12.0,21.0,4.0,11.0,4.0,9.0
2024-03-09,Twente,Sparta Rotterdam,2.0,1.0,1.4,4.73,7.48,1.7,2.13,19.0,5.0,5.0,2.0,7.0,3.0
2024-03-09,Almere City,Utrecht,1.0,1.0,3.71,3.37,2.05,2.1,1.73,9.0,12.0,1.0,4.0,6.0,7.0
2024-03-09,Waalwijk,Vitesse,3.0,1.0,2.25,3.54,3.05,1.8,2.0,17.0,19.0,6.0,5.0,4.0,5.0
2024-03-10,AZ Alkmaar,Excelsior,4.0,0.0,1.27,5.97,10.23,1.53,2.48,16.0,4.0,10.0,0.0,3.0,0.0
2024-03-10,Ajax,For Sittard,2.0,2.0,1.45,4.71,6.41,1.57,2.38,18.0,9.0,8.0,4.0,10.0,2.0
2024-03-10,Zwolle,Volendam,1.0,1.0,1.56,4.43,5.3,1.58,2.37,23.0,10.0,10.0,4.0,8.0,3.0
2024-03-10,Nijmegen,Heerenveen,2.0,0.0,2.05,3.67,3.39,1.7,2.14,12.0,12.0,5.0,0.0,8.0,6.0
2024-03-10,Feyenoord,Heracles,3.0,0.0,1.07,12.15,25.88,1.23,3.95,20.0,3.0,5.0,2.0,9.0,5.0
2024-03-15,Heracles,Go Ahead Eagles,2.0,0.0,3.09,3.57,2.21,1.62,2.29,11.0,18.0,3.0,4.0,2.0,8.0
2024-03-16,For Sittard,Zwolle,3.0,1.0,1.78,3.81,4.35,1.79,2.01,22.0,5.0,12.0,3.0,7.0,5.0
2024-03-16,Excelsior,Waalwijk,1.0,1.0,2.25,3.49,3.06,1.77,2.05,18.0,16.0,5.0,5.0,7.0,4.0
2024-03-16,Vitesse,Almere City,1.0,1.0,2.22,3.27,3.34,2.05,1.77,22.0,8.0,7.0,4.0,8.0,2.0
2024-03-17,Volendam,AZ Alkmaar,0.0,4.0,11.0,6.08,1.24,1.47,2.63,6.0,20.0,2.0,8.0,3.0,4.0
2024-03-17,Heerenveen,Feyenoord,2.0,3.0,5.98,4.68,1.47,1.6,2.33,8.0,21.0,3.0,5.0,3.0,8.0
2024-03-17,Utrecht,Nijmegen,1.0,0.0,1.89,3.66,3.94,1.75,2.07,14.0,9.0,4.0,5.0,5.0,4.0
2024-03-17,Sparta Rotterdam,Ajax,2.0,2.0,3.33,3.58,2.09,1.69,2.16,11.0,13.0,5.0,7.0,2.0,7.0
2024-03-17,PSV Eindhoven,Twente,1.0,0.0,1.41,4.91,6.97,1.55,2.41,17.0,11.0,5.0,2.0,4.0,7.0
2024-03-30,Nijmegen,PSV Eindhoven,3.0,1.0,6.41,4.95,1.43,1.47,2.64,8.0,27.0,4.0,6.0,1.0,7.0
2024-03-30,Sparta Rotterdam,For Sittard,4.0,0.0,2.19,3.45,3.24,1.98,1.81,17.0,14.0,9.0,3.0,9.0,4.0
2024-03-30,Go Ahead Eagles,Excelsior,3.0,0.0,1.58,4.31,5.21,1.57,2.39,18.0,10.0,6.0,0.0,4.0,5.0
2024-03-30,Waalwijk,Heerenveen,1.0,1.0,2.86,3.5,2.37,1.77,2.03,9.0,10.0,3.0,6.0,4.0,6.0
2024-03-30,AZ Alkmaar,Vitesse,2.0,0.0,1.26,5.85,10.68,1.55,2.41,17.0,8.0,5.0,2.0,9.0,6.0
2024-03-31,Zwolle,Ajax,1.0,3.0,4.49,4.11,1.69,1.52,2.5,13.0,9.0,4.0,5.0,2.0,1.0
2024-03-31,Feyenoord,Utrecht,4.0,2.0,1.32,5.42,8.77,1.58,2.35,27.0,3.0,10.0,3.0,10.0,1.0
2024-03-31,Twente,Heracles,1.0,0.0,1.22,6.46,11.66,1.44,2.74,11.0,5.0,3.0,1.0,9.0,3.0
2024-03-31,Almere City,Volendam,1.0,1.0,1.44,4.59,6.88,1.71,2.12,14.0,18.0,7.0,6.0,4.0,7.0
2024-04-02,Vitesse,Sparta Rotterdam,1.0,4.0,2.72,3.53,2.47,1.73,2.06,21.0,12.0,6.0,7.0,8.0,4.0
2024-04-02,Excelsior,PSV Eindhoven,0.0,2.0,13.91,8.56,1.16,1.23,3.97,0.0,21.0,0.0,5.0,1.0,12.0
2024-04-02,For Sittard,Nijmegen,1.0,1.0,2.34,3.3,3.08,2.09,1.73,30.0,6.0,8.0,1.0,9.0,2.0
2024-04-03,Heracles,AZ Alkmaar,5.0,0.0,6.86,4.69,1.43,1.66,2.22,21.0,18.0,9.0,4.0,4.0,6.0
2024-04-03,Utrecht,Zwolle,5.0,1.0,1.48,4.54,6.21,1.64,2.2,18.0,5.0,7.0,2.0,5.0,0.0
2024-04-03,Heerenveen,Twente,3.0,3.0,3.58,3.82,1.94,1.7,2.14,9.0,14.0,5.0,6.0,3.0,4.0
2024-04-04,Volendam,Feyenoord,0.0,0.0,22.05,11.01,1.09,1.22,4.06,9.0,23.0,1.0,10.0,0.0,6.0
2024-04-04,Waalwijk,Almere City,0.0,0.0,2.19,3.43,3.22,1.92,1.88,15.0,9.0,3.0,0.0,5.0,6.0
2024-04-04,Ajax,Go Ahead Eagles,1.0,1.0,1.47,4.69,6.0,1.49,2.57,21.0,10.0,7.0,4.0,2.0,6.0
2024-04-06,Sparta Rotterdam,Heracles,1.0,2.0,1.67,4.1,4.71,1.64,2.26,21.0,8.0,4.0,4.0,9.0,3.0
2024-04-06,PSV Eindhoven,AZ Alkmaar,5.0,1.0,1.44,4.74,6.7,1.59,2.32,18.0,10.0,8.0,6.0,4.0,7.0
2024-04-06,Zwolle,Excelsior,2.0,1.0,2.0,3.81,3.43,1.58,2.35,25.0,8.0,11.0,4.0,9.0,5.0
2024-04-06,Twente,For Sittard,2.0,0.0,1.41,4.7,7.58,1.75,2.08,26.0,4.0,8.0,2.0,7.0,0.0
2024-04-07,Vitesse,Nijmegen,0.0,3.0,2.96,3.61,2.28,1.71,2.13,20.0,8.0,6.0,7.0,7.0,1.0
2024-04-07,Feyenoord,Ajax,6.0,0.0,1.44,4.86,6.41,1.49,2.58,30.0,1.0,15.0,1.0,9.0,1.0
2024-04-07,Go Ahead Eagles,Almere City,1.0,1.0,1.66,3.98,4.94,1.78,2.03,12.0,18.0,4.0,6.0,3.0,7.0
2024-04-07,Volendam,Waalwijk,3.0,2.0,3.62,3.77,1.94,1.68,2.17,20.0,15.0,8.0,8.0,6.0,7.0
2024-04-07,Heerenveen,Utrecht,2.0,3.0,2.61,3.48,2.6,1.82,1.99,13.0,18.0,5.0,6.0,5.0,3.0
2024-04-12,Excelsior,Volendam,4.0,0.0,1.77,4.11,4.05,1.52,2.5,35.0,13.0,15.0,5.0,11.0,2.0
2024-04-13,PSV Eindhoven,Vitesse,6.0,0.0,1.05,13.89,31.97,1.21,4.19,29.0,9.0,12.0,0.0,5.0,4.0
2024-04-13,AZ Alkmaar,Waalwijk,3.0,2.0,1.29,5.73,9.42,1.5,2.51,21.0,5.0,7.0,3.0,8.0,1.0
2024-04-13,Almere City,Sparta Rotterdam,2.0,3.0,2.72,3.4,2.54,1.88,1.91,13.0,13.0,2.0,5.0,8.0,6.0
2024-04-14,Heracles,Heerenveen,0.0,2.0,2.77,3.54,2.4,1.69,2.15,12.0,20.0,3.0,7.0,8.0,8.0
2024-04-14,For Sittard,Feyenoord,0.0,1.0,8.16,5.15,1.35,1.6,2.3,14.0,10.0,3.0,3.0,3.0,6.0
2024-04-14,Utrecht,Go Ahead Eagles,2.0,1.0,1.74,3.93,4.39,1.66,2.21,16.0,14.0,6.0,3.0,5.0,3.0
2024-04-14,Ajax,Twente,2.0,1.0,2.68,3.57,2.46,1.6,2.31,8.0,7.0,4.0,3.0,2.0,6.0
2024-04-14,Nijmegen,Zwolle,2.0,2.0,1.54,4.44,5.39,1.54,2.42,16.0,10.0,9.0,5.0,10.0,3.0
2024-04-24,Twente,Almere City,3.0,1.0,1.28,5.52,10.88,1.65,2.21,15.0,7.0,8.0,2.0,8.0,4.0
2024-04-24,Ajax,Excelsior,2.0,2.0,1.28,5.92,9.25,1.4,2.88,8.0,9.0,5.0,4.0,4.0,3.0
2024-04-25,Heerenveen,PSV Eindhoven,0.0,8.0,7.22,5.37,1.36,1.42,2.8,8.0,16.0,2.0,11.0,2.0,1.0
2024-04-25,Go Ahead Eagles,Feyenoord,1.0,3.0,5.59,4.58,1.51,1.54,2.42,16.0,17.0,6.0,7.0,9.0,3.0
2024-04-28,Nijmegen,AZ Alkmaar,0.0,3.0,3.28,3.78,2.04,1.68,2.17,14.0,11.0,6.0,6.0,3.0,2.0
2024-04-28,Zwolle,Heracles,3.0,1.0,2.13,3.69,3.14,1.61,2.29,22.0,10.0,6.0,4.0,8.0,8.0
2024-04-28,Sparta Rotterdam,Volendam,1.0,0.0,1.32,5.59,8.15,1.43,2.76,10.0,10.0,3.0,2.0,5.0,9.0
2024-04-28,Waalwijk,Utrecht,2.0,2.0,3.07,3.64,2.17,1.74,2.05,9.0,11.0,6.0,5.0,4.0,6.0
2024-04-28,Vitesse,For Sittard,3.0,2.0,3.48,3.67,1.99,1.86,1.93,10.0,19.0,6.0,10.0,3.0,6.0
2024-05-03,Almere City,Heerenveen,1.0,1.0,2.77,3.48,2.45,1.76,2.05,13.0,18.0,4.0,5.0,3.0,9.0
2024-05-03,For Sittard,Go Ahead Eagles,0.0,0.0,2.46,3.54,2.7,1.72,2.11,27.0,6.0,5.0,1.0,8.0,0.0
2024-05-05,Heracles,Waalwijk,0.0,5.0,2.26,3.66,2.89,1.6,2.3,16.0,19.0,5.0,10.0,4.0,9.0
2024-05-05,PSV Eindhoven,Sparta Rotterdam,4.0,2.0,1.12,9.13,17.54,1.31,3.31,18.0,7.0,7.0,1.0,3.0,4.0
2024-05-05,Utrecht,Vitesse,1.0,0.0,1.35,5.21,7.79,1.5,2.52,15.0,20.0,6.0,5.0,4.0,7.0
2024-05-05,Volendam,Ajax,1.0,4.0,7.14,5.89,1.33,1.27,3.62,8.0,17.0,2.0,11.0,1.0,3.0
2024-05-05,AZ Alkmaar,Twente,2.0,1.0,2.3,3.42,2.98,1.86,1.92,10.0,15.0,4.0,4.0,4.0,11.0
2024-05-05,Feyenoord,Zwolle,5.0,0.0,1.08,10.87,22.66,1.31,3.31,30.0,3.0,17.0,0.0,11.0,0.0
2024-05-06,Excelsior,Nijmegen,0.0,3.0,2.91,3.77,2.21,1.51,2.49,9.0,19.0,1.0,8.0,3.0,6.0
2024-05-12,Ajax,Almere City,3.0,0.0,1.23,6.41,11.29,1.4,2.85,11.0,3.0,4.0,0.0,4.0,1.0
2024-05-12,Excelsior,Heracles,4.0,0.0,1.89,3.95,3.62,1.48,2.59,19.0,6.0,9.0,0.0,7.0,4.0
2024-05-12,For Sittard,PSV Eindhoven,1.0,1.0,9.73,6.1,1.26,1.4,2.88,10.0,12.0,6.0,5.0,4.0,9.0
2024-05-12,Go Ahead Eagles,AZ Alkmaar,0.0,3.0,4.12,3.85,1.79,1.7,2.13,16.0,17.0,4.0,4.0,3.0,3.0
2024-05-12,Heerenveen,Vitesse,1.0,3.0,1.46,4.83,5.96,1.43,2.77,22.0,16.0,5.0,7.0,7.0,2.0
2024-05-12,Nijmegen,Feyenoord,2.0,3.0,5.29,4.66,1.52,1.44,2.71,12.0,21.0,6.0,6.0,7.0,9.0
2024-05-12,Twente,Volendam,7.0,2.0,1.07,12.2,27.05,1.23,3.92,19.0,6.0,10.0,2.0,13.0,2.0
2024-05-12,Utrecht,Sparta Rotterdam,0.0,1.0,1.73,3.99,4.35,1.64,2.24,20.0,10.0,5.0,4.0,12.0,4.0
2024-05-12,Waalwijk,Zwolle,1.0,1.0,1.67,4.23,4.44,1.52,2.5,22.0,15.0,5.0,11.0,10.0,5.0
2024-05-19,Almere City,Nijmegen,1.0,4.0,3.12,3.64,2.14,1.68,2.17,15.0,21.0,4.0,11.0,6.0,7.0
2024-05-19,AZ Alkmaar,Utrecht,3.0,3.0,1.43,4.86,6.34,1.49,2.55,7.0,21.0,4.0,11.0,3.0,14.0
2024-05-19,Feyenoord,Excelsior,4.0,0.0,1.24,6.8,9.06,1.21,3.93,23.0,7.0,7.0,1.0,10.0,6.0
2024-05-19,Heracles,For Sittard,0.0,0.0,2.46,3.6,2.66,1.56,2.37,9.0,12.0,3.0,4.0,4.0,6.0
2024-05-19,PSV Eindhoven,Waalwijk,3.0,1.0,1.19,7.5,11.06,1.19,4.15,34.0,5.0,9.0,2.0,14.0,3.0
2024-05-19,Sparta Rotterdam,Heerenveen,2.0,1.0,1.97,3.78,3.45,1.51,2.48,10.0,19.0,4.0,5.0,3.0,8.0
2024-05-19,Vitesse,Ajax,2.0,2.0,5.0,4.56,1.56,1.35,3.08,15.0,25.0,6.0,5.0,5.0,11.0
2024-05-19,Volendam,Go Ahead Eagles,1.0,2.0,5.1,4.73,1.53,1.33,3.15,14.0,21.0,4.0,11.0,5.0,8.0
2024-05-19,Zwolle,Twente,1.0,2.0,9.47,6.13,1.26,1.39,2.9,6.0,26.0,3.0,6.0,1.0,12.0
2024-08-09,Groningen,NAC Breda,4.0,1.0,1.61,4.06,5.33,1.62,2.27,17.0,7.0,9.0,3.0,8.0,1.0
2024-08-10,Feyenoord,Willem II,1.0,1.0,1.12,9.35,18.53,1.37,2.98,21.0,2.0,7.0,1.0,14.0,3.0
2024-08-10,Nijmegen,Twente,1.0,2.0,3.63,3.66,1.97,1.68,2.15,12.0,15.0,2.0,5.0,7.0,5.0
2024-08-10,Almere City,AZ Alkmaar,0.0,1.0,5.37,4.18,1.58,1.69,2.13,7.0,6.0,2.0,3.0,2.0,8.0
2024-08-10,PSV Eindhoven,Waalwijk,5.0,1.0,1.09,10.89,21.72,1.26,3.68,19.0,8.0,12.0,4.0,7.0,3.0
2024-08-11,Sparta Rotterdam,Heracles,0.0,0.0,1.5,4.58,5.88,1.52,2.48,9.0,10.0,1.0,2.0,3.0,4.0
2024-08-11,Go Ahead Eagles,For Sittard,0.0,2.0,2.0,3.52,3.65,1.84,1.96,18.0,13.0,4.0,4.0,6.0,3.0
2024-08-11,Utrecht,Zwolle,1.0,0.0,1.44,4.72,6.51,1.57,2.37,9.0,5.0,2.0,1.0,2.0,1.0
2024-08-11,Ajax,Heerenveen,1.0,0.0,1.46,4.83,5.99,1.4,2.85,12.0,7.0,4.0,2.0,5.0,2.0
2024-08-16,For Sittard,Almere City,3.0,0.0,1.79,3.67,4.44,1.94,1.86,20.0,8.0,9.0,4.0,9.0,3.0
2024-08-17,Heerenveen,Utrecht,1.0,1.0,2.64,3.57,2.52,1.62,2.28,21.0,6.0,7.0,4.0,6.0,4.0
2024-08-17,Twente,Sparta Rotterdam,1.0,1.0,1.51,4.49,5.8,1.58,2.34,21.0,11.0,3.0,3.0,5.0,4.0
2024-08-17,AZ Alkmaar,Nijmegen,1.0,0.0,1.47,4.66,6.14,1.58,2.36,16.0,8.0,6.0,1.0,4.0,6.0
2024-08-17,Waalwijk,Groningen,1.0,2.0,2.37,3.71,2.75,1.53,2.46,13.0,15.0,7.0,9.0,7.0,1.0
2024-08-18,Heracles,PSV Eindhoven,1.0,3.0,13.41,8.98,1.15,1.21,4.13,6.0,32.0,3.0,8.0,2.0,12.0
2024-08-18,Willem II,Go Ahead Eagles,2.0,0.0,3.0,3.55,2.26,1.75,2.07,8.0,11.0,3.0,1.0,4.0,3.0
2024-08-18,Zwolle,Feyenoord,1.0,5.0,9.34,6.69,1.25,1.31,3.32,7.0,16.0,2.0,8.0,1.0,2.0
2024-08-18,NAC Breda,Ajax,2.0,1.0,8.52,6.43,1.27,1.31,3.36,6.0,16.0,3.0,5.0,1.0,8.0
2024-08-24,Nijmegen,Zwolle,1.0,0.0,1.57,4.26,5.3,1.56,2.36,16.0,11.0,2.0,4.0,6.0,2.0
2024-08-24,Almere City,PSV Eindhoven,1.0,7.0,14.18,8.35,1.15,1.34,3.12,3.0,20.0,1.0,11.0,1.0,9.0
2024-08-24,NAC Breda,Utrecht,1.0,2.0,4.31,3.92,1.75,1.64,2.24,7.0,13.0,3.0,7.0,4.0,5.0
2024-08-25,Groningen,AZ Alkmaar,0.0,0.0,3.69,3.69,1.93,1.71,2.1,2.0,12.0,1.0,4.0,2.0,6.0
2024-08-25,Heracles,Willem II,1.0,1.0,2.4,3.54,2.78,1.68,2.14,16.0,10.0,6.0,3.0,8.0,6.0
2024-08-25,Sparta Rotterdam,Feyenoord,1.0,1.0,6.28,4.78,1.45,1.51,2.51,11.0,17.0,6.0,5.0,6.0,11.0
2024-08-25,Go Ahead Eagles,Waalwijk,2.0,0.0,1.73,3.99,4.37,1.62,2.28,20.0,8.0,6.0,2.0,7.0,1.0
2024-08-30,Waalwijk,AZ Alkmaar,0.0,3.0,7.11,4.66,1.43,1.63,2.27,4.0,22.0,1.0,7.0,3.0,10.0
2024-08-31,Almere City,Groningen,1.0,1.0,3.35,3.47,2.13,1.9,1.9,14.0,8.0,3.0,2.0,6.0,4.0
2024-08-31,For Sittard,Nijmegen,0.0,3.0,2.21,3.53,3.12,1.82,1.99,14.0,9.0,1.0,5.0,4.0,5.0
2024-08-31,Heerenveen,NAC Breda,4.0,0.0,1.71,4.09,4.43,1.62,2.27,16.0,11.0,8.0,1.0,3.0,6.0
2024-08-31,Willem II,Sparta Rotterdam,1.0,2.0,2.73,3.46,2.49,1.86,1.94,11.0,14.0,5.0,4.0,4.0,3.0
2024-09-01,Utrecht,Twente,2.0,1.0,2.86,3.46,2.38,1.81,1.99,7.0,15.0,4.0,7.0,5.0,4.0
2024-09-01,Zwolle,Heracles,3.0,0.0,2.01,3.65,3.49,1.71,2.11,16.0,10.0,5.0,4.0,4.0,4.0
2024-09-01,PSV Eindhoven,Go Ahead Eagles,3.0,0.0,1.11,10.07,17.24,1.22,4.04,19.0,9.0,8.0,2.0,5.0,3.0
2024-09-14,PSV Eindhoven,Nijmegen,2.0,0.0,1.12,9.1,17.14,1.26,3.73,26.0,2.0,11.0,1.0,15.0,3.0
2024-09-14,Twente,Zwolle,1.0,1.0,1.28,5.83,9.67,1.55,2.42,23.0,5.0,12.0,2.0,8.0,4.0
2024-09-14,Groningen,Feyenoord,2.0,2.0,6.22,4.66,1.46,1.61,2.27,11.0,15.0,5.0,8.0,5.0,6.0
2024-09-14,NAC Breda,For Sittard,1.0,0.0,3.0,3.48,2.3,1.84,1.96,13.0,10.0,3.0,3.0,3.0,8.0
2024-09-14,AZ Alkmaar,Heerenveen,9.0,1.0,1.4,4.89,7.26,1.57,2.37,26.0,15.0,19.0,5.0,5.0,3.0
2024-09-15,Sparta Rotterdam,Go Ahead Eagles,1.0,2.0,2.05,3.56,3.45,1.81,1.99,16.0,16.0,7.0,3.0,5.0,13.0
2024-09-15,Willem II,Waalwijk,3.0,0.0,1.88,3.67,3.94,1.85,1.95,13.0,10.0,5.0,2.0,4.0,4.0
2024-09-15,Heracles,Almere City,0.0,0.0,2.2,3.39,3.25,1.99,1.79,23.0,10.0,2.0,4.0,10.0,2.0
2024-09-17,Twente,Heerenveen,2.0,0.0,1.35,5.48,7.56,1.4,2.83,18.0,12.0,9.0,4.0,6.0,3.0
2024-09-18,Ajax,For Sittard,5.0,0.0,1.4,4.96,6.95,1.5,2.51,25.0,4.0,14.0,1.0,15.0,0.0
2024-09-20,Zwolle,AZ Alkmaar,1.0,2.0,6.87,4.93,1.42,1.56,2.39,16.0,18.0,2.0,6.0,10.0,9.0
2024-09-21,Utrecht,Willem II,3.0,2.0,1.58,4.15,5.46,1.78,2.03,15.0,8.0,2.0,3.0,7.0,7.0
2024-09-21,Waalwijk,Sparta Rotterdam,1.0,2.0,3.43,3.64,2.03,1.73,2.09,27.0,14.0,10.0,5.0,6.0,2.0
2024-09-21,Go Ahead Eagles,Ajax,1.0,1.0,4.13,3.89,1.79,1.68,2.17,9.0,8.0,4.0,3.0,7.0,2.0
2024-09-21,Nijmegen,Heracles,1.0,2.0,1.56,4.32,5.4,1.63,2.26,21.0,11.0,9.0,4.0,7.0,3.0
2024-09-22,Heerenveen,Groningen,2.0,1.0,2.51,3.53,2.65,1.76,2.05,20.0,2.0,6.0,1.0,9.0,3.0
2024-09-22,Almere City,Twente,0.0,5.0,5.69,4.42,1.52,1.66,2.2,16.0,16.0,4.0,8.0,7.0,5.0
2024-09-22,Feyenoord,NAC Breda,2.0,0.0,1.12,8.97,17.82,1.35,3.08,25.0,5.0,5.0,1.0,5.0,2.0
2024-09-22,For Sittard,PSV Eindhoven,1.0,3.0,10.98,6.59,1.22,1.39,2.86,8.0,14.0,4.0,7.0,5.0,6.0
2024-09-27,Heracles,Heerenveen,2.0,1.0,2.8,3.62,2.38,1.59,2.32,15.0,13.0,6.0,6.0,9.0,4.0
2024-09-28,Willem II,PSV Eindhoven,0.0,2.0,11.26,6.95,1.21,1.34,3.14,8.0,12.0,1.0,3.0,3.0,6.0
2024-09-28,Nijmegen,Feyenoord,1.0,1.0,5.46,4.38,1.55,1.56,2.36,10.0,17.0,4.0,6.0,3.0,9.0
2024-09-28,Sparta Rotterdam,For Sittard,1.0,1.0,1.78,3.68,4.46,1.91,1.88,19.0,13.0,6.0,5.0,9.0,5.0
2024-09-29,Zwolle,Almere City,1.0,0.0,2.02,3.59,3.52,1.79,2.01,11.0,15.0,4.0,5.0,6.0,8.0
2024-09-29,Groningen,Go Ahead Eagles,0.0,1.0,2.22,3.55,3.08,1.77,2.04,7.0,16.0,1.0,3.0,7.0,7.0
2024-09-29,Twente,NAC Breda,1.0,0.0,1.2,7.12,12.41,1.39,2.89,18.0,7.0,5.0,2.0,4.0,3.0
2024-09-29,Waalwijk,Ajax,0.0,2.0,7.38,5.28,1.36,1.45,2.69,3.0,23.0,1.0,4.0,2.0,12.0
2024-09-29,AZ Alkmaar,Utrecht,1.0,2.0,1.59,4.15,5.27,1.71,2.12,22.0,8.0,6.0,3.0,8.0,1.0
2024-10-04,Almere City,Willem II,0.0,1.0,2.67,3.17,2.75,2.16,1.68,22.0,4.0,7.0,1.0,6.0,5.0
2024-10-05,NAC Breda,Nijmegen,1.0,0.0,2.87,3.41,2.42,1.81,1.99,18.0,12.0,6.0,2.0,8.0,3.0
2024-10-05,PSV Eindhoven,Sparta Rotterdam,2.0,1.0,1.16,7.96,14.05,1.32,3.27,16.0,14.0,6.0,4.0,3.0,8.0
2024-10-05,Utrecht,Waalwijk,3.0,2.0,1.37,5.12,7.56,1.51,2.5,23.0,3.0,8.0,2.0,7.0,0.0
2024-10-06,Go Ahead Eagles,Heracles,4.0,1.0,1.62,4.16,5.02,1.67,2.2,18.0,7.0,9.0,2.0,3.0,5.0
2024-10-06,Feyenoord,Twente,2.0,1.0,1.61,4.25,5.01,1.63,2.26,8.0,7.0,2.0,5.0,5.0,6.0
2024-10-06,Heerenveen,Zwolle,1.0,1.0,1.66,4.22,4.63,1.52,2.44,15.0,6.0,4.0,2.0,8.0,2.0
2024-10-06,Ajax,Groningen,3.0,1.0,1.36,5.13,7.95,1.56,2.39,17.0,12.0,8.0,4.0,5.0,2.0
2024-10-06,For Sittard,AZ Alkmaar,1.0,0.0,5.5,4.09,1.58,1.8,2.0,9.0,10.0,3.0,3.0,2.0,5.0
2024-10-19,Sparta Rotterdam,Almere City,2.0,2.0,1.55,4.27,5.65,1.69,2.16,19.0,9.0,7.0,3.0,5.0,3.0
2024-10-19,AZ Alkmaar,PSV Eindhoven,1.0,2.0,4.23,4.03,1.75,1.58,2.35,5.0,17.0,2.0,5.0,0.0,3.0
2024-10-19,Nijmegen,Heerenveen,3.0,0.0,1.94,3.79,3.62,1.63,2.23,12.0,8.0,5.0,2.0,4.0,4.0
2024-10-19,Waalwijk,Twente,2.0,2.0,7.21,5.03,1.39,1.52,2.46,9.0,16.0,4.0,7.0,3.0,10.0
2024-10-19,Go Ahead Eagles,Feyenoord,1.0,5.0,4.68,4.18,1.66,1.69,2.15,8.0,23.0,4.0,7.0,2.0,6.0
2024-10-20,Willem II,For Sittard,0.0,0.0,2.26,3.33,3.17,2.11,1.72,5.0,22.0,0.0,4.0,2.0,10.0
2024-10-20,Groningen,Utrecht,0.0,1.0,3.44,3.63,2.02,1.78,2.02,15.0,10.0,3.0,3.0,4.0,5.0
2024-10-20,Heracles,Ajax,3.0,4.0,6.29,4.86,1.44,1.51,2.5,14.0,18.0,6.0,6.0,3.0,0.0
2024-10-20,Zwolle,NAC Breda,1.0,2.0,1.93,3.62,3.75,1.77,2.05,10.0,12.0,3.0,5.0,7.0,4.0
2024-10-25,Almere City,Nijmegen,1.0,0.0,2.91,3.3,2.45,1.97,1.83,11.0,15.0,3.0,4.0,4.0,8.0
2024-10-26,For Sittard,Groningen,1.0,0.0,2.1,3.38,3.5,2.02,1.79,9.0,8.0,3.0,3.0,6.0,3.0
2024-10-26,PSV Eindhoven,Zwolle,6.0,0.0,1.07,12.86,22.84,1.18,4.47,21.0,4.0,9.0,2.0,9.0,4.0
2024-10-26,NAC Breda,Waalwijk,4.0,1.0,1.88,3.75,3.88,1.79,2.01,21.0,8.0,11.0,2.0,6.0,2.0
2024-10-26,Heerenveen,Sparta Rotterdam,2.0,0.0,2.47,3.59,2.66,1.6,2.32,13.0,8.0,6.0,4.0,6.0,4.0
2024-10-27,Utrecht,Feyenoord,0.0,2.0,3.9,3.79,1.85,1.68,2.15,4.0,13.0,1.0,7.0,2.0,8.0
2024-10-27,Twente,Heracles,5.0,0.0,1.21,6.82,11.62,1.38,2.88,21.0,4.0,9.0,1.0,5.0,2.0
2024-10-27,Ajax,Willem II,1.0,0.0,1.28,5.77,9.27,1.52,2.46,11.0,3.0,7.0,2.0,4.0,1.0
2024-10-27,AZ Alkmaar,Go Ahead Eagles,2.0,2.0,1.52,4.35,5.7,1.65,2.21,13.0,10.0,6.0,3.0,4.0,6.0
2024-10-30,Feyenoord,Ajax,0.0,2.0,1.98,3.68,3.58,1.6,2.29,15.0,8.0,2.0,4.0,3.0,4.0
2024-11-02,Willem II,Twente,0.0,1.0,5.25,3.79,1.66,1.95,1.85,8.0,19.0,1.0,6.0,4.0,6.0
2024-11-02,Ajax,PSV Eindhoven,3.0,2.0,2.89,3.66,2.29,1.55,2.39,21.0,12.0,8.0,4.0,6.0,1.0
2024-11-02,Heracles,NAC Breda,2.0,0.0,2.36,3.43,2.93,1.84,1.96,11.0,11.0,3.0,4.0,2.0,5.0
2024-11-02,Feyenoord,AZ Alkmaar,3.0,2.0,1.66,3.87,5.03,1.72,2.1,16.0,9.0,4.0,5.0,10.0,0.0
2024-11-02,For Sittard,Heerenveen,3.0,0.0,2.1,3.45,3.44,1.89,1.91,6.0,11.0,3.0,2.0,1.0,8.0
2024-11-03,Go Ahead Eagles,Zwolle,2.0,2.0,1.63,4.05,5.01,1.66,2.21,16.0,5.0,6.0,3.0,9.0,5.0
2024-11-03,Nijmegen,Groningen,6.0,0.0,1.87,3.49,4.2,1.89,1.9,14.0,6.0,6.0,1.0,1.0,4.0
2024-11-03,Sparta Rotterdam,Utrecht,1.0,4.0,2.63,3.43,2.58,1.82,1.98,10.0,14.0,3.0,4.0,4.0,4.0
2024-11-03,Waalwijk,Almere City,2.0,0.0,2.74,3.34,2.52,1.8,2.0,11.0,8.0,3.0,0.0,4.0,4.0
2024-11-08,Utrecht,Heracles,1.0,0.0,1.43,4.64,7.14,1.72,2.11,19.0,10.0,6.0,2.0,4.0,8.0
2024-11-09,Groningen,Sparta Rotterdam,1.0,0.0,2.62,3.36,2.65,1.85,1.94,8.0,11.0,5.0,3.0,4.0,5.0
2024-11-09,Zwolle,For Sittard,3.0,1.0,2.65,3.32,2.65,1.98,1.81,14.0,14.0,4.0,5.0,5.0,7.0
2024-11-09,NAC Breda,PSV Eindhoven,0.0,3.0,9.92,6.27,1.26,1.42,2.77,11.0,20.0,3.0,10.0,5.0,9.0
2024-11-09,Waalwijk,Nijmegen,0.0,3.0,4.07,3.71,1.83,1.72,2.1,10.0,20.0,3.0,8.0,4.0,10.0
2024-11-10,Almere City,Feyenoord,1.0,4.0,9.89,5.54,1.29,1.6,2.32,8.0,20.0,4.0,11.0,0.0,9.0
2024-11-10,Heerenveen,Go Ahead Eagles,1.0,0.0,2.39,3.53,2.79,1.66,2.19,4.0,12.0,1.0,3.0,2.0,6.0
2024-11-10,Twente,Ajax,2.0,2.0,2.51,3.54,2.65,1.7,2.14,17.0,11.0,7.0,6.0,5.0,4.0
2024-11-10,AZ Alkmaar,Willem II,1.0,2.0,1.47,4.43,6.56,1.76,2.04,30.0,7.0,3.0,3.0,10.0,1.0
2024-11-23,Go Ahead Eagles,Almere City,3.0,0.0,1.56,4.02,5.83,1.89,1.9,20.0,8.0,9.0,1.0,5.0,4.0
2024-11-23,Feyenoord,Heerenveen,3.0,0.0,1.26,5.97,10.0,1.49,2.56,24.0,7.0,7.0,3.0,7.0,3.0
2024-11-23,Heracles,Waalwijk,2.0,2.0,1.8,3.87,4.07,1.67,2.18,18.0,15.0,5.0,6.0,9.0,5.0
2024-11-23,For Sittard,Twente,1.0,2.0,4.33,3.6,1.82,1.91,1.89,8.0,11.0,1.0,3.0,3.0,1.0
2024-11-23,PSV Eindhoven,Groningen,5.0,0.0,1.13,9.04,17.5,1.37,2.98,26.0,4.0,10.0,2.0,14.0,3.0
2024-11-24,Nijmegen,Utrecht,1.0,2.0,2.6,3.34,2.68,1.87,1.92,19.0,10.0,6.0,6.0,8.0,5.0
2024-11-24,Sparta Rotterdam,AZ Alkmaar,1.0,2.0,3.43,3.52,2.06,1.8,2.0,13.0,5.0,4.0,2.0,5.0,2.0
2024-11-24,Willem II,NAC Breda,2.0,2.0,2.06,3.27,3.69,2.25,1.63,14.0,10.0,4.0,3.0,8.0,0.0
2024-11-24,Ajax,Zwolle,2.0,0.0,1.15,7.71,15.89,1.38,2.9,5.0,13.0,2.0,6.0,7.0,0.0
2024-11-29,Heerenveen,Waalwijk,1.0,1.0,1.68,4.05,4.68,1.6,2.32,13.0,12.0,4.0,1.0,3.0,3.0
2024-11-30,NAC Breda,Almere City,1.0,0.0,1.99,3.43,3.75,2.12,1.7,10.0,10.0,4.0,3.0,5.0,4.0
2024-11-30,Groningen,Willem II,2.0,0.0,2.21,3.17,3.45,2.31,1.6,14.0,6.0,7.0,1.0,3.0,1.0
2024-11-30,Feyenoord,For Sittard,1.0,1.0,1.24,6.05,11.41,1.64,2.23,23.0,8.0,10.0,3.0,9.0,1.0
2024-11-30,Zwolle,Sparta Rotterdam,1.0,0.0,2.86,3.45,2.39,1.86,1.93,10.0,13.0,3.0,2.0,3.0,7.0
2024-12-01,Utrecht,PSV Eindhoven,2.0,5.0,5.86,4.47,1.5,1.54,2.42,10.0,13.0,3.0,8.0,4.0,6.0
2024-12-01,AZ Alkmaar,Heracles,1.0,0.0,1.33,5.32,8.03,1.54,2.4,20.0,7.0,5.0,2.0,8.0,1.0
2024-12-01,Twente,Go Ahead Eagles,3.0,2.0,1.55,4.28,5.45,1.7,2.12,26.0,9.0,8.0,4.0,12.0,0.0
2024-12-01,Nijmegen,Ajax,1.0,2.0,4.48,3.94,1.71,1.68,2.17,21.0,8.0,8.0,6.0,7.0,1.0
2024-12-04,Ajax,Utrecht,2.0,2.0,1.46,4.76,6.2,1.5,2.49,13.0,17.0,2.0,5.0,7.0,7.0
2024-12-06,PSV Eindhoven,Twente,6.0,1.0,1.31,5.85,8.43,1.34,3.23,20.0,8.0,12.0,3.0,9.0,2.0
2024-12-07,Go Ahead Eagles,Nijmegen,5.0,0.0,2.03,3.68,3.42,1.72,2.11,18.0,11.0,9.0,4.0,5.0,6.0
2024-12-07,Sparta Rotterdam,NAC Breda,0.0,2.0,1.99,3.44,3.74,1.96,1.83,22.0,13.0,5.0,9.0,9.0,5.0
2024-12-07,Waalwijk,Feyenoord,2.0,3.0,11.46,6.61,1.22,1.44,2.74,11.0,17.0,4.0,9.0,2.0,15.0
2024-12-07,Heracles,For Sittard,2.0,2.0,2.52,3.26,2.84,2.0,1.81,15.0,7.0,7.0,5.0,5.0,3.0
2024-12-08,Groningen,Zwolle,0.0,0.0,2.0,3.37,3.81,1.97,1.83,15.0,10.0,6.0,2.0,6.0,4.0
2024-12-08,AZ Alkmaar,Ajax,2.0,1.0,3.06,3.65,2.18,1.71,2.11,12.0,7.0,4.0,3.0,6.0,3.0
2024-12-08,Willem II,Heerenveen,1.0,2.0,2.44,3.2,2.95,2.14,1.69,10.0,19.0,4.0,3.0,2.0,3.0
2024-12-08,Almere City,Utrecht,1.0,3.0,4.46,3.9,1.73,1.79,2.01,11.0,12.0,3.0,5.0,4.0,4.0
2024-12-13,Zwolle,Willem II,0.0,1.0,1.97,3.31,4.08,2.11,1.71,19.0,9.0,2.0,5.0,9.0,5.0
2024-12-14,Heerenveen,PSV Eindhoven,1.0,0.0,12.77,7.32,1.18,1.32,3.22,12.0,14.0,5.0,3.0,7.0,7.0
2024-12-14,For Sittard,Waalwijk,3.0,2.0,1.59,4.06,5.37,1.77,2.02,16.0,15.0,8.0,7.0,12.0,7.0
2024-12-14,Feyenoord,Heracles,5.0,2.0,1.18,6.9,13.77,1.43,2.73,18.0,5.0,7.0,3.0,10.0,0.0
2024-12-15,Utrecht,Go Ahead Eagles,3.0,3.0,1.99,3.65,3.49,1.73,2.08,39.0,9.0,8.0,3.0,7.0,1.0
2024-12-15,Nijmegen,Sparta Rotterdam,1.0,1.0,2.0,3.49,3.62,1.87,1.91,20.0,15.0,7.0,6.0,13.0,5.0
2024-12-15,Twente,Groningen,2.0,0.0,1.39,4.65,7.69,1.69,2.12,11.0,8.0,5.0,3.0,3.0,5.0
2024-12-15,Ajax,Almere City,3.0,0.0,1.12,8.75,18.08,1.34,3.09,14.0,4.0,8.0,0.0,7.0,0.0
2024-12-15,NAC Breda,AZ Alkmaar,1.0,2.0,3.58,3.47,2.02,1.91,1.87,4.0,15.0,2.0,6.0,1.0,7.0
2024-12-20,Waalwijk,Zwolle,1.0,1.0,2.59,3.47,2.61,1.67,2.17,13.0,10.0,7.0,4.0,7.0,3.0
2024-12-21,Go Ahead Eagles,NAC Breda,2.0,1.0,1.63,3.92,5.26,1.84,1.94,29.0,13.0,7.0,4.0,11.0,7.0
2024-12-21,Almere City,Heerenveen,3.0,0.0,3.07,3.42,2.25,1.94,1.84,11.0,11.0,8.0,3.0,6.0,3.0
2024-12-21,AZ Alkmaar,Twente,1.0,0.0,2.38,3.51,2.8,1.83,1.95,11.0,5.0,5.0,1.0,4.0,2.0
2024-12-22,Sparta Rotterdam,Ajax,0.0,2.0,4.56,4.05,1.68,1.64,2.19,11.0,7.0,3.0,3.0,7.0,1.0
2024-12-22,PSV Eindhoven,Feyenoord,3.0,0.0,1.67,4.18,4.44,1.48,2.55,17.0,9.0,7.0,2.0,7.0,3.0
2024-12-22,Utrecht,For Sittard,2.0,5.0,1.62,3.98,5.17,1.79,2.0,17.0,13.0,6.0,6.0,4.0,4.0
2024-12-22,Willem II,Nijmegen,4.0,1.0,2.85,3.33,2.43,2.09,1.71,14.0,15.0,8.0,7.0,5.0,4.0
2025-01-10,For Sittard,Go Ahead Eagles,0.0,3.0,2.85,3.36,2.44,1.83,1.96,18.0,21.0,3.0,6.0,9.0,4.0
2025-01-11,Heracles,Sparta Rotterdam,1.0,1.0,2.6,3.46,2.54,1.78,2.0,10.0,21.0,4.0,12.0,8.0,4.0
2025-01-11,Ajax,Waalwijk,2.0,1.0,1.11,9.68,18.31,1.23,3.85,17.0,11.0,4.0,3.0,9.0,1.0
2025-01-11,Zwolle,Nijmegen,0.0,1.0,2.64,3.36,2.58,1.82,1.96,8.0,10.0,3.0,3.0,6.0,4.0
2025-01-11,PSV Eindhoven,AZ Alkmaar,2.0,2.0,1.39,5.09,6.98,1.41,2.75,18.0,8.0,4.0,5.0,11.0,1.0
2025-01-12,Twente,Willem II,6.0,2.0,1.39,4.69,7.31,1.67,2.14,21.0,10.0,12.0,3.0,7.0,4.0
2025-01-12,Feyenoord,Utrecht,1.0,2.0,1.43,4.74,6.32,1.5,2.48,16.0,11.0,5.0,3.0,9.0,2.0
2025-01-12,Groningen,Almere City,0.0,0.0,1.77,3.6,4.5,2.09,1.71,18.0,5.0,5.0,1.0,15.0,2.0
2025-01-12,NAC Breda,Heerenveen,2.0,4.0,2.13,3.49,3.24,1.85,1.92,15.0,14.0,6.0,6.0,7.0,4.0
2025-01-18,Zwolle,PSV Eindhoven,3.0,1.0,11.34,7.08,1.21,1.31,3.28,7.0,18.0,3.0,4.0,2.0,5.0
2025-01-18,Utrecht,AZ Alkmaar,0.0,0.0,2.8,3.39,2.43,1.75,2.04,9.0,12.0,3.0,4.0,4.0,6.0
2025-01-18,Willem II,Feyenoord,1.0,1.0,8.61,5.14,1.33,1.62,2.22,9.0,15.0,1.0,6.0,3.0,10.0
2025-01-18,Go Ahead Eagles,Groningen,2.0,1.0,1.58,4.02,5.58,1.77,2.02,14.0,20.0,3.0,5.0,2.0,7.0
2025-01-19,NAC Breda,Twente,2.0,1.0,4.8,4.02,1.66,1.71,2.1,11.0,26.0,4.0,6.0,7.0,7.0
2025-01-19,Almere City,Heracles,0.0,2.0,2.36,3.3,2.98,1.93,1.85,13.0,10.0,3.0,3.0,6.0,6.0
2025-01-19,Heerenveen,Ajax,0.0,2.0,5.1,4.18,1.6,1.62,2.26,11.0,21.0,2.0,9.0,5.0,5.0
2025-01-19,Nijmegen,For Sittard,4.0,1.0,1.84,3.57,4.14,1.95,1.83,14.0,9.0,7.0,2.0,2.0,1.0
2025-01-19,Sparta Rotterdam,Waalwijk,1.0,1.0,1.53,4.29,5.65,1.59,2.28,20.0,20.0,5.0,5.0,6.0,9.0
2025-01-24,Heracles,Utrecht,1.0,1.0,3.88,3.68,1.9,1.73,2.08,9.0,19.0,3.0,7.0,4.0,10.0
2025-01-25,PSV Eindhoven,NAC Breda,3.0,2.0,1.09,10.55,20.98,1.22,3.89,23.0,20.0,10.0,5.0,10.0,2.0
2025-01-25,Groningen,Heerenveen,1.0,0.0,2.26,3.3,3.16,2.04,1.75,11.0,10.0,8.0,4.0,5.0,3.0
2025-01-26,For Sittard,Zwolle,1.0,4.0,2.09,3.49,3.38,1.93,1.85,16.0,8.0,1.0,5.0,7.0,3.0
2025-01-26,Waalwijk,Willem II,2.0,0.0,2.52,3.37,2.71,1.92,1.86,9.0,9.0,2.0,3.0,10.0,3.0
2025-01-26,AZ Alkmaar,Sparta Rotterdam,1.0,2.0,1.58,4.07,5.4,1.77,2.02,21.0,10.0,5.0,4.0,8.0,3.0
2025-01-28,Heracles,Groningen,1.0,1.0,2.23,3.35,3.17,1.96,1.83,17.0,7.0,4.0,2.0,5.0,1.0
2025-01-31,NAC Breda,Heracles,1.0,1.0,1.84,3.49,4.42,1.84,1.96,18.0,12.0,5.0,5.0,4.0,3.0
2025-02-01,Zwolle,Utrecht,3.0,3.0,3.1,3.49,2.21,1.71,2.09,12.0,17.0,6.0,9.0,5.0,3.0
2025-02-01,Heerenveen,For Sittard,2.0,2.0,1.98,3.53,3.68,1.87,1.92,26.0,6.0,6.0,4.0,12.0,1.0
2025-02-01,Nijmegen,PSV Eindhoven,3.0,3.0,6.05,4.7,1.46,1.45,2.62,10.0,15.0,7.0,6.0,4.0,5.0
2025-02-02,Almere City,Waalwijk,1.0,4.0,2.18,3.4,3.24,1.92,1.86,15.0,28.0,5.0,13.0,5.0,10.0
2025-02-02,Ajax,Feyenoord,2.0,1.0,2.25,3.57,2.96,1.65,2.19,16.0,12.0,7.0,6.0,7.0,5.0
2025-02-02,Go Ahead Eagles,Twente,2.0,2.0,2.56,3.54,2.57,1.64,2.21,9.0,17.0,4.0,9.0,4.0,8.0
2025-02-02,Sparta Rotterdam,Groningen,1.0,0.0,1.78,3.53,4.59,1.98,1.81,8.0,7.0,3.0,3.0,4.0,2.0
2025-02-02,Willem II,AZ Alkmaar,0.0,2.0,4.66,3.6,1.75,1.97,1.82,3.0,17.0,1.0,7.0,1.0,10.0
2025-02-08,Heracles,Go Ahead Eagles,4.0,2.0,3.27,3.67,2.08,1.66,2.2,24.0,11.0,8.0,5.0,11.0,5.0
2025-02-08,PSV Eindhoven,Willem II,1.0,1.0,1.11,9.86,18.77,1.28,3.44,15.0,8.0,5.0,3.0,6.0,2.0
2025-02-08,Groningen,Nijmegen,2.0,1.0,3.02,3.3,2.35,2.04,1.77,17.0,14.0,6.0,4.0,7.0,6.0
2025-02-08,Feyenoord,Sparta Rotterdam,3.0,0.0,1.4,4.89,7.07,1.57,2.33,17.0,14.0,6.0,5.0,6.0,2.0
2025-02-09,Utrecht,Almere City,0.0,1.0,1.37,4.88,7.64,1.69,2.15,15.0,15.0,4.0,6.0,8.0,5.0
2025-02-09,For Sittard,Ajax,0.0,2.0,6.1,4.47,1.48,1.64,2.23,8.0,9.0,2.0,6.0,5.0,4.0
2025-02-09,Waalwijk,NAC Breda,5.0,0.0,2.57,3.51,2.58,1.69,2.14,20.0,14.0,9.0,2.0,7.0,5.0
2025-02-09,AZ Alkmaar,Zwolle,2.0,0.0,1.39,4.86,7.46,1.64,2.22,11.0,12.0,6.0,4.0,3.0,3.0
2025-02-09,Heerenveen,Twente,3.0,3.0,3.69,3.82,1.9,1.67,2.17,22.0,9.0,7.0,5.0,9.0,2.0
2025-02-14,Go Ahead Eagles,Sparta Rotterdam,1.0,0.0,2.1,3.63,3.34,1.72,2.12,14.0,15.0,3.0,2.0,8.0,3.0
2025-02-15,PSV Eindhoven,Utrecht,2.0,2.0,1.33,5.62,7.54,1.37,2.98,34.0,10.0,18.0,3.0,9.0,5.0
2025-02-15,NAC Breda,Feyenoord,0.0,0.0,4.72,4.34,1.62,1.6,2.28,11.0,23.0,2.0,6.0,6.0,5.0
2025-02-15,Willem II,Groningen,1.0,3.0,2.48,3.05,3.05,2.38,1.57,15.0,17.0,8.0,9.0,5.0,5.0
2025-02-16,Nijmegen,Almere City,2.0,2.0,1.51,4.2,6.36,1.86,1.93,9.0,13.0,3.0,5.0,4.0,7.0
2025-02-16,Twente,Waalwijk,2.0,0.0,1.37,5.29,7.13,1.43,2.73,15.0,12.0,3.0,4.0,8.0,2.0
2025-02-16,Zwolle,Heerenveen,1.0,1.0,2.25,3.52,3.0,1.76,2.05,8.0,12.0,5.0,3.0,3.0,3.0
2025-02-16,Ajax,Heracles,4.0,0.0,1.22,6.8,10.82,1.4,2.82,11.0,8.0,6.0,4.0,5.0,4.0
2025-02-22,Feyenoord,Almere City,2.0,1.0,1.2,6.98,11.81,1.43,2.73,18.0,13.0,7.0,2.0,7.0,2.0
2025-02-23,Ajax,Go Ahead Eagles,2.0,0.0,1.55,4.48,5.01,1.51,2.49,21.0,6.0,6.0,1.0,3.0,3.0
2025-02-23,Twente,Nijmegen,2.0,0.0,1.56,4.28,5.3,1.61,2.27,13.0,11.0,5.0,2.0,2.0,4.0
2025-02-23,AZ Alkmaar,For Sittard,1.0,0.0,1.37,4.87,8.02,1.64,2.22,14.0,9.0,6.0,4.0,9.0,1.0
2025-02-28,Waalwijk,For Sittard,1.0,2.0,1.97,3.62,3.73,1.63,2.25,20.0,7.0,1.0,3.0,8.0,1.0
2025-03-01,Utrecht,NAC Breda,1.0,0.0,1.53,4.37,5.62,1.61,2.27,19.0,8.0,5.0,3.0,6.0,2.0
2025-03-01,Go Ahead Eagles,PSV Eindhoven,3.0,2.0,5.02,4.49,1.56,1.42,2.72,7.0,16.0,4.0,5.0,2.0,5.0
2025-03-01,Groningen,Twente,1.0,1.0,3.8,3.52,1.96,1.93,1.87,6.0,12.0,3.0,2.0,2.0,3.0
2025-03-01,Feyenoord,Nijmegen,0.0,0.0,1.46,4.68,6.21,1.56,2.37,17.0,5.0,5.0,2.0,10.0,3.0
2025-03-02,Heerenveen,AZ Alkmaar,3.0,1.0,3.52,3.38,2.08,1.97,1.83,10.0,10.0,7.0,4.0,3.0,6.0
2025-03-02,Almere City,Ajax,0.0,1.0,7.04,4.85,1.4,1.64,2.22,14.0,5.0,1.0,2.0,3.0,0.0
2025-03-02,Heracles,Zwolle,4.0,2.0,2.23,3.3,3.25,1.82,1.98,16.0,5.0,5.0,3.0,7.0,1.0
2025-03-02,Sparta Rotterdam,Willem II,4.0,0.0,1.64,3.86,5.17,1.95,1.86,22.0,9.0,11.0,3.0,9.0,5.0
2025-03-07,NAC Breda,Sparta Rotterdam,1.0,1.0,2.7,3.25,2.64,1.9,1.9,11.0,17.0,3.0,5.0,5.0,7.0
2025-03-08,For Sittard,Heracles,1.0,0.0,2.3,3.33,3.12,1.9,1.9,12.0,5.0,5.0,0.0,2.0,6.0
2025-03-08,PSV Eindhoven,Heerenveen,2.0,1.0,1.24,6.46,9.8,1.3,3.36,25.0,8.0,10.0,4.0,8.0,4.0
2025-03-09,Willem II,Utrecht,2.0,3.0,3.89,3.47,1.95,1.98,1.81,13.0,15.0,6.0,6.0,4.0,5.0
2025-03-09,Nijmegen,Go Ahead Eagles,2.0,3.0,2.17,3.48,3.23,1.73,2.07,10.0,27.0,4.0,14.0,3.0,15.0
2025-03-09,Zwolle,Ajax,0.0,1.0,5.09,4.12,1.6,1.67,2.16,9.0,14.0,2.0,6.0,3.0,3.0
2025-03-09,Twente,Almere City,1.0,0.0,1.28,5.7,9.54,1.56,2.36,15.0,7.0,3.0,1.0,4.0,3.0
2025-03-14,Almere City,NAC Breda,1.0,1.0,2.22,3.3,3.35,2.06,1.75,13.0,12.0,5.0,3.0,3.0,6.0
2025-03-15,Utrecht,Nijmegen,0.0,1.0,1.78,3.86,4.22,1.66,2.17,19.0,13.0,5.0,3.0,6.0,5.0
2025-03-15,Sparta Rotterdam,Zwolle,1.0,1.0,1.62,4.05,5.07,1.78,2.02,14.0,8.0,5.0,3.0,1.0,4.0
2025-03-15,Waalwijk,PSV Eindhoven,0.0,3.0,10.39,6.74,1.22,1.3,3.38,5.0,17.0,2.0,7.0,1.0,5.0
2025-03-15,Heerenveen,Heracles,1.0,1.0,1.79,3.63,4.48,1.73,2.06,19.0,6.0,3.0,2.0,10.0,1.0
2025-03-16,Go Ahead Eagles,Willem II,1.0,0.0,1.56,3.96,5.83,1.77,2.03,22.0,4.0,7.0,1.0,11.0,1.0
2025-03-16,Groningen,For Sittard,1.0,0.0,1.95,3.43,3.9,2.04,1.76,7.0,4.0,4.0,1.0,9.0,1.0
2025-03-16,Twente,Feyenoord,2.0,6.0,2.25,3.48,3.03,1.76,2.04,9.0,15.0,3.0,8.0,2.0,5.0
2025-03-16,Ajax,AZ Alkmaar,2.0,2.0,1.72,3.74,4.62,1.86,1.92,17.0,6.0,5.0,2.0,3.0,3.0
2025-03-29,NAC Breda,Groningen,1.0,1.0,2.45,3.21,2.96,2.13,1.69,13.0,6.0,3.0,2.0,3.0,2.0
2025-03-29,For Sittard,Sparta Rotterdam,0.0,3.0,3.19,3.45,2.19,1.97,1.82,15.0,15.0,3.0,7.0,2.0,4.0
2025-03-29,Willem II,Almere City,0.0,2.0,2.21,3.29,3.27,2.16,1.67,14.0,19.0,5.0,5.0,8.0,5.0
2025-03-29,Nijmegen,AZ Alkmaar,3.0,3.0,3.33,3.47,2.12,1.87,1.92,15.0,9.0,4.0,5.0,5.0,7.0
2025-03-29,Zwolle,Waalwijk,2.0,0.0,2.02,3.62,3.44,1.65,2.19,25.0,6.0,11.0,2.0,11.0,3.0
2025-03-30,Utrecht,Heerenveen,2.0,0.0,1.78,3.76,4.3,1.73,2.05,12.0,10.0,4.0,2.0,4.0,5.0
2025-03-30,Heracles,Twente,2.0,1.0,4.06,3.74,1.83,1.8,1.99,7.0,13.0,4.0,5.0,1.0,6.0
2025-03-30,PSV Eindhoven,Ajax,0.0,2.0,1.68,4.25,4.35,1.47,2.53,17.0,11.0,4.0,3.0,5.0,2.0
2025-03-30,Feyenoord,Go Ahead Eagles,3.0,2.0,1.44,4.78,6.31,1.48,2.53,17.0,13.0,9.0,3.0,2.0,4.0
2025-04-01,AZ Alkmaar,Waalwijk,2.0,2.0,1.29,5.7,9.3,1.45,2.63,24.0,6.0,6.0,2.0,12.0,5.0
2025-04-02,Feyenoord,Groningen,4.0,1.0,1.36,4.87,8.04,1.65,2.16,13.0,6.0,7.0,1.0,1.0,1.0
2025-04-04,Heerenveen,Willem II,3.0,1.0,1.45,4.44,7.13,1.77,2.03,22.0,13.0,9.0,3.0,9.0,6.0
2025-04-05,AZ Alkmaar,Feyenoord,0.0,1.0,2.41,3.54,2.74,1.76,2.03,13.0,9.0,5.0,1.0,5.0,3.0
2025-04-05,Twente,For Sittard,1.0,1.0,1.38,4.8,7.7,1.73,2.08,11.0,6.0,3.0,1.0,7.0,3.0
2025-04-05,Groningen,PSV Eindhoven,1.0,3.0,7.44,4.92,1.38,1.55,2.35,14.0,15.0,3.0,4.0,4.0,5.0
2025-04-05,Almere City,Zwolle,2.0,2.0,2.25,3.42,3.1,1.98,1.82,24.0,10.0,5.0,5.0,7.0,4.0
2025-04-06,Waalwijk,Heracles,0.0,0.0,2.34,3.52,2.87,1.7,2.11,10.0,10.0,3.0,1.0,6.0,9.0
2025-04-06,Go Ahead Eagles,Utrecht,2.0,2.0,2.09,3.74,3.16,1.63,2.2,11.0,14.0,6.0,3.0,1.0,5.0
2025-04-06,Sparta Rotterdam,Nijmegen,2.0,0.0,2.04,3.5,3.5,1.92,1.86,12.0,9.0,3.0,1.0,3.0,2.0
2025-04-06,Ajax,NAC Breda,3.0,1.0,1.24,6.23,10.71,1.43,2.68,10.0,8.0,4.0,3.0,9.0,0.0
2025-04-11,Nijmegen,Waalwijk,2.0,1.0,1.68,4.1,4.62,1.56,2.41,19.0,10.0,4.0,4.0,3.0,7.0
2025-04-12,For Sittard,Feyenoord,0.0,2.0,6.16,4.59,1.47,1.62,2.23,7.0,14.0,2.0,8.0,5.0,7.0
2025-04-12,Sparta Rotterdam,Heerenveen,3.0,1.0,1.92,3.65,3.77,1.8,1.99,15.0,11.0,7.0,5.0,4.0,1.0
2025-04-12,PSV Eindhoven,Almere City,5.0,0.0,1.13,8.82,16.7,1.24,3.75,34.0,8.0,17.0,2.0,11.0,3.0
2025-04-12,NAC Breda,Go Ahead Eagles,1.0,1.0,3.11,3.58,2.17,1.71,2.08,22.0,10.0,7.0,4.0,6.0,3.0
2025-04-13,Utrecht,Groningen,3.0,1.0,1.72,3.75,4.74,1.94,1.85,11.0,10.0,4.0,3.0,2.0,3.0
2025-04-13,Heracles,AZ Alkmaar,1.0,0.0,3.93,3.6,1.88,1.85,1.92,7.0,10.0,3.0,3.0,6.0,3.0
2025-04-13,Zwolle,Twente,1.0,1.0,3.49,3.63,2.01,1.78,2.01,15.0,10.0,3.0,3.0,4.0,10.0
2025-04-13,Willem II,Ajax,1.0,2.0,8.18,4.99,1.35,1.67,2.15,6.0,29.0,1.0,6.0,1.0,11.0
2025-04-19,Heerenveen,Almere City,2.0,1.0,1.66,4.02,4.79,1.71,2.1,15.0,12.0,3.0,3.0,4.0,3.0
2025-04-20,Utrecht,Ajax,4.0,0.0,3.34,3.67,2.04,1.61,2.23,13.0,7.0,5.0,3.0,1.0,11.0
2025-04-23,Groningen,Heracles,4.0,1.0,2.01,3.24,3.93,2.09,1.72,12.0,8.0,6.0,3.0,3.0,5.0
2025-04-24,AZ Alkmaar,NAC Breda,1.0,1.0,1.4,4.67,7.34,1.71,2.11,18.0,7.0,7.0,2.0,10.0,4.0
2025-04-24,Twente,PSV Eindhoven,1.0,3.0,3.99,3.97,1.79,1.49,2.5,8.0,16.0,3.0,8.0,3.0,5.0
2025-04-25,Waalwijk,Utrecht,0.0,4.0,3.69,3.95,1.89,1.46,2.63,13.0,20.0,2.0,9.0,5.0,5.0
2025-04-25,Feyenoord,Zwolle,4.0,0.0,1.22,6.42,12.07,1.46,2.62,13.0,19.0,7.0,4.0,1.0,3.0
2025-04-27,For Sittard,Willem II,1.0,0.0,1.8,3.59,4.4,2.04,1.76,13.0,4.0,2.0,2.0,4.0,5.0
2025-04-27,Ajax,Sparta Rotterdam,1.0,1.0,1.45,4.76,6.08,1.55,2.39,27.0,13.0,5.0,5.0,11.0,4.0
2025-04-27,Heerenveen,Nijmegen,1.0,0.0,1.98,3.64,3.56,1.71,2.1,14.0,6.0,5.0,1.0,7.0,5.0
2025-04-27,Almere City,Go Ahead Eagles,0.0,0.0,2.56,3.78,2.47,1.59,2.31,29.0,5.0,8.0,1.0,13.0,2.0
2025-05-03,Nijmegen,Willem II,1.0,1.0,1.57,4.21,5.27,1.68,2.15,21.0,10.0,4.0,3.0,4.0,2.0
2025-05-03,Heracles,Feyenoord,1.0,4.0,5.2,4.42,1.55,1.72,2.09,11.0,17.0,3.0,8.0,5.0,1.0
2025-05-03,Groningen,Waalwijk,6.0,1.0,1.71,3.89,4.64,1.73,2.08,22.0,9.0,12.0,4.0,5.0,3.0
2025-05-03,PSV Eindhoven,For Sittard,4.0,1.0,1.09,10.39,20.46,1.19,4.23,16.0,3.0,6.0,1.0,5.0,3.0
2025-05-04,NAC Breda,Zwolle,1.0,3.0,2.25,3.39,3.12,1.88,1.91,14.0,13.0,3.0,5.0,4.0,2.0
2025-05-04,Go Ahead Eagles,AZ Alkmaar,0.0,3.0,2.6,3.66,2.46,1.6,2.28,14.0,17.0,0.0,8.0,6.0,9.0
2025-05-04,Sparta Rotterdam,Twente,0.0,2.0,2.4,3.53,2.78,1.72,2.09,13.0,9.0,1.0,2.0,5.0,4.0
2025-05-09,Willem II,Heracles,1.0,2.0,2.7,3.32,2.58,1.97,1.83,9.0,16.0,5.0,6.0,5.0,10.0
2025-05-10,Waalwijk,Heerenveen,3.0,1.0,3.37,3.83,1.99,1.52,2.41,18.0,3.0,6.0,1.0,5.0,2.0
2025-05-10,For Sittard,NAC Breda,1.0,0.0,1.97,3.48,3.79,1.91,1.88,10.0,6.0,4.0,4.0,5.0,3.0
2025-05-10,Almere City,Sparta Rotterdam,0.0,3.0,2.76,3.58,2.4,1.68,2.15,17.0,15.0,4.0,9.0,6.0,2.0
2025-05-11,Zwolle,Go Ahead Eagles,1.0,1.0,2.54,3.82,2.44,1.55,2.37,21.0,9.0,7.0,3.0,6.0,2.0
2025-05-11,Feyenoord,PSV Eindhoven,2.0,3.0,2.6,3.76,2.41,1.39,2.8,11.0,24.0,4.0,9.0,1.0,12.0
2025-05-11,Twente,Utrecht,2.0,0.0,2.38,3.68,2.71,1.56,2.32,11.0,8.0,5.0,0.0,7.0,3.0
2025-05-11,Ajax,Nijmegen,0.0,3.0,1.3,5.51,8.94,1.46,2.59,22.0,9.0,4.0,6.0,8.0,1.0
2025-05-11,AZ Alkmaar,Groningen,3.0,0.0,1.61,4.04,5.19,1.78,2.01,19.0,10.0,12.0,4.0,11.0,4.0
2025-05-14,Almere City,For Sittard,1.0,1.0,2.26,3.5,3.01,1.75,2.06,12.0,9.0,5.0,2.0,5.0,5.0
2025-05-14,Feyenoord,Waalwijk,2.0,0.0,1.12,9.07,17.62,1.28,3.48,22.0,6.0,5.0,1.0,6.0,3.0
2025-05-14,Go Ahead Eagles,Heerenveen,1.0,0.0,2.55,3.67,2.52,1.51,2.45,13.0,20.0,5.0,5.0,2.0,5.0
2025-05-14,Groningen,Ajax,2.0,2.0,4.95,4.11,1.62,1.63,2.22,14.0,11.0,6.0,3.0,4.0,3.0
2025-05-14,Nijmegen,NAC Breda,3.0,0.0,1.81,3.79,4.04,1.68,2.14,11.0,9.0,5.0,0.0,3.0,5.0
2025-05-14,PSV Eindhoven,Heracles,4.0,1.0,1.06,12.66,28.12,1.2,4.18,30.0,3.0,11.0,2.0,10.0,1.0
2025-05-14,Twente,AZ Alkmaar,2.0,3.0,2.37,3.51,2.83,1.7,2.11,19.0,16.0,6.0,7.0,3.0,9.0
2025-05-14,Utrecht,Sparta Rotterdam,1.0,1.0,1.89,3.54,4.03,1.65,2.2,32.0,9.0,9.0,4.0,11.0,0.0
2025-05-14,Willem II,Zwolle,1.0,2.0,2.63,3.4,2.56,1.85,1.94,15.0,16.0,3.0,6.0,3.0,8.0
2025-05-18,Ajax,Twente,2.0,0.0,1.44,5.05,5.87,1.39,2.81,11.0,7.0,3.0,3.0,4.0,6.0
2025-05-18,AZ Alkmaar,Almere City,1.0,1.0,1.33,5.41,7.91,1.42,2.71,16.0,11.0,5.0,3.0,4.0,4.0
2025-05-18,For Sittard,Utrecht,0.0,0.0,2.52,3.67,2.55,1.63,2.23,12.0,13.0,3.0,5.0,9.0,3.0
2025-05-18,Heerenveen,Feyenoord,2.0,0.0,2.97,3.92,2.13,1.48,2.53,8.0,11.0,5.0,4.0,2.0,3.0
2025-05-18,Heracles,Nijmegen,1.0,2.0,2.6,3.58,2.51,1.54,2.42,20.0,12.0,7.0,7.0,9.0,5.0
2025-05-18,NAC Breda,Willem II,1.0,1.0,1.89,3.54,4.03,1.77,2.01,17.0,11.0,6.0,6.0,4.0,4.0
2025-05-18,Sparta Rotterdam,PSV Eindhoven,1.0,3.0,8.74,6.63,1.25,1.2,4.12,5.0,25.0,2.0,11.0,0.0,9.0
2025-05-18,Waalwijk,Go Ahead Eagles,5.0,3.0,2.87,3.94,2.17,1.38,2.89,20.0,29.0,9.0,7.0,4.0,11.0
2025-05-18,Zwolle,Groningen,2.0,0.0,2.31,3.65,2.82,1.6,2.27,12.0,12.0,4.0,3.0,4.0,1.0
