MatchDate,HomeTeam,AwayTeam,FTHome,FTAway,OddHome,OddDraw,OddAway,Over25,Under25,HomeShots,AwayShots,HomeTarget,AwayTarget,HomeCorners,AwayCorners
2000-07-28,Marseille,Troyes,3.0,1.0,1.65,3.3,4.3,,,,,,,,
2000-07-28,Paris SG,Strasbourg,3.0,1.0,1.6,3.4,4.6,,,,,,,,
2000-07-29,Auxerre,Sedan,0.0,1.0,1.7,3.3,3.9,,,,,,,,
2000-07-29,Bordeaux,Metz,1.0,1.0,1.65,3.3,4.3,,,,,,,,
2000-07-29,Guingamp,St Etienne,2.0,2.0,2.25,3.0,2.75,,,,,,,,
2000-07-29,Lille,Monaco,1.0,1.0,2.75,3.0,2.25,,,,,,,,
2000-07-29,Lyon,Rennes,2.0,2.0,1.6,3.4,4.6,,,,,,,,
2000-07-29,Nantes,Lens,0.0,2.0,2.15,3.0,3.0,,,,,,,,
2000-07-29,Toulouse,Bastia,0.0,1.0,2.0,3.0,3.5,,,,,,,,
2000-08-03,Sedan,Lyon,1.0,1.0,2.1,3.1,3.2,,,,,,,,
2000-08-04,Monaco,Nantes,2.0,5.0,1.4,4.0,6.0,,,,,,,,
2000-08-04,St Etienne,Marseille,3.0,0.0,2.35,3.0,2.75,,,,,,,,
2000-08-05,Bastia,Bordeaux,2.0,0.0,1.8,3.1,4.0,,,,,,,,
2000-08-05,Lens,Guingamp,3.0,2.0,1.4,3.2,8.0,,,,,,,,
2000-08-05,Metz,Auxerre,1.0,2.0,1.8,3.0,4.2,,,,,,,,
2000-08-05,Rennes,Paris SG,1.0,1.0,2.45,3.05,2.6,,,,,,,,
2000-08-05,Strasbourg,Lille,0.0,4.0,1.7,3.1,4.4,,,,,,,,
2000-08-05,Troyes,Toulouse,1.0,1.0,2.15,3.2,2.9,,,,,,,,
2000-08-12,Auxerre,Bastia,1.0,0.0,1.75,3.0,3.9,,,,,,,,
2000-08-12,Bordeaux,Troyes,2.0,2.0,1.38,4.0,7.0,,,,,,,,
2000-08-12,Guingamp,Nantes,0.0,1.0,2.4,3.0,2.75,,,,,,,,
2000-08-12,Lille,Rennes,1.0,0.0,2.0,3.0,3.4,,,,,,,,
2000-08-12,Lyon,Metz,0.0,0.0,1.6,3.4,5.0,,,,,,,,
2000-08-12,Strasbourg,Monaco,1.0,3.0,2.85,2.9,2.15,,,,,,,,
2000-08-12,Toulouse,St Etienne,1.0,1.0,2.5,3.0,2.6,,,,,,,,
2000-08-13,Marseille,Lens,0.0,0.0,1.71,3.5,4.0,,,,,,,,
2000-08-13,Paris SG,Sedan,2.0,1.0,1.41,3.1,9.0,,,,,,,,
2000-08-18,Bastia,Lyon,2.0,0.0,1.9,2.9,3.3,,,,,,,,
2000-08-19,Lens,Toulouse,2.0,1.0,1.5,3.4,6.0,,,,,,,,
2000-08-19,Metz,Paris SG,1.0,0.0,3.0,2.8,2.2,,,,,,,,
2000-08-19,Nantes,Marseille,3.0,2.0,2.15,3.1,3.0,,,,,,,,
2000-08-19,Rennes,Strasbourg,3.0,0.0,1.66,3.15,4.7,,,,,,,,
2000-08-19,Sedan,Lille,1.0,0.0,1.3,3.35,3.3,,,,,,,,
2000-08-19,St Etienne,Bordeaux,1.0,0.0,2.3,3.1,2.6,,,,,,,,
2000-08-19,Troyes,Auxerre,1.0,0.0,2.35,2.9,2.7,,,,,,,,
2000-08-20,Monaco,Guingamp,1.0,0.0,1.3,4.3,7.0,,,,,,,,
2000-08-26,Bordeaux,Lens,1.0,1.0,1.9,3.25,3.45,,,,,,,,
2000-08-26,Lille,Metz,2.0,1.0,1.95,3.2,3.3,,,,,,,,
2000-08-26,Lyon,Troyes,1.0,0.0,1.55,3.4,5.0,,,,,,,,
2000-08-26,Marseille,Guingamp,3.0,1.0,1.4,3.8,6.7,,,,,,,,
2000-08-26,Rennes,Monaco,1.0,1.0,2.4,3.05,2.65,,,,,,,,
2000-08-26,Strasbourg,Sedan,3.0,2.0,2.45,3.1,2.6,,,,,,,,
2000-08-26,Toulouse,Nantes,1.0,1.0,2.45,3.1,2.6,,,,,,,,
2000-08-27,Auxerre,St Etienne,4.0,3.0,1.9,3.1,3.8,,,,,,,,
2000-08-27,Paris SG,Bastia,3.0,1.0,1.45,3.65,5.9,,,,,,,,
2000-09-05,Monaco,Marseille,0.0,2.0,1.8,3.1,4.0,,,,,,,,
2000-09-06,Bastia,Lille,1.0,0.0,1.66,3.2,4.4,,,,,,,,
2000-09-06,Guingamp,Toulouse,2.0,1.0,2.15,3.0,3.1,,,,,,,,
2000-09-06,Lens,Auxerre,1.0,0.0,1.75,3.2,4.1,,,,,,,,
2000-09-06,Metz,Strasbourg,1.0,0.0,1.71,3.0,4.9,,,,,,,,
2000-09-06,Nantes,Bordeaux,0.0,5.0,1.95,3.2,3.4,,,,,,,,
2000-09-06,St Etienne,Lyon,2.0,2.0,2.0,3.0,3.45,,,,,,,,
2000-09-06,Troyes,Paris SG,5.0,3.0,3.1,3.0,2.15,,,,,,,,
2000-09-09,Auxerre,Nantes,2.0,2.0,1.85,3.1,3.5,,,,,,,,
2000-09-09,Bordeaux,Guingamp,0.0,2.0,1.5,3.3,6.0,,,,,,,,
2000-09-09,Lille,Troyes,1.0,2.0,1.66,3.2,4.5,,,,,,,,
2000-09-09,Lyon,Lens,3.0,0.0,2.0,3.15,3.1,,,,,,,,
2000-09-09,Paris SG,St Etienne,5.0,1.0,1.47,3.3,6.4,,,,,,,,
2000-09-09,Rennes,Metz,0.0,1.0,1.8,3.15,3.75,,,,,,,,
2000-09-09,Sedan,Monaco,1.0,0.0,2.5,3.1,2.35,,,,,,,,
2000-09-09,Strasbourg,Bastia,1.0,4.0,2.2,3.1,2.75,,,,,,,,
2000-09-10,Toulouse,Marseille,2.0,0.0,2.65,3.0,2.3,,,,,,,,
2000-09-16,Bastia,Rennes,0.0,2.0,1.5,3.55,5.1,,,,,,,,
2000-09-16,Guingamp,Auxerre,1.0,0.0,2.35,3.15,2.65,,,,,,,,
2000-09-16,Lens,Paris SG,1.0,1.0,2.15,3.15,3.0,,,,,,,,
2000-09-16,Marseille,Bordeaux,0.0,1.0,1.85,3.3,3.5,,,,,,,,
2000-09-16,Metz,Sedan,1.0,0.0,1.8,3.3,3.5,,,,,,,,
2000-09-16,Monaco,Toulouse,3.0,0.0,1.35,3.85,6.5,,,,,,,,
2000-09-16,Troyes,Strasbourg,0.0,1.0,1.7,3.1,4.5,,,,,,,,
2000-09-17,Nantes,Lyon,0.0,1.0,2.05,3.2,3.1,,,,,,,,
2000-09-17,St Etienne,Lille,1.0,1.0,1.7,3.4,4.0,,,,,,,,
2000-09-23,Auxerre,Marseille,0.0,1.0,2.05,3.35,3.0,,,,,,,,
2000-09-23,Bordeaux,Toulouse,2.0,1.0,1.5,3.5,6.0,,,,,,,,
2000-09-23,Lyon,Guingamp,0.0,1.0,1.5,3.6,5.5,,,,,,,,
2000-09-23,Metz,Monaco,1.0,3.0,2.1,3.3,2.95,,,,,,,,
2000-09-23,Paris SG,Nantes,2.0,1.0,1.5,3.65,5.2,,,,,,,,
2000-09-23,Rennes,Troyes,0.0,2.0,1.85,3.5,3.4,,,,,,,,
2000-09-23,Sedan,Bastia,3.0,3.0,2.0,3.3,3.2,,,,,,,,
2000-09-23,Strasbourg,St Etienne,3.0,2.0,2.1,3.3,2.95,,,,,,,,
2000-09-24,Lille,Lens,2.0,1.0,2.3,3.35,2.6,,,,,,,,
2000-09-30,Bastia,Metz,1.0,0.0,1.6,3.5,4.4,,,,,,,,
2000-09-30,Guingamp,Paris SG,1.0,1.0,2.55,3.25,2.25,,,,,,,,
2000-09-30,Lens,Strasbourg,0.0,0.0,1.45,3.8,5.8,,,,,,,,
2000-09-30,Monaco,Bordeaux,2.0,2.0,1.8,3.25,3.75,,,,,,,,
2000-09-30,St Etienne,Rennes,0.0,2.0,1.8,3.35,3.6,,,,,,,,
2000-09-30,Toulouse,Auxerre,0.0,1.0,2.2,3.15,2.7,,,,,,,,
2000-09-30,Troyes,Sedan,1.0,1.0,1.85,3.3,3.55,,,,,,,,
2000-10-01,Marseille,Lyon,1.0,1.0,1.85,3.2,3.6,,,,,,,,
2000-10-01,Nantes,Lille,0.0,0.0,1.8,3.4,3.6,,,,,,,,
2000-10-10,Sedan,Rennes,2.0,1.0,,,,,,,,,,,
2000-10-13,Bastia,Monaco,0.0,2.0,2.0,3.2,3.3,,,,,,,,
2000-10-13,Paris SG,Marseille,2.0,0.0,1.55,3.3,5.2,,,,,,,,
2000-10-14,Lille,Guingamp,1.0,1.0,1.85,3.25,3.7,,,,,,,,
2000-10-14,Metz,Troyes,2.0,2.0,1.8,3.2,4.0,,,,,,,,
2000-10-14,Rennes,Lens,1.0,0.0,2.3,3.1,2.7,,,,,,,,
2000-10-14,Sedan,St Etienne,2.0,1.0,1.85,3.15,3.9,,,,,,,,
2000-10-14,Strasbourg,Nantes,0.0,5.0,2.1,3.1,3.1,,,,,,,,
2000-10-15,Auxerre,Bordeaux,0.0,2.0,2.05,3.2,3.1,,,,,,,,
2000-10-21,Bordeaux,Lyon,1.0,1.0,1.9,2.9,3.5,,,,,,,,
2000-10-21,Guingamp,Strasbourg,2.0,1.0,1.75,3.2,3.8,,,,,,,,
2000-10-21,Lens,Sedan,1.0,1.0,1.8,3.0,3.8,,,,,,,,
2000-10-21,Monaco,Auxerre,1.0,1.0,1.61,3.5,4.6,,,,,,,,
2000-10-21,Nantes,Rennes,1.0,0.0,1.9,2.9,3.5,,,,,,,,
2000-10-21,St Etienne,Metz,2.0,0.0,2.05,2.8,3.2,,,,,,,,
2000-10-21,Toulouse,Paris SG,2.0,3.0,3.6,3.0,1.95,,,,,,,,
2000-10-21,Troyes,Bastia,0.0,0.0,2.25,2.8,3.0,,,,,,,,
2000-10-22,Marseille,Lille,0.0,1.0,1.65,3.2,4.5,,,,,,,,
2000-10-28,Strasbourg,Marseille,1.0,1.0,2.4,3.1,2.65,,,,,,,,
2000-10-29,Bastia,St Etienne,0.0,0.0,1.6,3.25,5.25,,,,,,,,
2000-10-29,Lille,Toulouse,1.0,0.0,1.57,3.2,5.6,,,,,,,,
2000-10-29,Lyon,Auxerre,2.0,2.0,1.8,3.15,4.0,,,,,,,,
2000-10-29,Metz,Lens,2.0,1.0,2.1,3.0,3.2,,,,,,,,
2000-10-29,Paris SG,Bordeaux,1.0,2.0,1.6,3.25,5.1,,,,,,,,
2000-10-29,Rennes,Guingamp,1.0,2.0,2.05,3.0,3.35,,,,,,,,
2000-10-29,Sedan,Nantes,2.0,0.0,2.0,3.1,3.35,,,,,,,,
2000-10-29,Troyes,Monaco,1.0,0.0,2.7,2.95,2.45,,,,,,,,
2000-11-03,Monaco,Lyon,0.0,2.0,1.75,3.25,4.2,,,,,,,,
2000-11-04,Auxerre,Paris SG,1.0,0.0,2.8,3.25,2.2,,,,,,,,
2000-11-04,Bordeaux,Lille,1.0,0.0,1.8,3.35,3.8,,,,,,,,
2000-11-04,Guingamp,Sedan,0.0,3.0,2.05,3.05,3.3,,,,,,,,
2000-11-04,Lens,Bastia,4.0,0.0,2.1,3.05,3.25,,,,,,,,
2000-11-04,Marseille,Rennes,0.0,1.0,,,,,,,,,,,
2000-11-04,Nantes,Metz,2.0,0.0,1.8,3.2,4.0,,,,,,,,
2000-11-04,St Etienne,Troyes,4.0,1.0,2.1,3.05,3.15,,,,,,,,
2000-11-04,Toulouse,Strasbourg,0.0,0.0,2.25,2.95,3.0,,,,,,,,
2000-11-10,St Etienne,Monaco,1.0,0.0,2.5,2.8,2.7,,,,,,,,
2000-11-11,Lille,Auxerre,1.0,1.0,1.95,2.8,3.8,,,,,,,,
2000-11-11,Metz,Guingamp,1.0,1.0,2.0,3.1,3.35,,,,,,,,
2000-11-11,Paris SG,Lyon,1.0,1.0,1.67,3.1,4.8,,,,,,,,
2000-11-11,Rennes,Toulouse,1.0,1.0,1.6,3.4,4.8,,,,,,,,
2000-11-11,Sedan,Marseille,2.0,0.0,1.8,3.2,3.8,,,,,,,,
2000-11-11,Troyes,Lens,1.0,0.0,2.05,2.8,3.6,,,,,,,,
2000-11-12,Strasbourg,Bordeaux,0.0,2.0,2.8,3.0,2.3,,,,,,,,
2000-11-17,Marseille,Metz,4.0,1.0,1.85,3.1,4.0,,,,,,,,
2000-11-18,Guingamp,Bastia,1.0,0.0,2.0,2.95,3.6,,,,,,,,
2000-11-18,Lens,St Etienne,0.0,0.0,1.85,3.1,4.0,,,,,,,,
2000-11-18,Lyon,Lille,0.0,1.0,1.75,3.1,4.2,,,,,,,,
2000-11-18,Monaco,Paris SG,2.0,0.0,2.2,3.1,2.8,,,,,,,,
2000-11-18,Nantes,Troyes,4.0,0.0,1.85,3.0,3.85,,,,,,,,
2000-11-18,Toulouse,Sedan,2.0,0.0,2.8,3.0,2.3,,,,,,,,
2000-11-19,Auxerre,Strasbourg,1.0,2.0,1.65,3.25,4.8,,,,,,,,
2000-11-19,Bordeaux,Rennes,3.0,0.0,1.55,3.4,5.8,,,,,,,,
2000-11-25,Bastia,Marseille,3.0,0.0,1.9,3.1,3.5,,,,,,,,
2000-11-25,Lens,Monaco,4.0,3.0,2.25,3.05,2.95,,,,,,,,
2000-11-25,Metz,Toulouse,1.0,1.0,1.66,3.3,4.6,,,,,,,,
2000-11-25,Rennes,Auxerre,0.0,1.0,2.05,3.15,3.25,,,,,,,,
2000-11-25,Strasbourg,Lyon,0.0,3.0,2.7,2.9,2.45,,,,,,,,
2000-11-25,Troyes,Guingamp,0.0,1.0,2.05,3.0,3.4,,,,,,,,
2000-11-26,Sedan,Bordeaux,0.0,0.0,2.35,3.05,2.75,,,,,,,,
2000-11-26,St Etienne,Nantes,0.0,2.0,2.1,3.1,3.2,,,,,,,,
2000-11-28,Guingamp,Lens,0.0,1.0,1.9,3.2,3.55,,,,,,,,
2000-11-28,Paris SG,Rennes,0.0,1.0,1.4,3.55,6.6,,,,,,,,
2000-11-29,Auxerre,Metz,1.0,0.0,1.9,3.05,3.8,,,,,,,,
2000-11-29,Bordeaux,Bastia,0.0,0.0,1.55,3.4,5.7,,,,,,,,
2000-11-29,Lille,Strasbourg,1.0,1.0,1.6,3.4,5.0,,,,,,,,
2000-11-29,Lyon,Sedan,2.0,2.0,1.95,3.0,3.7,,,,,,,,
2000-11-29,Marseille,St Etienne,2.0,1.0,1.85,3.2,3.7,,,,,,,,
2000-11-29,Nantes,Monaco,3.0,1.0,2.2,3.1,2.9,,,,,,,,
2000-11-29,Toulouse,Troyes,2.0,1.0,2.2,3.1,2.95,,,,,,,,
2000-12-02,Bastia,Auxerre,3.0,1.0,2.0,3.05,3.45,,,,,,,,
2000-12-02,Metz,Lyon,0.0,0.0,2.4,3.05,2.7,,,,,,,,
2000-12-02,Monaco,Strasbourg,1.0,0.0,1.45,3.55,6.55,,,,,,,,
2000-12-02,Nantes,Guingamp,2.0,1.0,1.85,3.15,3.8,,,,,,,,
2000-12-02,Rennes,Lille,2.0,0.0,2.25,3.0,2.9,,,,,,,,
2000-12-02,Sedan,Paris SG,5.0,1.0,2.3,3.0,2.85,,,,,,,,
2000-12-02,St Etienne,Toulouse,1.0,0.0,1.61,3.3,5.0,,,,,,,,
2000-12-02,Troyes,Bordeaux,1.0,0.0,2.8,3.0,2.35,,,,,,,,
2000-12-03,Lens,Marseille,1.0,0.0,1.8,3.1,4.1,,,,,,,,
2000-12-09,Auxerre,Troyes,2.0,2.0,1.85,3.1,3.95,,,,,,,,
2000-12-09,Guingamp,Monaco,2.0,2.0,2.4,3.05,2.7,,,,,,,,
2000-12-09,Lille,Sedan,2.0,0.0,2.1,3.0,3.3,,,,,,,,
2000-12-09,Lyon,Bastia,1.0,0.0,1.85,3.2,3.75,,,,,,,,
2000-12-09,Paris SG,Metz,1.0,0.0,1.55,3.4,5.4,,,,,,,,
2000-12-09,Strasbourg,Rennes,1.0,1.0,2.3,3.15,2.75,,,,,,,,
2000-12-09,Toulouse,Lens,1.0,0.0,2.5,3.0,2.6,,,,,,,,
2000-12-10,Bordeaux,St Etienne,2.0,1.0,1.57,3.3,5.7,,,,,,,,
2000-12-10,Marseille,Nantes,2.0,0.0,2.35,3.1,2.7,,,,,,,,
2000-12-13,Bastia,Nantes,3.0,1.0,2.2,2.9,3.1,,,,,,,,
2000-12-13,Lille,Paris SG,2.0,0.0,2.3,3.0,2.85,,,,,,,,
2000-12-13,Lyon,Toulouse,4.0,1.0,1.5,3.4,6.25,,,,,,,,
2000-12-16,Guingamp,Marseille,1.0,0.0,2.05,2.8,3.6,,,,,,,,
2000-12-16,Lens,Bordeaux,2.0,2.0,2.3,3.15,2.7,,,,,,,,
2000-12-16,Metz,Lille,1.0,1.0,2.35,3.1,2.65,,,,,,,,
2000-12-16,Monaco,Rennes,1.0,2.0,1.65,3.2,4.9,,,,,,,,
2000-12-16,Sedan,Strasbourg,1.0,0.0,1.45,3.6,6.5,,,,,,,,
2000-12-16,St Etienne,Auxerre,2.0,0.0,1.9,3.0,3.6,,,,,,,,
2000-12-16,Troyes,Lyon,1.0,0.0,2.4,3.0,2.7,,,,,,,,
2000-12-17,Bastia,Paris SG,1.0,1.0,2.3,3.1,2.8,,,,,,,,
2000-12-17,Nantes,Toulouse,3.0,2.0,1.45,3.6,6.5,,,,,,,,
2000-12-20,Marseille,Monaco,2.0,1.0,2.15,3.1,2.8,,,,,,,,
2000-12-21,Auxerre,Lens,3.0,2.0,2.0,3.0,3.2,,,,,,,,
2000-12-21,Bordeaux,Nantes,0.0,2.0,1.75,2.9,5.0,,,,,,,,
2000-12-21,Lille,Bastia,1.0,0.0,1.85,3.2,3.5,,,,,,,,
2000-12-21,Lyon,St Etienne,2.0,1.0,1.6,3.3,5.5,,,,,,,,
2000-12-21,Paris SG,Troyes,0.0,0.0,1.47,3.5,7.0,,,,,,,,
2000-12-21,Rennes,Sedan,2.0,0.0,2.1,3.2,2.8,,,,,,,,
2000-12-21,Toulouse,Guingamp,1.0,1.0,2.2,3.3,2.6,,,,,,,,
2001-01-12,Lens,Lyon,0.0,0.0,2.1,3.0,3.2,,,,,,,,
2001-01-13,Bastia,Strasbourg,3.0,1.0,1.47,3.6,6.0,,,,,,,,
2001-01-13,Guingamp,Bordeaux,1.0,1.0,2.45,3.05,2.6,,,,,,,,
2001-01-13,Marseille,Toulouse,1.0,1.0,1.5,3.2,6.0,,,,,,,,
2001-01-13,Metz,Rennes,2.0,2.0,2.35,3.0,2.75,,,,,,,,
2001-01-13,Monaco,Sedan,1.0,0.0,1.85,3.2,3.7,,,,,,,,
2001-01-13,Nantes,Auxerre,1.0,1.0,1.6,3.3,4.8,,,,,,,,
2001-01-13,St Etienne,Paris SG,1.0,0.0,2.15,3.0,3.1,,,,,,,,
2001-01-13,Troyes,Lille,2.0,1.0,2.1,3.0,3.2,,,,,,,,
2001-01-26,Bordeaux,Marseille,3.0,0.0,1.62,3.4,4.85,,,,,,,,
2001-01-27,Auxerre,Guingamp,1.0,1.0,1.92,3.05,3.65,,,,,,,,
2001-01-27,Lille,St Etienne,4.0,1.0,1.62,3.25,5.1,,,,,,,,
2001-01-27,Lyon,Nantes,3.0,1.0,1.97,3.1,3.45,,,,,,,,
2001-01-27,Paris SG,Lens,1.0,0.0,1.6,3.3,5.2,,,,,,,,
2001-01-27,Rennes,Bastia,1.0,2.0,1.85,3.1,3.85,,,,,,,,
2001-01-27,Sedan,Metz,0.0,0.0,1.57,3.35,5.4,,,,,,,,
2001-01-27,Strasbourg,Troyes,3.0,3.0,2.35,2.95,2.8,,,,,,,,
2001-01-27,Toulouse,Monaco,2.0,1.0,2.67,2.9,2.45,,,,,,,,
2001-02-03,Bastia,Sedan,0.0,1.0,1.67,3.2,4.6,,,,,,,,
2001-02-03,Guingamp,Lyon,2.0,3.0,2.4,2.9,2.8,,,,,,,,
2001-02-03,Marseille,Auxerre,0.0,1.0,1.8,3.2,3.8,,,,,,,,
2001-02-03,Monaco,Metz,6.0,1.0,1.6,3.3,5.25,,,,,,,,
2001-02-03,Nantes,Paris SG,1.0,0.0,1.97,3.0,3.6,,,,,,,,
2001-02-03,St Etienne,Strasbourg,3.0,3.0,1.62,3.3,5.0,,,,,,,,
2001-02-03,Toulouse,Bordeaux,1.0,1.0,2.9,2.9,2.32,,,,,,,,
2001-02-04,Lens,Lille,0.0,1.0,2.1,2.9,3.35,,,,,,,,
2001-02-06,Lyon,Marseille,1.0,1.0,1.57,3.4,5.3,,,,,,,,
2001-02-06,Rennes,St Etienne,3.0,0.0,1.75,3.3,4.0,,,,,,,,
2001-02-07,Auxerre,Toulouse,2.0,0.0,1.6,3.35,5.2,,,,,,,,
2001-02-07,Bordeaux,Monaco,2.0,1.0,1.8,3.2,3.9,,,,,,,,
2001-02-07,Lille,Nantes,1.0,1.0,2.1,3.0,3.2,,,,,,,,
2001-02-07,Metz,Bastia,3.0,2.0,2.15,3.1,2.9,,,,,,,,
2001-02-07,Paris SG,Guingamp,1.0,3.0,1.6,3.25,5.25,,,,,,,,
2001-02-07,Sedan,Troyes,2.0,1.0,1.75,3.2,4.2,,,,,,,,
2001-02-07,Strasbourg,Lens,1.0,0.0,2.25,2.95,2.85,,,,,,,,
2001-02-17,Guingamp,Lille,0.0,1.0,2.22,2.95,3.0,,,,,,,,
2001-02-17,Lens,Rennes,1.0,2.0,2.05,3.0,3.4,,,,,,,,
2001-02-17,Marseille,Paris SG,1.0,0.0,2.12,3.0,3.15,,,,,,,,
2001-02-17,Monaco,Bastia,2.0,1.0,1.77,3.1,4.2,,,,,,,,
2001-02-17,St Etienne,Sedan,0.0,2.0,2.17,3.0,3.05,,,,,,,,
2001-02-17,Toulouse,Lyon,1.0,1.0,2.85,3.0,2.27,,,,,,,,
2001-02-17,Troyes,Metz,3.0,2.0,1.7,3.25,4.4,,,,,,,,
2001-02-18,Bordeaux,Auxerre,1.0,0.0,1.67,3.25,4.6,,,,,,,,
2001-02-18,Nantes,Strasbourg,1.0,0.0,1.42,3.65,6.75,,,,,,,,
2001-02-23,Troyes,Rennes,3.0,1.0,2.0,3.05,3.4,,,,,,,,
2001-03-03,Auxerre,Monaco,1.0,0.0,2.2,3.0,3.0,,,,,,,,
2001-03-03,Bastia,Troyes,2.0,2.0,1.86,3.1,3.84,,,,,,,,
2001-03-03,Lille,Marseille,1.0,0.0,1.73,3.2,4.35,,,,,,,,
2001-03-03,Lyon,Bordeaux,2.0,1.0,2.1,2.9,3.35,,,,,,,,
2001-03-03,Metz,St Etienne,3.0,0.0,1.88,3.2,3.65,,,,,,,,
2001-03-03,Paris SG,Toulouse,3.0,0.0,1.52,3.45,5.85,,,,,,,,
2001-03-03,Sedan,Lens,2.0,2.0,1.7,3.2,4.55,,,,,,,,
2001-03-03,Strasbourg,Guingamp,0.0,1.0,2.45,2.95,2.67,,,,,,,,
2001-03-04,Rennes,Nantes,0.0,2.0,2.37,3.0,2.75,,,,,,,,
2001-03-17,Auxerre,Lyon,0.0,3.0,2.35,2.95,2.85,,,,,,,,
2001-03-17,Guingamp,Rennes,1.0,6.0,2.05,3.05,3.35,,,,,,,,
2001-03-17,Lens,Metz,1.0,1.0,1.8,3.1,4.2,,,,,,,,
2001-03-17,Marseille,Strasbourg,0.0,0.0,1.55,3.45,5.5,,,,,,,,
2001-03-17,Monaco,Troyes,4.0,3.0,1.75,3.25,4.2,,,,,,,,
2001-03-17,Nantes,Sedan,4.0,1.0,1.8,3.1,4.2,,,,,,,,
2001-03-17,St Etienne,Bastia,2.0,1.0,2.25,2.95,3.0,,,,,,,,
2001-03-17,Toulouse,Lille,0.0,2.0,2.75,2.9,2.45,,,,,,,,
2001-03-18,Bordeaux,Paris SG,2.0,0.0,1.8,3.15,4.1,,,,,,,,
2001-04-06,Lille,Bordeaux,2.0,2.0,2.12,2.95,3.3,,,,,,,,
2001-04-07,Bastia,Lens,1.0,3.0,1.8,3.05,4.3,,,,,,,,
2001-04-07,Lyon,Monaco,2.0,1.0,1.72,3.25,4.4,,,,,,,,
2001-04-07,Metz,Nantes,1.0,2.0,2.78,2.8,2.5,,,,,,,,
2001-04-07,Paris SG,Auxerre,3.0,0.0,1.72,3.2,4.5,,,,,,,,
2001-04-07,Rennes,Marseille,2.0,0.0,1.87,3.05,3.95,,,,,,,,
2001-04-07,Sedan,Guingamp,2.0,2.0,1.75,3.15,4.4,,,,,,,,
2001-04-07,Strasbourg,Toulouse,1.0,0.0,1.95,3.0,3.7,,,,,,,,
2001-04-07,Troyes,St Etienne,0.0,0.0,1.65,3.3,4.85,,,,,,,,
2001-04-11,Strasbourg,Metz,0.0,1.0,2.15,3.0,3.15,,,,,,,,
2001-04-14,Auxerre,Lille,1.0,1.0,2.5,2.9,2.7,,,,,,,,
2001-04-14,Bordeaux,Strasbourg,2.0,1.0,1.4,3.8,7.2,,,,,,,,
2001-04-14,Guingamp,Metz,1.0,3.0,1.88,3.15,3.7,,,,,,,,
2001-04-14,Marseille,Sedan,2.0,1.0,2.0,3.05,3.45,,,,,,,,
2001-04-14,Monaco,St Etienne,5.0,3.0,1.66,3.25,4.9,,,,,,,,
2001-04-14,Nantes,Bastia,1.0,0.0,1.43,3.7,6.75,,,,,,,,
2001-04-14,Toulouse,Rennes,2.0,0.0,2.55,2.85,2.7,,,,,,,,
2001-04-15,Lyon,Paris SG,2.0,0.0,1.7,3.25,4.55,,,,,,,,
2001-04-28,Bastia,Guingamp,2.0,0.0,2.0,3.0,3.45,,,,,,,,
2001-04-28,Lille,Lyon,1.0,2.0,2.3,2.95,2.85,,,,,,,,
2001-04-28,Metz,Marseille,1.0,0.0,2.3,2.5,3.6,,,,,,,,
2001-04-28,Paris SG,Monaco,1.0,1.0,1.8,3.15,4.0,,,,,,,,
2001-04-28,Rennes,Bordeaux,1.0,2.0,2.62,2.9,2.52,,,,,,,,
2001-04-28,Sedan,Toulouse,2.0,3.0,1.4,4.1,6.7,,,,,,,,
2001-04-28,St Etienne,Lens,1.0,1.0,2.1,2.95,3.25,,,,,,,,
2001-04-28,Strasbourg,Auxerre,1.0,0.0,2.65,3.0,2.4,,,,,,,,
2001-04-29,Troyes,Nantes,0.0,1.0,2.8,2.95,2.35,,,,,,,,
2001-05-04,Lens,Troyes,1.0,1.0,2.05,3.1,3.3,,,,,,,,
2001-05-12,Auxerre,Rennes,0.0,1.0,2.2,3.0,3.05,,,,,,,,
2001-05-12,Bordeaux,Sedan,2.0,2.0,1.47,3.65,6.15,,,,,,,,
2001-05-12,Guingamp,Troyes,1.0,1.0,2.15,3.05,3.1,,,,,,,,
2001-05-12,Lyon,Strasbourg,5.0,0.0,1.22,5.2,9.5,,,,,,,,
2001-05-12,Marseille,Bastia,2.0,1.0,1.55,3.5,5.4,,,,,,,,
2001-05-12,Monaco,Lens,0.0,0.0,1.75,3.2,4.3,,,,,,,,
2001-05-12,Nantes,St Etienne,1.0,0.0,1.22,5.2,9.5,,,,,,,,
2001-05-12,Paris SG,Lille,2.0,2.0,2.17,3.1,3.0,,,,,,,,
2001-05-12,Toulouse,Metz,2.0,1.0,1.85,3.25,3.75,,,,,,,,
2001-05-19,Bastia,Toulouse,5.0,1.0,1.6,3.4,4.9,,,,,,,,
2001-05-19,Lens,Nantes,1.0,4.0,2.52,3.0,2.57,,,,,,,,
2001-05-19,Metz,Bordeaux,2.0,0.0,3.7,3.35,1.8,,,,,,,,
2001-05-19,Monaco,Lille,1.0,2.0,2.3,3.35,2.57,,,,,,,,
2001-05-19,Rennes,Lyon,3.0,4.0,1.75,3.35,3.8,,,,,,,,
2001-05-19,Sedan,Auxerre,1.0,0.0,1.5,3.75,5.3,,,,,,,,
2001-05-19,St Etienne,Guingamp,2.0,2.0,1.9,3.2,3.25,,,,,,,,
2001-05-19,Strasbourg,Paris SG,1.0,2.0,2.5,3.0,2.57,,,,,,,,
2001-05-19,Troyes,Marseille,1.0,1.0,1.95,3.05,3.4,,,,,,,,
2001-07-27,Bordeaux,Nantes,2.0,0.0,2.03,3.05,3.3,,,,,,,,
2001-07-28,Bastia,Sedan,1.0,1.0,1.92,3.05,3.65,,,,,,,,
2001-07-28,Lens,Lyon,2.0,0.0,2.55,2.95,2.55,,,,,,,,
2001-07-28,Lorient,Metz,1.0,0.0,2.2,2.95,3.05,,,,,,,,
2001-07-28,Monaco,Sochaux,0.0,1.0,1.45,3.65,6.3,,,,,,,,
2001-07-28,Montpellier,Marseille,1.0,1.0,2.5,2.95,2.6,,,,,,,,
2001-07-28,Paris SG,Lille,0.0,0.0,1.65,3.3,4.65,,,,,,,,
2001-07-28,Rennes,Auxerre,0.0,5.0,1.85,3.1,3.85,,,,,,,,
2001-07-28,Troyes,Guingamp,3.0,0.0,1.89,3.1,3.7,,,,,,,,
2001-08-03,Marseille,Bordeaux,0.0,0.0,,,,,,,,,,,
2001-08-04,Auxerre,Paris SG,1.0,1.0,,,,,,,,,,,
2001-08-04,Guingamp,Bastia,1.0,0.0,,,,,,,,,,,
2001-08-04,Lille,Lorient,3.0,1.0,,,,,,,,,,,
2001-08-04,Lyon,Sedan,2.0,0.0,,,,,,,,,,,
2001-08-04,Metz,Troyes,2.0,1.0,,,,,,,,,,,
2001-08-04,Monaco,Montpellier,0.0,0.0,,,,,,,,,,,
2001-08-04,Nantes,Lens,1.0,2.0,,,,,,,,,,,
2001-08-04,Sochaux,Rennes,4.0,3.0,,,,,,,,,,,
2001-08-11,Bordeaux,Lille,0.0,0.0,,,,,,,,,,,
2001-08-11,Lens,Marseille,2.0,0.0,,,,,,,,,,,
2001-08-11,Montpellier,Metz,3.0,0.0,,,,,,,,,,,
2001-08-11,Paris SG,Sochaux,1.0,0.0,,,,,,,,,,,
2001-08-11,Rennes,Monaco,3.0,0.0,,,,,,,,,,,
2001-08-11,Sedan,Guingamp,1.0,1.0,,,,,,,,,,,
2001-08-11,Troyes,Nantes,0.0,0.0,,,,,,,,,,,
2001-08-12,Bastia,Lyon,1.0,2.0,,,,,,,,,,,
2001-08-12,Lorient,Auxerre,0.0,1.0,,,,,,,,,,,
2001-08-18,Lille,Montpellier,2.0,1.0,,,,,,,,,,,
2001-08-18,Lyon,Guingamp,3.0,0.0,,,,,,,,,,,
2001-08-18,Marseille,Troyes,0.0,1.0,,,,,,,,,,,
2001-08-18,Metz,Lens,0.0,1.0,,,,,,,,,,,
2001-08-18,Monaco,Paris SG,2.0,2.0,,,,,,,,,,,
2001-08-18,Nantes,Bastia,1.0,2.0,,,,,,,,,,,
2001-08-18,Rennes,Bordeaux,1.0,0.0,,,,,,,,,,,
2001-08-18,Sochaux,Lorient,2.0,2.0,,,,,,,,,,,
2001-08-19,Auxerre,Sedan,2.0,1.0,,,,,,,,,,,
2001-08-25,Bastia,Marseille,1.0,0.0,,,,,,,,,,,
2001-08-25,Bordeaux,Auxerre,1.0,1.0,,,,,,,,,,,
2001-08-25,Guingamp,Nantes,1.0,0.0,,,,,,,,,,,
2001-08-25,Lorient,Monaco,2.0,0.0,,,,,,,,,,,
2001-08-25,Montpellier,Sochaux,0.0,0.0,,,,,,,,,,,
2001-08-25,Paris SG,Rennes,3.0,0.0,,,,,,,,,,,
2001-08-25,Sedan,Metz,2.0,0.0,,,,,,,,,,,
2001-08-25,Troyes,Lyon,0.0,2.0,,,,,,,,,,,
2001-08-26,Lens,Lille,1.0,1.0,,,,,,,,,,,
2001-09-08,Auxerre,Montpellier,1.0,0.0,,,,,,,,,,,
2001-09-08,Lille,Guingamp,1.0,0.0,,,,,,,,,,,
2001-09-08,Marseille,Lyon,0.0,0.0,,,,,,,,,,,
2001-09-08,Metz,Bastia,0.0,1.0,,,,,,,,,,,
2001-09-08,Monaco,Troyes,2.0,0.0,,,,,,,,,,,
2001-09-08,Nantes,Sedan,1.0,1.0,,,,,,,,,,,
2001-09-08,Paris SG,Lens,2.0,2.0,,,,,,,,,,,
2001-09-08,Rennes,Lorient,1.0,1.0,,,,,,,,,,,
2001-09-09,Sochaux,Bordeaux,2.0,0.0,,,,,,,,,,,
2001-09-15,Bastia,Auxerre,0.0,1.0,,,,,,,,,,,
2001-09-15,Guingamp,Metz,0.0,2.0,,,,,,,,,,,
2001-09-15,Lens,Sochaux,3.0,0.0,,,,,,,,,,,
2001-09-15,Lorient,Paris SG,1.0,1.0,,,,,,,,,,,
2001-09-15,Lyon,Nantes,4.0,1.0,,,,,,,,,,,
2001-09-15,Montpellier,Rennes,0.0,0.0,,,,,,,,,,,
2001-09-15,Troyes,Lille,0.0,1.0,,,,,,,,,,,
2001-09-16,Bordeaux,Monaco,0.0,0.0,,,,,,,,,,,
2001-09-16,Sedan,Marseille,1.0,1.0,,,,,,,,,,,
2001-09-21,Paris SG,Montpellier,0.0,0.0,,,,,,,,,,,
2001-09-22,Auxerre,Guingamp,2.0,2.0,,,,,,,,,,,
2001-09-22,Lille,Bastia,2.0,1.0,,,,,,,,,,,
2001-09-22,Marseille,Nantes,2.0,0.0,,,,,,,,,,,
2001-09-22,Metz,Lyon,2.0,0.0,,,,,,,,,,,
2001-09-22,Monaco,Lens,3.0,0.0,,,,,,,,,,,
2001-09-22,Rennes,Troyes,0.0,1.0,,,,,,,,,,,
2001-09-23,Lorient,Bordeaux,0.0,2.0,,,,,,,,,,,
2001-09-23,Sochaux,Sedan,3.0,0.0,,,,,,,,,,,
2001-09-29,Bastia,Monaco,1.0,0.0,,,,,,,,,,,
2001-09-29,Guingamp,Marseille,1.0,0.0,,,,,,,,,,,
2001-09-29,Lens,Auxerre,1.0,1.0,,,,,,,,,,,
2001-09-29,Lyon,Rennes,4.0,0.0,,,,,,,,,,,
2001-09-29,Montpellier,Lorient,1.0,3.0,,,,,,,,,,,
2001-09-29,Nantes,Metz,0.0,0.0,,,,,,,,,,,
2001-09-30,Bordeaux,Paris SG,1.0,0.0,,,,,,,,,,,
2001-09-30,Sedan,Lille,1.0,1.0,,,,,,,,,,,
2001-09-30,Troyes,Sochaux,2.0,2.0,,,,,,,,,,,
2001-10-13,Auxerre,Troyes,1.0,3.0,,,,,,,,,,,
2001-10-13,Lille,Nantes,1.0,0.0,,,,,,,,,,,
2001-10-13,Lorient,Lens,2.0,3.0,,,,,,,,,,,
2001-10-13,Metz,Marseille,0.0,2.0,,,,,,,,,,,
2001-10-13,Monaco,Sedan,2.0,0.0,,,,,,,,,,,
2001-10-13,Montpellier,Bordeaux,0.0,0.0,,,,,,,,,,,
2001-10-13,Rennes,Guingamp,2.0,1.0,,,,,,,,,,,
2001-10-13,Sochaux,Bastia,4.0,1.0,,,,,,,,,,,
2001-10-14,Paris SG,Lyon,2.0,2.0,,,,,,,,,,,
2001-10-20,Bastia,Rennes,1.0,2.0,1.85,3.1,4.0,,,,,,,,
2001-10-20,Guingamp,Monaco,2.0,1.0,2.3,3.0,2.9,,,,,,,,
2001-10-20,Lens,Montpellier,2.0,0.0,1.5,3.45,6.25,,,,,,,,
2001-10-20,Lyon,Sochaux,1.0,1.0,1.55,3.45,5.55,,,,,,,,
2001-10-20,Marseille,Lille,0.0,0.0,2.45,2.9,2.75,,,,,,,,
2001-10-20,Nantes,Auxerre,2.0,2.0,2.4,3.0,2.75,,,,,,,,
2001-10-21,Bordeaux,Metz,1.0,0.0,1.6,3.3,5.3,,,,,,,,
2001-10-21,Sedan,Paris SG,1.0,2.0,2.6,2.8,2.7,,,,,,,,
2001-10-21,Troyes,Lorient,4.0,2.0,1.85,3.2,3.8,,,,,,,,
2001-10-26,Auxerre,Marseille,2.0,0.0,1.77,3.15,4.25,,,,,,,,
2001-10-27,Bordeaux,Sedan,2.0,1.0,1.55,3.35,5.75,,,,,,,,
2001-10-27,Lille,Metz,2.0,0.0,1.5,3.5,6.1,,,,,,,,
2001-10-27,Lorient,Guingamp,6.0,2.0,2.05,3.0,3.4,,,,,,,,
2001-10-27,Monaco,Lyon,2.0,1.0,2.38,2.95,2.8,,,,,,,,
2001-10-27,Montpellier,Troyes,2.0,0.0,2.35,2.9,2.88,,,,,,,,
2001-10-27,Paris SG,Bastia,1.0,0.0,1.62,3.3,5.1,,,,,,,,
2001-10-27,Rennes,Lens,1.0,2.0,2.47,2.9,2.72,,,,,,,,
2001-10-27,Sochaux,Nantes,0.0,1.0,1.85,3.1,3.95,,,,,,,,
2001-11-03,Bastia,Lorient,3.0,1.0,1.85,3.15,3.9,,,,,,,,
2001-11-03,Guingamp,Sochaux,0.0,0.0,2.1,3.0,3.25,,,,,,,,
2001-11-03,Marseille,Rennes,2.0,1.0,1.87,3.1,3.85,,,,,,,,
2001-11-03,Nantes,Monaco,2.0,1.0,2.05,3.05,3.35,,,,,,,,
2001-11-03,Sedan,Montpellier,2.0,0.0,1.92,3.1,3.7,,,,,,,,
2001-11-04,Lens,Bordeaux,0.0,0.0,2.0,3.0,3.55,,,,,,,,
2001-11-04,Lyon,Lille,4.0,2.0,1.86,3.05,3.9,,,,,,,,
2001-11-04,Metz,Auxerre,2.0,0.0,2.65,2.9,2.55,,,,,,,,
2001-11-04,Troyes,Paris SG,1.0,0.0,2.5,2.9,2.7,,,,,,,,
2001-11-16,Monaco,Marseille,1.0,1.0,1.82,3.15,4.0,,,,,,,,
2001-11-17,Auxerre,Lille,2.0,1.0,2.2,3.1,2.95,,,,,,,,
2001-11-17,Bordeaux,Troyes,2.0,3.0,1.7,3.25,4.55,,,,,,,,
2001-11-17,Lens,Sedan,1.0,0.0,1.5,3.5,6.1,,,,,,,,
2001-11-17,Lorient,Lyon,0.0,3.0,2.8,3.0,2.35,,,,,,,,
2001-11-17,Montpellier,Bastia,2.0,1.0,2.15,3.0,3.15,,,,,,,,
2001-11-17,Paris SG,Guingamp,1.0,1.0,1.52,3.4,5.75,,,,,,,,
2001-11-17,Rennes,Nantes,2.0,0.0,2.35,3.1,2.7,,,,,,,,
2001-11-17,Sochaux,Metz,2.0,0.0,1.75,3.2,4.3,,,,,,,,
2001-11-24,Bastia,Bordeaux,1.0,2.0,2.42,2.95,2.75,,,,,,,,
2001-11-24,Guingamp,Montpellier,2.0,2.0,1.8,3.1,4.2,,,,,,,,
2001-11-24,Marseille,Sochaux,4.0,2.0,1.96,3.0,3.65,,,,,,,,
2001-11-24,Metz,Monaco,1.0,0.0,2.28,2.95,2.95,,,,,,,,
2001-11-24,Sedan,Lorient,5.0,0.0,1.95,3.1,3.55,,,,,,,,
2001-11-24,Troyes,Lens,1.0,1.0,2.35,3.0,2.8,,,,,,,,
2001-11-25,Lille,Rennes,1.0,0.0,1.52,3.45,5.9,,,,,,,,
2001-11-25,Lyon,Auxerre,3.0,0.0,1.78,3.1,4.3,,,,,,,,
2001-11-25,Nantes,Paris SG,1.0,2.0,2.32,2.9,2.95,,,,,,,,
2001-11-28,Bordeaux,Guingamp,2.0,0.0,1.58,3.35,5.45,,,,,,,,
2001-11-28,Lens,Bastia,7.0,0.0,1.5,3.45,6.25,,,,,,,,
2001-11-28,Lorient,Nantes,1.0,2.0,2.4,3.0,2.75,,,,,,,,
2001-11-28,Monaco,Lille,2.0,2.0,2.25,2.95,3.0,,,,,,,,
2001-11-28,Montpellier,Lyon,3.0,0.0,,,,,,,,,,,
2001-11-28,Rennes,Metz,0.0,0.0,1.72,3.15,4.6,,,,,,,,
2001-11-28,Sochaux,Auxerre,1.0,2.0,2.2,2.95,3.1,,,,,,,,
2001-11-28,Troyes,Sedan,1.0,1.0,1.62,3.3,5.1,,,,,,,,
2001-11-29,Paris SG,Marseille,0.0,0.0,1.75,3.1,4.5,,,,,,,,
2001-12-08,Auxerre,Monaco,2.0,0.0,1.72,3.25,4.4,,,,,,,,
2001-12-08,Bastia,Troyes,2.0,0.0,2.25,3.1,2.85,,,,,,,,
2001-12-08,Guingamp,Lens,1.0,0.0,2.75,2.9,2.45,,,,,,,,
2001-12-08,Marseille,Lorient,3.0,2.0,1.57,3.45,5.25,,,,,,,,
2001-12-08,Nantes,Montpellier,1.0,2.0,1.8,3.15,4.1,,,,,,,,
2001-12-08,Sedan,Rennes,0.0,0.0,1.95,3.1,3.55,,,,,,,,
2001-12-09,Lille,Sochaux,1.0,2.0,1.6,3.3,5.3,,,,,,,,
2001-12-09,Lyon,Bordeaux,1.0,0.0,1.85,3.1,3.95,,,,,,,,
2001-12-09,Metz,Paris SG,0.0,2.0,2.6,2.85,2.65,,,,,,,,
2001-12-18,Bordeaux,Marseille,0.0,0.0,1.75,3.2,4.3,,,,,,,,
2001-12-18,Lens,Nantes,3.0,0.0,1.6,3.4,5.1,,,,,,,,
2001-12-19,Bastia,Guingamp,3.0,0.0,1.85,3.2,3.8,,,,,,,,
2001-12-19,Lorient,Lille,2.0,4.0,2.9,3.0,2.3,,,,,,,,
2001-12-19,Paris SG,Auxerre,0.0,0.0,1.95,3.0,3.7,,,,,,,,
2001-12-19,Rennes,Sochaux,1.0,1.0,2.1,3.0,3.25,,,,,,,,
2001-12-19,Sedan,Lyon,2.0,1.0,2.8,3.1,2.3,,,,,,,,
2001-12-21,Marseille,Lens,1.0,2.0,2.35,3.0,2.8,,,,,,,,
2001-12-22,Guingamp,Sedan,1.0,2.0,1.9,3.1,3.75,,,,,,,,
2001-12-22,Monaco,Rennes,3.0,1.0,1.75,3.15,4.4,,,,,,,,
2001-12-22,Nantes,Troyes,1.0,0.0,2.15,3.0,3.15,,,,,,,,
2001-12-22,Sochaux,Paris SG,0.0,2.0,2.45,2.9,2.75,,,,,,,,
2002-01-05,Bastia,Nantes,0.0,2.0,2.0,3.1,3.4,,,,,,,,
2002-01-05,Bordeaux,Rennes,2.0,1.0,1.55,3.45,5.5,,,,,,,,
2002-01-05,Guingamp,Lyon,2.0,4.0,2.68,3.0,2.45,,,,,,,,
2002-01-05,Lorient,Sochaux,1.0,1.0,2.62,2.9,2.57,,,,,,,,
2002-01-05,Montpellier,Lille,2.0,0.0,2.42,2.9,2.7,,,,,,,,
2002-01-05,Paris SG,Monaco,1.0,2.0,1.67,3.25,4.8,,,,,,,,
2002-01-11,Lille,Lens,0.0,1.0,2.27,3.1,2.83,,,,,,,,
2002-01-12,Marseille,Bastia,2.0,2.0,1.7,3.2,4.65,,,,,,,,
2002-01-12,Monaco,Lorient,1.0,0.0,1.45,3.7,6.35,,,,,,,,
2002-01-12,Nantes,Guingamp,2.0,0.0,1.7,3.3,4.5,,,,,,,,
2002-01-12,Rennes,Paris SG,1.0,2.0,2.7,2.9,2.5,,,,,,,,
2002-01-12,Sochaux,Montpellier,0.0,1.0,2.0,3.0,3.55,,,,,,,,
2002-01-16,Auxerre,Lorient,2.0,2.0,1.4,3.75,7.5,,,,,,,,
2002-01-16,Lille,Bordeaux,2.0,2.0,2.2,3.0,3.05,,,,,,,,
2002-01-16,Lyon,Bastia,0.0,0.0,1.4,3.75,7.5,,,,,,,,
2002-01-16,Montpellier,Monaco,1.0,1.0,2.15,3.0,3.15,,,,,,,,
2002-01-16,Troyes,Metz,2.0,0.0,1.7,3.25,4.55,,,,,,,,
2002-01-23,Bastia,Metz,1.0,2.0,1.7,3.25,4.52,,,,,,,,
2002-01-23,Bordeaux,Sochaux,0.0,1.0,1.6,3.2,5.55,,,,,,,,
2002-01-23,Guingamp,Lille,0.0,0.0,2.5,2.95,2.65,,,,,,,,
2002-01-23,Lorient,Rennes,2.0,0.0,2.1,3.0,3.25,,,,,,,,
2002-01-23,Lyon,Marseille,4.0,0.0,1.6,3.25,5.4,,,,,,,,
2002-01-23,Montpellier,Auxerre,0.0,0.0,2.05,3.0,3.38,,,,,,,,
2002-01-23,Sedan,Nantes,0.0,0.0,2.1,3.0,3.25,,,,,,,,
2002-01-23,Troyes,Monaco,3.0,0.0,2.18,3.05,3.02,,,,,,,,
2002-01-24,Lens,Paris SG,1.0,1.0,1.98,3.0,3.6,,,,,,,,
2002-01-26,Troyes,Marseille,1.0,0.0,2.0,3.1,3.4,,,,,,,,
2002-01-29,Nantes,Lyon,3.0,0.0,2.5,3.0,2.65,,,,,,,,
2002-01-30,Auxerre,Bastia,1.0,0.0,1.55,3.35,5.8,,,,,,,,
2002-01-30,Marseille,Sedan,2.0,1.0,1.73,3.2,4.5,,,,,,,,
2002-01-30,Metz,Guingamp,2.0,4.0,1.8,3.2,4.1,,,,,,,,
2002-01-30,Monaco,Bordeaux,3.0,1.0,1.97,3.1,3.5,,,,,,,,
2002-01-30,Paris SG,Lorient,5.0,0.0,1.45,3.6,6.75,,,,,,,,
2002-01-30,Rennes,Montpellier,2.0,0.0,2.27,3.1,2.83,,,,,,,,
2002-01-30,Sochaux,Lens,0.0,2.0,2.65,3.1,2.4,,,,,,,,
2002-02-02,Bastia,Lille,1.0,0.0,2.45,2.9,2.75,,,,,,,,
2002-02-02,Bordeaux,Lorient,2.0,1.0,1.45,3.55,6.85,,,,,,,,
2002-02-02,Guingamp,Auxerre,0.0,0.0,2.65,2.95,2.5,,,,,,,,
2002-02-02,Lens,Monaco,1.0,0.0,1.65,3.35,4.7,,,,,,,,
2002-02-02,Lyon,Metz,4.0,1.0,1.42,3.85,6.55,,,,,,,,
2002-02-02,Montpellier,Paris SG,0.0,0.0,2.5,2.9,2.7,,,,,,,,
2002-02-02,Sedan,Sochaux,2.0,1.0,2.02,3.05,3.4,,,,,,,,
2002-02-02,Troyes,Rennes,1.0,1.0,1.6,3.45,4.95,,,,,,,,
2002-02-03,Nantes,Marseille,3.0,1.0,1.85,3.2,3.8,,,,,,,,
2002-02-06,Auxerre,Lens,1.0,0.0,2.28,3.15,2.78,,,,,,,,
2002-02-06,Lille,Sedan,1.0,1.0,1.71,3.3,4.38,,,,,,,,
2002-02-06,Lorient,Montpellier,1.0,0.0,2.35,3.05,2.75,,,,,,,,
2002-02-06,Marseille,Guingamp,2.0,1.0,1.62,3.35,4.98,,,,,,,,
2002-02-06,Metz,Nantes,2.0,0.0,2.55,3.1,2.5,,,,,,,,
2002-02-06,Monaco,Bastia,1.0,1.0,1.58,3.4,5.25,,,,,,,,
2002-02-06,Rennes,Lyon,2.0,2.0,2.75,3.1,2.32,,,,,,,,
2002-02-06,Sochaux,Troyes,2.0,2.0,2.2,3.1,2.95,,,,,,,,
2002-02-07,Paris SG,Bordeaux,1.0,0.0,1.82,3.05,4.15,,,,,,,,
2002-02-09,Lyon,Troyes,3.0,1.0,1.55,3.45,5.5,,,,,,,,
2002-02-09,Metz,Montpellier,0.0,0.0,2.32,3.05,2.8,,,,,,,,
2002-02-16,Bastia,Sochaux,3.0,0.0,2.0,3.0,3.55,,,,,,,,
2002-02-16,Bordeaux,Montpellier,3.0,1.0,1.67,3.25,4.75,,,,,,,,
2002-02-16,Guingamp,Rennes,1.0,1.0,2.05,3.0,3.4,,,,,,,,
2002-02-16,Lens,Lorient,1.0,1.0,1.33,4.2,8.0,,,,,,,,
2002-02-16,Nantes,Lille,0.0,1.0,1.9,3.1,3.65,,,,,,,,
2002-02-16,Sedan,Monaco,0.0,0.0,2.15,2.95,3.2,,,,,,,,
2002-02-16,Troyes,Auxerre,1.0,2.0,2.26,2.9,3.05,,,,,,,,
2002-02-17,Lyon,Paris SG,3.0,0.0,1.92,3.0,3.85,,,,,,,,
2002-02-17,Marseille,Metz,1.0,0.0,1.65,3.25,5.0,,,,,,,,
2002-02-23,Auxerre,Nantes,2.0,1.0,1.72,3.3,4.3,,,,,,,,
2002-02-23,Lorient,Troyes,1.0,0.0,2.3,3.1,2.85,,,,,,,,
2002-02-23,Metz,Bordeaux,1.0,2.0,2.5,3.0,2.6,,,,,,,,
2002-02-23,Monaco,Guingamp,3.0,1.0,1.6,3.3,5.3,,,,,,,,
2002-02-23,Montpellier,Lens,1.0,2.0,2.68,2.9,2.5,,,,,,,,
2002-02-23,Paris SG,Sedan,3.0,0.0,1.5,3.45,6.2,,,,,,,,
2002-02-23,Rennes,Bastia,2.0,1.0,2.05,3.0,3.4,,,,,,,,
2002-02-24,Lille,Marseille,2.0,0.0,1.82,3.1,4.08,,,,,,,,
2002-02-24,Sochaux,Lyon,2.0,1.0,2.9,3.1,2.2,,,,,,,,
2002-03-02,Lens,Metz,2.0,2.0,1.38,4.0,7.1,,,,,,,,
2002-03-03,Lille,Troyes,1.0,0.0,1.8,3.1,4.2,,,,,,,,
2002-03-06,Bastia,Paris SG,0.0,1.0,2.7,2.9,2.5,,,,,,,,
2002-03-06,Guingamp,Lorient,4.0,3.0,2.1,3.0,3.25,,,,,,,,
2002-03-06,Lens,Rennes,2.0,0.0,1.45,3.6,6.75,,,,,,,,
2002-03-06,Lyon,Monaco,1.0,0.0,1.6,3.3,5.3,,,,,,,,
2002-03-06,Metz,Lille,0.0,1.0,2.5,2.9,2.7,,,,,,,,
2002-03-06,Nantes,Sochaux,0.0,0.0,1.7,3.3,4.5,,,,,,,,
2002-03-06,Sedan,Bordeaux,1.0,0.0,2.4,2.9,2.82,,,,,,,,
2002-03-06,Troyes,Montpellier,2.0,0.0,1.8,3.2,4.1,,,,,,,,
2002-03-10,Auxerre,Bordeaux,0.0,1.0,1.9,3.1,3.75,,,,,,,,
2002-03-16,Auxerre,Metz,3.0,2.0,1.45,3.7,6.4,,,,,,,,
2002-03-16,Lille,Lyon,2.0,0.0,2.25,3.0,3.0,,,,,,,,
2002-03-16,Lorient,Bastia,0.0,0.0,1.95,3.15,3.5,,,,,,,,
2002-03-16,Monaco,Nantes,1.0,2.0,1.9,3.2,3.6,,,,,,,,
2002-03-16,Montpellier,Sedan,0.0,0.0,2.05,3.0,3.4,,,,,,,,
2002-03-16,Paris SG,Troyes,3.0,1.0,1.53,3.5,5.6,,,,,,,,
2002-03-16,Rennes,Marseille,2.0,1.0,2.15,3.0,3.15,,,,,,,,
2002-03-16,Sochaux,Guingamp,1.0,0.0,1.75,3.25,4.2,,,,,,,,
2002-03-17,Bordeaux,Lens,2.0,1.0,2.4,3.0,2.7,,,,,,,,
2002-03-23,Bastia,Montpellier,3.0,0.0,1.86,3.0,4.0,,,,,,,,
2002-03-23,Guingamp,Paris SG,0.0,1.0,2.85,2.95,2.35,,,,,,,,
2002-03-23,Lille,Auxerre,2.0,3.0,1.98,3.0,3.6,,,,,,,,
2002-03-23,Lyon,Lorient,2.0,0.0,1.36,4.0,7.55,,,,,,,,
2002-03-23,Metz,Sochaux,2.0,0.0,2.2,3.15,2.9,,,,,,,,
2002-03-23,Nantes,Rennes,3.0,1.0,1.75,3.0,4.7,,,,,,,,
2002-03-23,Sedan,Lens,1.0,1.0,2.63,2.85,2.56,,,,,,,,
2002-03-23,Troyes,Bordeaux,2.0,0.0,2.4,2.9,2.8,,,,,,,,
2002-03-24,Marseille,Monaco,1.0,1.0,1.95,2.9,3.85,,,,,,,,
2002-04-01,Marseille,Auxerre,3.0,0.0,2.5,2.9,2.7,,,,,,,,
2002-04-06,Bordeaux,Bastia,2.0,1.0,1.55,3.35,5.75,,,,,,,,
2002-04-06,Lens,Troyes,0.0,0.0,1.4,3.75,7.0,,,,,,,,
2002-04-06,Lorient,Sedan,1.0,1.0,2.0,3.15,3.35,,,,,,,,
2002-04-06,Monaco,Metz,2.0,2.0,1.65,3.3,4.7,,,,,,,,
2002-04-06,Montpellier,Guingamp,2.0,1.0,1.8,3.0,4.4,,,,,,,,
2002-04-06,Paris SG,Nantes,1.0,1.0,1.56,3.4,5.5,,,,,,,,
2002-04-06,Rennes,Lille,4.0,0.0,2.5,3.0,2.62,,,,,,,,
2002-04-06,Sochaux,Marseille,3.0,0.0,2.0,2.9,3.7,,,,,,,,
2002-04-07,Auxerre,Lyon,0.0,1.0,2.2,2.95,3.1,,,,,,,,
2002-04-09,Metz,Sedan,2.0,3.0,1.8,3.15,4.0,,,,,,,,
2002-04-12,Marseille,Paris SG,1.0,0.0,2.62,3.1,2.47,,,,,,,,
2002-04-13,Auxerre,Sochaux,2.0,0.0,1.47,3.7,6.0,,,,,,,,
2002-04-13,Bastia,Lens,3.0,1.0,2.87,3.2,2.2,,,,,,,,
2002-04-13,Guingamp,Bordeaux,2.0,1.0,2.37,3.2,2.62,,,,,,,,
2002-04-13,Lille,Monaco,1.0,1.0,1.6,3.45,5.0,,,,,,,,
2002-04-13,Lyon,Montpellier,0.0,0.0,1.29,4.5,8.4,,,,,,,,
2002-04-13,Metz,Rennes,3.0,1.0,1.8,3.2,4.0,,,,,,,,
2002-04-13,Nantes,Lorient,2.0,0.0,1.75,3.3,4.1,,,,,,,,
2002-04-13,Sedan,Troyes,0.0,0.0,1.8,3.2,4.0,,,,,,,,
2002-04-21,Sedan,Auxerre,3.0,3.0,2.85,3.05,2.2,,,,,,,,
2002-04-27,Bordeaux,Lyon,0.0,1.0,3.0,3.05,2.2,,,,,,,,
2002-04-27,Lens,Guingamp,4.0,1.0,1.33,4.4,7.3,,,,,,,,
2002-04-27,Lorient,Marseille,2.0,2.0,1.77,3.5,3.75,,,,,,,,
2002-04-27,Monaco,Auxerre,1.0,1.0,2.75,3.15,2.3,,,,,,,,
2002-04-27,Montpellier,Nantes,3.0,0.0,2.25,2.8,3.2,,,,,,,,
2002-04-27,Paris SG,Metz,2.0,0.0,1.42,4.0,6.25,,,,,,,,
2002-04-27,Rennes,Sedan,1.0,0.0,1.55,3.7,5.0,,,,,,,,
2002-04-27,Sochaux,Lille,0.0,0.0,2.6,3.1,2.45,,,,,,,,
2002-04-27,Troyes,Bastia,3.0,0.0,1.65,3.2,5.0,,,,,,,,
2002-05-04,Auxerre,Rennes,2.0,3.0,1.24,4.75,8.9,,,,,,,,
2002-05-04,Guingamp,Troyes,1.0,0.0,,,,,,,,,,,
2002-05-04,Lille,Paris SG,1.0,0.0,2.7,3.3,2.25,,,,,,,,
2002-05-04,Lyon,Lens,3.0,1.0,1.9,3.1,3.8,,,,,,,,
2002-05-04,Marseille,Montpellier,1.0,0.0,1.8,3.2,4.0,,,,,,,,
2002-05-04,Metz,Lorient,1.0,1.0,1.7,3.5,4.1,,,,,,,,
2002-05-04,Nantes,Bordeaux,2.0,1.0,2.0,3.1,3.45,,,,,,,,
2002-05-04,Sedan,Bastia,0.0,2.0,1.67,3.15,4.8,,,,,,,,
2002-05-04,Sochaux,Monaco,3.0,0.0,1.9,2.95,3.95,,,,,,,,
2002-08-02,Guingamp,Lyon,3.0,3.0,3.2,3.0,2.1,,,,,,,,
2002-08-03,Bastia,Lens,1.0,1.0,2.5,2.88,2.63,,,,,,,,
2002-08-03,Lille,Bordeaux,0.0,3.0,2.1,3.0,3.2,,,,,,,,
2002-08-03,Marseille,Nantes,0.0,2.0,2.25,3.0,2.88,,,,,,,,
2002-08-03,Montpellier,Rennes,1.0,0.0,1.83,3.0,4.0,,,,,,,,
2002-08-03,Nice,Le Havre,1.0,2.0,1.91,3.0,3.75,,,,,,,,
2002-08-03,Paris SG,Auxerre,1.0,0.0,1.83,3.0,4.0,,,,,,,,
2002-08-03,Sedan,Sochaux,0.0,0.0,2.0,3.0,3.4,,,,,,,,
2002-08-03,Strasbourg,Ajaccio,1.0,1.0,1.83,3.0,4.0,,,,,,,,
2002-08-03,Troyes,Monaco,0.0,4.0,2.1,3.0,3.2,,,,,,,,
2002-08-08,Auxerre,Montpellier,2.0,0.0,1.67,3.4,4.33,,,,,,,,
2002-08-09,Bordeaux,Paris SG,0.0,0.0,2.2,3.0,3.0,,,,,,,,
2002-08-10,Ajaccio,Guingamp,0.0,2.0,2.1,3.0,3.2,,,,,,,,
2002-08-10,Le Havre,Lille,0.0,0.0,2.25,2.88,3.0,,,,,,,,
2002-08-10,Lens,Sochaux,1.0,1.0,1.57,3.25,5.5,,,,,,,,
2002-08-10,Lyon,Sedan,6.0,1.0,1.36,3.75,8.0,,,,,,,,
2002-08-10,Monaco,Marseille,0.0,1.0,2.0,3.0,3.4,,,,,,,,
2002-08-10,Nantes,Bastia,1.0,0.0,1.62,3.25,5.0,,,,,,,,
2002-08-10,Nice,Strasbourg,4.0,0.0,2.1,3.0,3.2,,,,,,,,
2002-08-10,Rennes,Troyes,0.0,0.0,2.0,3.0,3.4,,,,,,,,
2002-08-16,Marseille,Lyon,1.0,1.0,2.4,3.0,2.7,,,,,,,,
2002-08-17,Bastia,Monaco,1.0,0.0,2.25,3.0,2.88,,,,,,,,
2002-08-17,Guingamp,Rennes,3.0,0.0,1.91,3.0,3.75,,,,,,,,
2002-08-17,Lille,Nice,0.0,3.0,1.67,3.25,4.5,,,,,,,,
2002-08-17,Montpellier,Bordeaux,0.0,1.0,2.5,2.88,2.63,,,,,,,,
2002-08-17,Paris SG,Ajaccio,2.0,2.0,1.36,3.75,8.0,,,,,,,,
2002-08-17,Sedan,Lens,0.0,1.0,2.7,3.0,2.4,,,,,,,,
2002-08-17,Sochaux,Nantes,4.0,2.0,2.38,3.0,2.75,,,,,,,,
2002-08-17,Strasbourg,Le Havre,1.0,1.0,2.0,2.88,3.6,,,,,,,,
2002-08-17,Troyes,Auxerre,1.0,2.0,2.38,2.88,2.8,,,,,,,,
2002-08-23,Lille,Troyes,0.0,0.0,1.8,3.1,4.0,,,,,,,,
2002-08-24,Ajaccio,Sedan,1.0,0.0,2.1,3.0,3.2,,,,,,,,
2002-08-24,Auxerre,Guingamp,2.0,1.0,1.73,3.2,4.33,,,,,,,,
2002-08-24,Bordeaux,Strasbourg,1.0,2.0,1.4,3.6,7.5,,,,,,,,
2002-08-24,Lyon,Bastia,4.0,1.0,1.4,3.6,7.5,,,,,,,,
2002-08-24,Monaco,Sochaux,1.0,0.0,1.8,3.1,4.0,,,,,,,,
2002-08-24,Nantes,Lens,2.0,2.0,2.2,3.0,3.0,,,,,,,,
2002-08-24,Nice,Montpellier,2.0,1.0,1.83,3.2,3.75,,,,,,,,
2002-08-24,Rennes,Marseille,1.0,3.0,2.4,3.0,2.7,,,,,,,,
2002-08-25,Le Havre,Paris SG,0.0,1.0,2.7,3.0,2.4,,,,,,,,
2002-08-31,Bastia,Rennes,3.0,1.0,1.73,3.2,4.33,,,,,,,,
2002-08-31,Guingamp,Bordeaux,0.0,0.0,2.5,2.88,2.63,,,,,,,,
2002-08-31,Lens,Monaco,1.0,0.0,1.73,3.2,4.33,,,,,,,,
2002-08-31,Montpellier,Le Havre,0.0,0.0,2.0,3.0,3.4,,,,,,,,
2002-08-31,Paris SG,Nice,1.0,1.0,1.53,3.25,6.0,,,,,,,,
2002-08-31,Sedan,Nantes,1.0,0.0,2.63,3.1,2.38,,,,,,,,
2002-08-31,Sochaux,Lyon,2.0,1.0,2.88,3.0,2.25,,,,,,,,
2002-08-31,Strasbourg,Lille,2.0,2.0,2.2,3.0,3.0,,,,,,,,
2002-08-31,Troyes,Ajaccio,1.0,0.0,1.73,3.2,4.33,,,,,,,,
2002-09-01,Marseille,Auxerre,0.0,0.0,2.2,3.0,3.0,,,,,,,,
2002-09-10,Lyon,Lens,1.0,0.0,1.5,3.4,6.0,,,,,,,,
2002-09-11,Ajaccio,Montpellier,0.0,0.0,2.0,3.0,3.4,,,,,,,,
2002-09-11,Auxerre,Bastia,1.0,0.0,1.53,3.4,5.5,,,,,,,,
2002-09-11,Bordeaux,Troyes,1.0,0.0,1.57,3.25,5.5,,,,,,,,
2002-09-11,Le Havre,Guingamp,1.0,2.0,2.0,3.0,3.4,,,,,,,,
2002-09-11,Lille,Paris SG,2.0,1.0,2.5,2.88,2.63,,,,,,,,
2002-09-11,Monaco,Nantes,2.0,1.0,1.91,3.0,3.75,,,,,,,,
2002-09-11,Nice,Marseille,2.0,0.0,2.38,2.88,2.8,,,,,,,,
2002-09-11,Rennes,Sochaux,2.0,2.0,2.38,3.0,2.7,,,,,,,,
2002-09-11,Strasbourg,Sedan,1.0,1.0,1.91,3.0,3.75,,,,,,,,
2002-09-14,Guingamp,Nice,0.0,0.0,2.1,3.0,3.2,,,,,,,,
2002-09-14,Lens,Rennes,1.0,0.0,1.4,3.6,7.5,,,,,,,,
2002-09-14,Marseille,Bordeaux,2.0,1.0,2.3,2.88,2.9,,,,,,,,
2002-09-14,Montpellier,Lille,1.0,0.0,2.2,3.0,3.0,,,,,,,,
2002-09-14,Nantes,Lyon,1.0,0.0,2.4,2.9,2.75,,,,,,,,
2002-09-14,Paris SG,Strasbourg,3.0,0.0,1.44,3.6,6.5,,,,,,,,
2002-09-14,Sedan,Monaco,2.0,2.0,2.38,3.0,2.7,,,,,,,,
2002-09-14,Sochaux,Auxerre,1.0,1.0,2.3,3.0,2.8,,,,,,,,
2002-09-14,Troyes,Le Havre,1.0,1.0,1.8,3.1,4.0,,,,,,,,
2002-09-15,Bastia,Ajaccio,1.0,2.0,1.8,3.0,4.33,,,,,,,,
2002-09-21,Ajaccio,Sochaux,0.0,1.0,2.25,2.88,3.0,,,,,,,,
2002-09-21,Bordeaux,Lens,1.0,0.0,1.83,3.0,4.0,,,,,,,,
2002-09-21,Le Havre,Marseille,1.0,3.0,2.4,3.0,2.7,,,,,,,,
2002-09-21,Lille,Guingamp,2.0,1.0,2.2,2.8,3.2,,,,,,,,
2002-09-21,Lyon,Monaco,1.0,3.0,1.73,2.88,5.0,,,,,,,,
2002-09-21,Nice,Troyes,1.0,0.0,1.73,3.2,4.33,,,,,,,,
2002-09-21,Rennes,Nantes,1.0,0.0,2.63,2.88,2.5,,,,,,,,
2002-09-21,Strasbourg,Montpellier,3.0,2.0,2.0,3.0,3.4,,,,,,,,
2002-09-22,Paris SG,Bastia,1.0,1.0,1.44,3.6,6.5,,,,,,,,
2002-09-27,Marseille,Ajaccio,3.0,1.0,1.5,3.4,6.0,,,,,,,,
2002-09-28,Bastia,Bordeaux,2.0,1.0,2.5,3.1,2.5,,,,,,,,
2002-09-28,Guingamp,Strasbourg,2.0,3.0,1.83,3.2,3.75,,,,,,,,
2002-09-28,Lens,Lille,0.0,0.0,1.8,3.1,4.0,,,,,,,,
2002-09-28,Monaco,Rennes,2.0,1.0,1.5,3.4,6.0,,,,,,,,
2002-09-28,Montpellier,Paris SG,1.0,1.0,2.5,3.1,2.5,,,,,,,,
2002-09-28,Nantes,Auxerre,1.0,4.0,,,,,,,,,,,
2002-09-28,Sedan,Le Havre,4.0,0.0,2.0,2.88,3.6,,,,,,,,
2002-09-28,Sochaux,Nice,1.0,0.0,1.91,3.0,3.75,,,,,,,,
2002-09-28,Troyes,Lyon,1.0,1.0,2.8,2.88,2.38,,,,,,,,
2002-10-05,Ajaccio,Nantes,1.0,0.0,2.25,2.88,3.0,,,,,,,,
2002-10-05,Le Havre,Sochaux,1.0,0.0,2.5,2.88,2.63,,,,,,,,
2002-10-05,Lille,Marseille,3.0,0.0,2.3,3.0,2.8,,,,,,,,
2002-10-05,Montpellier,Lens,0.0,2.0,2.38,2.88,2.8,,,,,,,,
2002-10-05,Nice,Bastia,2.0,0.0,1.73,3.2,4.33,,,,,,,,
2002-10-05,Rennes,Lyon,0.0,1.0,2.8,3.0,2.3,,,,,,,,
2002-10-05,Strasbourg,Troyes,2.0,1.0,1.8,3.1,4.0,,,,,,,,
2002-10-06,Auxerre,Monaco,1.0,1.0,1.8,3.1,4.0,,,,,,,,
2002-10-06,Bordeaux,Sedan,2.0,2.0,1.5,3.4,6.0,,,,,,,,
2002-10-06,Paris SG,Guingamp,5.0,0.0,1.67,3.1,5.0,,,,,,,,
2002-10-19,Bastia,Le Havre,3.0,1.0,1.83,3.0,4.0,,,,,,,,
2002-10-19,Guingamp,Montpellier,3.0,1.0,1.91,3.0,3.75,,,,,,,,
2002-10-19,Lens,Ajaccio,1.0,1.0,1.57,3.25,5.5,,,,,,,,
2002-10-19,Lyon,Auxerre,3.0,0.0,1.91,3.0,3.75,,,,,,,,
2002-10-19,Monaco,Lille,1.0,1.0,1.8,3.1,4.0,,,,,,,,
2002-10-19,Nantes,Nice,0.0,0.0,2.25,3.0,2.88,,,,,,,,
2002-10-19,Sedan,Rennes,1.0,3.0,1.73,3.1,4.5,,,,,,,,
2002-10-19,Sochaux,Bordeaux,2.0,0.0,2.25,3.0,2.88,,,,,,,,
2002-10-19,Troyes,Paris SG,1.0,2.0,2.7,3.0,2.38,,,,,,,,
2002-10-20,Marseille,Strasbourg,1.0,0.0,1.73,3.1,4.5,,,,,,,,
2002-10-25,Bordeaux,Monaco,2.0,2.0,2.1,3.0,3.2,,,,,,,,
2002-10-26,Ajaccio,Lyon,0.0,1.0,2.8,3.0,2.3,,,,,,,,
2002-10-26,Auxerre,Rennes,1.0,0.0,1.44,3.6,6.5,,,,,,,,
2002-10-26,Guingamp,Sedan,0.0,1.0,1.91,3.0,3.75,,,,,,,,
2002-10-26,Le Havre,Nantes,1.0,1.0,2.25,2.88,3.0,,,,,,,,
2002-10-26,Lille,Sochaux,1.0,0.0,2.0,2.88,3.6,,,,,,,,
2002-10-26,Montpellier,Troyes,2.0,2.0,1.91,3.0,3.75,,,,,,,,
2002-10-26,Nice,Lens,0.0,0.0,1.91,3.0,3.75,,,,,,,,
2002-10-26,Paris SG,Marseille,3.0,0.0,1.83,3.0,4.0,,,,,,,,
2002-10-26,Strasbourg,Bastia,2.0,0.0,1.91,3.0,3.75,,,,,,,,
2002-11-02,Bastia,Lille,1.0,0.0,2.2,3.0,3.0,,,,,,,,
2002-11-02,Lens,Auxerre,3.0,1.0,2.25,3.0,2.9,,,,,,,,
2002-11-02,Lyon,Nice,2.0,2.0,1.67,3.1,5.0,,,,,,,,
2002-11-02,Marseille,Montpellier,2.0,0.0,1.53,3.25,6.0,,,,,,,,
2002-11-02,Monaco,Le Havre,1.0,1.0,1.53,3.25,6.0,,,,,,,,
2002-11-02,Rennes,Ajaccio,0.0,0.0,1.91,3.0,3.75,,,,,,,,
2002-11-02,Sochaux,Strasbourg,2.0,0.0,1.83,3.0,4.0,,,,,,,,
2002-11-02,Troyes,Guingamp,0.0,2.0,2.1,3.0,3.2,,,,,,,,
2003-01-15,Guingamp,Auxerre,0.0,2.0,2.25,2.88,3.0,,,,,,,,
2003-01-15,Montpellier,Nice,2.0,2.0,2.63,2.88,2.5,,,,,,,,
2003-01-15,Paris SG,Le Havre,1.0,0.0,1.57,3.25,5.5,,,,,,,,
2003-01-15,Sedan,Ajaccio,1.0,1.0,1.8,3.1,4.0,,,,,,,,
2003-01-15,Sochaux,Monaco,0.0,0.0,2.0,3.0,3.4,,,,,,,,
2003-01-18,Le Havre,Strasbourg,1.0,1.0,2.25,3.0,2.88,,,,,,,,
2003-01-18,Lens,Sedan,4.0,0.0,1.73,3.2,4.33,,,,,,,,
2003-01-18,Montpellier,Auxerre,0.0,0.0,2.7,3.0,2.4,,,,,,,,
2003-01-21,Auxerre,Marseille,0.0,0.0,1.8,3.0,4.33,,,,,,,,
2003-01-22,Ajaccio,Troyes,1.0,0.0,1.9,3.0,3.75,,,,,,,,
2003-01-22,Bordeaux,Guingamp,4.0,2.0,1.83,3.0,4.0,,,,,,,,
2003-01-22,Le Havre,Montpellier,1.0,0.0,1.9,3.0,3.75,,,,,,,,
2003-01-22,Lille,Strasbourg,0.0,1.0,1.8,3.1,4.0,,,,,,,,
2003-01-22,Lyon,Sochaux,4.0,1.0,1.61,3.25,5.0,,,,,,,,
2003-01-22,Monaco,Lens,1.0,1.0,1.8,3.0,4.5,,,,,,,,
2003-01-22,Nantes,Sedan,4.0,1.0,1.66,3.1,5.0,,,,,,,,
2003-01-22,Nice,Paris SG,0.0,0.0,2.1,3.0,3.2,,,,,,,,
2003-01-22,Rennes,Bastia,0.0,1.0,1.72,3.2,4.33,,,,,,,,
2003-01-28,Marseille,Nice,2.0,0.0,1.83,3.0,4.0,,,,,,,,
2003-01-29,Bastia,Auxerre,2.0,0.0,2.38,2.88,2.8,,,,,,,,
2003-01-29,Guingamp,Le Havre,1.0,2.0,1.73,3.1,4.5,,,,,,,,
2003-01-29,Lens,Lyon,2.0,2.0,2.4,2.88,2.8,,,,,,,,
2003-01-29,Montpellier,Ajaccio,0.0,1.0,2.0,3.0,3.4,,,,,,,,
2003-01-29,Nantes,Monaco,0.0,2.0,2.1,3.0,3.2,,,,,,,,
2003-01-29,Paris SG,Lille,1.0,0.0,1.73,3.1,4.5,,,,,,,,
2003-01-29,Sedan,Strasbourg,2.0,1.0,2.2,3.0,3.0,,,,,,,,
2003-01-29,Sochaux,Rennes,1.0,0.0,1.73,3.1,4.5,,,,,,,,
2003-01-29,Troyes,Bordeaux,0.0,1.0,2.63,2.88,2.5,,,,,,,,
2003-02-01,Ajaccio,Bastia,1.0,1.0,2.25,2.87,3.0,,,,,,,,
2003-02-01,Auxerre,Sochaux,2.0,0.0,1.72,2.87,5.0,,,,,,,,
2003-02-01,Le Havre,Troyes,1.0,0.0,1.8,3.0,4.33,,,,,,,,
2003-02-01,Lyon,Nantes,0.0,0.0,1.66,3.25,4.5,,,,,,,,
2003-02-01,Monaco,Sedan,3.0,0.0,1.66,2.87,5.5,,,,,,,,
2003-02-01,Nice,Guingamp,1.0,0.0,1.72,3.2,4.33,,,,,,,,
2003-02-01,Rennes,Lens,1.0,1.0,2.25,3.0,2.87,,,,,,,,
2003-02-01,Strasbourg,Paris SG,0.0,1.0,2.5,2.87,2.62,,,,,,,,
2003-02-02,Bordeaux,Marseille,3.0,1.0,2.2,3.0,3.0,,,,,,,,
2003-02-04,Monaco,Lyon,2.0,0.0,2.1,3.0,3.2,,,,,,,,
2003-02-05,Bastia,Paris SG,1.0,0.0,2.38,3.0,2.7,,,,,,,,
2003-02-05,Lens,Bordeaux,3.0,3.0,2.25,2.9,3.0,,,,,,,,
2003-02-05,Marseille,Le Havre,2.0,0.0,1.5,3.4,6.0,,,,,,,,
2003-02-05,Montpellier,Strasbourg,2.0,1.0,2.4,3.0,2.7,,,,,,,,
2003-02-05,Nantes,Rennes,1.0,0.0,1.73,3.2,4.33,,,,,,,,
2003-02-05,Sedan,Auxerre,1.0,2.0,2.63,2.88,2.5,,,,,,,,
2003-02-05,Troyes,Nice,1.0,0.0,2.7,3.0,2.38,,,,,,,,
2003-02-08,Ajaccio,Marseille,0.0,2.0,2.75,2.8,2.5,,,,,,,,
2003-02-08,Bordeaux,Bastia,0.0,2.0,1.67,3.25,4.5,,,,,,,,
2003-02-08,Le Havre,Sedan,2.0,1.0,1.91,3.0,3.75,,,,,,,,
2003-03-22,Le Havre,Monaco,0.0,3.0,2.8,2.88,2.38,,,,,,,,
2003-03-22,Lille,Bastia,1.0,1.0,2.1,3.0,3.2,,,,,,,,
2003-03-22,Montpellier,Marseille,1.0,2.0,2.75,2.88,2.4,,,,,,,,
2003-03-22,Paris SG,Sedan,2.0,0.0,1.5,3.6,5.5,,,,,,,,
2003-03-22,Strasbourg,Sochaux,1.0,3.0,2.1,3.0,3.2,,,,,,,,
2003-03-23,Nice,Lyon,0.0,1.0,2.5,2.88,2.63,,,,,,,,
2003-04-05,Auxerre,Ajaccio,1.0,0.0,1.67,3.25,4.5,,,,,,,,
2003-04-05,Bastia,Troyes,1.0,1.0,1.62,3.25,5.0,,,,,,,,
2003-04-05,Lens,Strasbourg,1.0,1.0,1.73,3.1,4.5,,,,,,,,
2003-04-05,Lyon,Le Havre,2.0,1.0,1.36,3.75,8.0,,,,,,,,
2003-04-05,Marseille,Guingamp,0.0,2.0,1.5,3.4,6.0,,,,,,,,
2003-04-05,Nantes,Lille,1.0,0.0,1.62,3.25,5.0,,,,,,,,
2003-04-05,Rennes,Bordeaux,3.0,4.0,2.7,3.0,2.4,,,,,,,,
2003-04-05,Sedan,Montpellier,1.0,2.0,2.0,3.0,3.4,,,,,,,,
2003-04-05,Sochaux,Paris SG,0.0,0.0,2.25,3.0,2.88,,,,,,,,
2003-04-06,Monaco,Nice,0.0,1.0,1.57,3.5,5.0,,,,,,,,
2003-08-01,Lille,Lyon,1.0,0.0,2.88,3.0,2.25,,,,,,,,
2003-08-02,Auxerre,Nice,1.0,2.0,1.73,3.1,4.5,,,,,,,,
2003-08-02,Guingamp,Marseille,0.0,1.0,2.5,2.88,2.63,,,,,,,,
2003-08-02,Lens,Le Mans,0.0,0.0,1.57,3.25,5.5,,,,,,,,
2003-08-02,Metz,Ajaccio,0.0,1.0,2.0,3.0,3.4,,,,,,,,
2003-08-02,Monaco,Bordeaux,2.0,0.0,1.91,3.0,3.75,,,,,,,,
2003-08-02,Montpellier,Rennes,1.0,1.0,1.91,3.0,3.75,,,,,,,,
2003-08-02,Paris SG,Bastia,0.0,0.0,1.53,3.4,5.5,,,,,,,,
2003-08-02,Sochaux,Nantes,2.0,1.0,1.91,3.0,3.75,,,,,,,,
2003-08-02,Toulouse,Strasbourg,1.0,1.0,2.1,3.0,3.2,,,,,,,,
2003-08-08,Marseille,Auxerre,1.0,0.0,1.8,3.1,4.0,,,,,,,,
2003-08-09,Bastia,Metz,0.0,2.0,1.67,3.1,5.0,,,,,,,,
2003-08-09,Bordeaux,Montpellier,0.0,1.0,1.57,3.25,5.5,,,,,,,,
2003-08-09,Le Mans,Ajaccio,0.0,1.0,1.91,3.0,3.75,,,,,,,,
2003-08-09,Lille,Paris SG,1.0,0.0,2.5,2.88,2.63,,,,,,,,
2003-08-31,Ajaccio,Marseille,0.0,1.0,2.88,3.0,2.3,,,,,,,,
2003-08-31,Lens,Nice,1.0,0.0,1.91,3.0,3.8,,,,,,,,
2003-08-31,Monaco,Metz,1.0,0.0,1.36,3.75,9.0,,,,,,,,
2003-09-13,Bastia,Guingamp,4.0,2.0,1.83,3.0,4.33,,,,,,,,
2003-09-13,Bordeaux,Sochaux,1.0,3.0,1.72,3.2,4.5,,,,,,,,
2003-09-13,Lille,Monaco,1.0,1.0,2.6,2.87,2.6,,,,,,,,
2003-09-13,Lyon,Auxerre,1.0,1.0,1.66,3.2,5.0,,,,,,,,
2003-09-13,Marseille,Le Mans,5.0,0.0,1.36,3.75,8.5,,,,,,,,
2003-09-13,Metz,Montpellier,2.0,1.0,2.2,3.0,3.1,,,,,,,,
2003-09-13,Nice,Nantes,1.0,0.0,2.1,3.0,3.25,,,,,,,,
2003-09-13,Rennes,Lens,2.0,0.0,2.37,3.0,2.75,,,,,,,,
2003-09-13,Strasbourg,Ajaccio,3.0,2.0,1.8,3.0,4.33,,,,,,,,
2003-09-14,Paris SG,Toulouse,2.0,1.0,1.44,3.4,7.5,,,,,,,,
2003-09-20,Ajaccio,Rennes,1.0,0.0,2.1,3.0,3.25,,,,,,,,
2003-09-20,Auxerre,Bastia,4.0,1.0,1.72,3.2,4.5,,,,,,,,
2003-09-20,Guingamp,Paris SG,0.0,2.0,2.5,3.0,2.62,,,,,,,,
2003-09-20,Lens,Bordeaux,1.0,0.0,2.1,3.0,3.25,,,,,,,,
2003-09-20,Nice,Lille,2.0,0.0,1.9,3.0,3.8,,,,,,,,
2003-09-20,Sochaux,Strasbourg,3.0,0.0,1.8,3.0,4.33,,,,,,,,
2003-09-20,Toulouse,Metz,1.0,0.0,2.2,2.87,3.2,,,,,,,,
2003-09-21,Le Mans,Lyon,0.0,2.0,3.25,3.0,2.1,,,,,,,,
2003-09-21,Montpellier,Monaco,1.0,2.0,2.75,3.0,2.37,,,,,,,,
2003-09-21,Nantes,Marseille,1.0,0.0,2.37,3.0,2.75,,,,,,,,
2003-09-27,Bastia,Sochaux,2.0,0.0,2.2,2.87,3.2,,,,,,,,
2003-09-27,Lille,Montpellier,1.0,1.0,1.72,3.2,4.5,,,,,,,,
2003-09-27,Lyon,Lens,4.0,0.0,1.72,3.2,4.5,,,,,,,,
2003-09-27,Marseille,Nice,2.0,1.0,1.66,3.2,5.0,,,,,,,,
2003-09-27,Metz,Guingamp,1.0,1.0,1.9,3.0,3.8,,,,,,,,
2003-09-27,Monaco,Toulouse,3.0,0.0,1.33,4.0,8.5,,,,,,,,
2003-09-27,Paris SG,Auxerre,1.0,0.0,1.9,3.0,3.8,,,,,,,,
2003-09-27,Rennes,Le Mans,2.0,0.0,1.66,3.2,5.0,,,,,,,,
2003-09-28,Bordeaux,Ajaccio,1.0,0.0,1.66,3.2,5.0,,,,,,,,
2003-09-28,Strasbourg,Nantes,1.0,0.0,2.3,2.87,3.0,,,,,,,,
2003-10-04,Ajaccio,Lyon,2.0,4.0,2.87,3.2,2.2,,,,,,,,
2003-10-04,Auxerre,Lille,3.0,0.0,1.72,3.2,4.5,,,,,,,,
2003-10-04,Guingamp,Monaco,1.0,2.0,3.25,3.0,2.1,,,,,,,,
2003-10-04,Le Mans,Bordeaux,0.0,0.0,3.0,3.0,2.25,,,,,,,,
2003-10-04,Lens,Metz,0.0,2.0,1.66,3.2,5.0,,,,,,,,
2003-10-04,Nantes,Rennes,1.0,0.0,1.66,3.2,5.0,,,,,,,,
2003-10-04,Nice,Strasbourg,0.0,0.0,1.8,3.0,4.33,,,,,,,,
2003-10-04,Sochaux,Paris SG,0.0,1.0,2.25,3.0,3.0,,,,,,,,
2003-10-04,Toulouse,Montpellier,2.0,2.0,2.1,3.0,3.25,,,,,,,,
2003-10-05,Marseille,Bastia,3.0,1.0,1.44,3.75,6.5,,,,,,,,
2003-10-17,Strasbourg,Marseille,4.0,1.0,2.5,3.0,2.62,,,,,,,,
2003-10-18,Bastia,Lens,3.0,1.0,2.0,3.0,3.5,,,,,,,,
2003-10-18,Bordeaux,Toulouse,1.0,2.0,1.57,3.4,5.5,,,,,,,,
2003-10-18,Lille,Ajaccio,0.0,0.0,1.83,3.0,4.2,,,,,,,,
2003-10-18,Lyon,Sochaux,1.0,1.0,1.57,3.4,5.5,,,,,,,,
2003-10-18,Metz,Nantes,1.0,3.0,2.37,3.0,2.75,,,,,,,,
2003-10-18,Monaco,Auxerre,1.0,1.0,1.72,3.25,4.33,,,,,,,,
2003-10-18,Montpellier,Guingamp,2.0,0.0,1.9,3.2,3.6,,,,,,,,
2003-10-18,Paris SG,Le Mans,5.0,1.0,1.33,4.0,9.0,,,,,,,,
2003-10-18,Rennes,Nice,0.0,0.0,2.2,3.0,3.1,,,,,,,,
2003-10-25,Ajaccio,Paris SG,0.0,0.0,3.25,3.0,2.1,,,,,,,,
2003-10-25,Auxerre,Montpellier,0.0,1.0,1.61,3.25,5.0,,,,,,,,
2003-10-25,Guingamp,Toulouse,1.0,0.0,2.1,3.0,3.25,,,,,,,,
2003-10-25,Le Mans,Bastia,1.0,1.0,2.5,3.0,2.62,,,,,,,,
2003-10-25,Lens,Lille,2.0,1.0,1.9,3.2,3.6,,,,,,,,
2003-10-25,Marseille,Rennes,2.0,0.0,1.4,3.75,7.5,,,,,,,,
2003-10-25,Nantes,Lyon,0.0,1.0,2.37,3.0,2.75,,,,,,,,
2003-10-25,Nice,Bordeaux,0.0,0.0,2.0,3.0,3.5,,,,,,,,
2003-10-25,Strasbourg,Metz,0.0,2.0,1.66,3.2,5.0,,,,,,,,
2003-10-26,Sochaux,Monaco,1.0,1.0,2.5,3.0,2.62,,,,,,,,
2003-11-01,Bastia,Ajaccio,1.0,1.0,1.72,3.2,4.5,,,,,,,,
2003-12-06,Bordeaux,Lille,2.0,1.0,1.66,3.2,5.0,,,,,,,,
2003-12-06,Lens,Sochaux,0.0,3.0,2.0,3.0,3.5,,,,,,,,
2003-12-06,Nantes,Toulouse,1.0,1.0,1.57,3.4,5.5,,,,,,,,
2003-12-06,Rennes,Paris SG,1.0,1.0,2.62,3.2,2.37,,,,,,,,
2003-12-06,Strasbourg,Bastia,4.0,2.0,1.9,3.2,3.6,,,,,,,,
2003-12-07,Le Mans,Guingamp,2.0,0.0,2.2,3.0,3.1,,,,,,,,
2003-12-07,Nice,Montpellier,2.0,1.0,1.9,3.2,3.6,,,,,,,,
2003-12-13,Auxerre,Lens,2.0,0.0,1.8,3.0,4.33,,,,,,,,
2003-12-13,Bastia,Lyon,0.0,0.0,2.8,3.2,2.25,,,,,,,,
2003-12-13,Guingamp,Nantes,1.0,1.0,2.4,3.2,2.6,,,,,,,,
2003-12-13,Lille,Le Mans,1.0,1.0,1.8,3.25,4.0,,,,,,,,
2003-12-13,Metz,Rennes,1.0,1.0,2.2,3.2,2.88,,,,,,,,
2003-12-13,Paris SG,Bordeaux,2.0,1.0,1.73,3.2,4.5,,,,,,,,
2003-12-13,Sochaux,Ajaccio,2.0,0.0,1.5,3.4,6.5,,,,,,,,
2003-12-13,Toulouse,Nice,1.0,1.0,2.5,3.2,2.5,,,,,,,,
2003-12-14,Monaco,Strasbourg,2.0,0.0,1.4,3.75,7.5,,,,,,,,
2004-01-10,Montpellier,Bordeaux,1.0,2.0,2.25,3.2,2.8,,,,,,,,
2004-01-10,Paris SG,Lille,1.0,0.0,1.5,3.5,6.0,,,,,,,,
2004-01-10,Sochaux,Nice,0.0,0.0,1.8,3.0,4.33,,,,,,,,
2004-01-10,Toulouse,Rennes,2.0,0.0,2.3,3.0,2.87,,,,,,,,
2004-01-17,Bastia,Monaco,0.0,0.0,3.75,3.25,1.83,,,,,,,,
2004-01-17,Bordeaux,Guingamp,2.0,0.0,1.53,3.5,5.5,,,,,,,,
2004-01-17,Lille,Toulouse,0.0,1.0,1.72,3.2,4.5,,,,,,,,
2004-01-17,Lyon,Montpellier,3.0,0.0,1.4,3.75,7.5,,,,,,,,
2004-01-17,Nantes,Ajaccio,4.0,0.0,1.72,3.25,4.33,,,,,,,,
2004-01-17,Nice,Le Mans,0.0,1.0,1.57,3.2,6.0,,,,,,,,
2004-01-17,Paris SG,Metz,0.0,0.0,1.44,3.5,7.0,,,,,,,,
2004-01-17,Rennes,Sochaux,4.0,0.0,2.37,3.0,2.75,,,,,,,,
2004-01-17,Strasbourg,Auxerre,0.0,2.0,2.5,3.0,2.62,,,,,,,,
2004-01-18,Marseille,Lens,3.0,2.0,1.66,3.4,4.5,,,,,,,,
2004-01-21,Monaco,Nice,1.0,1.0,1.5,3.25,7.0,,,,,,,,
2004-01-21,Montpellier,Sochaux,1.0,3.0,2.6,2.87,2.6,,,,,,,,
2004-02-07,Lyon,Guingamp,0.0,1.0,1.29,4.5,8.5,,,,,,,,
2004-02-07,Marseille,Ajaccio,2.0,1.0,1.53,3.4,6.0,,,,,,,,
2004-02-07,Metz,Monaco,0.0,2.0,3.5,3.0,2.0,,,,,,,,
2004-02-07,Nice,Lens,4.0,0.0,1.91,3.0,3.8,,,,,,,,
2004-02-07,Paris SG,Montpellier,6.0,1.0,1.44,3.75,6.5,,,,,,,,
2004-02-07,Rennes,Auxerre,0.0,2.0,2.5,3.0,2.63,,,,,,,,
2004-02-07,Strasbourg,Le Mans,3.0,0.0,1.83,3.25,3.75,,,,,,,,
2004-02-14,Ajaccio,Strasbourg,0.0,0.0,2.1,3.25,3.0,,,,,,,,
2004-02-14,Guingamp,Bastia,1.0,0.0,2.0,3.2,3.2,,,,,,,,
2004-02-14,Le Mans,Marseille,0.0,0.0,2.8,3.25,2.2,,,,,,,,
2004-02-14,Lens,Rennes,2.0,1.0,1.83,3.25,3.75,,,,,,,,
2004-02-14,Monaco,Lille,0.0,1.0,1.4,3.75,7.5,,,,,,,,
2004-02-14,Montpellier,Metz,0.0,1.0,2.1,3.25,3.0,,,,,,,,
2004-02-14,Nantes,Nice,3.0,1.0,1.91,3.25,3.5,,,,,,,,
2004-02-14,Sochaux,Bordeaux,1.0,1.0,1.83,3.25,3.75,,,,,,,,
2004-02-14,Toulouse,Paris SG,0.0,1.0,3.25,3.25,2.0,,,,,,,,
2004-02-29,Ajaccio,Bordeaux,1.0,0.0,2.5,3.2,2.5,,,,,,,,
2004-02-29,Auxerre,Paris SG,1.0,1.0,2.25,3.0,3.0,,,,,,,,
2004-02-29,Nice,Marseille,0.0,0.0,2.25,3.0,3.0,,,,,,,,
2004-02-29,Sochaux,Bastia,2.0,1.0,1.5,3.5,6.0,,,,,,,,
2004-03-05,Lyon,Ajaccio,4.0,0.0,1.33,4.33,7.5,,,,,,,,
2004-03-05,Monaco,Guingamp,3.0,1.0,1.3,4.33,8.5,,,,,,,,
2004-03-06,Bordeaux,Le Mans,2.0,0.0,1.44,3.6,7.0,,,,,,,,
2004-03-06,Lille,Auxerre,1.0,0.0,2.5,3.0,2.6,,,,,,,,
2004-03-06,Metz,Lens,0.0,2.0,2.4,3.1,2.63,,,,,,,,
2004-03-06,Montpellier,Toulouse,0.0,1.0,2.3,3.1,2.8,,,,,,,,
2004-03-06,Paris SG,Sochaux,1.0,1.0,1.83,3.1,4.0,,,,,,,,
2004-03-06,Rennes,Nantes,0.0,3.0,2.25,3.0,3.0,,,,,,,,
2004-03-06,Strasbourg,Nice,2.0,2.0,2.25,3.0,3.0,,,,,,,,
2004-03-07,Bastia,Marseille,4.0,1.0,2.5,3.0,2.6,,,,,,,,
2004-03-13,Ajaccio,Lille,0.0,3.0,2.3,3.2,2.7,,,,,,,,
2004-03-13,Guingamp,Montpellier,4.0,3.0,1.8,3.25,4.0,,,,,,,,
2004-03-13,Le Mans,Paris SG,0.0,1.0,3.5,3.0,2.0,,,,,,,,
2004-03-13,Lens,Bastia,0.0,0.0,1.73,3.25,4.33,,,,,,,,
2004-03-13,Nantes,Metz,2.0,2.0,1.57,3.4,5.5,,,,,,,,
2004-03-13,Nice,Rennes,3.0,1.0,1.73,3.25,4.33,,,,,,,,
2004-03-13,Sochaux,Lyon,1.0,2.0,2.38,3.0,2.75,,,,,,,,
2004-03-14,Auxerre,Monaco,0.0,0.0,2.5,3.2,2.5,,,,,,,,
2004-03-14,Marseille,Strasbourg,4.0,0.0,1.67,3.2,5.0,,,,,,,,
2004-03-14,Toulouse,Bordeaux,1.0,0.0,2.4,3.2,2.6,,,,,,,,
2004-03-19,Toulouse,Guingamp,0.0,0.0,2.0,3.0,3.5,,,,,,,,
2004-03-20,Bastia,Le Mans,0.0,0.0,1.67,3.2,5.0,,,,,,,,
2004-03-20,Bordeaux,Nice,1.0,1.0,2.0,3.0,3.5,,,,,,,,
2004-03-20,Lille,Lens,1.0,1.0,2.0,3.0,3.5,,,,,,,,
2004-03-20,Lyon,Nantes,1.0,0.0,1.62,3.4,5.0,,,,,,,,
2004-03-20,Metz,Strasbourg,1.0,0.0,2.25,3.0,3.0,,,,,,,,
2004-03-20,Monaco,Sochaux,1.0,1.0,1.67,3.4,4.5,,,,,,,,
2004-03-20,Montpellier,Auxerre,1.0,0.0,3.0,3.25,2.1,,,,,,,,
2004-03-20,Paris SG,Ajaccio,1.0,0.0,1.33,4.0,8.5,,,,,,,,
2004-03-21,Rennes,Marseille,4.0,3.0,2.4,3.2,2.6,,,,,,,,
2004-03-27,Ajaccio,Bastia,1.0,0.0,2.25,3.0,3.0,,,,,,,,
2004-03-27,Guingamp,Lille,2.0,1.0,2.38,3.2,2.63,,,,,,,,
2004-03-27,Le Mans,Monaco,0.0,1.0,4.0,3.25,1.8,,,,,,,,
2004-03-27,Nantes,Montpellier,3.0,2.0,1.53,3.4,6.0,,,,,,,,
2004-03-27,Nice,Lyon,0.0,1.0,2.75,3.0,2.38,,,,,,,,
2004-03-27,Sochaux,Metz,2.0,0.0,1.53,3.4,5.5,,,,,,,,
2004-03-27,Strasbourg,Rennes,0.0,3.0,2.1,3.0,3.25,,,,,,,,
2004-03-28,Auxerre,Toulouse,3.0,2.0,1.62,3.4,5.0,,,,,,,,
2004-03-28,Lens,Paris SG,1.0,0.0,2.63,3.0,2.5,,,,,,,,
2004-03-28,Marseille,Bordeaux,1.0,1.0,1.73,3.25,4.33,,,,,,,,
2004-04-02,Monaco,Ajaccio,3.0,3.0,1.29,4.5,8.5,,,,,,,,
2004-04-03,Bastia,Nice,2.0,1.0,2.25,3.0,3.0,,,,,,,,
2004-04-03,Bordeaux,Strasbourg,1.0,1.0,1.67,3.2,5.0,,,,,,,,
2004-04-03,Lille,Rennes,1.0,0.0,1.91,3.1,3.75,,,,,,,,
2004-04-03,Lyon,Marseille,1.0,2.0,1.62,3.4,6.0,,,,,,,,
2004-04-03,Metz,Le Mans,5.0,0.0,1.8,3.25,4.0,,,,,,,,
2004-04-03,Montpellier,Lens,1.0,0.0,2.6,3.2,2.4,,,,,,,,
2004-04-03,Paris SG,Nantes,3.0,2.0,1.67,3.2,5.0,,,,,,,,
2004-04-03,Toulouse,Sochaux,0.0,0.0,2.63,3.0,2.5,,,,,,,,
2004-04-04,Guingamp,Auxerre,2.0,2.0,2.5,3.2,2.5,,,,,,,,
2004-04-10,Ajaccio,Montpellier,0.0,0.0,1.91,3.25,3.5,,,,,,,,
2004-04-10,Auxerre,Metz,2.0,1.0,1.57,3.4,5.5,,,,,,,,
2004-04-10,Le Mans,Toulouse,2.0,1.0,2.4,3.2,2.6,,,,,,,,
2004-04-10,Lens,Monaco,0.0,0.0,2.7,3.2,2.3,,,,,,,,
2004-04-10,Nantes,Bastia,1.0,1.0,1.73,3.25,4.33,,,,,,,,
2004-04-10,Nice,Paris SG,1.0,2.0,2.63,3.2,2.38,,,,,,,,
2004-04-10,Sochaux,Guingamp,2.0,0.0,1.57,3.4,5.5,,,,,,,,
2004-04-11,Strasbourg,Lyon,0.0,1.0,3.4,3.25,2.1,,,,,,,,
2004-04-16,Guingamp,Metz,1.0,1.0,2.0,3.0,3.5,,,,,,,,
2004-04-18,Marseille,Lille,2.0,1.0,1.73,3.25,4.33,,,,,,,,
2004-04-18,Rennes,Bordeaux,3.0,1.0,2.1,3.25,3.0,,,,,,,,
2004-04-24,Auxerre,Sochaux,2.0,1.0,2.0,3.0,3.5,,,,,,,,
2004-04-24,Bastia,Bordeaux,0.0,2.0,2.2,3.0,3.1,,,,,,,,
2004-04-24,Guingamp,Lens,1.0,0.0,2.2,3.0,3.1,,,,,,,,
2004-04-24,Lille,Strasbourg,0.0,1.0,1.83,3.25,3.75,,,,,,,,
2004-04-24,Lyon,Rennes,3.0,0.0,1.4,3.75,7.5,,,,,,,,
2004-04-24,Metz,Nice,1.0,0.0,2.1,3.0,3.25,,,,,,,,
2004-04-24,Monaco,Nantes,0.0,1.0,1.57,3.4,5.5,,,,,,,,
2004-04-24,Montpellier,Le Mans,0.0,3.0,1.8,3.25,4.0,,,,,,,,
2004-04-24,Toulouse,Ajaccio,3.0,1.0,2.0,3.0,3.5,,,,,,,,
2004-04-25,Paris SG,Marseille,2.0,1.0,1.8,3.25,4.0,,,,,,,,
2004-04-30,Nice,Monaco,1.0,2.0,2.5,3.25,2.4,,,,,,,,
2004-05-01,Ajaccio,Guingamp,0.0,0.0,2.2,3.0,3.0,,,,,,,,
2004-05-01,Le Mans,Auxerre,2.0,1.0,2.75,3.2,2.25,,,,,,,,
2004-05-01,Lens,Toulouse,1.0,1.0,1.8,3.3,3.75,,,,,,,,
2004-05-01,Marseille,Metz,0.0,1.0,1.61,3.5,4.5,,,,,,,,
2004-05-11,Lens,Auxerre,1.0,3.0,2.5,3.25,2.4,,,,,,,,
2004-05-12,Ajaccio,Sochaux,1.0,0.0,2.1,3.2,3.0,,,,,,,,
2004-05-12,Le Mans,Lille,1.0,1.0,1.83,3.2,3.75,,,,,,,,
2004-05-12,Lyon,Bastia,1.0,0.0,1.22,5.0,9.0,,,,,,,,
2004-05-12,Marseille,Montpellier,1.0,1.0,1.66,3.6,4.0,,,,,,,,
2004-05-12,Nantes,Guingamp,0.0,0.0,1.66,3.4,4.33,,,,,,,,
2004-05-12,Nice,Toulouse,1.0,1.0,2.37,3.25,2.5,,,,,,,,
2004-05-12,Rennes,Metz,0.0,0.0,2.25,3.2,2.75,,,,,,,,
2004-05-12,Strasbourg,Monaco,0.0,0.0,3.4,3.25,1.9,,,,,,,,
2004-05-15,Auxerre,Nantes,2.0,0.0,1.83,3.0,4.0,,,,,,,,
2004-05-15,Guingamp,Nice,1.0,2.0,1.61,3.1,5.5,,,,,,,,
2004-05-15,Lens,Ajaccio,2.0,0.0,2.37,3.1,2.62,,,,,,,,
2004-05-15,Lille,Bastia,2.0,0.0,2.25,3.0,2.87,,,,,,,,
2004-05-15,Metz,Bordeaux,3.0,1.0,2.1,3.0,3.2,,,,,,,,
2004-05-15,Monaco,Rennes,1.0,4.0,1.33,4.0,8.0,,,,,,,,
2004-05-15,Montpellier,Strasbourg,1.0,2.0,2.8,2.87,2.37,,,,,,,,
2004-08-06,Nice,Lyon,0.0,1.0,3.25,3.0,2.1,,,,,,,,
2004-08-07,Bastia,Strasbourg,2.0,1.0,2.1,3.0,3.25,,,,,,,,
2004-08-07,Caen,Istres,1.0,1.0,1.9,3.2,3.6,,,,,,,,
2004-08-07,Lille,Auxerre,2.0,0.0,2.37,3.0,2.75,,,,,,,,
2004-08-07,Marseille,Bordeaux,1.0,0.0,1.72,3.25,4.33,,,,,,,,
2004-08-07,Metz,Nantes,1.0,0.0,2.5,3.0,2.62,,,,,,,,
2004-08-07,Rennes,Paris SG,2.0,1.0,2.75,3.0,2.37,,,,,,,,
2004-08-07,Sochaux,Ajaccio,1.0,0.0,1.57,3.4,5.5,,,,,,,,
2004-08-07,St Etienne,Monaco,0.0,1.0,3.25,3.0,2.1,,,,,,,,
2004-08-07,Toulouse,Lens,0.0,0.0,2.37,3.0,2.75,,,,,,,,
2004-08-14,Ajaccio,Metz,1.0,2.0,2.1,3.0,3.25,,,,,,,,
2004-08-14,Auxerre,Rennes,3.0,1.0,1.72,3.25,4.33,,,,,,,,
2004-08-14,Bordeaux,Nice,5.0,1.0,1.83,3.1,4.0,,,,,,,,
2004-08-14,Lens,St Etienne,3.0,0.0,1.66,3.4,4.5,,,,,,,,
2004-08-14,Lyon,Sochaux,1.0,1.0,1.61,3.4,5.0,,,,,,,,
2004-08-14,Monaco,Istres,2.0,1.0,1.33,4.0,8.5,,,,,,,,
2004-08-14,Nantes,Bastia,1.0,1.0,1.72,3.25,4.33,,,,,,,,
2004-08-14,Paris SG,Caen,2.0,2.0,1.33,4.33,7.5,,,,,,,,
2004-08-14,Strasbourg,Toulouse,1.0,4.0,2.1,3.0,3.25,,,,,,,,
2004-08-15,Marseille,Lille,3.0,0.0,1.61,3.4,5.0,,,,,,,,
2004-08-21,Bastia,Ajaccio,1.0,0.0,1.9,3.1,3.75,,,,,,,,
2004-08-21,Caen,Monaco,1.0,0.0,3.25,3.25,2.0,,,,,,,,
2004-08-21,Istres,Lens,0.0,2.0,2.75,3.0,2.37,,,,,,,,
2004-08-21,Lille,Bordeaux,0.0,0.0,2.1,3.25,3.0,,,,,,,,
2004-08-21,Nice,Marseille,1.0,1.0,2.75,3.0,2.37,,,,,,,,
2004-08-21,Rennes,Nantes,1.0,0.0,2.1,3.25,3.0,,,,,,,,
2004-08-21,Sochaux,Auxerre,1.0,2.0,2.0,3.25,3.25,,,,,,,,
2004-08-21,St Etienne,Strasbourg,1.0,1.0,2.0,3.25,3.25,,,,,,,,
2004-08-21,Toulouse,Paris SG,2.0,1.0,2.75,3.25,2.25,,,,,,,,
2004-08-22,Metz,Lyon,1.0,1.0,3.0,3.1,2.2,,,,,,,,
2004-08-27,Nice,Bastia,1.0,1.0,1.83,3.25,3.75,,,,,,,,
2004-08-28,Ajaccio,Rennes,1.0,1.0,2.37,3.0,2.75,,,,,,,,
2004-08-28,Auxerre,Caen,1.0,0.0,1.57,3.4,5.5,,,,,,,,
2004-08-28,Bordeaux,Sochaux,2.0,0.0,2.0,3.0,3.5,,,,,,,,
2004-08-28,Lens,Monaco,1.0,1.0,2.5,3.0,2.62,,,,,,,,
2004-08-28,Lyon,Lille,1.0,0.0,1.53,3.4,6.0,,,,,,,,
2004-08-28,Marseille,Metz,1.0,3.0,1.53,3.4,6.0,,,,,,,,
2004-08-28,Nantes,Toulouse,2.0,2.0,1.72,3.25,4.33,,,,,,,,
2004-08-28,Strasbourg,Istres,1.0,1.0,1.83,3.25,3.75,,,,,,,,
2004-08-29,Paris SG,St Etienne,2.0,2.0,1.4,3.8,7.0,,,,,,,,
2004-09-11,Bastia,Auxerre,1.0,0.0,2.5,3.0,2.6,,,,,,,,
2004-09-11,Caen,Lens,1.0,0.0,2.5,3.1,2.5,,,,,,,,
2004-09-11,Istres,Paris SG,1.0,1.0,3.5,3.0,2.0,,,,,,,,
2004-09-11,Lille,Nice,1.0,0.0,1.91,3.0,3.75,,,,,,,,
2004-09-11,Metz,Bordeaux,0.0,0.0,2.25,3.2,2.75,,,,,,,,
2004-09-11,Monaco,Strasbourg,3.0,1.0,1.4,3.75,7.0,,,,,,,,
2004-09-11,Rennes,Lyon,1.0,2.0,2.75,3.0,2.38,,,,,,,,
2004-09-11,St Etienne,Nantes,0.0,0.0,2.38,3.0,2.75,,,,,,,,
2004-09-11,Toulouse,Ajaccio,3.0,1.0,1.67,3.4,4.5,,,,,,,,
2004-09-12,Sochaux,Marseille,2.0,0.0,2.3,3.0,2.88,,,,,,,,
2004-09-18,Ajaccio,St Etienne,1.0,1.0,2.0,3.25,3.25,,,,,,,,
2004-09-18,Bordeaux,Rennes,0.0,0.0,1.8,3.25,4.0,,,,,,,,
2004-09-18,Lyon,Bastia,0.0,0.0,1.44,3.75,6.5,,,,,,,,
2004-09-18,Marseille,Toulouse,1.0,0.0,1.72,3.25,4.33,,,,,,,,
2004-09-18,Nantes,Istres,1.0,0.0,1.72,3.25,4.33,,,,,,,,
2004-09-18,Strasbourg,Lens,2.0,2.0,2.75,3.0,2.37,,,,,,,,
2004-09-19,Auxerre,Metz,4.0,0.0,1.83,3.25,3.75,,,,,,,,
2004-09-19,Lille,Caen,2.0,0.0,1.83,3.25,3.75,,,,,,,,
2004-09-19,Nice,Sochaux,2.0,1.0,2.37,3.2,2.62,,,,,,,,
2004-09-19,Paris SG,Monaco,0.0,1.0,2.37,3.2,2.62,,,,,,,,
2004-09-21,Toulouse,Lyon,0.0,2.0,2.25,2.75,3.2,,,,,,,,
2004-09-22,Bastia,Bordeaux,1.0,4.0,2.25,3.0,3.0,,,,,,,,
2004-09-22,Caen,Strasbourg,0.0,0.0,1.83,3.1,4.0,,,,,,,,
2004-09-22,Istres,Ajaccio,0.0,1.0,2.1,3.0,3.25,,,,,,,,
2004-09-22,Lens,Paris SG,2.0,2.0,2.25,3.0,3.0,,,,,,,,
2004-09-22,Metz,Nice,1.0,1.0,1.72,3.25,4.33,,,,,,,,
2004-09-22,Monaco,Nantes,2.0,1.0,1.57,3.4,5.5,,,,,,,,
2004-09-22,Rennes,Marseille,1.0,0.0,2.4,3.1,2.62,,,,,,,,
2004-09-22,Sochaux,Lille,0.0,2.0,1.8,3.2,4.0,,,,,,,,
2004-09-22,St Etienne,Auxerre,3.0,1.0,2.5,3.0,2.62,,,,,,,,
2004-09-25,Ajaccio,Caen,2.0,2.0,2.2,3.0,3.1,,,,,,,,
2004-09-25,Auxerre,Istres,0.0,0.0,1.44,3.75,6.5,,,,,,,,
2004-09-25,Bordeaux,Toulouse,1.0,1.0,1.8,3.25,4.0,,,,,,,,
2004-09-25,Lille,Metz,4.0,0.0,1.9,3.2,3.6,,,,,,,,
2004-09-25,Lyon,Monaco,0.0,0.0,2.1,3.0,3.25,,,,,,,,
2004-09-25,Marseille,Bastia,1.0,0.0,1.61,3.4,5.0,,,,,,,,
2004-09-25,Nice,Rennes,2.0,0.0,2.2,3.0,3.1,,,,,,,,
2004-09-25,Paris SG,Strasbourg,1.0,0.0,1.57,3.4,5.5,,,,,,,,
2004-09-25,Sochaux,St Etienne,2.0,1.0,1.72,3.25,4.33,,,,,,,,
2004-09-26,Nantes,Lens,1.0,0.0,2.1,3.0,3.25,,,,,,,,
2004-10-02,Bastia,Paris SG,1.0,2.0,2.37,3.0,2.75,,,,,,,,
2004-10-02,Caen,Bordeaux,1.0,1.0,2.37,3.2,2.62,,,,,,,,
2004-10-02,Istres,Marseille,0.0,2.0,3.1,3.0,2.2,,,,,,,,
2004-10-02,Lens,Ajaccio,1.0,1.0,1.61,3.25,5.0,,,,,,,,
2004-10-02,Monaco,Nice,3.0,4.0,1.44,3.6,7.0,,,,,,,,
2004-10-02,Strasbourg,Nantes,0.0,2.0,2.37,3.0,2.75,,,,,,,,
2004-10-03,Metz,Sochaux,0.0,0.0,2.2,3.0,3.1,,,,,,,,
2004-10-03,Rennes,Lille,0.0,1.0,2.1,3.0,3.25,,,,,,,,
2004-10-03,St Etienne,Lyon,2.0,3.0,3.5,3.0,2.0,,,,,,,,
2004-10-03,Toulouse,Auxerre,1.0,2.0,2.2,3.0,3.1,,,,,,,,
2004-10-15,Lyon,Caen,4.0,0.0,1.36,4.0,7.5,,,,,,,,
2004-10-16,Ajaccio,Strasbourg,2.0,2.0,2.0,3.0,3.5,,,,,,,,
2004-10-16,Auxerre,Lens,3.0,0.0,1.72,3.25,4.33,,,,,,,,
2004-10-16,Bordeaux,Istres,2.0,2.0,1.4,3.75,7.5,,,,,,,,
2004-10-16,Lille,Bastia,2.0,1.0,1.61,3.4,5.0,,,,,,,,
2004-10-16,Metz,Monaco,1.0,1.0,3.0,3.0,2.25,,,,,,,,
2004-10-16,Nantes,Paris SG,1.0,0.0,2.25,3.0,3.0,,,,,,,,
2004-10-16,Nice,Toulouse,1.0,0.0,2.0,3.0,3.5,,,,,,,,
2004-10-16,Sochaux,Rennes,3.0,0.0,1.83,3.25,3.75,,,,,,,,
2004-10-17,Marseille,St Etienne,1.0,1.0,1.5,3.5,6.0,,,,,,,,
2004-10-23,Caen,Nantes,2.0,1.0,2.3,2.87,3.0,,,,,,,,
2004-10-23,Istres,Lyon,0.0,0.0,5.0,3.2,1.66,,,,,,,,
2004-10-23,Paris SG,Ajaccio,1.0,0.0,1.57,3.4,5.5,,,,,,,,
2004-10-23,Rennes,Metz,3.0,1.0,2.0,3.0,3.5,,,,,,,,
2004-10-23,St Etienne,Bordeaux,0.0,0.0,2.5,3.0,2.6,,,,,,,,
2004-10-23,Strasbourg,Nice,3.0,1.0,2.4,3.1,2.62,,,,,,,,
2004-10-24,Bastia,Sochaux,1.0,1.0,2.2,3.0,3.0,,,,,,,,
2004-10-24,Lens,Marseille,0.0,0.0,2.37,2.87,2.87,,,,,,,,
2004-10-24,Monaco,Auxerre,0.0,0.0,1.72,3.2,4.5,,,,,,,,
2004-10-24,Toulouse,Lille,1.0,0.0,2.5,3.0,2.62,,,,,,,,
2004-10-29,Marseille,Monaco,1.0,1.0,2.3,3.1,2.7,,,,,,,,
2004-10-30,Ajaccio,Nantes,1.0,1.0,2.4,3.0,2.7,,,,,,,,
2004-10-30,Auxerre,Paris SG,1.0,1.0,2.0,3.2,3.2,,,,,,,,
2004-10-30,Bordeaux,Lens,1.0,1.0,1.8,3.1,4.0,,,,,,,,
2004-10-30,Lille,St Etienne,1.0,0.0,1.57,3.25,5.5,,,,,,,,
2004-10-30,Lyon,Strasbourg,1.0,0.0,1.3,4.33,8.0,,,,,,,,
2004-10-30,Metz,Bastia,2.0,0.0,2.0,3.0,3.4,,,,,,,,
2004-10-30,Nice,Istres,0.0,0.0,1.61,3.25,5.0,,,,,,,,
2004-10-30,Rennes,Caen,1.0,1.0,1.72,3.1,4.5,,,,,,,,
2004-10-30,Sochaux,Toulouse,2.0,0.0,1.8,3.1,4.0,,,,,,,,
2004-11-06,Bastia,Rennes,1.0,1.0,2.1,3.0,3.25,,,,,,,,
2004-11-06,Caen,Sochaux,0.0,2.0,2.25,3.0,3.0,,,,,,,,
2004-11-06,Lens,Lyon,0.0,1.0,3.5,3.0,2.0,,,,,,,,
2004-11-06,Monaco,Ajaccio,2.0,2.0,1.4,3.75,7.5,,,,,,,,
2004-11-06,St Etienne,Nice,2.0,1.0,2.25,3.0,3.0,,,,,,,,
2004-11-06,Strasbourg,Bordeaux,1.0,0.0,2.5,2.87,2.75,,,,,,,,
2004-11-06,Toulouse,Metz,1.0,1.0,2.0,3.0,3.5,,,,,,,,
2004-11-07,Istres,Lille,0.0,2.0,3.1,3.0,2.2,,,,,,,,
2004-11-07,Nantes,Auxerre,1.0,1.0,2.2,3.0,3.1,,,,,,,,
2004-11-07,Paris SG,Marseille,2.0,1.0,2.1,3.0,3.25,,,,,,,,
2004-11-13,Auxerre,Ajaccio,1.0,0.0,1.5,3.4,6.5,,,,,,,,
2004-11-13,Bastia,St Etienne,0.0,3.0,2.0,3.0,3.5,,,,,,,,
2004-11-13,Bordeaux,Paris SG,3.0,0.0,2.3,2.87,3.0,,,,,,,,
2004-11-13,Lyon,Nantes,2.0,0.0,1.5,3.4,6.5,,,,,,,,
2004-11-13,Marseille,Strasbourg,2.0,0.0,1.53,3.4,6.0,,,,,,,,
2004-11-13,Metz,Caen,1.0,2.0,1.8,3.0,4.33,,,,,,,,
2004-11-13,Nice,Lens,1.0,1.0,2.0,3.0,3.5,,,,,,,,
2004-11-13,Rennes,Toulouse,1.0,1.0,2.0,3.0,3.5,,,,,,,,
2004-11-13,Sochaux,Istres,1.0,1.0,1.44,3.6,7.0,,,,,,,,
2004-11-14,Lille,Monaco,1.0,1.0,2.3,3.0,2.87,,,,,,,,
2004-11-19,Monaco,Sochaux,1.0,3.0,1.8,3.0,4.33,,,,,,,,
2004-11-19,Paris SG,Lyon,0.0,0.0,2.6,2.87,2.62,,,,,,,,
2004-11-20,Ajaccio,Marseille,2.0,0.0,3.0,2.87,2.3,,,,,,,,
2004-11-20,Caen,Nice,0.0,0.0,2.0,3.0,3.5,,,,,,,,
2004-11-20,Istres,Metz,0.0,0.0,2.62,2.8,2.62,,,,,,,,
2004-11-20,Lens,Lille,1.0,1.0,2.5,2.8,2.8,,,,,,,,
2004-11-20,Nantes,Bordeaux,0.0,1.0,2.25,2.87,3.1,,,,,,,,
2004-11-20,St Etienne,Rennes,1.0,0.0,2.0,3.0,3.5,,,,,,,,
2004-11-20,Strasbourg,Auxerre,3.0,1.0,2.87,2.87,2.37,,,,,,,,
2004-11-20,Toulouse,Bastia,1.0,0.0,1.8,3.0,4.33,,,,,,,,
2004-11-27,Bastia,Caen,2.0,0.0,2.2,2.87,3.2,,,,,,,,
2004-11-27,Bordeaux,Ajaccio,0.0,0.0,1.5,3.4,6.5,,,,,,,,
2004-11-27,Lyon,Auxerre,2.0,1.0,1.61,3.2,5.5,,,,,,,,
2004-11-27,Marseille,Nantes,3.0,1.0,1.72,3.25,4.33,,,,,,,,
2004-11-27,Metz,St Etienne,2.0,2.0,2.1,2.8,3.5,,,,,,,,
2004-11-27,Rennes,Istres,3.0,1.0,1.72,3.0,5.0,,,,,,,,
2004-11-27,Toulouse,Monaco,0.0,0.0,2.7,2.75,2.62,,,,,,,,
2004-11-28,Lille,Strasbourg,1.0,1.0,1.57,3.2,6.0,,,,,,,,
2004-11-28,Nice,Paris SG,1.0,1.0,2.5,3.0,2.62,,,,,,,,
2004-11-28,Sochaux,Lens,1.0,2.0,1.61,3.2,5.5,,,,,,,,
2004-12-03,Monaco,Rennes,2.0,0.0,1.57,3.0,6.5,,,,,,,,
2004-12-04,Ajaccio,Lyon,1.0,1.0,4.33,3.0,1.8,,,,,,,,
2004-12-04,Caen,Marseille,2.0,3.0,2.5,3.0,2.62,,,,,,,,
2004-12-04,Istres,Bastia,1.0,0.0,2.3,2.87,3.0,,,,,,,,
2004-12-04,Lens,Metz,2.0,0.0,2.1,2.8,3.5,,,,,,,,
2004-12-04,Nantes,Nice,0.0,1.0,2.1,2.8,3.5,,,,,,,,
2004-12-04,Paris SG,Lille,1.0,1.0,2.1,3.0,3.25,,,,,,,,
2004-12-04,St Etienne,Toulouse,0.0,0.0,2.1,2.8,3.5,,,,,,,,
2004-12-04,Strasbourg,Sochaux,0.0,0.0,2.5,3.0,2.62,,,,,,,,
2004-12-05,Auxerre,Bordeaux,0.0,0.0,2.1,2.8,3.5,,,,,,,,
2004-12-11,Bastia,Monaco,0.0,2.0,2.87,2.87,2.37,,,,,,,,
2004-12-11,Bordeaux,Lyon,0.0,0.0,2.62,2.8,2.62,,,,,,,,
2004-12-11,Lille,Nantes,2.0,1.0,1.61,3.4,5.0,,,,,,,,
2004-12-11,Marseille,Auxerre,0.0,1.0,1.83,3.1,4.0,,,,,,,,
2004-12-11,Metz,Strasbourg,1.0,0.0,1.9,3.1,3.75,,,,,,,,
2004-12-11,Nice,Ajaccio,3.0,0.0,1.72,3.2,4.5,,,,,,,,
2004-12-11,Rennes,Lens,3.0,1.0,2.0,3.0,3.5,,,,,,,,
2004-12-11,St Etienne,Caen,5.0,0.0,1.9,2.9,4.0,,,,,,,,
2004-12-11,Toulouse,Istres,2.0,1.0,1.61,3.4,5.0,,,,,,,,
2004-12-12,Sochaux,Paris SG,1.0,2.0,2.2,3.0,3.1,,,,,,,,
2004-12-17,Lyon,Marseille,1.0,1.0,1.72,3.0,5.0,,,,,,,,
2004-12-18,Ajaccio,Lille,0.0,0.0,3.0,2.62,2.5,,,,,,,,
2004-12-18,Auxerre,Nice,4.0,3.0,1.83,2.87,4.5,,,,,,,,
2004-12-18,Caen,Toulouse,0.0,2.0,2.3,2.6,3.4,,,,,,,,
2004-12-18,Istres,St Etienne,0.0,2.0,2.5,2.75,2.87,,,,,,,,
2004-12-18,Lens,Bastia,2.0,1.0,1.72,2.87,5.0,,,,,,,,
2004-12-18,Monaco,Bordeaux,1.0,1.0,1.8,3.0,4.33,,,,,,,,
2004-12-18,Paris SG,Metz,3.0,0.0,1.66,3.0,5.5,,,,,,,,
2004-12-18,Strasbourg,Rennes,1.0,0.0,2.1,2.75,3.6,,,,,,,,
2004-12-19,Nantes,Sochaux,2.0,2.0,2.37,2.75,3.0,,,,,,,,
2005-01-11,Lille,Marseille,1.0,2.0,2.1,3.0,3.2,,,,,,,,
2005-01-12,Bastia,Nantes,0.0,0.0,2.1,3.0,3.2,,,,,,,,
2005-01-12,Caen,Paris SG,0.0,0.0,2.8,2.87,2.37,,,,,,,,
2005-01-12,Istres,Monaco,0.0,1.0,4.33,3.0,1.8,,,,,,,,
2005-01-12,Metz,Ajaccio,1.0,0.0,1.8,3.0,4.33,,,,,,,,
2005-01-12,Nice,Bordeaux,3.0,3.0,2.2,2.75,3.25,,,,,,,,
2005-01-12,Rennes,Auxerre,1.0,0.0,2.4,2.87,2.75,,,,,,,,
2005-01-12,Sochaux,Lyon,0.0,2.0,2.8,2.87,2.4,,,,,,,,
2005-01-12,St Etienne,Lens,0.0,0.0,2.0,3.0,3.4,,,,,,,,
2005-01-12,Toulouse,Strasbourg,2.0,0.0,1.66,3.25,4.5,,,,,,,,
2005-01-15,Ajaccio,Bastia,1.0,0.0,2.1,2.8,3.5,,,,,,,,
2005-01-15,Auxerre,Sochaux,2.0,0.0,1.8,3.0,4.33,,,,,,,,
2005-01-15,Bordeaux,Lille,1.0,3.0,2.2,2.75,3.4,,,,,,,,
2005-01-15,Lens,Istres,0.0,1.0,1.57,3.2,6.0,,,,,,,,
2005-01-15,Lyon,Metz,2.0,0.0,1.36,4.0,7.5,,,,,,,,
2005-01-15,Monaco,Caen,5.0,2.0,1.4,3.75,7.5,,,,,,,,
2005-01-15,Nantes,Rennes,2.0,0.0,2.0,2.87,3.75,,,,,,,,
2005-01-15,Paris SG,Toulouse,0.0,0.0,1.72,3.0,5.0,,,,,,,,
2005-01-15,Strasbourg,St Etienne,1.0,1.0,2.2,2.75,3.4,,,,,,,,
2005-01-16,Marseille,Nice,2.0,0.0,1.66,3.2,5.0,,,,,,,,
2005-01-22,Bastia,Nice,2.0,0.0,2.37,2.87,2.87,,,,,,,,
2005-01-22,Caen,Auxerre,0.0,2.0,2.8,2.9,2.4,,,,,,,,
2005-01-22,Istres,Strasbourg,1.0,1.0,2.37,2.87,2.87,,,,,,,,
2005-01-22,Metz,Marseille,0.0,1.0,2.7,2.87,2.5,,,,,,,,
2005-01-22,Monaco,Lens,2.0,0.0,1.5,3.4,6.5,,,,,,,,
2005-01-22,Rennes,Ajaccio,2.0,0.0,1.61,3.2,5.5,,,,,,,,
2005-01-22,Sochaux,Bordeaux,4.0,0.0,2.3,2.7,3.2,,,,,,,,
2005-01-22,St Etienne,Paris SG,0.0,0.0,2.5,2.7,2.87,,,,,,,,
2005-01-22,Toulouse,Nantes,2.0,1.0,1.83,3.0,4.2,,,,,,,,
2005-01-23,Lille,Lyon,2.0,1.0,2.62,2.75,2.7,,,,,,,,
2005-01-25,Marseille,Sochaux,0.0,2.0,1.72,3.2,4.5,,,,,,,,
2005-01-26,Ajaccio,Toulouse,1.0,0.0,2.5,2.89,2.7,,,,,,,,
2005-01-26,Auxerre,Bastia,4.0,1.0,1.5,3.5,6.0,,,,,,,,
2005-01-26,Bordeaux,Metz,1.0,0.0,1.72,3.2,4.33,,,,,,,,
2005-01-26,Lens,Caen,0.0,1.0,1.72,3.2,4.33,,,,,,,,
2005-01-26,Lyon,Rennes,2.0,1.0,1.3,4.33,8.5,,,,,,,,
2005-01-26,Nantes,St Etienne,0.0,0.0,2.25,2.87,3.0,,,,,,,,
2005-01-26,Nice,Lille,1.0,1.0,2.5,2.87,2.62,,,,,,,,
2005-01-26,Paris SG,Istres,2.0,2.0,1.44,3.5,7.0,,,,,,,,
2005-01-29,Caen,Lille,0.0,0.0,3.0,2.87,2.25,,,,,,,,
2005-01-29,Lens,Strasbourg,2.0,1.0,1.83,3.0,4.2,,,,,,,,
2005-01-29,Metz,Auxerre,3.0,0.0,2.62,3.0,2.5,,,,,,,,
2005-01-29,Rennes,Bordeaux,2.0,0.0,2.1,3.0,3.2,,,,,,,,
2005-01-29,Sochaux,Nice,0.0,0.0,1.66,3.39,4.5,,,,,,,,
2005-01-29,Toulouse,Marseille,1.0,3.0,2.37,3.0,2.75,,,,,,,,
2005-01-30,Istres,Nantes,0.0,1.0,2.5,2.87,2.75,,,,,,,,
2005-01-30,Monaco,Paris SG,2.0,0.0,1.8,3.0,4.33,,,,,,,,
2005-02-01,Bastia,Lyon,1.0,1.0,4.0,3.1,1.83,,,,,,,,
2005-02-05,Ajaccio,Istres,0.0,0.0,1.9,2.75,4.33,,,,,,,,
2005-02-05,Auxerre,St Etienne,2.0,2.0,1.66,3.2,5.0,,,,,,,,
2005-02-05,Bordeaux,Bastia,0.0,0.0,1.57,3.2,6.0,,,,,,,,
2005-02-05,Lille,Sochaux,0.0,0.0,1.8,3.0,4.33,,,,,,,,
2005-02-05,Lyon,Toulouse,4.0,0.0,1.5,3.4,6.5,,,,,,,,
2005-02-05,Marseille,Rennes,3.0,1.0,1.61,3.2,5.5,,,,,,,,
2005-02-05,Nantes,Monaco,0.0,0.0,3.0,3.0,2.25,,,,,,,,
2005-02-05,Nice,Metz,1.0,1.0,1.83,3.1,4.0,,,,,,,,
2005-02-05,Strasbourg,Caen,5.0,0.0,1.83,3.1,4.0,,,,,,,,
2005-02-06,Paris SG,Lens,0.0,2.0,1.72,3.25,4.33,,,,,,,,
2005-02-18,Monaco,Lyon,1.0,1.0,2.37,2.87,2.87,,,,,,,,
2005-02-19,Bastia,Marseille,0.0,1.0,3.0,3.0,2.25,,,,,,,,
2005-02-19,Caen,Ajaccio,2.0,2.0,2.2,2.8,3.25,,,,,,,,
2005-02-19,Lens,Nantes,2.0,0.0,1.9,2.9,4.0,,,,,,,,
2005-02-19,Rennes,Nice,4.0,1.0,1.72,3.1,4.75,,,,,,,,
2005-02-19,Strasbourg,Paris SG,3.0,1.0,2.5,2.62,3.0,,,,,,,,
2005-02-19,Toulouse,Bordeaux,1.0,0.0,2.2,2.7,3.4,,,,,,,,
2005-02-20,Istres,Auxerre,1.0,0.0,3.25,3.0,2.1,,,,,,,,
2005-02-20,Metz,Lille,1.0,1.0,2.62,2.8,2.62,,,,,,,,
2005-02-20,St Etienne,Sochaux,1.0,0.0,2.25,2.75,3.25,,,,,,,,
2005-02-26,Ajaccio,Lens,0.0,0.0,2.37,2.87,2.87,,,,,,,,
2005-02-26,Bordeaux,Caen,2.0,2.0,1.61,3.2,5.5,,,,,,,,
2005-02-26,Lyon,St Etienne,3.0,2.0,1.5,3.4,6.5,,,,,,,,
2005-02-26,Nantes,Strasbourg,2.0,1.0,2.0,3.0,3.5,,,,,,,,
2005-02-26,Nice,Monaco,2.0,1.0,3.0,2.75,2.37,,,,,,,,
2005-02-26,Paris SG,Bastia,1.0,0.0,1.61,3.1,5.5,,,,,,,,
2005-02-27,Lille,Rennes,0.0,0.0,1.57,3.25,6.0,,,,,,,,
2005-02-27,Marseille,Istres,1.0,1.0,1.36,3.75,8.5,,,,,,,,
2005-03-04,Caen,Lyon,1.0,0.0,4.2,3.0,1.83,,,,,,,,
2005-03-05,Bastia,Lille,3.0,1.0,2.87,2.87,2.4,,,,,,,,
2005-03-05,Istres,Bordeaux,0.0,1.0,2.7,2.87,2.5,,,,,,,,
2005-03-05,Lens,Auxerre,3.0,1.0,2.3,2.87,3.0,,,,,,,,
2005-03-05,Monaco,Metz,0.0,0.0,1.53,3.25,6.5,,,,,,,,
2005-03-05,Paris SG,Nantes,1.0,0.0,1.8,3.0,4.33,,,,,,,,
2005-03-05,Rennes,Sochaux,3.0,0.0,2.1,2.87,3.4,,,,,,,,
2005-03-05,Strasbourg,Ajaccio,1.0,0.0,1.8,3.0,4.33,,,,,,,,
2005-03-05,Toulouse,Nice,1.0,0.0,1.8,3.0,4.33,,,,,,,,
2005-03-06,St Etienne,Marseille,2.0,0.0,2.62,2.87,2.6,,,,,,,,
2005-03-12,Ajaccio,Paris SG,1.0,0.0,2.87,2.87,2.37,,,,,,,,
2005-03-12,Bordeaux,St Etienne,2.0,0.0,2.1,2.8,3.5,,,,,,,,
2005-03-12,Lyon,Istres,2.0,1.0,1.3,4.0,10.0,,,,,,,,
2005-03-12,Marseille,Lens,2.0,1.0,1.72,3.0,5.0,,,,,,,,
2005-03-12,Metz,Rennes,1.0,1.0,2.2,2.75,3.4,,,,,,,,
2005-03-12,Nantes,Caen,2.0,0.0,1.8,2.8,5.0,,,,,,,,
2005-03-12,Nice,Strasbourg,0.0,0.0,1.9,2.8,4.2,,,,,,,,
2005-03-12,Sochaux,Bastia,1.0,0.0,1.72,3.0,5.0,,,,,,,,
2005-03-13,Auxerre,Monaco,2.0,2.0,2.37,2.75,3.0,,,,,,,,
2005-03-13,Lille,Toulouse,1.0,1.0,1.8,3.0,4.33,,,,,,,,
2005-03-16,Sochaux,Metz,2.0,1.0,1.83,2.87,4.33,,,,,,,,
2005-03-16,St Etienne,Ajaccio,3.0,0.0,1.72,2.87,5.0,,,,,,,,
2005-03-16,Strasbourg,Monaco,0.0,0.0,3.0,2.87,2.25,,,,,,,,
2005-03-19,Bastia,Metz,1.0,0.0,2.1,2.75,3.6,,,,,,,,
2005-03-19,Caen,Rennes,2.0,2.0,2.3,2.8,3.1,,,,,,,,
2005-03-19,Istres,Nice,1.0,1.0,2.4,2.75,3.0,,,,,,,,
2005-03-19,Lens,Bordeaux,2.0,0.0,2.0,2.87,3.75,,,,,,,,
2005-03-19,Nantes,Ajaccio,0.0,0.0,1.72,3.0,5.0,,,,,,,,
2005-03-19,Strasbourg,Lyon,0.0,1.0,3.8,2.9,2.1,,,,,,,,
2005-03-19,Toulouse,Sochaux,0.0,0.0,1.9,2.8,4.2,,,,,,,,
2005-03-20,Monaco,Marseille,2.0,1.0,2.2,2.8,3.75,,,,,,,,
2005-03-20,Paris SG,Auxerre,1.0,0.0,2.2,2.87,3.2,,,,,,,,
2005-03-20,St Etienne,Lille,0.0,0.0,2.37,2.75,3.0,,,,,,,,
2005-04-02,Ajaccio,Monaco,3.0,0.0,3.1,2.75,2.3,,,,,,,,
2005-04-02,Auxerre,Nantes,2.0,1.0,1.72,3.0,4.75,,,,,,,,
2005-04-02,Bordeaux,Strasbourg,0.0,2.0,1.8,2.87,4.5,,,,,,,,
2005-04-02,Lille,Istres,8.0,0.0,1.44,3.5,7.0,,,,,,,,
2005-04-02,Lyon,Lens,1.0,0.0,1.5,3.4,6.0,,,,,,,,
2005-04-02,Metz,Toulouse,0.0,1.0,2.4,2.7,3.0,,,,,,,,
2005-04-02,Nice,St Etienne,2.0,0.0,2.37,2.7,3.0,,,,,,,,
2005-04-02,Rennes,Bastia,1.0,0.0,1.61,3.2,5.5,,,,,,,,
2005-04-02,Sochaux,Caen,1.0,0.0,1.61,3.25,5.0,,,,,,,,
2005-04-03,Marseille,Paris SG,1.0,1.0,1.83,3.0,4.2,,,,,,,,
2005-04-09,Caen,Metz,0.0,1.0,2.25,2.75,3.25,,,,,,,,
2005-04-09,Istres,Sochaux,2.0,0.0,3.25,2.75,2.25,,,,,,,,
2005-04-09,Lens,Nice,0.0,0.0,1.72,3.0,4.5,,,,,,,,
2005-04-09,Nantes,Lyon,2.0,2.0,3.0,2.75,2.37,,,,,,,,
2005-04-09,Paris SG,Bordeaux,1.0,1.0,1.8,3.0,4.33,,,,,,,,
2005-04-09,St Etienne,Bastia,3.0,0.0,1.66,3.2,5.0,,,,,,,,
2005-04-09,Strasbourg,Marseille,1.0,0.0,2.62,2.87,2.6,,,,,,,,
2005-04-09,Toulouse,Rennes,0.0,2.0,1.83,3.0,4.2,,,,,,,,
2005-04-10,Ajaccio,Auxerre,4.0,3.0,2.6,2.87,2.62,,,,,,,,
2005-04-16,Bastia,Toulouse,2.0,1.0,2.3,2.75,3.2,,,,,,,,
2005-04-16,Bordeaux,Nantes,0.0,2.0,1.9,2.8,4.2,,,,,,,,
2005-04-16,Lille,Lens,2.0,1.0,1.83,2.87,4.5,,,,,,,,
2005-04-16,Marseille,Ajaccio,1.0,2.0,1.5,3.6,7.5,,,,,,,,
2005-04-16,Metz,Istres,2.0,1.0,1.66,3.2,5.0,,,,,,,,
2005-04-16,Nice,Caen,0.0,1.0,1.8,2.87,4.5,,,,,,,,
2005-04-16,Rennes,St Etienne,2.0,2.0,1.72,2.9,5.0,,,,,,,,
2005-04-16,Sochaux,Monaco,1.0,1.0,2.5,2.87,2.7,,,,,,,,
2005-04-17,Auxerre,Strasbourg,0.0,0.0,1.66,3.2,5.0,,,,,,,,
2005-04-17,Lyon,Paris SG,0.0,1.0,1.66,3.2,6.0,,,,,,,,
2005-04-22,Paris SG,Nice,3.0,1.0,1.66,3.2,5.0,,,,,,,,
2005-04-23,Ajaccio,Bordeaux,0.0,0.0,2.1,2.8,3.5,,,,,,,,
2005-04-23,Caen,Bastia,0.0,1.0,2.0,3.0,3.5,,,,,,,,
2005-04-23,Istres,Rennes,0.0,2.0,2.87,2.87,2.4,,,,,,,,
2005-04-23,Lens,Sochaux,3.0,2.0,1.9,3.1,3.6,,,,,,,,
2005-04-23,Monaco,Toulouse,2.0,1.0,1.57,3.25,5.0,,,,,,,,
2005-04-23,Nantes,Marseille,2.0,2.0,2.62,2.9,2.8,,,,,,,,
2005-04-23,St Etienne,Metz,0.0,0.0,1.8,3.0,4.33,,,,,,,,
2005-04-23,Strasbourg,Lille,1.0,2.0,2.6,2.87,2.62,,,,,,,,
2005-04-24,Auxerre,Lyon,0.0,3.0,2.7,2.8,2.8,,,,,,,,
2005-04-29,Auxerre,Toulouse,3.0,2.0,1.66,3.1,5.0,,,,,,,,
2005-05-01,Monaco,Lille,2.0,0.0,1.9,2.75,4.2,,,,,,,,
2005-05-06,Bordeaux,Auxerre,0.0,0.0,2.25,3.1,2.87,,,,,,,,
2005-05-07,Bastia,Istres,2.0,0.0,1.4,3.75,7.0,,,,,,,,
2005-05-07,Lille,Paris SG,1.0,0.0,1.9,3.1,3.75,,,,,,,,
2005-05-07,Marseille,Caen,2.0,3.0,1.44,3.75,6.5,,,,,,,,
2005-05-07,Metz,Lens,1.0,1.0,2.2,2.87,3.2,,,,,,,,
2005-05-07,Nice,Nantes,0.0,0.0,2.25,2.8,3.2,,,,,,,,
2005-05-07,Rennes,Monaco,0.0,0.0,2.5,2.87,3.0,,,,,,,,
2005-05-07,Sochaux,Strasbourg,1.0,2.0,1.83,3.1,4.0,,,,,,,,
2005-05-07,Toulouse,St Etienne,0.0,2.0,2.2,2.87,3.2,,,,,,,,
2005-05-08,Lyon,Ajaccio,2.0,1.0,1.44,3.75,8.5,,,,,,,,
2005-05-14,Ajaccio,Nice,0.0,1.0,2.1,2.8,3.4,,,,,,,,
2005-05-14,Auxerre,Marseille,0.0,0.0,2.25,3.0,3.3,,,,,,,,
2005-05-14,Caen,St Etienne,2.0,0.0,2.37,2.8,2.87,,,,,,,,
2005-05-14,Istres,Toulouse,1.0,0.0,3.0,3.0,2.2,,,,,,,,
2005-05-14,Lens,Rennes,5.0,2.0,2.25,2.87,3.0,,,,,,,,
2005-05-14,Monaco,Bastia,5.0,2.0,1.5,3.6,5.5,,,,,,,,
2005-05-14,Nantes,Lille,1.0,3.0,2.5,2.87,2.7,,,,,,,,
2005-05-14,Paris SG,Sochaux,2.0,2.0,1.72,3.2,4.33,,,,,,,,
2005-05-14,Strasbourg,Metz,3.0,1.0,2.1,2.62,3.75,,,,,,,,
2005-05-15,Lyon,Bordeaux,5.0,1.0,1.61,3.4,6.0,,,,,,,,
2005-05-21,Bastia,Lens,3.0,1.0,1.9,3.2,3.5,,,,,,,,
2005-05-21,Bordeaux,Monaco,1.0,1.0,2.62,2.87,2.5,,,,,,,,
2005-05-21,Lille,Ajaccio,0.0,2.0,1.57,3.25,5.5,,,,,,,,
2005-05-21,Marseille,Lyon,0.0,1.0,2.2,2.8,3.2,,,,,,,,
2005-05-21,Metz,Paris SG,3.0,2.0,2.2,3.0,3.0,,,,,,,,
2005-05-21,Nice,Auxerre,1.0,0.0,2.4,2.87,2.8,,,,,,,,
2005-05-21,Rennes,Strasbourg,4.0,0.0,1.57,3.25,5.5,,,,,,,,
2005-05-21,Sochaux,Nantes,1.0,0.0,2.25,3.2,2.75,,,,,,,,
2005-05-21,St Etienne,Istres,2.0,0.0,1.44,3.5,7.0,,,,,,,,
2005-05-21,Toulouse,Caen,2.0,3.0,2.62,3.2,2.4,,,,,,,,
2005-05-28,Ajaccio,Sochaux,3.0,1.0,1.57,3.4,5.5,,,,,,,,
2005-05-28,Auxerre,Lille,1.0,3.0,2.62,2.75,2.7,,,,,,,,
2005-05-28,Bordeaux,Marseille,3.0,3.0,2.37,2.75,3.0,,,,,,,,
2005-05-28,Istres,Caen,3.0,2.0,5.0,3.5,1.57,,,,,,,,
2005-05-28,Lens,Toulouse,1.0,0.0,1.61,3.25,5.0,,,,,,,,
2005-05-28,Lyon,Nice,0.0,0.0,1.36,4.0,7.0,,,,,,,,
2005-05-28,Monaco,St Etienne,1.0,1.0,1.61,3.5,4.5,,,,,,,,
2005-05-28,Nantes,Metz,1.0,0.0,1.61,3.3,5.0,,,,,,,,
2005-05-28,Paris SG,Rennes,1.0,0.0,2.4,2.8,2.87,,,,,,,,
2005-05-28,Strasbourg,Bastia,2.0,0.0,3.2,3.5,1.9,,,,,,,,
2005-07-29,Paris SG,Metz,4.0,1.0,1.5,3.4,6.5,2.11,1.62,16.0,11.0,9.0,7.0,,
2005-07-30,Lille,Rennes,1.0,0.0,1.8,3.0,4.33,2.24,1.54,14.0,8.0,5.0,5.0,,
2005-07-30,Marseille,Bordeaux,0.0,2.0,1.72,3.2,4.5,2.23,1.55,7.0,9.0,3.0,4.0,,
2005-07-30,Nancy,Monaco,0.0,1.0,3.75,3.1,1.9,2.22,1.55,10.0,5.0,6.0,3.0,,
2005-07-30,Nantes,Lens,2.0,0.0,2.25,3.0,3.0,2.3,1.52,10.0,10.0,3.0,3.0,,
2005-07-30,Nice,Troyes,1.0,1.0,1.66,3.2,5.0,2.2,1.56,13.0,5.0,6.0,5.0,,
2005-07-30,Sochaux,Toulouse,0.0,1.0,2.0,3.0,3.5,2.19,1.56,14.0,7.0,7.0,4.0,,
2005-07-30,St Etienne,Ajaccio,0.0,0.0,1.66,3.2,5.0,2.17,1.58,10.0,5.0,6.0,3.0,,
2005-07-30,Strasbourg,Auxerre,0.0,0.0,2.2,2.87,3.2,2.11,1.61,15.0,5.0,3.0,0.0,,
2005-07-31,Le Mans,Lyon,1.0,2.0,4.33,3.0,1.8,2.13,1.59,11.0,6.0,4.0,3.0,,
2005-08-06,Ajaccio,Lille,3.0,3.0,2.62,3.0,2.5,2.37,1.49,17.0,10.0,6.0,6.0,,
2005-08-06,Bordeaux,Nancy,1.0,0.0,1.61,3.4,5.0,2.23,1.54,7.0,9.0,6.0,4.0,,
2005-08-06,Lens,Marseille,2.0,0.0,2.4,2.87,2.87,2.3,1.52,15.0,3.0,7.0,2.0,,
2005-08-06,Metz,Le Mans,0.0,0.0,1.9,3.1,3.75,2.25,1.54,9.0,14.0,6.0,8.0,,
2005-08-06,Monaco,Auxerre,0.0,2.0,1.72,3.2,4.5,2.14,1.6,10.0,11.0,3.0,5.0,,
2005-08-06,Sochaux,Paris SG,0.0,1.0,2.62,3.0,2.5,2.13,1.6,11.0,6.0,7.0,3.0,,
2005-08-06,Toulouse,Nice,0.0,2.0,1.9,3.0,3.75,2.27,1.52,8.0,7.0,2.0,4.0,,
2005-08-06,Troyes,St Etienne,0.0,0.0,2.5,3.0,2.62,2.23,1.54,8.0,13.0,4.0,3.0,,
2005-08-07,Lyon,Strasbourg,1.0,0.0,1.4,3.75,7.5,1.97,1.69,6.0,6.0,3.0,3.0,,
2005-08-07,Rennes,Nantes,0.0,3.0,1.8,3.0,4.33,2.26,1.53,10.0,11.0,6.0,8.0,,
2005-08-13,Auxerre,Bordeaux,1.0,0.0,2.0,3.0,3.5,2.28,1.53,12.0,7.0,7.0,3.0,,
2005-08-13,Le Mans,Rennes,4.0,0.0,2.4,2.87,2.8,2.28,1.52,17.0,8.0,9.0,1.0,,
2005-08-13,Lille,Troyes,1.0,2.0,1.61,3.3,5.0,2.17,1.59,12.0,8.0,6.0,5.0,,
2005-08-13,Nancy,Lens,1.0,2.0,2.6,2.75,2.7,2.27,1.53,8.0,10.0,4.0,6.0,,
2005-08-13,Nantes,Ajaccio,0.0,2.0,1.72,3.1,4.5,2.22,1.56,10.0,13.0,3.0,4.0,,
2005-08-13,Nice,Sochaux,1.0,2.0,1.83,3.0,4.2,2.32,1.51,8.0,7.0,1.0,6.0,,
2005-08-13,Paris SG,Toulouse,2.0,0.0,1.53,3.3,6.0,2.06,1.66,16.0,6.0,9.0,1.0,,
2005-08-13,St Etienne,Metz,2.0,0.0,1.8,3.0,4.33,2.25,1.55,10.0,8.0,4.0,4.0,,
2005-08-14,Marseille,Lyon,1.0,1.0,3.0,2.87,2.3,2.2,1.56,11.0,7.0,3.0,3.0,,
2005-08-14,Strasbourg,Monaco,1.0,2.0,2.75,3.0,2.62,2.32,1.51,12.0,14.0,4.0,6.0,,
2005-08-20,Ajaccio,Le Mans,0.0,0.0,1.9,2.87,4.2,2.27,1.52,15.0,10.0,7.0,5.0,,
2005-08-20,Bordeaux,Monaco,1.0,0.0,2.37,2.87,2.87,2.31,1.51,9.0,4.0,6.0,2.0,,
2005-08-20,Lens,Auxerre,7.0,0.0,2.1,2.87,3.4,2.24,1.54,14.0,8.0,13.0,5.0,,
2005-08-20,Lyon,Nancy,1.0,0.0,1.28,4.2,10.0,1.91,1.79,10.0,7.0,5.0,3.0,,
2005-08-20,Metz,Strasbourg,0.0,0.0,2.3,2.87,3.0,2.28,1.52,15.0,12.0,4.0,3.0,,
2005-08-20,Nice,Nantes,1.0,1.0,2.2,2.87,3.2,2.37,1.48,11.0,8.0,8.0,2.0,,
2005-08-20,Rennes,Marseille,3.0,2.0,2.5,2.87,2.75,2.14,1.59,15.0,8.0,10.0,5.0,,
2005-08-20,Sochaux,Lille,0.0,0.0,2.4,2.87,2.87,2.23,1.54,11.0,10.0,5.0,2.0,,
2005-08-21,Toulouse,St Etienne,1.0,1.0,2.2,2.87,3.2,2.34,1.5,6.0,8.0,3.0,3.0,,
2005-08-21,Troyes,Paris SG,1.0,1.0,3.75,2.87,2.0,2.15,1.59,8.0,8.0,6.0,4.0,,
2005-08-24,Lille,Toulouse,0.0,0.0,1.8,2.87,4.5,2.18,1.58,12.0,4.0,4.0,2.0,,
2005-08-27,Le Mans,Troyes,1.0,0.0,2.1,2.8,3.5,2.21,1.56,15.0,8.0,7.0,2.0,,
2005-08-27,Marseille,Ajaccio,1.0,1.0,1.66,3.2,5.0,2.13,1.6,15.0,8.0,6.0,6.0,,
2005-08-27,Nancy,Rennes,6.0,0.0,2.3,2.87,3.0,2.3,1.52,18.0,9.0,8.0,3.0,,
2005-08-27,Nantes,Metz,0.0,0.0,1.83,3.0,4.2,2.32,1.51,10.0,5.0,4.0,2.0,,
2005-08-27,Paris SG,Nice,1.0,2.0,1.5,3.4,6.5,2.06,1.66,6.0,5.0,3.0,2.0,,
2005-08-27,St Etienne,Sochaux,0.0,0.0,1.9,2.9,4.0,2.36,1.5,12.0,7.0,4.0,4.0,,
2005-08-27,Strasbourg,Bordeaux,0.0,0.0,2.3,2.87,3.0,2.43,1.47,8.0,12.0,1.0,3.0,,
2005-08-28,Auxerre,Lyon,0.0,2.0,3.0,2.87,2.3,2.19,1.57,9.0,9.0,2.0,5.0,,
2005-08-28,Monaco,Lens,0.0,0.0,1.83,3.25,4.5,2.13,1.6,11.0,3.0,3.0,1.0,,
2005-09-10,Ajaccio,Nancy,1.0,0.0,1.9,2.9,4.0,2.29,1.53,6.0,10.0,2.0,0.0,,
2005-09-10,Lyon,Monaco,2.0,1.0,1.8,3.0,4.33,2.2,1.57,14.0,8.0,7.0,3.0,,
2005-09-10,Metz,Lille,0.0,2.0,2.6,2.87,2.6,2.47,1.46,11.0,18.0,4.0,7.0,,
2005-09-10,Nice,St Etienne,0.0,1.0,2.2,2.87,3.2,2.42,1.47,13.0,5.0,6.0,2.0,,
2005-09-10,Paris SG,Strasbourg,1.0,0.0,1.53,3.4,6.0,2.09,1.63,13.0,4.0,8.0,2.0,,
2005-09-10,Rennes,Auxerre,3.0,1.0,2.37,2.87,2.87,2.09,1.62,10.0,8.0,7.0,2.0,,
2005-09-10,Toulouse,Le Mans,0.0,2.0,1.9,2.9,4.0,2.39,1.49,16.0,7.0,8.0,5.0,,
2005-09-10,Troyes,Nantes,1.0,0.0,2.25,2.8,3.2,2.34,1.5,4.0,10.0,1.0,4.0,,
2005-09-11,Lens,Bordeaux,1.0,1.0,1.9,3.0,3.8,2.3,1.51,12.0,6.0,5.0,4.0,,
2005-09-11,Sochaux,Marseille,0.0,1.0,2.4,2.9,2.8,2.28,1.53,8.0,11.0,2.0,4.0,,
2005-09-17,Bordeaux,Lyon,1.0,1.0,3.5,2.87,2.1,2.33,1.52,12.0,3.0,6.0,2.0,,
2005-09-17,Le Mans,Sochaux,2.0,1.0,2.2,2.75,3.4,2.38,1.49,11.0,13.0,6.0,6.0,,
2005-09-17,Lille,Nice,4.0,0.0,1.72,3.2,4.5,2.34,1.51,12.0,5.0,8.0,4.0,,
2005-09-17,Nancy,Metz,1.0,1.0,1.9,3.0,3.8,2.4,1.49,17.0,15.0,5.0,4.0,,
2005-09-17,Nantes,Toulouse,2.0,0.0,2.0,2.75,4.0,2.37,1.49,7.0,7.0,5.0,5.0,,
2005-09-18,Auxerre,Ajaccio,2.0,0.0,1.83,3.0,4.33,2.29,1.52,8.0,3.0,7.0,0.0,,
2005-09-18,Marseille,Troyes,2.0,1.0,1.61,3.4,5.0,2.21,1.57,12.0,3.0,5.0,2.0,,
2005-09-18,Monaco,Rennes,0.0,2.0,1.57,3.4,5.5,2.12,1.62,6.0,6.0,2.0,2.0,,
2005-09-18,St Etienne,Paris SG,3.0,0.0,2.62,2.8,2.62,2.42,1.48,13.0,9.0,8.0,3.0,,
2005-09-18,Strasbourg,Lens,1.0,1.0,2.62,2.8,2.62,2.36,1.5,12.0,3.0,5.0,1.0,,
2005-09-21,Ajaccio,Strasbourg,0.0,0.0,2.0,2.75,4.0,2.43,1.47,10.0,8.0,5.0,2.0,,
2005-09-21,Metz,Auxerre,1.0,2.0,2.37,2.87,2.87,2.29,1.53,19.0,16.0,6.0,5.0,,
2005-09-21,Nice,Le Mans,1.0,0.0,2.2,2.87,3.2,2.31,1.53,11.0,7.0,4.0,2.0,,
2005-09-21,Paris SG,Lille,2.0,1.0,1.9,2.9,4.0,2.21,1.57,8.0,17.0,2.0,5.0,,
2005-09-21,Rennes,Bordeaux,2.0,2.0,2.25,2.8,3.2,2.2,1.57,7.0,14.0,3.0,5.0,,
2005-09-21,Sochaux,Nantes,1.0,0.0,2.2,2.87,3.2,2.39,1.49,10.0,3.0,3.0,0.0,,
2005-09-21,St Etienne,Nancy,0.0,2.0,1.61,3.2,5.5,2.28,1.54,9.0,9.0,4.0,5.0,,
2005-09-21,Toulouse,Marseille,1.0,0.0,2.8,2.9,2.4,2.3,1.53,12.0,27.0,4.0,4.0,,
2005-09-21,Troyes,Monaco,1.0,2.0,2.62,2.8,2.62,2.26,1.54,8.0,13.0,4.0,5.0,,
2005-09-22,Lyon,Lens,1.0,1.0,1.61,3.2,5.5,2.1,1.63,14.0,8.0,8.0,4.0,,
2005-09-24,Auxerre,Sochaux,3.0,0.0,1.83,2.87,4.5,2.21,1.56,8.0,7.0,5.0,6.0,,
2005-09-24,Bordeaux,Ajaccio,1.0,0.0,1.66,3.2,5.0,2.42,1.47,10.0,7.0,3.0,3.0,,
2005-09-24,Le Mans,Paris SG,0.0,0.0,2.87,2.87,2.37,2.19,1.57,6.0,4.0,2.0,2.0,,
2005-09-24,Lille,St Etienne,2.0,0.0,1.9,3.0,3.8,2.34,1.51,9.0,11.0,5.0,4.0,,
2005-09-24,Marseille,Metz,3.0,1.0,1.57,3.4,5.5,2.17,1.58,12.0,8.0,4.0,3.0,,
2005-09-24,Monaco,Nice,0.0,0.0,1.66,3.4,4.5,2.18,1.58,10.0,5.0,3.0,2.0,,
2005-09-24,Nancy,Troyes,2.0,1.0,2.0,3.0,3.5,2.26,1.54,14.0,7.0,5.0,3.0,,
2005-09-24,Strasbourg,Toulouse,2.0,4.0,2.0,3.0,3.25,2.48,1.45,18.0,8.0,11.0,5.0,,
2005-09-25,Lens,Rennes,0.0,0.0,1.8,3.0,4.33,2.12,1.62,26.0,4.0,5.0,1.0,,
2005-09-25,Nantes,Lyon,0.0,1.0,3.8,3.0,1.9,2.25,1.55,13.0,6.0,10.0,3.0,,
2005-10-01,Metz,Bordeaux,0.0,1.0,2.75,2.87,2.5,2.36,1.5,9.0,11.0,1.0,3.0,,
2005-10-01,Paris SG,Nantes,2.0,0.0,1.66,3.2,5.0,2.22,1.56,24.0,8.0,9.0,0.0,,
2005-10-01,Sochaux,Nancy,0.0,2.0,1.9,3.0,3.8,2.35,1.5,11.0,10.0,6.0,5.0,,
2005-10-01,St Etienne,Le Mans,3.0,0.0,1.8,3.0,4.33,2.38,1.49,7.0,6.0,3.0,2.0,,
2005-10-02,Lille,Monaco,0.0,1.0,2.4,2.87,3.2,2.31,1.53,14.0,9.0,6.0,5.0,,
2005-10-02,Nice,Marseille,0.0,1.0,2.37,2.87,2.87,2.33,1.51,10.0,10.0,3.0,4.0,,
2005-10-02,Rennes,Lyon,1.0,3.0,3.25,3.0,2.1,2.17,1.59,6.0,12.0,2.0,7.0,,
2005-10-02,Toulouse,Auxerre,2.0,0.0,2.37,2.87,2.87,2.31,1.52,11.0,7.0,4.0,4.0,,
2005-10-02,Troyes,Strasbourg,1.0,1.0,2.1,2.8,3.5,2.36,1.5,6.0,6.0,2.0,4.0,,
2005-10-15,Auxerre,Troyes,3.0,0.0,1.66,3.2,5.0,2.14,1.6,12.0,6.0,7.0,3.0,,
2005-10-15,Bordeaux,Sochaux,1.0,1.0,1.66,3.2,5.0,2.32,1.52,11.0,4.0,8.0,2.0,,
2005-10-15,Le Mans,Lille,1.0,1.0,2.5,2.87,2.75,2.33,1.51,14.0,8.0,8.0,5.0,,
2005-10-15,Lens,Nice,2.0,2.0,1.72,3.0,5.0,2.32,1.52,8.0,10.0,7.0,6.0,,
2005-10-15,Monaco,Metz,3.0,0.0,1.44,3.75,6.5,2.15,1.6,9.0,5.0,5.0,2.0,,
2005-10-15,Nancy,Toulouse,2.0,0.0,2.25,2.8,3.2,2.28,1.53,14.0,8.0,4.0,2.0,,
2005-10-15,Nantes,St Etienne,1.0,1.0,2.37,2.87,2.87,2.45,1.47,17.0,13.0,8.0,4.0,,
2005-10-15,Strasbourg,Rennes,0.0,1.0,2.25,2.8,3.2,2.23,1.55,8.0,3.0,5.0,1.0,,
2005-10-16,Lyon,Ajaccio,3.0,2.0,1.33,4.0,9.0,1.99,1.72,8.0,9.0,5.0,8.0,,
2005-10-16,Marseille,Paris SG,1.0,0.0,2.37,2.75,3.0,2.26,1.54,31.0,8.0,6.0,2.0,,
2005-10-22,Lille,Nantes,2.0,0.0,1.8,3.0,4.33,2.35,1.5,11.0,10.0,4.0,4.0,,
2005-10-22,Metz,Lyon,0.0,4.0,5.0,3.2,1.66,2.06,1.66,10.0,9.0,4.0,6.0,,
2005-10-22,Nice,Auxerre,1.0,0.0,2.37,2.87,2.87,2.18,1.58,11.0,11.0,4.0,5.0,,
2005-10-22,Paris SG,Nancy,1.0,0.0,1.53,3.4,6.0,2.05,1.67,11.0,6.0,4.0,2.0,,
2005-10-22,Toulouse,Bordeaux,1.0,1.0,2.5,2.87,2.75,2.4,1.48,7.0,7.0,3.0,3.0,,
2005-10-23,Ajaccio,Rennes,0.0,1.0,2.25,2.8,3.2,2.22,1.56,10.0,5.0,4.0,2.0,,
2005-10-23,Le Mans,Strasbourg,2.0,0.0,2.1,2.8,3.5,2.38,1.49,5.0,8.0,3.0,5.0,,
2005-10-23,Sochaux,Monaco,2.0,1.0,2.75,2.87,2.5,2.34,1.51,12.0,12.0,5.0,6.0,,
2005-10-23,St Etienne,Marseille,2.0,1.0,2.37,2.87,2.87,2.33,1.51,11.0,14.0,5.0,5.0,,
2005-10-23,Troyes,Lens,1.0,1.0,2.6,2.87,2.6,2.31,1.52,8.0,12.0,6.0,7.0,,
2005-10-29,Bordeaux,Troyes,2.0,0.0,1.57,3.25,6.0,2.23,1.55,14.0,6.0,6.0,2.0,,
2005-10-29,Lens,Toulouse,1.0,0.0,1.83,3.0,4.33,2.19,1.57,9.0,3.0,3.0,1.0,,
2005-10-29,Lyon,Sochaux,1.0,0.0,1.36,4.0,7.5,1.95,1.76,22.0,11.0,6.0,3.0,,
2005-10-29,Marseille,Lille,1.0,1.0,1.9,2.9,4.0,2.25,1.54,15.0,12.0,5.0,4.0,,
2005-10-29,Monaco,Ajaccio,3.0,0.0,1.5,3.5,6.0,2.16,1.59,9.0,6.0,7.0,4.0,,
2005-10-29,Nantes,Le Mans,1.0,0.0,2.0,2.75,4.0,2.39,1.48,10.0,7.0,3.0,2.0,,
2005-10-29,Rennes,Metz,2.0,1.0,1.61,3.2,5.5,2.0,1.69,12.0,11.0,9.0,3.0,,
2005-10-29,Strasbourg,St Etienne,0.0,1.0,2.5,2.87,2.75,2.37,1.48,22.0,9.0,10.0,6.0,,
2005-10-30,Auxerre,Paris SG,2.0,0.0,2.5,2.87,2.75,2.23,1.56,12.0,12.0,3.0,4.0,,
2005-10-30,Nancy,Nice,0.0,0.0,2.1,2.8,3.5,2.29,1.54,8.0,10.0,3.0,5.0,,
2005-11-05,Le Mans,Marseille,3.0,0.0,2.5,2.87,2.75,2.3,1.52,13.0,10.0,5.0,5.0,,
2005-11-05,Metz,Ajaccio,2.0,0.0,2.37,2.87,2.87,2.38,1.49,12.0,11.0,4.0,1.0,,
2005-11-05,Nantes,Nancy,3.0,0.0,2.0,2.75,4.0,2.43,1.47,12.0,9.0,7.0,4.0,,
2005-11-05,Nice,Bordeaux,0.0,1.0,2.6,2.87,2.6,2.46,1.45,7.0,7.0,4.0,4.0,,
2005-11-05,St Etienne,Auxerre,1.0,1.0,2.1,2.87,3.4,2.23,1.56,13.0,8.0,5.0,4.0,,
2005-11-05,Toulouse,Lyon,0.0,1.0,4.33,3.0,1.83,2.13,1.6,13.0,9.0,5.0,4.0,,
2005-11-06,Lille,Strasbourg,2.0,0.0,1.57,3.4,5.5,2.25,1.54,12.0,7.0,4.0,0.0,,
2005-11-06,Paris SG,Monaco,0.0,0.0,2.05,3.0,4.0,2.15,1.59,10.0,13.0,2.0,3.0,,
2005-11-06,Sochaux,Lens,1.0,1.0,2.5,2.87,3.0,2.39,1.48,6.0,11.0,3.0,4.0,,
2005-11-06,Troyes,Rennes,2.0,1.0,2.4,2.9,2.8,2.28,1.53,17.0,12.0,7.0,5.0,,
2005-11-11,Ajaccio,Lens,0.0,0.0,2.6,2.75,2.75,2.43,1.47,10.0,5.0,4.0,3.0,,
2005-11-19,Ajaccio,Sochaux,0.0,1.0,2.2,2.87,3.2,2.5,1.45,13.0,7.0,3.0,4.0,,
2005-11-19,Auxerre,Lille,3.0,2.0,2.1,2.8,3.5,2.34,1.5,9.0,10.0,5.0,5.0,,
2005-11-19,Lens,Metz,0.0,0.0,1.5,3.4,6.5,2.07,1.65,14.0,6.0,9.0,1.0,,
2005-11-19,Lyon,Troyes,2.0,1.0,1.25,5.0,9.0,1.9,1.81,11.0,5.0,5.0,2.0,,
2005-11-19,Marseille,Nantes,2.0,1.0,1.72,3.2,4.5,2.38,1.49,17.0,6.0,10.0,3.0,,
2005-11-19,Monaco,St Etienne,1.0,0.0,1.9,2.9,4.0,2.37,1.49,11.0,2.0,4.0,0.0,,
2005-11-19,Nancy,Le Mans,1.0,0.0,2.1,2.8,3.5,2.36,1.49,12.0,4.0,7.0,1.0,,
2005-11-19,Strasbourg,Nice,0.0,0.0,2.4,2.9,2.8,2.42,1.47,17.0,9.0,7.0,3.0,,
2005-11-20,Bordeaux,Paris SG,0.0,2.0,2.2,2.87,3.4,2.42,1.47,9.0,8.0,3.0,4.0,,
2005-11-20,Rennes,Toulouse,4.0,1.0,1.8,3.0,4.5,2.11,1.62,10.0,9.0,9.0,2.0,,
2005-11-25,Le Mans,Auxerre,0.0,2.0,2.5,2.87,2.75,2.25,1.54,16.0,10.0,7.0,4.0,,
2005-11-26,Lille,Nancy,1.0,0.0,1.72,3.0,5.0,2.33,1.51,11.0,6.0,9.0,4.0,,
2005-11-26,Nice,Lyon,1.0,1.0,4.33,3.0,1.8,2.28,1.53,3.0,9.0,2.0,7.0,,
2005-11-26,Sochaux,Rennes,1.0,0.0,2.25,2.8,3.2,2.26,1.54,8.0,7.0,2.0,1.0,,
2005-11-26,St Etienne,Bordeaux,1.0,1.0,2.3,2.8,3.1,2.49,1.44,12.0,14.0,3.0,4.0,,
2005-11-26,Toulouse,Ajaccio,3.0,0.0,1.9,2.9,4.0,2.39,1.48,8.0,12.0,4.0,6.0,,
2005-11-26,Troyes,Metz,0.0,0.0,2.0,2.87,3.6,2.24,1.54,13.0,7.0,6.0,4.0,,
2005-11-27,Marseille,Monaco,2.0,1.0,2.25,2.8,3.2,2.23,1.55,18.0,10.0,7.0,4.0,,
2005-11-27,Nantes,Strasbourg,4.0,3.0,1.8,3.0,4.33,2.45,1.46,10.0,11.0,6.0,5.0,,
2005-11-27,Paris SG,Lens,3.0,4.0,1.72,3.0,5.0,2.3,1.52,16.0,10.0,11.0,5.0,,
2005-12-03,Ajaccio,Troyes,0.0,1.0,2.2,2.87,3.2,2.5,1.43,13.0,13.0,2.0,6.0,,
2005-12-03,Auxerre,Nantes,4.0,0.0,1.66,3.2,5.0,2.17,1.58,11.0,7.0,7.0,3.0,,
2005-12-03,Bordeaux,Lille,1.0,0.0,1.9,3.0,3.8,2.46,1.45,10.0,4.0,4.0,1.0,,
2005-12-03,Lyon,Paris SG,2.0,0.0,1.72,3.2,4.5,2.2,1.56,14.0,4.0,5.0,3.0,,
2005-12-03,Metz,Toulouse,2.0,2.0,2.4,2.9,2.8,2.45,1.45,8.0,9.0,4.0,4.0,,
2005-12-03,Monaco,Le Mans,2.0,0.0,1.61,3.2,5.5,2.24,1.55,10.0,6.0,4.0,1.0,,
2005-12-03,Strasbourg,Sochaux,0.0,0.0,2.5,2.87,2.75,2.5,1.44,15.0,4.0,9.0,1.0,,
2005-12-04,Lens,St Etienne,2.0,1.0,2.0,2.75,4.0,2.37,1.49,16.0,16.0,7.0,4.0,,
2005-12-04,Nancy,Marseille,1.0,1.0,2.5,2.87,2.75,2.32,1.51,6.0,10.0,2.0,3.0,,
2005-12-04,Rennes,Nice,1.0,0.0,1.83,3.0,4.33,2.18,1.57,10.0,8.0,4.0,3.0,,
2005-12-10,Le Mans,Bordeaux,1.0,0.0,2.5,2.87,2.75,2.51,1.44,16.0,13.0,7.0,6.0,,
2005-12-10,Lille,Lens,0.0,0.0,2.3,2.87,3.4,2.4,1.48,12.0,12.0,1.0,4.0,,
2005-12-10,Marseille,Auxerre,1.0,0.0,2.2,2.87,3.6,2.16,1.59,11.0,3.0,3.0,3.0,,
2005-12-10,Nancy,Strasbourg,1.0,2.0,1.8,3.0,4.33,2.4,1.48,17.0,5.0,7.0,3.0,,
2005-12-10,Nice,Ajaccio,1.0,0.0,1.72,3.0,5.0,2.41,1.48,8.0,6.0,2.0,3.0,,
2005-12-10,Paris SG,Rennes,2.0,0.0,1.7,3.25,5.5,2.18,1.58,15.0,7.0,8.0,4.0,,
2005-12-10,Sochaux,Metz,1.0,1.0,1.8,3.0,4.33,2.35,1.5,16.0,8.0,6.0,3.0,,
2005-12-10,Toulouse,Troyes,2.0,1.0,1.83,2.87,4.5,2.33,1.51,7.0,11.0,2.0,4.0,,
2005-12-11,Nantes,Monaco,0.0,0.0,2.75,2.9,2.7,2.21,1.57,6.0,6.0,1.0,4.0,,
2005-12-11,St Etienne,Lyon,0.0,0.0,4.0,2.8,2.1,2.29,1.53,9.0,10.0,3.0,5.0,,
2005-12-16,Lyon,Lille,1.0,3.0,1.5,3.4,8.0,2.19,1.59,13.0,11.0,8.0,8.0,,
2005-12-17,Ajaccio,Paris SG,1.0,1.0,3.4,2.8,2.1,2.56,1.43,4.0,5.0,3.0,1.0,,
2005-12-17,Auxerre,Nancy,0.0,1.0,1.53,3.4,5.5,2.12,1.62,12.0,8.0,3.0,2.0,,
2005-12-17,Bordeaux,Nantes,0.0,0.0,1.61,3.25,5.0,2.49,1.45,13.0,3.0,5.0,0.0,,
2005-12-17,Metz,Nice,1.0,0.0,2.37,2.87,2.8,2.52,1.44,8.0,9.0,2.0,2.0,,
2005-12-17,Rennes,St Etienne,0.0,1.0,2.2,3.0,3.4,2.18,1.58,8.0,9.0,3.0,5.0,,
2005-12-17,Strasbourg,Marseille,0.0,1.0,3.0,2.87,2.25,2.34,1.51,11.0,5.0,5.0,5.0,,
2005-12-17,Troyes,Sochaux,2.0,1.0,2.25,2.8,3.1,2.5,1.44,8.0,3.0,5.0,0.0,,
2005-12-18,Lens,Le Mans,2.0,0.0,1.61,3.4,6.0,2.32,1.52,8.0,5.0,5.0,2.0,,
2005-12-18,Monaco,Toulouse,1.0,0.0,1.61,3.25,5.0,2.24,1.56,16.0,4.0,6.0,1.0,,
2006-01-04,Le Mans,Metz,2.0,0.0,1.72,3.0,5.0,2.41,1.49,13.0,6.0,10.0,3.0,,
2006-01-04,Lille,Ajaccio,2.0,0.0,1.5,3.4,6.5,2.33,1.53,9.0,7.0,3.0,2.0,,
2006-01-04,Marseille,Lens,1.0,1.0,1.9,2.8,4.33,2.26,1.55,7.0,10.0,3.0,4.0,,
2006-01-04,Nancy,Bordeaux,0.0,0.0,2.75,2.75,2.6,2.47,1.47,10.0,4.0,7.0,3.0,,
2006-01-04,Nantes,Rennes,0.0,2.0,2.1,2.8,3.6,2.32,1.53,20.0,17.0,10.0,7.0,,
2006-01-04,Nice,Toulouse,2.0,1.0,1.9,2.9,4.0,2.43,1.48,13.0,8.0,3.0,2.0,,
2006-01-04,Paris SG,Sochaux,3.0,1.0,1.57,3.25,6.0,2.29,1.54,14.0,4.0,10.0,4.0,,
2006-01-04,St Etienne,Troyes,1.0,1.0,1.61,3.2,5.5,2.28,1.55,8.0,6.0,4.0,4.0,,
2006-01-04,Strasbourg,Lyon,0.0,4.0,5.5,3.4,1.57,2.33,1.52,16.0,13.0,9.0,7.0,,
2006-01-05,Auxerre,Monaco,2.0,1.0,2.0,2.87,3.75,2.28,1.54,10.0,4.0,7.0,2.0,,
2006-01-11,Ajaccio,Nantes,0.0,2.0,2.5,2.75,2.87,2.51,1.45,13.0,4.0,5.0,3.0,,
2006-01-11,Bordeaux,Auxerre,1.0,0.0,2.1,2.8,3.5,2.51,1.45,6.0,3.0,2.0,0.0,,
2006-01-11,Lens,Nancy,1.0,2.0,1.57,3.4,5.5,2.33,1.52,9.0,9.0,2.0,5.0,,
2006-01-11,Lyon,Marseille,2.0,1.0,1.57,3.4,5.5,2.15,1.61,18.0,7.0,8.0,2.0,,
2006-01-11,Metz,St Etienne,0.0,1.0,2.6,2.87,2.6,2.45,1.47,10.0,8.0,6.0,4.0,,
2006-01-11,Monaco,Strasbourg,1.0,1.0,1.4,3.75,7.0,2.15,1.61,10.0,9.0,6.0,4.0,,
2006-01-11,Rennes,Le Mans,1.0,0.0,1.83,2.87,4.5,2.24,1.57,10.0,10.0,7.0,6.0,,
2006-01-11,Sochaux,Nice,1.0,1.0,2.1,2.8,3.5,2.54,1.44,10.0,11.0,7.0,3.0,,
2006-01-11,Troyes,Lille,1.0,0.0,2.75,2.75,2.6,2.39,1.5,9.0,10.0,1.0,2.0,,
2006-01-12,Toulouse,Paris SG,1.0,0.0,2.75,2.75,2.6,2.43,1.48,5.0,2.0,3.0,0.0,,
2006-01-14,Auxerre,Lens,1.0,0.0,2.1,2.8,4.0,2.26,1.55,7.0,3.0,2.0,1.0,,
2006-01-14,Le Mans,Ajaccio,1.0,0.0,1.72,3.0,5.0,2.33,1.51,6.0,6.0,1.0,2.0,,
2006-01-14,Lille,Sochaux,3.0,0.0,1.57,3.25,6.0,2.35,1.5,6.0,6.0,3.0,0.0,,
2006-01-14,Monaco,Bordeaux,0.0,1.0,2.0,2.75,4.0,2.47,1.46,11.0,9.0,7.0,6.0,,
2006-01-14,Nancy,Lyon,0.0,2.0,5.0,3.3,1.61,2.08,1.65,23.0,9.0,3.0,4.0,,
2006-01-14,Nantes,Nice,0.0,0.0,2.1,2.8,3.5,2.48,1.46,8.0,6.0,5.0,3.0,,
2006-01-14,Strasbourg,Metz,2.0,1.0,2.1,2.8,3.5,2.44,1.47,8.0,6.0,4.0,1.0,,
2006-01-15,Marseille,Rennes,1.0,0.0,1.72,3.1,5.5,2.19,1.58,22.0,8.0,10.0,4.0,,
2006-01-15,Paris SG,Troyes,2.0,1.0,1.5,3.6,7.5,2.05,1.69,15.0,4.0,7.0,3.0,,
2006-01-21,Ajaccio,Marseille,3.0,1.0,3.4,3.0,2.2,2.52,1.45,17.0,7.0,5.0,4.0,,
2006-01-21,Bordeaux,Strasbourg,2.0,1.0,1.5,3.6,7.5,2.44,1.48,16.0,6.0,10.0,3.0,,
2006-01-21,Metz,Nantes,1.0,4.0,2.5,2.75,2.87,2.48,1.46,16.0,10.0,9.0,6.0,,
2006-01-21,Nice,Paris SG,1.0,0.0,2.6,2.87,2.6,2.47,1.46,8.0,5.0,3.0,3.0,,
2006-01-21,Rennes,Nancy,0.0,2.0,1.83,3.0,4.33,2.28,1.53,9.0,4.0,3.0,2.0,,
2006-01-21,Sochaux,St Etienne,4.0,0.0,2.6,2.87,2.6,2.47,1.47,24.0,8.0,11.0,1.0,,
2006-01-21,Toulouse,Lille,0.0,0.0,2.5,2.75,2.87,2.39,1.5,5.0,10.0,1.0,3.0,,
2006-01-21,Troyes,Le Mans,1.0,3.0,2.1,2.8,3.5,2.48,1.46,17.0,14.0,7.0,9.0,,
2006-01-22,Lens,Monaco,1.0,1.0,2.3,2.87,3.4,2.34,1.52,13.0,4.0,6.0,3.0,,
2006-01-22,Lyon,Auxerre,1.0,1.0,1.53,3.5,7.0,2.08,1.64,14.0,14.0,7.0,5.0,,
2006-01-28,Auxerre,Rennes,2.0,0.0,1.72,3.0,5.0,2.22,1.57,9.0,11.0,5.0,5.0,,
2006-01-28,Bordeaux,Lens,1.0,0.0,1.9,2.9,4.0,2.49,1.46,5.0,12.0,1.0,1.0,,
2006-01-28,Le Mans,Toulouse,1.0,1.0,1.83,2.87,4.5,2.36,1.5,13.0,5.0,7.0,4.0,,
2006-01-28,Marseille,Sochaux,0.0,0.0,1.61,3.2,5.5,2.2,1.57,10.0,9.0,6.0,5.0,,
2006-01-28,Nancy,Ajaccio,0.0,0.0,1.72,3.0,5.0,2.42,1.48,10.0,7.0,6.0,2.0,,
2006-01-29,Lille,Metz,3.0,1.0,1.5,3.5,6.0,2.17,1.59,10.0,8.0,5.0,5.0,,
2006-02-01,St Etienne,Toulouse,1.0,3.0,1.9,2.9,4.0,2.43,1.48,8.0,9.0,3.0,4.0,,
2006-02-04,Ajaccio,Auxerre,1.0,0.0,3.3,2.87,2.3,2.39,1.51,5.0,3.0,2.0,1.0,,
2006-02-04,Lens,Strasbourg,2.0,1.0,1.5,3.6,5.5,2.27,1.55,11.0,9.0,8.0,2.0,,
2006-02-04,Nice,Lille,2.0,0.0,2.5,2.75,2.87,2.48,1.46,3.0,6.0,2.0,2.0,,
2006-02-04,Paris SG,St Etienne,2.0,2.0,1.61,3.4,6.0,2.21,1.57,29.0,18.0,7.0,6.0,,
2006-02-04,Rennes,Monaco,1.0,3.0,2.5,2.75,2.87,2.28,1.55,9.0,10.0,6.0,6.0,,
2006-02-04,Sochaux,Le Mans,0.0,0.0,2.1,2.8,3.5,2.5,1.45,9.0,5.0,2.0,2.0,,
2006-02-04,Toulouse,Nantes,1.0,0.0,2.2,2.75,3.4,2.45,1.47,17.0,11.0,10.0,5.0,,
2006-02-05,Lyon,Bordeaux,0.0,0.0,1.66,3.3,5.5,2.24,1.57,12.0,4.0,3.0,0.0,,
2006-02-05,Troyes,Marseille,0.0,1.0,2.87,2.75,2.5,2.29,1.53,6.0,11.0,2.0,4.0,,
2006-02-08,Strasbourg,Paris SG,1.0,1.0,3.2,2.8,2.25,2.44,1.49,8.0,7.0,5.0,3.0,,
2006-02-11,Auxerre,Metz,1.0,1.0,1.4,3.75,7.0,2.05,1.67,9.0,6.0,6.0,1.0,,
2006-02-11,Bordeaux,Rennes,2.0,0.0,1.61,3.2,5.5,2.45,1.47,9.0,3.0,4.0,2.0,,
2006-02-11,Le Mans,Nice,2.0,0.0,2.1,2.8,3.5,2.54,1.44,9.0,7.0,7.0,0.0,,
2006-02-11,Lens,Lyon,1.0,1.0,3.4,2.87,2.3,2.3,1.54,11.0,10.0,3.0,3.0,,
2006-02-11,Monaco,Troyes,1.0,1.0,1.57,3.5,5.0,2.28,1.55,16.0,7.0,6.0,5.0,,
2006-02-11,Nancy,St Etienne,2.0,0.0,2.3,2.75,3.2,2.43,1.49,3.0,4.0,2.0,0.0,,
2006-02-11,Nantes,Sochaux,3.0,1.0,2.0,2.75,4.0,2.44,1.48,9.0,7.0,5.0,1.0,,
2006-02-11,Strasbourg,Ajaccio,2.0,2.0,2.2,2.75,3.4,2.41,1.49,6.0,6.0,3.0,3.0,,
2006-02-12,Lille,Paris SG,0.0,0.0,2.3,2.87,3.4,2.51,1.45,9.0,5.0,4.0,2.0,,
2006-02-12,Marseille,Toulouse,0.0,0.0,1.72,3.1,5.5,2.33,1.54,16.0,6.0,6.0,4.0,,
2006-02-14,Nantes,Troyes,1.0,1.0,1.9,2.8,4.33,2.4,1.5,15.0,6.0,8.0,1.0,,
2006-02-14,St Etienne,Nice,0.0,1.0,2.0,2.75,4.0,2.56,1.44,9.0,7.0,4.0,4.0,,
2006-02-17,Lyon,Nantes,3.0,1.0,1.44,3.6,7.0,2.16,1.6,13.0,7.0,6.0,2.0,,
2006-02-18,Ajaccio,Bordeaux,0.0,2.0,3.0,2.75,2.4,2.61,1.43,8.0,9.0,2.0,5.0,,
2006-02-18,Nice,Monaco,2.0,0.0,2.4,2.87,3.2,2.47,1.47,16.0,12.0,9.0,7.0,,
2006-02-18,Paris SG,Le Mans,0.0,1.0,1.66,3.2,5.0,2.28,1.55,15.0,8.0,10.0,4.0,,
2006-02-18,Rennes,Lens,4.0,1.0,2.3,2.75,3.1,2.39,1.51,12.0,5.0,4.0,1.0,,
2006-02-18,Sochaux,Auxerre,1.0,0.0,3.0,2.75,2.4,2.45,1.48,6.0,13.0,4.0,4.0,,
2006-02-18,St Etienne,Lille,0.0,2.0,2.5,2.87,2.75,2.44,1.49,11.0,5.0,4.0,2.0,,
2006-02-18,Toulouse,Strasbourg,1.0,2.0,1.72,3.0,5.0,2.37,1.51,9.0,12.0,3.0,4.0,,
2006-02-18,Troyes,Nancy,0.0,1.0,2.5,2.75,2.87,2.47,1.47,7.0,4.0,3.0,3.0,,
2006-02-19,Metz,Marseille,1.0,0.0,3.75,3.0,2.1,2.35,1.52,9.0,5.0,3.0,1.0,,
2006-02-25,Auxerre,Toulouse,2.0,0.0,1.61,3.2,5.5,2.31,1.53,13.0,5.0,7.0,1.0,,
2006-02-25,Bordeaux,Metz,3.0,3.0,1.36,4.0,7.5,2.3,1.53,9.0,6.0,6.0,4.0,,
2006-02-25,Le Mans,St Etienne,0.0,1.0,1.8,3.0,4.33,2.43,1.48,10.0,8.0,4.0,5.0,,
2006-02-25,Lyon,Rennes,1.0,4.0,1.36,4.0,7.5,2.06,1.67,9.0,7.0,4.0,6.0,,
2006-02-25,Nancy,Sochaux,0.0,3.0,1.9,2.9,4.0,2.46,1.47,16.0,5.0,9.0,3.0,,
2006-02-25,Nantes,Paris SG,0.0,0.0,2.6,2.87,2.87,2.58,1.43,8.0,10.0,2.0,5.0,,
2006-02-26,Lens,Ajaccio,1.0,0.0,1.66,3.2,5.0,2.38,1.5,5.0,3.0,3.0,2.0,,
2006-02-26,Marseille,Nice,1.0,0.0,1.9,3.0,4.5,2.57,1.44,13.0,5.0,2.0,0.0,,
2006-02-26,Monaco,Lille,0.0,1.0,2.2,2.75,3.4,2.43,1.48,13.0,12.0,3.0,3.0,,
2006-02-26,Strasbourg,Troyes,2.0,0.0,2.0,2.75,4.0,2.26,1.56,13.0,5.0,5.0,3.0,,
2006-03-04,Ajaccio,Lyon,1.0,3.0,5.0,3.3,1.61,2.32,1.54,5.0,8.0,3.0,4.0,,
2006-03-04,Lille,Le Mans,4.0,0.0,1.83,3.0,4.2,2.44,1.48,8.0,8.0,6.0,3.0,,
2006-03-04,Metz,Monaco,2.0,1.0,3.1,2.87,2.25,2.36,1.52,8.0,8.0,3.0,2.0,,
2006-03-04,Nice,Lens,0.0,0.0,2.1,2.87,3.4,2.54,1.45,13.0,6.0,6.0,2.0,,
2006-03-04,Rennes,Strasbourg,2.0,1.0,1.8,3.1,4.2,2.19,1.6,11.0,5.0,6.0,1.0,,
2006-03-04,Toulouse,Nancy,1.0,1.0,2.1,2.87,3.4,2.47,1.47,9.0,5.0,6.0,1.0,,
2006-03-05,Paris SG,Marseille,0.0,0.0,2.1,3.0,3.75,2.23,1.55,10.0,3.0,3.0,2.0,,
2006-03-05,St Etienne,Nantes,1.0,0.0,2.0,2.87,3.75,2.52,1.46,28.0,5.0,12.0,1.0,,
2006-03-05,Troyes,Auxerre,1.0,1.0,3.0,2.87,2.5,2.52,1.46,10.0,4.0,6.0,4.0,,
2006-03-07,Metz,Nancy,0.0,0.0,2.5,2.9,3.0,2.43,1.48,6.0,6.0,3.0,5.0,,
2006-03-11,Auxerre,Nice,2.0,0.0,1.66,3.2,5.0,2.43,1.48,13.0,4.0,5.0,1.0,,
2006-03-11,Bordeaux,Toulouse,2.0,0.0,1.53,3.5,5.5,2.43,1.48,11.0,3.0,3.0,0.0,,
2006-03-11,Lens,Troyes,1.0,0.0,1.61,3.4,5.0,2.39,1.5,19.0,1.0,10.0,0.0,,
2006-03-11,Lyon,Metz,4.0,0.0,1.28,4.33,9.5,1.99,1.74,15.0,2.0,10.0,2.0,,
2006-03-11,Monaco,Sochaux,4.0,1.0,1.8,3.0,4.33,2.39,1.49,12.0,9.0,3.0,1.0,,
2006-03-11,Nancy,Paris SG,1.0,1.0,2.5,2.87,3.0,2.59,1.42,8.0,6.0,2.0,3.0,,
2006-03-11,Rennes,Ajaccio,3.0,0.0,1.66,3.2,5.0,2.14,1.62,19.0,8.0,13.0,1.0,,
2006-03-12,Marseille,St Etienne,2.0,0.0,1.8,3.0,4.33,2.53,1.45,18.0,11.0,7.0,4.0,,
2006-03-12,Nantes,Lille,1.0,1.0,2.6,2.87,2.6,2.53,1.44,10.0,6.0,4.0,4.0,,
2006-03-12,Strasbourg,Le Mans,1.0,2.0,2.2,2.75,3.4,2.48,1.45,6.0,11.0,1.0,6.0,,
2006-03-18,Ajaccio,Monaco,1.0,0.0,3.0,2.87,2.3,2.35,1.52,10.0,12.0,2.0,2.0,,
2006-03-18,Le Mans,Nantes,0.0,0.0,2.0,2.75,4.0,2.49,1.46,14.0,9.0,5.0,2.0,,
2006-03-18,Metz,Rennes,0.0,1.0,2.4,2.75,3.0,2.32,1.53,13.0,13.0,4.0,4.0,,
2006-03-18,Nice,Nancy,1.0,0.0,2.1,2.8,3.5,2.59,1.42,10.0,7.0,5.0,1.0,,
2006-03-18,Sochaux,Lyon,0.0,4.0,4.5,3.2,1.72,2.21,1.58,6.0,15.0,1.0,9.0,,
2006-03-18,Toulouse,Lens,1.0,1.0,2.5,2.75,2.87,2.53,1.44,14.0,4.0,6.0,3.0,,
2006-03-18,Troyes,Bordeaux,1.0,1.0,3.5,2.8,2.1,2.57,1.43,11.0,7.0,7.0,4.0,,
2006-03-19,Lille,Marseille,0.0,0.0,1.9,2.9,4.0,2.48,1.47,7.0,5.0,3.0,2.0,,
2006-03-19,Paris SG,Auxerre,4.0,1.0,2.1,2.8,4.0,2.48,1.47,11.0,7.0,6.0,4.0,,
2006-03-19,St Etienne,Strasbourg,0.0,2.0,1.83,3.0,4.33,2.36,1.51,9.0,11.0,6.0,9.0,,
2006-03-25,Ajaccio,Metz,0.0,1.0,2.0,2.75,4.0,2.42,1.48,15.0,9.0,3.0,3.0,,
2006-03-25,Auxerre,St Etienne,0.0,0.0,1.66,3.2,5.0,2.33,1.52,12.0,10.0,6.0,5.0,,
2006-03-25,Lens,Sochaux,2.0,1.0,1.72,3.0,5.0,2.25,1.56,11.0,2.0,4.0,1.0,,
2006-03-25,Lyon,Toulouse,1.0,1.0,1.4,4.0,9.0,2.03,1.71,44.0,10.0,12.0,2.0,,
2006-03-25,Marseille,Le Mans,1.0,1.0,1.72,3.0,5.0,2.41,1.49,15.0,9.0,8.0,3.0,,
2006-03-25,Nancy,Nantes,0.0,0.0,2.0,2.75,4.0,2.52,1.45,15.0,8.0,3.0,3.0,,
2006-03-25,Rennes,Troyes,2.0,0.0,1.66,3.2,5.0,2.09,1.65,11.0,6.0,3.0,1.0,,
2006-03-25,Strasbourg,Lille,2.0,2.0,3.0,2.75,2.4,2.34,1.52,11.0,9.0,5.0,4.0,,
2006-03-26,Bordeaux,Nice,1.0,0.0,1.66,3.2,5.0,2.44,1.48,6.0,7.0,2.0,5.0,,
2006-03-26,Monaco,Paris SG,1.0,1.0,2.37,2.75,3.4,2.4,1.49,14.0,6.0,7.0,4.0,,
2006-04-01,Lille,Auxerre,1.0,1.0,2.0,2.87,3.75,2.47,1.47,15.0,6.0,5.0,3.0,,
2006-04-01,Metz,Lens,0.0,1.0,2.7,2.75,2.62,2.51,1.46,11.0,14.0,3.0,4.0,,
2006-04-01,Nantes,Marseille,1.0,3.0,2.5,2.75,2.87,2.56,1.44,10.0,10.0,5.0,7.0,,
2006-04-01,Nice,Strasbourg,3.0,1.0,1.9,2.9,4.0,2.5,1.46,11.0,6.0,6.0,3.0,,
2006-04-01,Sochaux,Ajaccio,3.0,1.0,1.9,2.9,4.0,2.45,1.48,9.0,8.0,7.0,3.0,,
2006-04-01,St Etienne,Monaco,1.0,1.0,2.37,2.75,3.4,2.5,1.46,14.0,9.0,5.0,3.0,,
2006-04-01,Troyes,Lyon,0.0,1.0,4.5,3.2,1.72,2.32,1.53,10.0,12.0,4.0,4.0,,
2006-04-02,Le Mans,Nancy,0.0,0.0,2.0,2.87,3.75,2.61,1.42,18.0,11.0,8.0,4.0,,
2006-04-02,Paris SG,Bordeaux,3.0,1.0,2.2,2.8,3.75,2.54,1.46,12.0,2.0,3.0,2.0,,
2006-04-02,Toulouse,Rennes,0.0,1.0,2.5,2.87,2.75,2.45,1.48,9.0,11.0,5.0,8.0,,
2006-04-08,Ajaccio,Toulouse,1.0,0.0,2.2,2.75,3.4,2.49,1.46,16.0,7.0,8.0,3.0,,
2006-04-08,Bordeaux,St Etienne,0.0,0.0,1.57,3.4,5.5,2.5,1.46,13.0,9.0,2.0,3.0,,
2006-04-08,Lens,Paris SG,1.0,1.0,2.25,2.8,3.6,2.45,1.48,13.0,8.0,6.0,5.0,,
2006-04-08,Lyon,Nice,2.0,1.0,1.4,4.0,9.0,2.11,1.63,7.0,5.0,3.0,5.0,,
2006-04-08,Metz,Troyes,2.0,4.0,2.1,2.8,3.5,2.47,1.47,19.0,8.0,7.0,7.0,,
2006-04-08,Monaco,Marseille,1.0,0.0,2.37,2.75,3.0,2.44,1.48,16.0,11.0,6.0,5.0,,
2006-04-08,Nancy,Lille,0.0,0.0,2.75,2.75,2.6,2.53,1.45,13.0,12.0,7.0,3.0,,
2006-04-08,Strasbourg,Nantes,0.0,1.0,1.9,2.9,4.0,2.42,1.49,8.0,4.0,4.0,1.0,,
2006-04-09,Auxerre,Le Mans,0.0,0.0,1.72,3.2,4.5,2.41,1.5,11.0,8.0,4.0,3.0,,
2006-04-09,Rennes,Sochaux,2.0,1.0,1.61,3.2,5.5,2.19,1.6,13.0,9.0,5.0,3.0,,
2006-04-14,Toulouse,Metz,2.0,0.0,2.0,2.87,3.75,2.45,1.49,9.0,3.0,4.0,1.0,,
2006-04-15,Le Mans,Monaco,0.0,0.0,2.5,2.75,2.87,2.49,1.46,9.0,12.0,6.0,8.0,,
2006-04-15,Lille,Bordeaux,3.0,2.0,2.2,2.87,3.6,2.56,1.43,11.0,7.0,7.0,4.0,,
2006-04-15,Marseille,Nancy,6.0,0.0,1.61,3.2,5.5,2.44,1.47,14.0,9.0,7.0,1.0,,
2006-04-15,Nantes,Auxerre,3.0,2.0,2.6,2.75,2.75,2.54,1.44,16.0,12.0,5.0,3.0,,
2006-04-15,Sochaux,Strasbourg,1.0,1.0,1.9,2.9,4.0,2.28,1.55,9.0,9.0,6.0,5.0,,
2006-04-15,St Etienne,Lens,2.0,0.0,2.5,2.75,2.87,2.53,1.45,4.0,16.0,2.0,9.0,,
2006-04-15,Troyes,Ajaccio,3.0,0.0,2.0,2.75,4.0,2.49,1.46,11.0,11.0,4.0,4.0,,
2006-04-16,Nice,Rennes,2.0,1.0,2.5,2.75,2.87,2.47,1.47,13.0,7.0,3.0,3.0,,
2006-04-16,Paris SG,Lyon,0.0,1.0,2.75,2.87,2.75,2.39,1.53,7.0,13.0,2.0,11.0,,
2006-04-23,Monaco,Lyon,2.0,1.0,2.87,2.87,2.37,2.36,1.52,6.0,12.0,4.0,6.0,,
2006-04-23,Sochaux,Bordeaux,0.0,3.0,2.87,2.87,2.37,2.48,1.47,10.0,10.0,6.0,6.0,,
2006-04-29,Lens,Lille,4.0,2.0,2.3,2.75,3.1,2.45,1.48,8.0,7.0,5.0,2.0,,
2006-04-30,Ajaccio,Nice,0.0,3.0,2.5,2.87,2.75,2.5,1.45,11.0,12.0,7.0,9.0,,
2006-04-30,Bordeaux,Le Mans,2.0,2.0,1.57,3.4,5.5,2.46,1.47,14.0,7.0,6.0,4.0,,
2006-04-30,Lyon,St Etienne,4.0,0.0,1.5,3.75,7.0,2.13,1.64,15.0,6.0,11.0,2.0,,
2006-04-30,Metz,Sochaux,0.0,1.0,2.4,3.0,2.75,2.37,1.51,5.0,7.0,2.0,4.0,,
2006-04-30,Monaco,Nantes,1.0,1.0,1.83,3.0,4.33,2.38,1.5,9.0,4.0,3.0,1.0,,
2006-04-30,Strasbourg,Nancy,1.0,3.0,1.9,3.0,3.75,2.34,1.53,3.0,9.0,3.0,7.0,,
2006-04-30,Troyes,Toulouse,3.0,1.0,1.8,3.2,3.75,2.48,1.47,15.0,11.0,7.0,5.0,,
2006-05-03,Auxerre,Marseille,1.0,2.0,2.37,2.87,2.87,2.44,1.48,13.0,9.0,4.0,4.0,,
2006-05-03,Rennes,Paris SG,1.0,1.0,2.0,2.87,3.6,2.33,1.53,15.0,8.0,7.0,3.0,,
2006-05-06,Le Mans,Lens,0.0,0.0,2.87,2.87,2.37,2.46,1.47,5.0,8.0,2.0,2.0,,
2006-05-06,Lille,Lyon,4.0,0.0,2.37,3.0,2.75,2.36,1.53,18.0,11.0,13.0,0.0,,
2006-05-06,Marseille,Strasbourg,2.0,2.0,1.22,5.0,10.0,1.92,1.81,13.0,7.0,6.0,2.0,,
2006-05-06,Nancy,Auxerre,1.0,3.0,2.75,3.0,2.4,2.42,1.49,11.0,14.0,5.0,7.0,,
2006-05-06,Nantes,Bordeaux,0.0,1.0,2.6,2.87,2.6,2.44,1.48,,,,,,
2006-05-06,Nice,Metz,2.0,1.0,1.5,3.5,6.0,2.2,1.59,10.0,5.0,6.0,2.0,,
2006-05-06,Paris SG,Ajaccio,2.0,4.0,1.44,3.6,7.0,2.15,1.62,13.0,12.0,4.0,5.0,,
2006-05-06,Sochaux,Troyes,1.0,1.0,1.9,2.9,4.0,2.34,1.52,8.0,5.0,3.0,1.0,,
2006-05-06,St Etienne,Rennes,0.0,0.0,3.25,3.0,2.1,2.38,1.51,11.0,12.0,4.0,5.0,,
2006-05-06,Toulouse,Monaco,3.0,3.0,2.6,2.87,2.6,2.44,1.48,12.0,15.0,4.0,5.0,,
2006-05-13,Ajaccio,St Etienne,3.0,1.0,2.4,3.0,2.7,2.21,1.58,6.0,2.0,3.0,0.0,,
2006-05-13,Auxerre,Strasbourg,4.0,0.0,1.44,3.6,6.5,1.88,1.83,15.0,0.0,6.0,0.0,,
2006-05-13,Bordeaux,Marseille,1.0,1.0,2.62,3.2,2.37,2.21,1.59,14.0,19.0,5.0,8.0,,
2006-05-13,Lens,Nantes,3.0,1.0,1.44,3.6,6.5,2.12,1.63,18.0,5.0,9.0,1.0,,
2006-05-13,Lyon,Le Mans,8.0,1.0,1.5,3.5,6.0,1.89,1.83,14.0,11.0,10.0,5.0,,
2006-05-13,Metz,Paris SG,1.0,0.0,2.87,3.0,2.3,2.12,1.64,4.0,7.0,3.0,2.0,,
2006-05-13,Monaco,Nancy,2.0,2.0,1.8,3.1,4.2,1.97,1.76,13.0,6.0,5.0,3.0,,
2006-05-13,Rennes,Lille,2.0,2.0,2.3,3.1,2.75,2.11,1.64,6.0,14.0,5.0,8.0,,
2006-05-13,Toulouse,Sochaux,1.0,2.0,2.0,3.0,3.5,2.07,1.66,8.0,8.0,3.0,2.0,,
2006-05-13,Troyes,Nice,1.0,2.0,2.5,3.0,2.62,2.04,1.69,6.0,10.0,3.0,7.0,,
2006-08-04,Nantes,Lyon,1.0,3.0,4.2,3.1,1.9,2.28,1.55,10.0,13.0,4.0,6.0,7.0,2.0
2006-08-05,Auxerre,Valenciennes,1.0,1.0,1.57,3.3,6.0,2.15,1.61,14.0,13.0,6.0,5.0,4.0,3.0
2006-08-05,Bordeaux,Toulouse,2.0,0.0,1.57,3.3,6.0,2.26,1.56,14.0,3.0,7.0,1.0,6.0,4.0
2006-08-05,Le Mans,Nice,1.0,0.0,2.2,3.0,3.2,2.45,1.48,12.0,8.0,4.0,3.0,10.0,2.0
2006-08-05,Lens,Troyes,1.0,0.0,1.66,3.25,5.0,2.21,1.58,11.0,5.0,3.0,1.0,4.0,1.0
2006-08-05,Nancy,Monaco,1.0,0.0,2.6,2.87,2.7,2.36,1.51,11.0,5.0,3.0,1.0,3.0,1.0
2006-08-05,Paris SG,Lorient,2.0,3.0,1.4,3.75,8.0,2.08,1.66,11.0,8.0,8.0,5.0,6.0,3.0
2006-08-05,Rennes,Lille,1.0,2.0,2.25,3.0,3.1,2.33,1.52,9.0,20.0,4.0,9.0,4.0,3.0
2006-08-05,St Etienne,Sochaux,1.0,2.0,1.9,3.0,4.0,2.27,1.55,4.0,8.0,3.0,6.0,3.0,4.0
2006-08-06,Sedan,Marseille,0.0,0.0,3.25,3.0,2.3,2.36,1.51,10.0,10.0,5.0,3.0,1.0,5.0
2006-08-12,Lorient,Bordeaux,0.0,1.0,3.4,2.87,2.3,2.48,1.47,12.0,14.0,2.0,6.0,10.0,5.0
2006-08-12,Lyon,Toulouse,1.0,1.0,1.3,4.5,9.5,1.84,1.89,16.0,10.0,6.0,5.0,3.0,3.0
2006-08-12,Monaco,St Etienne,1.0,2.0,1.8,3.1,5.0,2.37,1.51,11.0,13.0,5.0,6.0,3.0,2.0
2006-08-12,Nancy,Sedan,3.0,1.0,1.9,3.0,3.8,2.43,1.49,15.0,10.0,7.0,4.0,8.0,1.0
2006-08-12,Nice,Nantes,1.0,1.0,2.1,3.0,3.25,2.46,1.47,8.0,3.0,3.0,1.0,4.0,2.0
2006-08-12,Sochaux,Auxerre,1.0,1.0,2.6,2.75,2.75,2.4,1.5,10.0,9.0,4.0,7.0,10.0,3.0
2006-08-12,Troyes,Le Mans,2.0,2.0,2.37,2.87,2.87,2.5,1.47,9.0,10.0,2.0,7.0,6.0,1.0
2006-08-12,Valenciennes,Paris SG,0.0,0.0,3.1,2.9,2.25,2.39,1.51,10.0,8.0,4.0,3.0,4.0,3.0
2006-08-13,Lille,Lens,4.0,0.0,2.1,2.8,4.0,2.4,1.49,11.0,3.0,7.0,1.0,4.0,1.0
2006-08-13,Marseille,Rennes,2.0,0.0,1.72,3.1,5.5,2.28,1.55,11.0,13.0,3.0,4.0,4.0,4.0
2006-08-19,Auxerre,Marseille,0.0,3.0,2.5,2.75,3.2,2.38,1.5,6.0,5.0,2.0,2.0,4.0,3.0
2006-08-19,Le Mans,Valenciennes,3.0,2.0,1.9,2.75,4.33,2.41,1.49,15.0,5.0,7.0,2.0,3.0,2.0
2006-08-19,Lens,Lorient,1.0,1.0,1.61,3.2,5.5,2.18,1.61,11.0,11.0,4.0,4.0,1.0,4.0
2006-08-19,Nantes,Troyes,1.0,1.0,1.83,3.0,4.33,2.32,1.53,6.0,8.0,2.0,3.0,2.0,4.0
2006-08-19,Paris SG,Lille,1.0,0.0,2.3,2.8,3.5,2.33,1.53,19.0,14.0,9.0,6.0,8.0,5.0
2006-08-19,Rennes,Monaco,1.0,1.0,2.4,2.75,3.0,2.31,1.54,12.0,6.0,5.0,2.0,11.0,1.0
2006-08-19,Sedan,Sochaux,1.0,1.0,2.4,2.75,3.0,2.39,1.5,7.0,5.0,3.0,3.0,2.0,3.0
2006-08-19,St Etienne,Nancy,1.0,0.0,2.0,2.87,3.75,2.36,1.52,9.0,6.0,1.0,4.0,3.0,5.0
2006-08-20,Bordeaux,Lyon,1.0,2.0,3.2,2.75,2.5,2.38,1.5,8.0,15.0,4.0,3.0,4.0,4.0
2006-08-20,Toulouse,Nice,1.0,0.0,2.2,2.87,3.6,2.48,1.46,8.0,8.0,4.0,3.0,5.0,5.0
2006-08-26,Lille,Bordeaux,3.0,0.0,2.2,2.87,2.8,2.45,1.48,8.0,8.0,4.0,2.0,5.0,4.0
2006-08-26,Lorient,Nantes,3.0,1.0,2.5,2.8,2.87,2.47,1.47,10.0,8.0,6.0,4.0,4.0,1.0
2006-08-26,Nice,Lyon,1.0,4.0,5.0,3.3,1.72,2.25,1.57,5.0,13.0,1.0,5.0,0.0,14.0
2006-08-26,Sochaux,Paris SG,3.0,2.0,2.75,2.75,2.75,2.43,1.49,15.0,5.0,6.0,3.0,5.0,0.0
2006-08-26,Troyes,Toulouse,1.0,2.0,2.37,2.87,3.0,2.45,1.48,11.0,7.0,5.0,2.0,6.0,1.0
2006-08-27,Marseille,Le Mans,2.0,0.0,1.61,3.25,5.0,2.1,1.68,8.0,13.0,4.0,5.0,2.0,7.0
2006-08-27,Monaco,Sedan,2.0,1.0,1.61,3.25,5.5,2.19,1.59,9.0,9.0,4.0,3.0,5.0,1.0
2006-08-27,Nancy,Auxerre,1.0,0.0,2.2,2.8,2.87,2.42,1.49,5.0,4.0,2.0,0.0,6.0,4.0
2006-08-27,St Etienne,Lens,3.0,2.0,2.2,2.87,3.6,2.43,1.49,13.0,8.0,6.0,4.0,4.0,7.0
2006-08-27,Valenciennes,Rennes,3.0,1.0,2.6,2.87,2.87,2.4,1.5,11.0,12.0,10.0,8.0,5.0,2.0
2006-09-09,Auxerre,Monaco,2.0,1.0,2.25,2.8,3.2,2.37,1.5,18.0,7.0,8.0,2.0,5.0,5.0
2006-09-09,Bordeaux,Nice,3.0,2.0,1.61,3.25,6.5,2.33,1.52,9.0,7.0,3.0,5.0,2.0,2.0
2006-09-09,Le Mans,Lorient,1.0,1.0,1.83,3.0,4.2,2.25,1.56,13.0,9.0,7.0,6.0,7.0,6.0
2006-09-09,Lens,Valenciennes,3.0,0.0,1.66,3.2,5.0,2.21,1.58,5.0,8.0,5.0,4.0,2.0,1.0
2006-09-09,Lyon,Troyes,2.0,0.0,1.25,5.0,9.0,1.8,1.93,16.0,9.0,7.0,3.0,6.0,5.0
2006-09-09,Nantes,Lille,1.0,1.0,2.7,2.87,2.5,2.31,1.53,10.0,9.0,5.0,2.0,4.0,1.0
2006-09-09,Rennes,Sochaux,2.0,1.0,2.1,3.0,3.25,2.18,1.6,19.0,9.0,10.0,4.0,6.0,3.0
2006-09-09,Sedan,St Etienne,2.0,2.0,2.4,2.87,2.87,2.37,1.5,9.0,10.0,6.0,3.0,1.0,0.0
2006-09-10,Paris SG,Marseille,1.0,3.0,2.37,2.87,3.25,2.39,1.51,9.0,13.0,3.0,5.0,5.0,6.0
2006-09-10,Toulouse,Nancy,2.0,2.0,2.2,2.87,3.6,2.45,1.48,7.0,9.0,4.0,5.0,4.0,4.0
2006-09-16,Lille,Toulouse,1.0,3.0,1.57,3.25,6.0,2.17,1.58,15.0,9.0,7.0,4.0,5.0,3.0
2006-09-16,Lorient,Lyon,1.0,3.0,6.0,3.2,1.57,1.98,1.73,10.0,10.0,5.0,5.0,1.0,5.0
2006-09-16,Sedan,Le Mans,1.0,2.0,2.3,2.8,3.1,2.22,1.55,8.0,12.0,1.0,4.0,6.0,4.0
2006-09-16,Troyes,Nice,2.0,0.0,2.25,2.8,3.2,2.26,1.53,12.0,3.0,9.0,3.0,2.0,1.0
2006-09-16,Valenciennes,Nantes,1.0,0.0,2.25,2.75,3.25,2.21,1.55,12.0,4.0,3.0,0.0,4.0,5.0
2006-09-17,Marseille,Bordeaux,2.0,1.0,1.9,2.9,4.0,2.21,1.56,10.0,7.0,5.0,2.0,4.0,3.0
2006-09-17,Monaco,Paris SG,1.0,2.0,2.25,2.8,3.2,2.21,1.56,8.0,9.0,4.0,5.0,3.0,6.0
2006-09-17,Nancy,Rennes,0.0,0.0,2.1,2.75,3.6,2.19,1.57,13.0,7.0,5.0,3.0,3.0,3.0
2006-09-17,Sochaux,Lens,0.0,3.0,2.37,2.87,2.87,2.13,1.59,11.0,11.0,5.0,6.0,6.0,3.0
2006-09-17,St Etienne,Auxerre,2.0,3.0,2.1,2.8,3.5,2.21,1.56,9.0,9.0,2.0,7.0,2.0,2.0
2006-09-23,Auxerre,Sedan,2.0,2.0,1.61,3.4,5.0,2.04,1.7,13.0,8.0,9.0,5.0,6.0,3.0
2006-09-23,Bordeaux,Troyes,2.0,1.0,1.5,3.5,6.0,2.12,1.61,12.0,8.0,5.0,2.0,7.0,1.0
2006-09-23,Le Mans,Sochaux,2.0,2.0,2.05,2.8,3.75,2.12,1.62,15.0,12.0,6.0,3.0,2.0,3.0
2006-09-23,Lyon,Lille,4.0,1.0,1.53,3.4,6.0,2.02,1.71,21.0,10.0,13.0,1.0,7.0,6.0
2006-09-23,Nice,Valenciennes,2.0,0.0,2.1,2.8,3.5,2.23,1.56,19.0,6.0,7.0,2.0,6.0,3.0
2006-09-23,Paris SG,Nancy,0.0,0.0,1.72,3.1,4.5,2.14,1.61,5.0,7.0,0.0,0.0,0.0,2.0
2006-09-23,Rennes,St Etienne,0.0,0.0,2.15,2.87,3.4,2.07,1.65,10.0,5.0,4.0,1.0,7.0,10.0
2006-09-23,Toulouse,Lorient,0.0,0.0,1.9,2.9,4.0,2.15,1.6,8.0,6.0,3.0,1.0,3.0,2.0
2006-09-24,Lens,Monaco,1.0,0.0,2.1,2.8,4.0,2.14,1.6,6.0,7.0,4.0,3.0,2.0,3.0
2006-09-24,Nantes,Marseille,2.0,1.0,4.0,2.8,2.1,2.05,1.69,9.0,10.0,5.0,5.0,7.0,3.0
2006-09-30,Lille,Nice,1.0,0.0,1.5,3.5,5.75,2.06,1.69,14.0,9.0,3.0,2.0,4.0,5.0
2006-09-30,Lorient,Troyes,0.0,0.0,2.0,2.75,4.0,2.14,1.61,9.0,8.0,5.0,3.0,4.0,5.0
2006-09-30,Monaco,Le Mans,2.0,1.0,1.9,3.0,3.8,2.07,1.65,10.0,9.0,6.0,4.0,3.0,3.0
2006-09-30,Sedan,Rennes,1.0,0.0,2.25,2.8,3.2,2.11,1.63,8.0,8.0,3.0,5.0,2.0,3.0
2006-09-30,Sochaux,Lyon,0.0,1.0,5.5,3.2,1.61,1.92,1.8,7.0,7.0,3.0,2.0,5.0,3.0
2006-09-30,Valenciennes,Bordeaux,2.0,0.0,2.87,2.87,2.37,2.16,1.6,5.0,7.0,2.0,4.0,3.0,2.0
2006-10-01,Auxerre,Nantes,1.0,0.0,1.8,3.0,4.33,2.07,1.65,7.0,7.0,4.0,4.0,9.0,3.0
2006-10-01,Marseille,Toulouse,3.0,0.0,1.57,3.4,5.5,2.05,1.68,15.0,15.0,10.0,8.0,4.0,7.0
2006-10-01,Nancy,Lens,2.0,1.0,2.37,2.87,3.25,2.17,1.6,6.0,4.0,3.0,2.0,4.0,2.0
2006-10-01,St Etienne,Paris SG,1.0,0.0,2.37,2.75,3.4,2.11,1.64,9.0,8.0,2.0,2.0,3.0,4.0
2006-10-14,Bordeaux,Monaco,1.0,0.0,1.9,2.9,4.0,2.22,1.57,14.0,8.0,7.0,5.0,4.0,2.0
2006-10-14,Lyon,St Etienne,2.0,1.0,1.3,4.5,12.0,1.8,1.89,18.0,4.0,6.0,2.0,5.0,1.0
2006-10-14,Nantes,Sochaux,0.0,2.0,2.0,2.75,4.0,2.14,1.61,4.0,7.0,3.0,4.0,4.0,1.0
2006-10-14,Nice,Lorient,3.0,0.0,1.95,2.9,3.8,2.28,1.54,11.0,7.0,4.0,4.0,3.0,7.0
2006-10-14,Paris SG,Sedan,4.0,2.0,1.55,3.4,5.75,2.0,1.74,13.0,5.0,6.0,1.0,4.0,5.0
2006-10-14,Rennes,Auxerre,3.0,1.0,2.2,2.9,3.1,2.19,1.58,12.0,8.0,7.0,3.0,4.0,5.0
2006-10-14,Toulouse,Valenciennes,3.0,0.0,1.83,2.87,4.5,2.19,1.58,17.0,6.0,7.0,4.0,3.0,2.0
2006-10-14,Troyes,Lille,1.0,1.0,2.87,2.87,2.45,2.22,1.57,8.0,13.0,4.0,8.0,5.0,5.0
2006-10-15,Le Mans,Nancy,0.0,0.0,2.3,2.87,3.5,2.21,1.58,12.0,8.0,7.0,4.0,6.0,6.0
2006-10-15,Lens,Marseille,1.0,1.0,2.3,2.8,3.5,2.15,1.6,10.0,9.0,3.0,4.0,3.0,1.0
2006-10-21,Lille,Lorient,1.0,0.0,1.44,3.5,8.0,2.06,1.67,14.0,4.0,3.0,2.0,1.0,3.0
2006-10-21,Monaco,Toulouse,1.0,3.0,1.85,2.9,4.2,2.12,1.63,9.0,10.0,3.0,3.0,6.0,4.0
2006-10-21,Nancy,Nantes,1.0,0.0,1.72,3.0,5.0,2.27,1.55,7.0,8.0,3.0,3.0,0.0,6.0
2006-10-21,Rennes,Nice,1.0,0.0,1.95,3.0,3.75,2.19,1.59,10.0,8.0,5.0,4.0,3.0,4.0
2006-10-21,Sedan,Lens,2.0,2.0,2.5,3.0,2.7,2.17,1.6,13.0,10.0,9.0,8.0,4.0,1.0
2006-10-21,Sochaux,Bordeaux,2.0,1.0,2.5,2.9,2.75,2.3,1.53,7.0,6.0,5.0,2.0,1.0,1.0
2006-10-21,St Etienne,Le Mans,2.0,0.0,1.9,3.0,3.8,2.14,1.61,11.0,6.0,6.0,3.0,3.0,2.0
2006-10-21,Valenciennes,Troyes,3.0,1.0,1.95,2.87,4.0,2.25,1.55,8.0,7.0,4.0,2.0,1.0,2.0
2006-10-22,Auxerre,Paris SG,0.0,0.0,2.25,2.8,3.6,2.19,1.59,5.0,10.0,0.0,2.0,4.0,3.0
2006-10-22,Marseille,Lyon,1.0,4.0,3.0,2.87,2.5,2.23,1.57,6.0,14.0,4.0,8.0,3.0,0.0
2006-10-28,Bordeaux,Sedan,3.0,1.0,1.5,3.4,6.5,2.08,1.63,15.0,10.0,9.0,4.0,5.0,5.0
2006-10-28,Le Mans,Lille,1.0,1.0,2.7,2.75,2.62,2.25,1.53,9.0,11.0,2.0,3.0,4.0,3.0
2006-10-28,Lens,Auxerre,1.0,0.0,1.83,3.0,4.33,2.16,1.58,9.0,12.0,4.0,2.0,1.0,5.0
2006-10-28,Lorient,Valenciennes,1.0,0.0,2.05,2.8,3.6,2.23,1.54,5.0,5.0,3.0,3.0,0.0,1.0
2006-10-28,Nantes,Monaco,1.0,0.0,2.5,2.75,2.9,2.25,1.53,9.0,4.0,5.0,1.0,1.0,5.0
2006-10-28,Paris SG,Rennes,1.0,0.0,1.8,3.2,4.2,2.1,1.61,12.0,6.0,6.0,2.0,6.0,3.0
2006-10-28,Toulouse,Sochaux,1.0,2.0,1.95,2.75,4.2,2.14,1.59,13.0,6.0,6.0,3.0,6.0,4.0
2006-10-28,Troyes,St Etienne,3.0,1.0,2.5,2.7,3.0,2.26,1.53,10.0,3.0,4.0,2.0,3.0,2.0
2006-10-29,Lyon,Nancy,1.0,0.0,1.33,4.33,10.0,1.85,1.86,12.0,2.0,1.0,1.0,10.0,4.0
2006-10-29,Nice,Marseille,2.0,1.0,3.25,2.8,2.25,2.19,1.55,9.0,9.0,4.0,5.0,4.0,5.0
2006-11-04,Auxerre,Le Mans,2.0,3.0,1.83,3.0,4.33,2.18,1.6,7.0,5.0,5.0,3.0,6.0,4.0
2006-11-04,Marseille,Lorient,0.0,1.0,1.44,3.6,7.0,2.01,1.73,9.0,11.0,4.0,6.0,6.0,5.0
2006-11-04,Monaco,Nice,0.0,0.0,1.8,3.0,4.33,2.2,1.59,10.0,11.0,4.0,4.0,4.0,4.0
2006-11-04,Rennes,Lyon,1.0,0.0,6.0,3.6,1.57,1.98,1.73,6.0,11.0,2.0,8.0,5.0,3.0
2006-11-04,Sedan,Nantes,1.0,1.0,2.1,2.9,3.4,2.26,1.55,13.0,7.0,5.0,3.0,5.0,2.0
2006-11-04,Sochaux,Troyes,1.0,0.0,1.72,3.0,5.0,2.18,1.6,10.0,7.0,4.0,3.0,4.0,3.0
2006-11-04,St Etienne,Toulouse,3.0,0.0,2.1,2.8,3.5,2.14,1.62,14.0,13.0,5.0,5.0,4.0,4.0
2006-11-04,Valenciennes,Lille,0.0,3.0,2.62,2.87,2.6,2.28,1.55,13.0,13.0,3.0,6.0,8.0,5.0
2006-11-05,Nancy,Bordeaux,2.0,1.0,2.2,2.87,3.6,2.38,1.51,8.0,8.0,5.0,5.0,3.0,3.0
2006-11-05,Paris SG,Lens,1.0,3.0,2.0,2.87,4.33,2.17,1.6,10.0,5.0,2.0,4.0,14.0,1.0
2006-11-10,Lyon,Valenciennes,2.0,1.0,1.16,6.5,15.0,1.7,2.04,12.0,5.0,4.0,1.0,5.0,0.0
2006-11-11,Bordeaux,Auxerre,0.0,0.0,1.8,3.2,4.75,2.13,1.63,10.0,11.0,1.0,3.0,6.0,5.0
2006-11-11,Le Mans,Paris SG,1.0,1.0,2.5,2.87,2.75,2.33,1.53,3.0,8.0,2.0,3.0,0.0,5.0
2006-11-11,Lens,Rennes,0.0,0.0,1.72,3.2,4.5,2.22,1.58,6.0,6.0,1.0,2.0,2.0,4.0
2006-11-11,Lorient,Nancy,2.0,0.0,2.5,2.75,2.87,2.43,1.49,8.0,6.0,3.0,4.0,2.0,5.0
2006-11-11,Nantes,St Etienne,2.0,2.0,2.3,2.87,3.0,2.33,1.53,12.0,10.0,7.0,5.0,3.0,3.0
2006-11-11,Nice,Sochaux,0.0,0.0,2.2,2.87,3.2,2.18,1.6,7.0,7.0,4.0,3.0,1.0,2.0
2006-11-11,Toulouse,Sedan,3.0,1.0,1.61,3.2,5.5,2.1,1.65,8.0,8.0,5.0,5.0,9.0,4.0
2006-11-12,Lille,Marseille,1.0,0.0,2.2,2.87,3.6,2.19,1.59,9.0,9.0,5.0,3.0,3.0,3.0
2006-11-12,Troyes,Monaco,0.0,4.0,2.5,2.8,3.1,2.32,1.53,12.0,10.0,4.0,5.0,5.0,2.0
2006-11-18,Lens,Nantes,2.0,0.0,1.61,3.4,5.0,2.23,1.57,10.0,2.0,4.0,1.0,1.0,1.0
2006-11-18,Monaco,Lorient,2.0,2.0,1.83,2.8,4.75,2.25,1.56,11.0,15.0,4.0,7.0,5.0,6.0
2006-11-18,Nancy,Troyes,1.0,0.0,1.5,3.5,6.5,2.16,1.61,14.0,11.0,3.0,8.0,9.0,2.0
2006-11-18,Paris SG,Bordeaux,0.0,2.0,1.95,2.75,4.2,2.14,1.62,7.0,3.0,2.0,2.0,3.0,1.0
2006-11-18,Rennes,Le Mans,1.0,1.0,1.85,2.9,4.2,2.15,1.61,11.0,8.0,5.0,4.0,4.0,3.0
2006-11-18,Sedan,Lyon,0.0,1.0,9.0,4.0,1.3,1.88,1.85,3.0,16.0,2.0,7.0,2.0,3.0
2006-11-18,Sochaux,Lille,0.0,0.0,2.55,2.75,2.8,2.32,1.53,11.0,14.0,5.0,6.0,4.0,6.0
2006-11-18,St Etienne,Nice,2.0,1.0,1.7,3.2,4.75,2.19,1.59,9.0,10.0,5.0,4.0,3.0,3.0
2006-11-19,Auxerre,Toulouse,1.0,0.0,2.05,2.8,4.2,2.11,1.64,12.0,6.0,2.0,2.0,7.0,4.0
2006-11-19,Marseille,Valenciennes,1.0,0.0,1.4,4.0,9.0,1.95,1.8,15.0,13.0,7.0,4.0,9.0,5.0
2006-11-25,Bordeaux,St Etienne,1.0,0.0,2.0,2.75,4.0,2.15,1.62,9.0,10.0,4.0,5.0,3.0,1.0
2006-11-25,Lille,Monaco,1.0,1.0,1.66,3.2,5.0,2.2,1.59,9.0,9.0,6.0,7.0,7.0,4.0
2006-11-25,Lorient,Sochaux,1.0,3.0,2.3,2.8,3.1,2.26,1.56,10.0,12.0,4.0,5.0,6.0,4.0
2006-11-25,Nice,Sedan,2.0,2.0,1.72,3.0,5.0,2.2,1.6,12.0,7.0,3.0,4.0,3.0,7.0
2006-11-25,Toulouse,Rennes,1.0,0.0,2.0,2.75,4.0,2.31,1.54,12.0,12.0,4.0,3.0,4.0,5.0
2006-11-25,Troyes,Marseille,1.0,1.0,3.2,2.87,2.4,2.19,1.6,9.0,7.0,6.0,3.0,3.0,4.0
2006-11-26,Le Mans,Lens,1.0,1.0,2.5,2.87,3.0,2.18,1.6,8.0,6.0,3.0,3.0,0.0,5.0
2006-11-26,Lyon,Auxerre,1.0,0.0,1.33,4.33,10.0,1.93,1.8,18.0,9.0,6.0,3.0,5.0,9.0
2006-11-26,Nantes,Paris SG,1.0,1.0,2.6,2.87,2.6,2.31,1.55,2.0,7.0,2.0,3.0,5.0,2.0
2006-11-26,Valenciennes,Nancy,1.0,0.0,2.5,2.75,2.87,2.35,1.52,8.0,10.0,4.0,6.0,2.0,3.0
2006-12-02,Auxerre,Nice,0.0,0.0,1.75,3.0,4.75,2.19,1.59,11.0,9.0,6.0,1.0,7.0,7.0
2006-12-02,Le Mans,Lyon,0.0,1.0,7.0,3.75,1.5,2.04,1.71,6.0,11.0,2.0,5.0,2.0,5.0
2006-12-02,Lens,Bordeaux,3.0,0.0,1.95,2.8,4.0,2.26,1.54,14.0,2.0,7.0,1.0,4.0,0.0
2006-12-02,Monaco,Valenciennes,3.0,0.0,1.7,3.1,5.0,2.11,1.63,19.0,9.0,8.0,2.0,6.0,5.0
2006-12-02,Rennes,Nantes,2.0,0.0,1.72,3.0,4.75,2.26,1.54,13.0,8.0,7.0,5.0,6.0,4.0
2006-12-02,Sedan,Troyes,1.0,2.0,2.0,2.8,3.75,2.18,1.6,9.0,4.0,3.0,2.0,5.0,2.0
2006-12-02,St Etienne,Lorient,2.0,0.0,1.66,3.1,5.5,2.09,1.66,9.0,6.0,4.0,3.0,1.0,4.0
2006-12-03,Nancy,Lille,1.0,3.0,2.37,2.87,3.25,2.28,1.54,9.0,18.0,1.0,10.0,4.0,3.0
2006-12-03,Sochaux,Marseille,1.0,0.0,2.4,2.87,3.2,2.27,1.55,9.0,9.0,5.0,3.0,2.0,9.0
2006-12-09,Bordeaux,Rennes,1.0,2.0,1.65,3.1,5.25,2.26,1.56,12.0,5.0,5.0,2.0,4.0,4.0
2006-12-09,Lorient,Sedan,2.0,0.0,1.75,3.1,4.33,2.14,1.62,15.0,9.0,5.0,3.0,6.0,6.0
2006-12-09,Marseille,Monaco,2.0,1.0,1.8,3.0,4.33,2.16,1.61,8.0,5.0,4.0,4.0,2.0,3.0
2006-12-09,Nantes,Le Mans,0.0,0.0,2.1,2.9,3.4,2.31,1.54,6.0,9.0,2.0,2.0,9.0,2.0
2006-12-09,Nice,Nancy,0.0,0.0,2.1,2.8,3.6,2.39,1.5,10.0,7.0,5.0,1.0,0.0,2.0
2006-12-09,Toulouse,Lens,0.0,1.0,2.4,2.75,3.3,2.21,1.59,5.0,17.0,1.0,5.0,3.0,3.0
2006-12-09,Troyes,Auxerre,3.0,3.0,2.5,2.75,2.9,2.3,1.54,13.0,6.0,8.0,4.0,1.0,3.0
2006-12-09,Valenciennes,Sochaux,0.0,0.0,2.4,2.75,3.0,2.26,1.56,8.0,6.0,3.0,3.0,3.0,2.0
2006-12-10,Lille,St Etienne,2.0,2.0,1.8,3.1,5.0,2.18,1.59,13.0,11.0,6.0,4.0,6.0,2.0
2006-12-10,Lyon,Paris SG,3.0,1.0,1.4,4.0,9.0,1.99,1.71,21.0,9.0,8.0,6.0,6.0,4.0
2006-12-16,Le Mans,Toulouse,2.0,0.0,2.15,2.8,3.5,2.33,1.51,14.0,6.0,4.0,3.0,8.0,2.0
2006-12-16,Monaco,Sochaux,3.0,0.0,2.1,2.8,3.4,2.16,1.6,13.0,10.0,8.0,3.0,3.0,2.0
2006-12-16,Nancy,Marseille,2.0,0.0,2.4,2.87,3.25,2.3,1.53,9.0,5.0,8.0,1.0,2.0,3.0
2006-12-16,Nantes,Bordeaux,0.0,0.0,2.62,2.75,2.7,2.34,1.51,6.0,5.0,4.0,3.0,9.0,5.0
2006-12-16,Rennes,Troyes,1.0,1.0,1.66,3.3,4.75,2.19,1.6,11.0,8.0,5.0,5.0,5.0,2.0
2006-12-16,Sedan,Lille,2.0,0.0,3.6,3.0,2.0,2.17,1.59,11.0,7.0,4.0,2.0,4.0,5.0
2006-12-16,St Etienne,Valenciennes,3.0,0.0,1.5,3.5,6.0,2.06,1.7,16.0,4.0,8.0,2.0,3.0,2.0
2006-12-17,Auxerre,Lorient,2.0,1.0,1.85,3.1,4.5,2.21,1.58,10.0,5.0,4.0,1.0,4.0,3.0
2006-12-17,Lens,Lyon,0.0,4.0,3.75,3.1,2.05,2.13,1.62,4.0,11.0,1.0,6.0,5.0,0.0
2006-12-17,Paris SG,Nice,0.0,0.0,1.75,3.0,4.75,2.22,1.58,14.0,8.0,7.0,4.0,7.0,2.0
2006-12-22,Marseille,St Etienne,2.0,1.0,1.83,3.25,4.5,2.19,1.6,21.0,17.0,7.0,5.0,6.0,8.0
2006-12-23,Bordeaux,Le Mans,1.0,0.0,1.72,3.3,5.0,2.28,1.54,9.0,9.0,5.0,5.0,4.0,3.0
2006-12-23,Lille,Auxerre,1.0,1.0,1.66,3.4,5.5,2.18,1.58,11.0,8.0,4.0,3.0,5.0,5.0
2006-12-23,Lorient,Rennes,0.0,0.0,2.5,3.0,2.87,2.28,1.54,6.0,7.0,2.0,4.0,8.0,6.0
2006-12-23,Lyon,Monaco,0.0,0.0,1.33,4.5,9.5,1.96,1.75,17.0,3.0,6.0,0.0,5.0,5.0
2006-12-23,Nice,Lens,1.0,2.0,2.6,3.0,2.8,2.33,1.52,10.0,7.0,5.0,4.0,5.0,3.0
2006-12-23,Sochaux,Nancy,2.0,1.0,2.0,3.0,4.0,2.39,1.49,11.0,9.0,6.0,3.0,5.0,2.0
2006-12-23,Toulouse,Nantes,0.0,4.0,1.72,3.3,5.0,2.29,1.53,11.0,10.0,6.0,7.0,4.0,4.0
2006-12-23,Troyes,Paris SG,1.0,1.0,2.8,3.0,2.6,2.24,1.56,11.0,10.0,5.0,9.0,2.0,5.0
2006-12-23,Valenciennes,Sedan,2.0,1.0,1.83,3.0,5.0,2.22,1.56,9.0,13.0,9.0,9.0,2.0,4.0
2007-01-13,Auxerre,Sochaux,1.0,0.0,2.05,2.87,3.6,2.16,1.61,10.0,6.0,3.0,1.0,6.0,3.0
2007-01-13,Bordeaux,Lorient,1.0,1.0,1.61,3.25,5.5,2.14,1.63,11.0,7.0,6.0,5.0,4.0,4.0
2007-01-13,Le Mans,Troyes,2.0,0.0,1.75,3.0,4.75,2.35,1.52,10.0,6.0,7.0,1.0,4.0,2.0
2007-01-13,Lens,Lille,1.0,1.0,2.1,3.0,3.75,2.26,1.56,6.0,10.0,2.0,1.0,7.0,0.0
2007-01-13,Nantes,Nice,1.0,0.0,2.0,2.87,3.8,2.38,1.5,12.0,5.0,3.0,2.0,5.0,3.0
2007-01-13,Paris SG,Valenciennes,1.0,2.0,1.5,3.4,7.0,2.1,1.64,10.0,9.0,4.0,6.0,2.0,3.0
2007-01-13,Sedan,Nancy,2.0,2.0,2.37,2.9,2.9,2.25,1.57,11.0,12.0,6.0,9.0,6.0,13.0
2007-01-13,Toulouse,Lyon,2.0,0.0,6.0,3.5,1.5,1.99,1.75,6.0,12.0,3.0,5.0,4.0,5.0
2007-01-14,Rennes,Marseille,0.0,2.0,2.3,3.1,3.1,2.28,1.55,15.0,17.0,2.0,5.0,3.0,5.0
2007-01-14,St Etienne,Monaco,0.0,1.0,2.0,3.1,4.0,2.12,1.63,15.0,11.0,5.0,4.0,5.0,4.0
2007-01-17,Paris SG,Toulouse,0.0,0.0,1.85,3.0,4.0,2.17,1.59,7.0,2.0,2.0,1.0,10.0,3.0
2007-01-24,Lille,Paris SG,1.0,0.0,1.83,3.1,4.75,2.29,1.53,8.0,7.0,3.0,3.0,5.0,4.0
2007-01-24,Lorient,Lens,1.0,0.0,2.75,2.75,2.6,2.2,1.58,13.0,6.0,3.0,2.0,3.0,4.0
2007-01-24,Lyon,Bordeaux,1.0,2.0,1.4,3.75,8.5,1.89,1.84,19.0,5.0,10.0,4.0,7.0,1.0
2007-01-24,Marseille,Auxerre,3.0,1.0,1.72,3.2,4.5,2.14,1.61,6.0,7.0,3.0,3.0,4.0,2.0
2007-01-24,Monaco,Rennes,0.0,2.0,1.83,3.0,4.33,2.17,1.59,11.0,4.0,6.0,3.0,6.0,0.0
2007-01-24,Nice,Toulouse,0.0,1.0,2.25,2.8,3.2,2.34,1.5,7.0,9.0,3.0,6.0,9.0,3.0
2007-01-24,Sochaux,Sedan,1.0,1.0,1.5,3.4,6.5,2.07,1.65,14.0,7.0,6.0,4.0,4.0,1.0
2007-01-24,Troyes,Nantes,1.0,0.0,2.25,2.8,3.2,2.36,1.5,15.0,7.0,9.0,1.0,3.0,6.0
2007-01-24,Valenciennes,Le Mans,1.0,1.0,2.1,2.8,3.5,2.24,1.56,8.0,8.0,2.0,3.0,5.0,1.0
2007-01-25,Nancy,St Etienne,0.0,2.0,2.05,3.0,3.8,2.17,1.58,7.0,6.0,2.0,3.0,3.0,1.0
2007-01-27,Bordeaux,Lille,0.0,1.0,2.15,2.9,3.8,2.22,1.58,8.0,8.0,2.0,3.0,7.0,3.0
2007-01-27,Le Mans,Marseille,2.0,0.0,3.0,2.75,2.62,2.31,1.53,20.0,9.0,12.0,7.0,5.0,0.0
2007-01-27,Lyon,Nice,1.0,1.0,1.16,5.5,13.0,1.89,1.83,13.0,4.0,6.0,2.0,2.0,2.0
2007-01-27,Nantes,Lorient,0.0,2.0,1.9,2.9,4.0,2.38,1.5,14.0,9.0,9.0,5.0,5.0,5.0
2007-01-27,Paris SG,Sochaux,0.0,0.0,1.9,2.87,4.0,2.25,1.55,15.0,10.0,6.0,4.0,6.0,5.0
2007-01-27,Rennes,Valenciennes,1.0,0.0,1.7,3.2,4.75,2.15,1.62,6.0,5.0,5.0,3.0,5.0,2.0
2007-01-27,Sedan,Monaco,0.0,1.0,3.0,2.75,2.45,2.24,1.55,12.0,7.0,5.0,2.0,4.0,3.0
2007-01-27,Toulouse,Troyes,1.0,1.0,1.75,3.0,4.75,2.16,1.61,12.0,6.0,6.0,3.0,4.0,2.0
2007-01-28,Auxerre,Nancy,2.0,0.0,2.0,2.8,4.5,2.25,1.56,4.0,6.0,3.0,4.0,1.0,2.0
2007-01-28,Lens,St Etienne,3.0,3.0,1.83,3.1,4.75,2.11,1.63,26.0,9.0,8.0,3.0,7.0,1.0
2007-02-03,Lille,Nantes,0.0,0.0,1.57,3.6,6.0,2.29,1.55,15.0,7.0,4.0,2.0,5.0,2.0
2007-02-03,Lorient,Le Mans,2.0,1.0,2.15,2.8,3.4,2.37,1.51,5.0,9.0,3.0,4.0,2.0,3.0
2007-02-03,Monaco,Auxerre,2.0,1.0,1.85,2.9,4.2,2.24,1.57,9.0,8.0,3.0,4.0,2.0,6.0
2007-02-03,Nancy,Toulouse,2.0,1.0,1.95,3.0,4.33,2.33,1.53,12.0,4.0,8.0,1.0,7.0,1.0
2007-02-03,Nice,Bordeaux,2.0,1.0,2.5,2.7,3.0,2.38,1.51,4.0,5.0,3.0,3.0,3.0,2.0
2007-02-03,Sochaux,Rennes,0.0,0.0,1.95,2.75,4.2,2.38,1.51,7.0,5.0,2.0,3.0,9.0,3.0
2007-02-03,St Etienne,Sedan,1.0,2.0,1.45,3.6,6.5,2.01,1.73,13.0,20.0,8.0,12.0,4.0,9.0
2007-02-03,Valenciennes,Lens,1.0,3.0,3.0,2.7,2.45,2.29,1.55,12.0,9.0,6.0,3.0,6.0,3.0
2007-02-04,Marseille,Paris SG,1.0,1.0,1.85,3.1,4.75,2.18,1.6,15.0,5.0,8.0,2.0,4.0,4.0
2007-02-04,Troyes,Lyon,1.0,0.0,7.5,3.6,1.5,2.01,1.74,9.0,14.0,5.0,9.0,3.0,4.0
2007-02-10,Auxerre,St Etienne,1.0,1.0,2.1,3.0,3.25,2.14,1.61,14.0,6.0,6.0,2.0,2.0,1.0
2007-02-10,Le Mans,Sedan,3.0,2.0,1.72,3.2,4.5,2.13,1.62,17.0,8.0,8.0,5.0,5.0,4.0
2007-02-10,Lyon,Lorient,1.0,0.0,1.33,4.5,9.5,1.94,1.78,10.0,8.0,3.0,3.0,5.0,4.0
2007-02-10,Nantes,Valenciennes,2.0,5.0,1.8,3.0,4.33,2.34,1.51,15.0,11.0,11.0,8.0,7.0,1.0
2007-02-10,Nice,Troyes,3.0,0.0,1.9,3.0,3.8,2.31,1.53,16.0,5.0,9.0,2.0,4.0,5.0
2007-02-10,Paris SG,Monaco,4.0,2.0,2.15,3.0,3.6,2.34,1.52,11.0,18.0,6.0,6.0,5.0,6.0
2007-02-10,Rennes,Nancy,1.0,1.0,2.0,3.0,3.5,2.33,1.52,8.0,7.0,3.0,3.0,7.0,4.0
2007-02-10,Toulouse,Lille,1.0,0.0,2.6,2.87,2.87,2.32,1.53,9.0,11.0,3.0,5.0,6.0,7.0
2007-02-11,Bordeaux,Marseille,1.0,0.0,2.4,2.87,3.2,2.31,1.53,6.0,10.0,3.0,4.0,7.0,3.0
2007-02-11,Lens,Sochaux,3.0,1.0,1.8,3.2,4.75,2.16,1.6,11.0,9.0,7.0,3.0,4.0,6.0
2007-02-16,Lille,Lyon,1.0,2.0,3.0,3.0,2.4,2.29,1.55,5.0,4.0,2.0,3.0,3.0,3.0
2007-02-17,Lorient,Toulouse,0.0,1.0,1.9,3.1,3.75,2.35,1.52,11.0,11.0,5.0,5.0,5.0,3.0
2007-02-17,Nancy,Paris SG,0.0,3.0,2.1,2.87,3.4,2.35,1.52,11.0,6.0,5.0,4.0,7.0,1.0
2007-02-17,Sedan,Auxerre,2.0,2.0,2.5,2.8,2.8,2.22,1.58,9.0,10.0,4.0,4.0,4.0,3.0
2007-02-17,Sochaux,Le Mans,2.0,0.0,1.9,2.9,4.0,2.29,1.54,16.0,10.0,6.0,4.0,7.0,4.0
2007-02-17,St Etienne,Rennes,1.0,3.0,1.9,3.1,4.33,2.27,1.55,13.0,12.0,5.0,4.0,4.0,2.0
2007-02-17,Troyes,Bordeaux,1.0,0.0,2.6,2.87,2.62,2.31,1.53,6.0,8.0,2.0,6.0,1.0,3.0
2007-02-17,Valenciennes,Nice,0.0,1.0,2.1,3.0,3.25,2.21,1.58,6.0,6.0,2.0,2.0,5.0,1.0
2007-02-18,Marseille,Nantes,0.0,0.0,1.5,3.75,7.0,2.17,1.6,14.0,5.0,9.0,1.0,7.0,3.0
2007-02-18,Monaco,Lens,0.0,0.0,2.37,3.0,2.8,2.13,1.62,10.0,10.0,4.0,5.0,5.0,4.0
2007-02-24,Le Mans,Monaco,0.0,2.0,2.37,2.87,2.87,2.27,1.55,10.0,4.0,3.0,2.0,4.0,4.0
2007-02-24,Lyon,Sochaux,3.0,3.0,1.36,4.0,7.5,1.99,1.73,11.0,7.0,7.0,4.0,4.0,2.0
2007-02-24,Nantes,Auxerre,1.0,1.0,2.3,2.87,3.0,2.28,1.54,9.0,11.0,5.0,6.0,2.0,4.0
2007-02-24,Nice,Lille,2.0,1.0,2.5,2.7,2.9,2.36,1.51,9.0,10.0,5.0,4.0,1.0,12.0
2007-02-24,Rennes,Sedan,0.0,2.0,1.61,3.2,5.5,2.12,1.63,19.0,5.0,9.0,4.0,7.0,4.0
2007-02-24,Toulouse,Marseille,3.0,0.0,2.5,3.0,2.62,2.32,1.52,6.0,8.0,3.0,4.0,3.0,10.0
2007-02-24,Troyes,Lorient,3.0,0.0,2.25,2.87,3.1,2.31,1.53,13.0,9.0,7.0,4.0,5.0,1.0
2007-02-25,Bordeaux,Valenciennes,2.0,1.0,1.57,3.4,5.5,2.19,1.59,10.0,8.0,8.0,4.0,8.0,5.0
2007-02-25,Lens,Nancy,2.0,2.0,1.66,3.2,5.0,2.16,1.61,9.0,7.0,3.0,2.0,1.0,3.0
2007-02-25,Paris SG,St Etienne,0.0,2.0,1.9,3.0,3.8,2.17,1.6,10.0,11.0,2.0,6.0,8.0,3.0
2007-03-03,Auxerre,Rennes,1.0,0.0,2.2,2.87,3.25,2.3,1.54,8.0,7.0,6.0,3.0,6.0,3.0
2007-03-03,Lille,Troyes,4.0,0.0,1.61,3.4,6.0,2.23,1.57,11.0,3.0,7.0,1.0,3.0,4.0
2007-03-03,Lorient,Nice,0.0,0.0,2.25,3.0,3.0,2.38,1.49,8.0,4.0,3.0,1.0,7.0,2.0
2007-03-03,Monaco,Bordeaux,0.0,0.0,2.2,2.87,3.6,2.23,1.56,4.0,8.0,2.0,3.0,4.0,1.0
2007-03-03,Nancy,Le Mans,1.0,1.0,2.1,2.87,3.4,2.29,1.54,6.0,12.0,4.0,5.0,8.0,2.0
2007-03-03,Sedan,Paris SG,2.0,0.0,3.0,2.87,2.5,2.17,1.6,10.0,8.0,5.0,3.0,5.0,6.0
2007-03-03,St Etienne,Lyon,1.0,3.0,2.87,3.0,2.5,2.06,1.66,9.0,10.0,2.0,4.0,2.0,1.0
2007-03-03,Valenciennes,Toulouse,0.0,0.0,2.4,2.87,3.2,2.25,1.56,13.0,7.0,4.0,2.0,6.0,5.0
2007-03-04,Marseille,Lens,0.0,1.0,2.2,2.87,3.6,2.16,1.6,20.0,5.0,5.0,1.0,5.0,3.0
2007-03-04,Sochaux,Nantes,1.0,2.0,1.9,3.0,4.5,2.32,1.53,20.0,5.0,5.0,3.0,4.0,3.0
2007-03-10,Bordeaux,Sochaux,2.0,0.0,1.9,3.1,3.8,2.21,1.58,8.0,7.0,4.0,2.0,6.0,6.0
2007-03-10,Le Mans,St Etienne,2.0,1.0,2.25,3.0,3.0,2.2,1.58,3.0,9.0,2.0,5.0,2.0,6.0
2007-03-10,Lorient,Lille,0.0,0.0,2.75,2.8,2.5,2.35,1.51,8.0,7.0,3.0,3.0,2.0,3.0
2007-03-10,Nantes,Nancy,2.0,1.0,2.1,3.0,3.25,2.35,1.53,14.0,12.0,6.0,4.0,6.0,4.0
2007-03-10,Nice,Rennes,1.0,1.0,1.95,3.0,3.6,2.35,1.52,12.0,11.0,4.0,6.0,2.0,3.0
2007-03-10,Toulouse,Monaco,1.0,1.0,2.25,2.87,3.5,2.29,1.54,8.0,9.0,2.0,2.0,4.0,6.0
2007-03-10,Troyes,Valenciennes,1.0,3.0,2.0,3.0,3.5,2.19,1.59,11.0,13.0,4.0,4.0,5.0,6.0
2007-03-11,Lens,Sedan,1.0,1.0,1.53,3.6,6.5,2.0,1.71,23.0,5.0,8.0,3.0,5.0,0.0
2007-03-11,Lyon,Marseille,1.0,1.0,1.57,3.6,6.0,2.01,1.73,15.0,11.0,7.0,5.0,5.0,6.0
2007-03-11,Paris SG,Auxerre,0.0,1.0,2.0,3.0,4.0,2.25,1.56,11.0,14.0,1.0,7.0,6.0,7.0
2007-03-17,Lille,Le Mans,0.0,2.0,1.66,3.3,4.75,2.21,1.58,12.0,10.0,4.0,4.0,5.0,5.0
2007-03-17,Marseille,Nice,3.0,0.0,1.6,3.4,5.0,2.31,1.54,9.0,6.0,4.0,0.0,2.0,1.0
2007-03-17,Monaco,Nantes,2.0,1.0,1.75,3.25,4.33,2.32,1.52,13.0,10.0,2.0,4.0,4.0,3.0
2007-03-17,Nancy,Lyon,0.0,3.0,4.2,3.25,1.8,2.07,1.68,4.0,7.0,2.0,4.0,6.0,2.0
2007-03-17,Sedan,Bordeaux,1.0,1.0,2.45,2.87,2.8,2.29,1.54,12.0,4.0,4.0,1.0,5.0,0.0
2007-03-17,Sochaux,Toulouse,4.0,2.0,2.2,3.0,3.4,2.28,1.54,12.0,6.0,6.0,2.0,3.0,2.0
2007-03-17,St Etienne,Troyes,3.0,1.0,1.61,3.3,5.25,2.07,1.66,13.0,6.0,7.0,4.0,3.0,3.0
2007-03-17,Valenciennes,Lorient,0.0,0.0,2.0,3.0,3.6,2.34,1.52,8.0,3.0,3.0,1.0,6.0,0.0
2007-03-18,Auxerre,Lens,1.0,0.0,2.4,2.87,3.2,2.21,1.58,7.0,6.0,2.0,3.0,2.0,5.0
2007-03-18,Rennes,Paris SG,1.0,0.0,2.4,2.87,3.2,2.32,1.53,14.0,11.0,7.0,7.0,5.0,1.0
2007-03-31,Lorient,Marseille,2.0,1.0,2.87,2.87,2.4,2.36,1.51,15.0,18.0,4.0,5.0,3.0,2.0
2007-04-01,Le Mans,Auxerre,2.0,2.0,2.2,2.87,3.25,2.36,1.52,7.0,11.0,5.0,5.0,3.0,5.0
2007-04-01,Lens,Paris SG,1.0,2.0,1.95,3.0,4.33,2.21,1.58,12.0,6.0,5.0,3.0,5.0,2.0
2007-04-01,Lille,Valenciennes,0.0,2.0,1.53,3.4,6.0,2.15,1.62,9.0,9.0,4.0,3.0,8.0,1.0
2007-04-01,Nantes,Sedan,0.0,1.0,1.95,3.0,4.33,2.29,1.55,10.0,7.0,4.0,4.0,7.0,4.0
2007-04-01,Nice,Monaco,1.0,1.0,2.3,2.87,3.1,2.38,1.5,7.0,5.0,4.0,3.0,0.0,4.0
2007-04-01,Toulouse,St Etienne,1.0,0.0,2.2,2.87,3.25,2.25,1.56,8.0,5.0,4.0,3.0,2.0,3.0
2007-04-01,Troyes,Sochaux,0.0,1.0,2.3,2.87,3.0,2.28,1.55,8.0,4.0,3.0,1.0,7.0,3.0
2007-04-07,Auxerre,Bordeaux,0.0,0.0,2.1,2.8,3.6,2.36,1.52,10.0,13.0,6.0,4.0,3.0,9.0
2007-04-07,Monaco,Troyes,0.0,0.0,1.66,3.25,5.0,2.16,1.62,8.0,6.0,2.0,4.0,7.0,5.0
2007-04-07,Nancy,Lorient,0.0,1.0,1.95,3.0,4.0,2.36,1.53,6.0,11.0,2.0,5.0,3.0,6.0
2007-04-07,Paris SG,Le Mans,2.0,1.0,1.75,3.25,4.5,2.25,1.57,6.0,10.0,2.0,3.0,5.0,7.0
2007-04-07,Rennes,Lens,1.0,0.0,2.4,2.8,3.0,2.31,1.55,8.0,10.0,1.0,4.0,2.0,4.0
2007-04-07,Sochaux,Nice,1.0,1.0,1.8,3.25,4.33,2.33,1.52,9.0,3.0,4.0,2.0,7.0,1.0
2007-04-07,St Etienne,Nantes,2.0,1.0,1.8,3.2,4.2,2.22,1.58,6.0,10.0,2.0,3.0,5.0,7.0
2007-04-07,Valenciennes,Lyon,0.0,0.0,5.0,3.4,1.7,2.1,1.66,6.0,11.0,2.0,5.0,3.0,6.0
2007-04-08,Marseille,Lille,4.0,1.0,2.15,2.8,4.0,2.31,1.54,13.0,10.0,6.0,2.0,9.0,3.0
2007-04-08,Sedan,Toulouse,0.0,2.0,2.4,3.0,3.0,2.25,1.57,8.0,10.0,1.0,5.0,3.0,0.0
2007-04-14,Bordeaux,Paris SG,0.0,0.0,2.2,2.87,3.6,2.31,1.53,12.0,11.0,2.0,2.0,3.0,4.0
2007-04-14,Le Mans,Rennes,0.0,0.0,2.2,2.87,3.0,2.3,1.54,14.0,10.0,4.0,4.0,4.0,4.0
2007-04-14,Lille,Sochaux,2.0,0.0,2.0,3.0,3.75,2.2,1.59,10.0,5.0,4.0,2.0,3.0,5.0
2007-04-14,Lorient,Monaco,0.0,0.0,2.3,2.87,3.1,2.35,1.51,10.0,6.0,5.0,0.0,4.0,1.0
2007-04-14,Nantes,Lens,0.0,0.0,2.9,2.75,2.5,2.28,1.55,8.0,4.0,2.0,1.0,5.0,5.0
2007-04-14,Toulouse,Auxerre,2.0,0.0,2.0,3.0,3.75,2.19,1.59,9.0,10.0,6.0,5.0,3.0,7.0
2007-04-14,Troyes,Nancy,0.0,0.0,2.1,2.9,3.5,2.26,1.56,4.0,4.0,0.0,3.0,4.0,3.0
2007-04-14,Valenciennes,Marseille,0.0,0.0,2.8,2.87,2.5,2.29,1.54,7.0,9.0,5.0,3.0,5.0,3.0
2007-04-15,Lyon,Sedan,1.0,0.0,1.33,4.5,9.5,1.95,1.8,17.0,7.0,8.0,5.0,3.0,1.0
2007-04-15,Nice,St Etienne,2.0,1.0,2.37,3.0,3.1,2.22,1.57,10.0,12.0,3.0,5.0,1.0,1.0
2007-04-18,Bordeaux,Nancy,3.0,0.0,1.66,3.25,5.0,2.26,1.56,13.0,9.0,4.0,2.0,4.0,2.0
2007-04-18,Lyon,Rennes,0.0,0.0,1.44,3.75,7.0,2.09,1.66,8.0,1.0,1.0,0.0,2.0,1.0
2007-04-21,Lens,Le Mans,2.0,0.0,1.72,3.4,4.33,2.19,1.6,15.0,8.0,11.0,7.0,13.0,7.0
2007-04-21,Marseille,Troyes,2.0,1.0,1.5,3.5,6.5,2.1,1.65,16.0,7.0,4.0,5.0,3.0,2.0
2007-04-21,Monaco,Lille,3.0,1.0,2.25,2.87,3.3,2.29,1.54,10.0,8.0,5.0,5.0,2.0,2.0
2007-04-21,Nancy,Valenciennes,1.0,0.0,2.05,2.87,3.75,2.35,1.51,10.0,4.0,6.0,1.0,8.0,0.0
2007-04-21,Paris SG,Nantes,4.0,0.0,1.72,3.4,4.33,2.25,1.56,13.0,9.0,7.0,3.0,1.0,8.0
2007-04-21,Rennes,Toulouse,3.0,2.0,2.3,2.8,3.2,2.28,1.55,19.0,8.0,7.0,3.0,5.0,5.0
2007-04-21,Sedan,Nice,1.0,1.0,2.3,2.8,3.2,2.36,1.51,14.0,14.0,11.0,9.0,8.0,4.0
2007-04-21,Sochaux,Lorient,1.0,1.0,1.9,2.9,4.2,2.32,1.53,16.0,15.0,6.0,3.0,7.0,5.0
2007-04-22,Auxerre,Lyon,0.0,0.0,3.25,3.1,2.2,2.13,1.61,4.0,15.0,1.0,7.0,1.0,3.0
2007-04-22,St Etienne,Bordeaux,0.0,2.0,2.25,3.0,3.3,2.25,1.56,11.0,6.0,6.0,2.0,2.0,1.0
2007-04-28,Lille,Nancy,0.0,1.0,1.72,3.1,5.0,2.2,1.6,11.0,8.0,4.0,4.0,3.0,6.0
2007-04-28,Lorient,St Etienne,0.0,0.0,2.25,2.87,3.3,2.29,1.56,6.0,9.0,2.0,3.0,3.0,1.0
2007-04-28,Lyon,Le Mans,2.0,1.0,1.4,3.75,8.0,2.08,1.69,13.0,4.0,9.0,2.0,1.0,1.0
2007-04-28,Nantes,Rennes,0.0,2.0,2.4,2.87,2.9,2.4,1.51,10.0,10.0,3.0,7.0,4.0,3.0
2007-04-28,Nice,Auxerre,0.0,0.0,2.0,2.9,4.2,2.3,1.55,6.0,8.0,3.0,6.0,4.0,3.0
2007-04-28,Toulouse,Paris SG,1.0,3.0,2.15,2.87,3.75,2.27,1.57,11.0,8.0,7.0,5.0,3.0,3.0
2007-04-28,Troyes,Sedan,3.0,2.0,2.05,2.87,3.7,2.24,1.58,20.0,7.0,10.0,5.0,8.0,3.0
2007-04-28,Valenciennes,Monaco,2.0,2.0,2.5,2.87,2.8,2.4,1.51,24.0,16.0,9.0,6.0,6.0,4.0
2007-04-29,Bordeaux,Lens,1.0,0.0,2.15,2.87,3.75,2.32,1.54,5.0,7.0,1.0,0.0,3.0,5.0
2007-04-29,Marseille,Sochaux,4.0,2.0,1.72,3.3,5.0,2.15,1.63,10.0,7.0,7.0,3.0,1.0,3.0
2007-05-05,Auxerre,Troyes,1.0,0.0,1.9,2.87,4.2,2.17,1.6,11.0,9.0,8.0,3.0,6.0,3.0
2007-05-05,Le Mans,Nantes,1.0,1.0,1.85,3.1,4.2,2.23,1.57,14.0,8.0,7.0,3.0,5.0,4.0
2007-05-05,Lens,Toulouse,2.0,0.0,1.9,2.9,4.2,2.16,1.6,17.0,9.0,12.0,4.0,12.0,1.0
2007-05-05,Nancy,Nice,3.0,0.0,2.25,2.75,3.25,2.38,1.5,12.0,11.0,7.0,7.0,3.0,9.0
2007-05-05,Paris SG,Lyon,1.0,1.0,2.7,2.75,2.9,2.14,1.62,9.0,16.0,3.0,7.0,4.0,8.0
2007-05-05,Rennes,Bordeaux,0.0,0.0,2.3,2.87,3.1,2.33,1.52,12.0,18.0,3.0,6.0,7.0,4.0
2007-05-05,Sedan,Lorient,3.0,1.0,2.15,2.9,3.5,2.22,1.58,6.0,6.0,2.0,3.0,3.0,2.0
2007-05-05,Sochaux,Valenciennes,1.0,0.0,1.8,3.1,4.5,2.22,1.57,16.0,6.0,6.0,3.0,11.0,8.0
2007-05-06,Monaco,Marseille,1.0,2.0,2.7,2.75,2.9,2.12,1.63,6.0,7.0,2.0,1.0,1.0,5.0
2007-05-06,St Etienne,Lille,2.0,1.0,2.3,2.87,3.4,2.17,1.6,8.0,8.0,5.0,2.0,1.0,4.0
2007-05-09,Bordeaux,Nantes,0.0,1.0,1.3,4.2,11.0,2.05,1.69,14.0,7.0,5.0,3.0,8.0,4.0
2007-05-09,Lille,Sedan,2.0,1.0,1.85,3.1,4.2,2.06,1.67,19.0,4.0,9.0,2.0,8.0,4.0
2007-05-09,Lorient,Auxerre,2.0,1.0,2.37,2.87,3.1,2.32,1.53,7.0,4.0,5.0,1.0,1.0,2.0
2007-05-09,Lyon,Lens,3.0,0.0,2.0,3.1,3.6,2.02,1.7,13.0,1.0,7.0,1.0,4.0,5.0
2007-05-09,Marseille,Nancy,2.0,1.0,1.33,4.2,9.5,1.97,1.77,28.0,11.0,12.0,4.0,6.0,3.0
2007-05-09,Nice,Paris SG,1.0,0.0,2.75,2.75,2.75,2.31,1.53,11.0,9.0,4.0,1.0,2.0,6.0
2007-05-09,Sochaux,Monaco,2.0,1.0,2.15,2.87,3.4,2.2,1.6,21.0,10.0,6.0,3.0,10.0,5.0
2007-05-09,Troyes,Rennes,2.0,2.0,2.75,3.0,2.45,2.29,1.55,12.0,11.0,6.0,5.0,5.0,4.0
2007-05-09,Valenciennes,St Etienne,1.0,0.0,2.1,3.0,3.3,2.19,1.6,11.0,13.0,6.0,2.0,5.0,2.0
2007-05-10,Toulouse,Le Mans,0.0,1.0,1.65,3.4,4.75,2.12,1.63,7.0,7.0,3.0,4.0,2.0,5.0
2007-05-19,Auxerre,Lille,2.0,1.0,2.1,3.0,3.4,2.06,1.67,7.0,12.0,2.0,8.0,6.0,4.0
2007-05-19,Le Mans,Bordeaux,1.0,1.0,2.87,3.1,2.3,2.11,1.64,12.0,12.0,4.0,5.0,6.0,5.0
2007-05-19,Lens,Nice,0.0,0.0,1.66,3.4,5.5,2.01,1.71,9.0,6.0,1.0,4.0,5.0,2.0
2007-05-19,Monaco,Lyon,1.0,0.0,2.6,2.87,2.7,2.01,1.71,10.0,15.0,5.0,5.0,7.0,8.0
2007-05-19,Nancy,Sochaux,5.0,2.0,2.3,3.0,3.0,2.05,1.68,8.0,8.0,4.0,2.0,3.0,3.0
2007-05-19,Nantes,Toulouse,0.0,0.0,2.87,2.9,2.4,2.07,1.67,9.0,3.0,2.0,1.0,2.0,2.0
2007-05-19,Paris SG,Troyes,2.0,1.0,1.8,3.25,4.2,2.02,1.7,12.0,11.0,8.0,6.0,6.0,3.0
2007-05-19,Rennes,Lorient,4.0,1.0,1.72,3.1,5.0,2.02,1.72,10.0,8.0,6.0,7.0,5.0,1.0
2007-05-19,Sedan,Valenciennes,1.0,1.0,2.3,3.0,3.0,2.01,1.7,8.0,5.0,3.0,2.0,4.0,3.0
2007-05-19,St Etienne,Marseille,1.0,2.0,3.25,3.0,2.3,1.99,1.73,11.0,9.0,4.0,3.0,6.0,2.0
2007-05-26,Lille,Rennes,1.0,1.0,3.1,3.2,2.15,1.82,1.91,8.0,6.0,2.0,2.0,3.0,3.0
2007-05-26,Lorient,Paris SG,0.0,1.0,2.45,3.0,2.7,1.79,1.94,8.0,16.0,2.0,7.0,4.0,10.0
2007-05-26,Lyon,Nantes,3.0,1.0,1.36,4.33,7.5,1.65,2.05,17.0,7.0,9.0,4.0,8.0,1.0
2007-05-26,Marseille,Sedan,1.0,0.0,1.36,4.33,7.0,1.65,2.05,17.0,10.0,5.0,2.0,5.0,5.0
2007-05-26,Monaco,Nancy,2.0,0.0,1.8,3.25,4.2,1.82,1.91,5.0,10.0,4.0,1.0,1.0,7.0
2007-05-26,Nice,Le Mans,3.0,3.0,1.95,3.0,3.8,1.82,1.91,15.0,15.0,6.0,6.0,5.0,0.0
2007-05-26,Sochaux,St Etienne,1.0,0.0,1.85,3.2,4.0,1.77,1.96,13.0,11.0,5.0,5.0,2.0,4.0
2007-05-26,Toulouse,Bordeaux,3.0,1.0,2.62,3.0,2.75,1.85,1.89,11.0,6.0,6.0,3.0,3.0,2.0
2007-05-26,Troyes,Lens,3.0,0.0,7.5,4.0,1.45,1.79,1.95,11.0,13.0,9.0,8.0,4.0,8.0
2007-05-26,Valenciennes,Auxerre,1.0,3.0,2.3,3.0,3.1,1.85,1.88,14.0,5.0,7.0,3.0,3.0,2.0
2007-08-04,Bordeaux,Lens,1.0,0.0,2.2,2.87,3.6,2.32,1.54,13.0,4.0,4.0,2.0,4.0,4.0
2007-08-04,Caen,Nice,1.0,0.0,2.4,2.75,3.0,2.36,1.52,16.0,14.0,6.0,4.0,2.0,3.0
2007-08-04,Lille,Lorient,0.0,0.0,1.72,3.0,5.0,2.16,1.61,6.0,5.0,2.0,3.0,2.0,2.0
2007-08-04,Monaco,St Etienne,1.0,1.0,1.9,2.9,4.0,2.2,1.59,16.0,19.0,5.0,6.0,5.0,6.0
2007-08-04,Paris SG,Sochaux,0.0,0.0,1.72,3.4,5.0,2.14,1.62,11.0,8.0,10.0,5.0,5.0,9.0
2007-08-04,Rennes,Nancy,0.0,2.0,1.72,3.2,4.5,2.29,1.56,14.0,9.0,4.0,6.0,6.0,4.0
2007-08-04,Strasbourg,Marseille,0.0,0.0,3.5,2.87,2.25,2.16,1.61,12.0,12.0,3.0,4.0,6.0,5.0
2007-08-04,Valenciennes,Toulouse,3.0,1.0,2.62,2.75,2.75,2.33,1.54,9.0,7.0,5.0,3.0,2.0,4.0
2007-08-05,Le Mans,Metz,1.0,0.0,2.05,3.0,4.0,2.28,1.55,10.0,6.0,2.0,0.0,4.0,4.0
2007-08-05,Lyon,Auxerre,2.0,0.0,1.4,4.33,7.5,1.99,1.75,16.0,9.0,5.0,3.0,9.0,3.0
2007-08-11,Auxerre,Bordeaux,0.0,2.0,2.3,2.87,3.4,2.39,1.51,6.0,12.0,2.0,6.0,5.0,6.0
2007-08-11,Lorient,Monaco,2.0,1.0,2.6,2.87,2.87,2.32,1.53,13.0,10.0,5.0,3.0,7.0,4.0
2007-08-11,Marseille,Rennes,0.0,0.0,1.57,3.5,6.5,2.13,1.63,11.0,11.0,2.0,2.0,5.0,4.0
2007-08-11,Nancy,Caen,1.0,0.0,1.9,3.0,4.0,2.31,1.54,8.0,6.0,4.0,0.0,8.0,4.0
2007-08-11,Nice,Strasbourg,1.0,0.0,1.95,2.87,4.0,2.29,1.55,14.0,8.0,5.0,3.0,5.0,6.0
2007-08-11,Sochaux,Le Mans,1.0,3.0,1.95,2.87,4.0,2.31,1.54,16.0,21.0,4.0,11.0,5.0,4.0
2007-08-11,St Etienne,Valenciennes,3.0,1.0,1.83,3.1,4.75,2.12,1.63,12.0,6.0,4.0,1.0,1.0,5.0
2007-08-11,Toulouse,Lyon,1.0,0.0,4.5,3.3,1.72,2.07,1.67,15.0,8.0,5.0,1.0,4.0,4.0
2007-08-12,Lens,Paris SG,0.0,0.0,2.15,3.0,3.6,2.23,1.57,13.0,14.0,1.0,2.0,3.0,3.0
2007-08-12,Metz,Lille,1.0,2.0,2.7,2.75,2.9,2.34,1.52,9.0,20.0,3.0,8.0,6.0,11.0
2007-08-15,Bordeaux,Le Mans,1.0,2.0,1.66,3.25,5.0,2.2,1.6,4.0,12.0,1.0,5.0,2.0,4.0
2007-08-15,Lille,Sochaux,1.0,1.0,1.9,3.0,4.0,2.22,1.59,15.0,24.0,6.0,9.0,3.0,8.0
2007-08-15,Monaco,Metz,2.0,0.0,1.66,3.25,5.0,2.15,1.63,10.0,7.0,4.0,2.0,4.0,5.0
2007-08-15,Paris SG,Lorient,1.0,3.0,1.66,3.4,5.5,2.16,1.62,6.0,10.0,2.0,6.0,6.0,5.0
2007-08-15,Rennes,St Etienne,1.0,0.0,2.1,2.87,4.0,2.25,1.57,7.0,14.0,2.0,3.0,3.0,8.0
2007-08-15,Strasbourg,Auxerre,3.0,0.0,2.37,2.87,3.0,2.37,1.52,13.0,16.0,6.0,5.0,6.0,6.0
2007-08-15,Valenciennes,Marseille,2.0,1.0,3.25,2.87,2.37,2.27,1.56,11.0,6.0,6.0,2.0,7.0,3.0
2007-08-16,Nancy,Nice,2.0,1.0,1.9,2.87,4.75,2.38,1.52,16.0,16.0,4.0,4.0,8.0,4.0
2007-08-18,Auxerre,Caen,1.0,0.0,1.72,3.1,5.0,2.31,1.54,15.0,7.0,7.0,1.0,10.0,0.0
2007-08-18,Le Mans,Lille,1.0,1.0,2.0,2.9,3.8,2.31,1.54,14.0,14.0,4.0,3.0,6.0,3.0
2007-08-18,Lorient,Lyon,2.0,1.0,5.0,3.1,1.72,2.12,1.65,12.0,11.0,4.0,1.0,6.0,5.0
2007-08-18,Metz,Paris SG,0.0,0.0,2.7,2.87,2.6,2.38,1.51,10.0,12.0,3.0,0.0,4.0,3.0
2007-08-18,Sochaux,Monaco,0.0,3.0,2.1,2.9,3.5,2.28,1.55,23.0,11.0,7.0,5.0,5.0,3.0
2007-08-18,St Etienne,Bordeaux,0.0,0.0,2.15,2.9,3.4,2.2,1.59,14.0,7.0,4.0,3.0,2.0,2.0
2007-08-18,Toulouse,Strasbourg,1.0,3.0,1.75,3.1,4.75,2.24,1.57,21.0,11.0,5.0,3.0,3.0,6.0
2007-08-19,Lens,Valenciennes,0.0,0.0,1.7,3.1,5.25,2.15,1.62,23.0,16.0,7.0,2.0,6.0,5.0
2007-08-19,Marseille,Nancy,2.0,2.0,1.6,3.3,5.5,2.14,1.62,14.0,16.0,6.0,6.0,4.0,7.0
2007-08-19,Nice,Rennes,1.0,1.0,2.2,2.87,3.25,2.38,1.5,11.0,8.0,3.0,2.0,7.0,4.0
2007-08-25,Bordeaux,Lorient,2.0,2.0,1.83,3.0,4.33,2.2,1.59,12.0,9.0,5.0,5.0,6.0,3.0
2007-08-25,Caen,Marseille,1.0,2.0,3.4,2.87,2.3,2.23,1.58,9.0,13.0,3.0,4.0,6.0,1.0
2007-08-25,Monaco,Le Mans,3.0,1.0,1.9,3.0,4.0,2.12,1.63,14.0,20.0,7.0,6.0,2.0,5.0
2007-08-25,Nancy,Auxerre,4.0,1.0,1.9,3.0,4.0,2.24,1.57,16.0,9.0,7.0,4.0,5.0,4.0
2007-08-25,Nice,Toulouse,1.0,1.0,2.1,2.87,3.5,2.31,1.54,17.0,10.0,4.0,4.0,8.0,10.0
2007-08-25,Rennes,Metz,2.0,0.0,1.66,3.25,5.0,2.23,1.58,18.0,18.0,5.0,3.0,4.0,1.0
2007-08-25,Strasbourg,Lens,2.0,1.0,2.5,2.87,2.8,2.35,1.52,10.0,11.0,3.0,3.0,5.0,4.0
2007-08-25,Valenciennes,Sochaux,3.0,1.0,2.05,2.87,3.6,2.18,1.6,13.0,20.0,6.0,4.0,5.0,4.0
2007-08-26,Lyon,St Etienne,1.0,0.0,1.53,3.6,6.5,2.03,1.7,11.0,14.0,5.0,2.0,6.0,2.0
2007-08-26,Paris SG,Lille,1.0,1.0,1.9,3.1,4.33,2.3,1.54,17.0,11.0,5.0,3.0,6.0,1.0
2007-08-28,Lorient,Valenciennes,1.0,3.0,2.0,3.0,4.0,2.18,1.61,19.0,17.0,4.0,6.0,5.0,6.0
2007-08-29,Auxerre,Rennes,0.0,2.0,2.1,2.9,3.5,2.33,1.53,14.0,8.0,2.0,3.0,4.0,5.0
2007-08-29,Le Mans,Paris SG,0.0,2.0,2.25,2.87,3.1,2.31,1.53,21.0,14.0,3.0,8.0,7.0,3.0
2007-08-29,Lille,Monaco,0.0,1.0,2.05,2.9,3.6,2.28,1.55,13.0,9.0,7.0,2.0,7.0,5.0
2007-08-29,Marseille,Nice,0.0,2.0,1.5,3.5,7.5,2.16,1.61,16.0,13.0,3.0,7.0,3.0,4.0
2007-08-29,Metz,Bordeaux,0.0,1.0,3.0,2.9,2.3,2.36,1.52,11.0,14.0,2.0,2.0,6.0,3.0
2007-08-29,Sochaux,Lyon,1.0,2.0,5.0,3.1,1.8,2.14,1.61,13.0,15.0,3.0,7.0,8.0,9.0
2007-08-29,St Etienne,Strasbourg,2.0,0.0,1.75,3.0,4.5,2.24,1.57,24.0,7.0,7.0,2.0,4.0,0.0
2007-09-01,Bordeaux,Monaco,2.0,1.0,2.2,2.87,3.6,2.21,1.58,6.0,13.0,3.0,3.0,4.0,3.0
2007-09-01,Caen,Sochaux,2.0,2.0,2.2,2.87,3.3,2.25,1.56,11.0,19.0,4.0,7.0,4.0,5.0
2007-09-01,Lyon,Le Mans,3.0,2.0,1.4,3.75,10.0,2.0,1.72,13.0,9.0,6.0,3.0,4.0,4.0
2007-09-01,Nancy,St Etienne,2.0,0.0,2.0,3.0,3.75,2.18,1.59,15.0,11.0,4.0,1.0,6.0,3.0
2007-09-01,Rennes,Lille,2.0,2.0,2.1,2.9,3.5,2.35,1.51,12.0,13.0,5.0,4.0,9.0,4.0
2007-09-01,Strasbourg,Lorient,0.0,0.0,2.25,2.87,3.2,2.18,1.59,17.0,2.0,6.0,0.0,6.0,1.0
2007-09-01,Toulouse,Auxerre,2.0,0.0,1.9,3.0,4.0,2.23,1.57,14.0,12.0,5.0,4.0,6.0,4.0
2007-09-01,Valenciennes,Metz,0.0,0.0,1.72,3.25,4.5,2.13,1.62,17.0,5.0,2.0,1.0,5.0,1.0
2007-09-02,Nice,Lens,1.0,0.0,2.37,3.0,3.1,2.32,1.52,13.0,7.0,5.0,1.0,5.0,6.0
2007-09-02,Paris SG,Marseille,1.0,1.0,2.3,2.87,3.4,2.26,1.54,11.0,13.0,6.0,5.0,6.0,7.0
2007-09-15,Auxerre,Nice,2.0,0.0,2.2,2.9,3.75,2.36,1.53,10.0,7.0,3.0,4.0,3.0,3.0
2007-09-15,Le Mans,Valenciennes,2.0,0.0,2.05,3.1,4.0,2.22,1.59,14.0,10.0,4.0,2.0,3.0,4.0
2007-09-15,Lens,Nancy,1.0,0.0,2.1,3.1,3.75,2.3,1.56,7.0,9.0,1.0,5.0,5.0,11.0
2007-09-15,Lille,Bordeaux,1.0,1.0,2.3,3.0,3.4,2.38,1.52,20.0,11.0,9.0,1.0,10.0,2.0
2007-09-15,Marseille,Toulouse,1.0,2.0,1.72,3.4,5.25,2.17,1.62,21.0,9.0,5.0,4.0,8.0,2.0
2007-09-15,Metz,Lyon,1.0,5.0,7.5,3.75,1.5,2.05,1.72,10.0,21.0,5.0,11.0,5.0,8.0
2007-09-15,Sochaux,Strasbourg,0.0,0.0,2.2,3.0,3.6,2.2,1.6,12.0,14.0,4.0,4.0,4.0,3.0
2007-09-15,St Etienne,Caen,3.0,0.0,1.7,3.4,5.5,2.13,1.64,22.0,9.0,6.0,1.0,8.0,4.0
2007-09-16,Lorient,Rennes,0.0,1.0,2.4,3.0,3.2,2.31,1.55,10.0,6.0,3.0,3.0,1.0,7.0
2007-09-16,Monaco,Paris SG,1.0,2.0,2.15,3.0,3.75,2.29,1.56,25.0,11.0,7.0,4.0,11.0,3.0
2007-09-22,Auxerre,Marseille,2.0,0.0,2.7,2.87,2.9,2.24,1.57,8.0,19.0,3.0,4.0,5.0,7.0
2007-09-22,Caen,Metz,1.0,2.0,2.1,2.87,4.2,2.23,1.58,11.0,16.0,6.0,7.0,9.0,3.0
2007-09-22,Nancy,Lorient,2.0,0.0,1.8,3.2,5.0,2.13,1.63,11.0,6.0,4.0,2.0,6.0,6.0
2007-09-22,Nice,St Etienne,3.0,0.0,2.2,3.0,3.6,2.26,1.56,10.0,12.0,7.0,3.0,5.0,6.0
2007-09-22,Strasbourg,Le Mans,0.0,1.0,2.2,3.0,3.6,2.18,1.61,11.0,12.0,4.0,4.0,5.0,2.0
2007-09-22,Toulouse,Lens,1.0,1.0,2.25,2.9,3.6,2.24,1.58,19.0,11.0,4.0,3.0,7.0,3.0
2007-09-22,Valenciennes,Monaco,1.0,0.0,2.45,3.0,3.1,2.12,1.63,8.0,9.0,2.0,3.0,5.0,5.0
2007-09-23,Lyon,Lille,1.0,1.0,1.53,3.8,6.75,1.96,1.79,18.0,16.0,6.0,3.0,4.0,9.0
2007-09-23,Paris SG,Bordeaux,0.0,2.0,2.15,2.87,4.0,2.25,1.57,12.0,10.0,3.0,5.0,11.0,6.0
2007-09-23,Rennes,Sochaux,0.0,2.0,1.8,3.3,4.75,2.15,1.62,13.0,19.0,4.0,6.0,7.0,4.0
2007-09-29,Lyon,Lens,3.0,0.0,1.53,3.4,6.5,1.98,1.78,11.0,8.0,3.0,3.0,3.0,2.0
2007-09-30,Caen,Toulouse,2.0,1.0,2.7,3.0,2.5,2.12,1.66,16.0,11.0,2.0,1.0,7.0,3.0
2007-10-05,Monaco,Nancy,1.0,3.0,2.1,3.1,3.75,2.17,1.62,19.0,10.0,7.0,6.0,11.0,5.0
2007-10-06,Le Mans,Nice,2.0,0.0,2.1,3.0,3.8,2.25,1.56,13.0,10.0,4.0,0.0,8.0,1.0
2007-10-06,Lens,Auxerre,2.0,0.0,2.1,3.1,3.75,2.26,1.56,14.0,18.0,8.0,3.0,7.0,4.0
2007-10-06,Lille,Valenciennes,3.0,0.0,2.1,3.0,3.75,2.24,1.57,18.0,8.0,8.0,2.0,4.0,5.0
2007-10-06,Lorient,Caen,0.0,0.0,1.83,3.25,4.75,2.11,1.65,7.0,10.0,1.0,3.0,5.0,5.0
2007-10-06,Metz,Strasbourg,1.0,2.0,2.5,2.9,3.1,2.25,1.56,16.0,9.0,8.0,4.0,7.0,6.0
2007-10-06,Paris SG,Rennes,1.0,3.0,2.1,3.0,3.75,2.26,1.56,15.0,10.0,4.0,4.0,8.0,2.0
2007-10-06,St Etienne,Marseille,1.0,0.0,2.5,3.0,3.0,2.19,1.59,21.0,5.0,5.0,1.0,6.0,1.0
2007-10-07,Bordeaux,Lyon,1.0,3.0,3.2,3.0,2.4,2.09,1.65,15.0,11.0,3.0,5.0,4.0,1.0
2007-10-07,Sochaux,Toulouse,0.0,1.0,2.25,3.1,3.4,2.12,1.63,25.0,8.0,5.0,3.0,7.0,2.0
2007-10-20,Auxerre,Lorient,5.0,3.0,1.95,3.1,4.33,2.2,1.59,15.0,7.0,7.0,5.0,3.0,7.0
2007-10-20,Caen,Lille,1.0,0.0,2.7,2.87,2.87,2.24,1.57,14.0,14.0,6.0,2.0,2.0,7.0
2007-10-20,Lyon,Monaco,3.0,1.0,1.5,3.8,7.5,1.95,1.81,11.0,17.0,6.0,3.0,2.0,9.0
2007-10-20,Nice,Metz,3.0,1.0,1.72,3.3,5.5,2.23,1.58,12.0,11.0,6.0,3.0,1.0,4.0
2007-10-20,Rennes,Le Mans,3.0,0.0,1.95,3.2,4.2,2.18,1.61,11.0,19.0,5.0,9.0,3.0,7.0
2007-10-20,Strasbourg,Bordeaux,1.0,1.0,2.7,2.87,2.87,2.3,1.54,13.0,12.0,6.0,5.0,6.0,6.0
2007-10-20,Toulouse,St Etienne,0.0,2.0,2.2,3.0,3.6,2.21,1.59,11.0,7.0,0.0,2.0,7.0,2.0
2007-10-20,Valenciennes,Paris SG,0.0,0.0,2.5,3.0,3.0,2.18,1.6,14.0,9.0,6.0,2.0,3.0,4.0
2007-10-21,Marseille,Lens,1.0,0.0,1.85,3.25,4.5,2.31,1.53,21.0,8.0,6.0,3.0,10.0,4.0
2007-10-21,Nancy,Sochaux,1.0,1.0,1.61,3.6,6.0,2.09,1.66,11.0,15.0,5.0,7.0,3.0,5.0
2007-10-27,Bordeaux,Valenciennes,2.0,1.0,1.8,3.25,5.0,2.17,1.61,15.0,14.0,4.0,0.0,5.0,5.0
2007-10-27,Lille,Strasbourg,0.0,3.0,1.95,3.0,4.5,2.27,1.56,18.0,10.0,1.0,4.0,5.0,5.0
2007-10-27,Lorient,Nice,0.0,0.0,2.3,3.0,3.4,2.22,1.58,17.0,7.0,3.0,3.0,7.0,5.0
2007-10-27,Metz,Nancy,0.0,0.0,3.2,3.1,2.35,2.15,1.62,12.0,14.0,4.0,3.0,2.0,5.0
2007-10-27,Monaco,Caen,0.0,0.0,1.66,3.5,5.5,2.06,1.67,16.0,6.0,7.0,0.0,12.0,2.0
2007-10-27,Sochaux,Marseille,2.0,1.0,2.75,2.87,2.8,2.27,1.56,15.0,5.0,5.0,2.0,5.0,5.0
2007-10-27,St Etienne,Auxerre,0.0,0.0,1.83,3.25,4.75,2.1,1.65,20.0,7.0,4.0,2.0,8.0,1.0
2007-10-28,Le Mans,Toulouse,1.0,1.0,1.95,3.1,4.33,2.22,1.58,20.0,7.0,2.0,3.0,3.0,6.0
2007-10-28,Lens,Rennes,1.0,2.0,2.3,3.0,3.4,2.33,1.53,13.0,11.0,2.0,6.0,8.0,4.0
2007-10-28,Paris SG,Lyon,2.0,3.0,3.5,3.1,2.2,2.1,1.66,13.0,15.0,6.0,7.0,8.0,2.0
2007-11-03,Auxerre,Lille,0.0,1.0,2.2,3.0,3.6,2.22,1.59,13.0,14.0,4.0,6.0,10.0,7.0
2007-11-03,Lyon,Valenciennes,2.0,0.0,1.36,4.33,10.0,1.81,1.94,13.0,11.0,4.0,3.0,4.0,8.0
2007-11-03,Marseille,Lorient,0.0,0.0,1.75,3.4,5.0,2.16,1.62,10.0,7.0,5.0,2.0,6.0,3.0
2007-11-03,Nancy,Bordeaux,1.0,0.0,2.25,3.0,3.5,2.17,1.61,15.0,5.0,5.0,1.0,7.0,3.0
2007-11-03,Nice,Sochaux,0.0,0.0,2.0,3.1,4.2,2.2,1.6,5.0,8.0,3.0,3.0,1.0,6.0
2007-11-03,Rennes,Monaco,0.0,1.0,2.0,3.1,4.2,2.15,1.62,16.0,9.0,4.0,5.0,7.0,8.0
2007-11-03,Strasbourg,Paris SG,1.0,2.0,2.5,3.0,3.0,2.28,1.56,18.0,8.0,6.0,2.0,11.0,3.0
2007-11-04,Caen,Le Mans,3.0,2.0,2.6,3.0,2.87,2.17,1.62,19.0,18.0,6.0,5.0,9.0,4.0
2007-11-04,Lens,St Etienne,3.0,2.0,2.3,2.9,3.5,2.33,1.53,15.0,12.0,10.0,4.0,8.0,5.0
2007-11-04,Toulouse,Metz,0.0,0.0,1.66,3.4,5.75,2.14,1.64,17.0,12.0,5.0,5.0,6.0,3.0
2007-11-10,Le Mans,St Etienne,3.0,2.0,2.1,3.2,3.75,2.17,1.6,10.0,17.0,4.0,6.0,2.0,6.0
2007-11-10,Lille,Nice,1.0,1.0,2.0,3.0,4.33,2.27,1.55,17.0,13.0,7.0,3.0,5.0,2.0
2007-11-10,Metz,Lens,1.0,2.0,2.9,3.1,2.5,2.21,1.58,16.0,14.0,6.0,5.0,6.0,5.0
2007-11-10,Monaco,Strasbourg,3.0,0.0,1.9,3.2,4.33,2.16,1.61,9.0,6.0,5.0,0.0,3.0,0.0
2007-11-10,Paris SG,Nancy,0.0,0.0,2.2,3.2,3.4,2.16,1.61,17.0,13.0,7.0,6.0,5.0,9.0
2007-11-10,Sochaux,Auxerre,1.0,1.0,2.1,3.1,3.75,2.18,1.6,26.0,15.0,7.0,5.0,7.0,5.0
2007-11-10,Valenciennes,Caen,3.0,0.0,1.83,3.2,4.75,2.23,1.57,15.0,14.0,4.0,4.0,3.0,6.0
2007-11-11,Bordeaux,Rennes,3.0,0.0,2.1,3.1,3.75,2.19,1.59,8.0,10.0,3.0,1.0,3.0,1.0
2007-11-11,Lorient,Toulouse,1.0,0.0,2.25,3.0,3.5,2.28,1.55,12.0,14.0,3.0,1.0,7.0,4.0
2007-11-11,Lyon,Marseille,1.0,2.0,1.53,3.6,7.5,1.95,1.79,20.0,15.0,9.0,5.0,7.0,4.0
2007-11-24,Caen,Bordeaux,5.0,0.0,3.4,3.0,2.3,2.17,1.6,18.0,11.0,6.0,2.0,4.0,0.0
2007-11-24,Lens,Lorient,1.0,1.0,1.8,3.25,5.25,2.2,1.59,9.0,10.0,4.0,3.0,8.0,1.0
2007-11-24,Marseille,Metz,3.0,1.0,1.5,3.6,8.0,2.11,1.66,13.0,10.0,4.0,2.0,4.0,2.0
2007-11-24,Nancy,Lille,2.0,0.0,2.0,2.9,4.5,2.22,1.58,14.0,6.0,5.0,2.0,5.0,3.0
2007-11-24,Rennes,Lyon,0.0,2.0,3.5,3.1,2.2,2.04,1.7,13.0,16.0,5.0,6.0,7.0,1.0
2007-11-24,St Etienne,Sochaux,1.0,0.0,1.85,3.2,4.75,2.21,1.58,16.0,11.0,5.0,3.0,5.0,2.0
2007-11-24,Strasbourg,Valenciennes,0.0,0.0,2.05,3.1,4.0,2.17,1.6,16.0,14.0,4.0,5.0,7.0,6.0
2007-11-24,Toulouse,Monaco,0.0,0.0,2.4,3.0,3.2,2.23,1.57,5.0,10.0,0.0,3.0,6.0,1.0
2007-11-25,Auxerre,Le Mans,3.0,0.0,2.25,3.2,3.25,2.07,1.66,16.0,10.0,6.0,0.0,5.0,4.0
2007-11-25,Nice,Paris SG,2.0,1.0,2.4,3.1,3.1,2.35,1.52,11.0,17.0,4.0,5.0,4.0,5.0
2007-11-28,Lens,Caen,1.0,1.0,1.83,3.1,4.5,2.17,1.6,21.0,11.0,8.0,4.0,5.0,2.0
2007-12-01,Le Mans,Nancy,2.0,1.0,2.35,3.0,3.25,2.17,1.6,12.0,5.0,4.0,4.0,6.0,1.0
2007-12-01,Lille,Marseille,1.0,1.0,2.5,3.0,3.0,2.23,1.57,12.0,14.0,5.0,5.0,6.0,1.0
2007-12-01,Lorient,St Etienne,1.0,1.0,2.35,3.0,3.25,2.17,1.6,7.0,15.0,2.0,6.0,5.0,7.0
2007-12-01,Metz,Auxerre,0.0,1.0,2.87,3.0,2.62,2.18,1.6,13.0,14.0,5.0,5.0,5.0,5.0
2007-12-01,Monaco,Nice,1.0,1.0,1.95,3.1,4.33,2.16,1.61,23.0,5.0,10.0,2.0,6.0,1.0
2007-12-01,Paris SG,Caen,0.0,1.0,1.72,3.2,5.0,2.15,1.62,21.0,4.0,5.0,3.0,8.0,2.0
2007-12-01,Sochaux,Lens,0.0,2.0,2.25,3.0,3.5,2.18,1.6,16.0,13.0,2.0,4.0,4.0,7.0
2007-12-02,Bordeaux,Toulouse,4.0,3.0,1.72,3.3,5.5,2.1,1.65,11.0,9.0,4.0,6.0,4.0,4.0
2007-12-02,Lyon,Strasbourg,5.0,0.0,1.36,4.2,10.0,1.89,1.86,15.0,12.0,9.0,5.0,5.0,5.0
2007-12-02,Valenciennes,Rennes,3.0,0.0,2.4,3.0,3.2,2.17,1.61,12.0,10.0,6.0,0.0,1.0,2.0
2007-12-05,Toulouse,Nancy,1.0,1.0,2.6,2.9,2.75,2.27,1.57,10.0,21.0,2.0,10.0,4.0,6.0
2007-12-08,Caen,Lyon,1.0,0.0,4.75,3.4,1.8,2.01,1.75,11.0,12.0,2.0,6.0,5.0,5.0
2007-12-08,Lens,Le Mans,1.0,3.0,2.05,3.1,4.0,2.15,1.62,12.0,15.0,4.0,6.0,8.0,5.0
2007-12-08,Lorient,Sochaux,2.0,1.0,2.05,3.1,4.0,2.25,1.57,8.0,15.0,3.0,4.0,4.0,14.0
2007-12-08,Marseille,Monaco,2.0,0.0,2.1,3.1,3.75,2.2,1.59,21.0,6.0,6.0,1.0,7.0,1.0
2007-12-08,Nancy,Valenciennes,0.0,0.0,1.72,3.4,5.25,2.15,1.62,12.0,7.0,3.0,1.0,5.0,3.0
2007-12-08,St Etienne,Metz,2.0,0.0,1.53,3.75,6.75,2.14,1.63,18.0,7.0,8.0,0.0,9.0,4.0
2007-12-08,Strasbourg,Rennes,3.0,0.0,2.5,3.0,3.0,2.26,1.57,15.0,17.0,8.0,6.0,4.0,7.0
2007-12-08,Toulouse,Lille,1.0,0.0,2.4,3.1,3.1,2.27,1.56,7.0,16.0,3.0,9.0,4.0,4.0
2007-12-09,Auxerre,Paris SG,0.0,1.0,2.35,3.1,3.2,2.21,1.59,18.0,8.0,5.0,3.0,4.0,7.0
2007-12-09,Nice,Bordeaux,1.0,1.0,2.45,3.0,3.1,2.22,1.58,5.0,10.0,3.0,2.0,6.0,6.0
2007-12-15,Le Mans,Lorient,0.0,0.0,1.9,3.1,4.5,2.13,1.63,15.0,5.0,3.0,0.0,4.0,2.0
2007-12-15,Lille,St Etienne,3.0,0.0,2.2,3.1,3.5,2.21,1.58,20.0,9.0,5.0,2.0,5.0,1.0
2007-12-15,Lyon,Nice,0.0,0.0,1.4,4.33,8.5,1.96,1.78,12.0,15.0,6.0,5.0,5.0,8.0
2007-12-15,Metz,Sochaux,1.0,2.0,3.0,2.9,2.6,2.27,1.56,13.0,10.0,3.0,5.0,3.0,3.0
2007-12-15,Monaco,Lens,2.0,0.0,2.1,3.2,3.6,2.18,1.6,8.0,10.0,4.0,2.0,1.0,6.0
2007-12-15,Paris SG,Toulouse,1.0,2.0,1.95,3.1,4.33,2.17,1.61,26.0,10.0,7.0,3.0,13.0,1.0
2007-12-15,Rennes,Caen,1.0,2.0,2.0,3.1,4.2,2.23,1.58,23.0,7.0,9.0,4.0,8.0,3.0
2007-12-15,Valenciennes,Auxerre,3.0,0.0,2.0,3.1,4.2,2.13,1.62,13.0,17.0,7.0,4.0,4.0,5.0
2007-12-16,Bordeaux,Marseille,2.0,2.0,2.2,3.1,3.5,2.13,1.63,14.0,13.0,3.0,5.0,7.0,4.0
2007-12-16,Strasbourg,Nancy,0.0,0.0,2.6,3.0,2.87,2.23,1.57,13.0,13.0,4.0,3.0,2.0,3.0
2007-12-22,Auxerre,Monaco,1.0,0.0,2.35,3.1,3.2,2.2,1.59,18.0,11.0,5.0,3.0,7.0,4.0
2007-12-22,Caen,Strasbourg,2.0,0.0,2.05,3.0,4.0,2.09,1.66,10.0,15.0,3.0,5.0,2.0,7.0
2007-12-22,Lorient,Metz,2.0,0.0,1.61,3.5,6.25,2.15,1.62,15.0,5.0,4.0,2.0,4.0,5.0
2007-12-22,Marseille,Le Mans,1.0,0.0,1.8,3.3,4.75,2.09,1.65,12.0,11.0,5.0,2.0,1.0,5.0
2007-12-22,Nancy,Lyon,1.0,1.0,3.8,3.2,2.05,2.09,1.66,24.0,9.0,7.0,4.0,10.0,4.0
2007-12-22,Nice,Valenciennes,1.0,0.0,1.95,3.1,4.33,2.22,1.58,15.0,12.0,9.0,3.0,6.0,3.0
2007-12-22,Sochaux,Bordeaux,0.0,1.0,2.7,3.0,2.75,2.22,1.58,15.0,4.0,2.0,1.0,12.0,4.0
2007-12-23,St Etienne,Paris SG,0.0,1.0,2.2,3.0,3.6,2.33,1.53,17.0,10.0,6.0,4.0,1.0,3.0
2007-12-23,Toulouse,Rennes,0.0,0.0,2.25,3.0,3.5,2.21,1.58,12.0,8.0,2.0,3.0,7.0,3.0
2008-01-12,Bordeaux,Auxerre,4.0,1.0,1.72,3.3,5.5,2.09,1.66,11.0,8.0,7.0,2.0,1.0,3.0
2008-01-12,Caen,Nancy,0.0,0.0,2.37,3.0,3.2,2.2,1.6,7.0,17.0,0.0,2.0,6.0,4.0
2008-01-12,Le Mans,Sochaux,0.0,2.0,1.9,3.1,4.5,2.15,1.63,13.0,13.0,4.0,4.0,5.0,3.0
2008-01-12,Lille,Metz,1.0,1.0,1.57,3.6,6.5,2.09,1.66,17.0,7.0,4.0,1.0,9.0,2.0
2008-01-12,Lyon,Toulouse,3.0,2.0,1.33,4.33,13.0,1.88,1.85,16.0,12.0,5.0,4.0,2.0,6.0
2008-01-12,Monaco,Lorient,1.0,0.0,1.95,3.1,4.33,2.21,1.59,12.0,10.0,7.0,1.0,4.0,9.0
2008-01-12,Strasbourg,Nice,0.0,1.0,2.4,3.0,3.2,2.33,1.53,15.0,11.0,1.0,5.0,8.0,2.0
2008-01-12,Valenciennes,St Etienne,2.0,0.0,2.15,3.0,3.75,2.18,1.61,7.0,13.0,4.0,3.0,3.0,7.0
2008-01-13,Paris SG,Lens,3.0,0.0,2.15,3.0,3.75,2.23,1.58,11.0,11.0,6.0,3.0,2.0,4.0
2008-01-13,Rennes,Marseille,3.0,1.0,2.5,3.0,3.0,2.19,1.6,17.0,8.0,10.0,2.0,8.0,1.0
2008-01-19,Auxerre,Strasbourg,1.0,1.0,2.0,3.2,4.0,2.23,1.58,13.0,9.0,4.0,3.0,1.0,6.0
2008-01-19,Le Mans,Bordeaux,1.0,2.0,2.6,3.0,2.87,2.24,1.57,7.0,10.0,5.0,6.0,2.0,2.0
2008-01-19,Lorient,Paris SG,1.0,0.0,2.5,3.0,3.0,2.31,1.54,14.0,19.0,6.0,5.0,4.0,8.0
2008-01-19,Marseille,Valenciennes,3.0,1.0,1.75,3.3,5.25,2.13,1.63,18.0,22.0,8.0,10.0,8.0,11.0
2008-01-19,Metz,Monaco,1.0,4.0,3.5,3.1,2.2,2.27,1.56,16.0,15.0,2.0,8.0,4.0,2.0
2008-01-19,Sochaux,Lille,1.0,1.0,2.2,3.0,3.6,2.29,1.55,14.0,10.0,6.0,5.0,4.0,1.0
2008-01-19,St Etienne,Rennes,2.0,0.0,2.25,3.1,3.4,2.26,1.56,15.0,8.0,7.0,6.0,4.0,4.0
2008-01-19,Toulouse,Caen,1.0,1.0,2.1,3.1,3.8,2.3,1.54,9.0,13.0,3.0,3.0,6.0,7.0
2008-01-20,Lens,Lyon,3.0,0.0,4.2,3.3,1.9,2.03,1.69,8.0,12.0,5.0,4.0,3.0,3.0
2008-01-20,Nice,Nancy,1.0,0.0,2.5,3.0,3.0,2.34,1.53,18.0,12.0,5.0,4.0,5.0,6.0
2008-01-23,Caen,Auxerre,0.0,0.0,1.95,3.1,3.8,2.1,1.55,9.0,15.0,5.0,2.0,6.0,2.0
2008-01-23,Lille,Le Mans,3.0,1.0,2.0,3.0,4.0,2.13,1.54,13.0,10.0,6.0,2.0,5.0,3.0
2008-01-23,Lyon,Lorient,2.0,0.0,1.33,4.0,10.0,1.85,1.84,18.0,7.0,8.0,3.0,8.0,4.0
2008-01-23,Monaco,Sochaux,1.0,0.0,1.8,3.2,4.33,2.07,1.57,13.0,17.0,3.0,6.0,1.0,4.0
2008-01-23,Nancy,Marseille,1.0,1.0,2.2,3.0,3.2,2.11,1.54,19.0,11.0,5.0,2.0,4.0,7.0
2008-01-23,Paris SG,Metz,3.0,0.0,1.44,3.75,8.0,2.0,1.7,16.0,7.0,5.0,3.0,7.0,4.0
2008-01-23,Rennes,Nice,1.0,1.0,2.15,3.0,3.3,2.14,1.54,17.0,9.0,8.0,3.0,9.0,4.0
2008-01-23,Strasbourg,Toulouse,2.0,0.0,2.25,2.9,3.25,2.11,1.54,15.0,7.0,5.0,2.0,5.0,4.0
2008-01-23,Valenciennes,Lens,1.0,2.0,2.0,3.0,3.75,2.05,1.58,15.0,13.0,5.0,2.0,5.0,2.0
2008-01-24,Bordeaux,St Etienne,1.0,0.0,1.67,3.5,5.5,1.99,1.62,12.0,17.0,5.0,3.0,6.0,2.0
2008-01-26,Auxerre,Nancy,0.0,0.0,2.37,3.0,3.2,2.35,1.53,9.0,7.0,1.0,3.0,11.0,0.0
2008-01-26,Le Mans,Monaco,1.0,0.0,2.5,3.0,3.0,2.23,1.58,9.0,14.0,7.0,1.0,4.0,6.0
2008-01-26,Lens,Strasbourg,2.0,2.0,1.8,3.2,5.0,2.18,1.61,17.0,8.0,7.0,3.0,13.0,4.0
2008-01-26,Lille,Paris SG,0.0,0.0,2.5,2.9,3.1,2.31,1.54,15.0,2.0,3.0,2.0,6.0,7.0
2008-01-26,Marseille,Caen,6.0,1.0,1.7,3.5,5.5,2.17,1.61,17.0,11.0,9.0,5.0,3.0,4.0
2008-01-26,Metz,Rennes,1.0,1.0,3.4,3.0,2.3,2.24,1.58,14.0,15.0,4.0,4.0,2.0,4.0
2008-01-26,Sochaux,Valenciennes,1.0,0.0,2.25,2.9,3.6,2.19,1.6,23.0,10.0,8.0,2.0,8.0,3.0
2008-01-26,Toulouse,Nice,1.0,1.0,2.3,3.0,3.4,2.34,1.53,11.0,15.0,4.0,4.0,4.0,6.0
2008-01-27,Lorient,Bordeaux,1.0,0.0,2.8,3.0,2.7,2.3,1.54,11.0,2.0,2.0,1.0,7.0,3.0
2008-01-27,St Etienne,Lyon,1.0,1.0,3.6,3.2,2.1,2.07,1.66,22.0,13.0,4.0,4.0,3.0,2.0
2008-02-09,Bordeaux,Metz,3.0,0.0,1.36,4.33,9.5,1.99,1.77,16.0,9.0,7.0,2.0,3.0,4.0
2008-02-09,Lyon,Sochaux,4.0,1.0,1.36,4.33,9.5,1.98,1.75,9.0,12.0,6.0,6.0,5.0,6.0
2008-02-09,Monaco,Lille,0.0,0.0,1.9,3.1,4.5,2.26,1.57,13.0,7.0,4.0,3.0,2.0,3.0
2008-02-09,Nancy,Toulouse,1.0,0.0,1.8,3.2,5.0,2.24,1.58,25.0,7.0,6.0,2.0,13.0,2.0
2008-02-09,Paris SG,Le Mans,0.0,0.0,1.75,3.4,5.0,2.13,1.64,8.0,10.0,1.0,2.0,8.0,4.0
2008-02-09,Rennes,Auxerre,1.0,2.0,2.0,3.1,4.2,2.29,1.55,9.0,19.0,5.0,8.0,8.0,6.0
2008-02-09,Strasbourg,St Etienne,3.0,0.0,2.2,3.1,3.5,2.32,1.54,17.0,12.0,6.0,2.0,4.0,5.0
2008-02-09,Valenciennes,Lorient,3.0,0.0,2.15,3.0,3.75,2.23,1.58,14.0,15.0,8.0,7.0,3.0,9.0
2008-02-10,Caen,Lens,1.0,4.0,2.2,3.1,3.5,2.19,1.61,18.0,10.0,8.0,6.0,9.0,3.0
2008-02-10,Nice,Marseille,0.0,2.0,2.5,3.0,3.0,2.28,1.55,12.0,12.0,3.0,3.0,5.0,0.0
2008-02-16,Auxerre,Toulouse,1.0,0.0,1.85,3.2,4.5,2.23,1.57,14.0,10.0,4.0,4.0,7.0,4.0
2008-02-16,Le Mans,Lyon,1.0,0.0,4.0,3.2,2.0,2.12,1.64,13.0,8.0,5.0,2.0,5.0,6.0
2008-02-16,Lens,Nice,0.0,0.0,2.0,3.2,4.0,2.27,1.55,10.0,11.0,1.0,4.0,3.0,1.0
2008-02-16,Lille,Rennes,3.0,1.0,2.1,3.1,3.8,2.26,1.56,12.0,9.0,7.0,4.0,0.0,6.0
2008-02-16,Lorient,Strasbourg,1.0,0.0,2.0,3.2,4.0,2.28,1.55,12.0,6.0,4.0,3.0,5.0,6.0
2008-02-16,Metz,Valenciennes,2.0,1.0,3.0,3.0,2.5,2.22,1.58,12.0,14.0,3.0,4.0,4.0,5.0
2008-02-16,Sochaux,Caen,1.0,1.0,2.1,3.1,3.75,2.29,1.55,22.0,6.0,8.0,3.0,3.0,2.0
2008-02-16,St Etienne,Nancy,4.0,0.0,2.4,3.0,3.2,2.36,1.51,15.0,11.0,7.0,2.0,4.0,2.0
2008-02-17,Marseille,Paris SG,2.0,1.0,2.1,3.1,3.8,2.21,1.59,17.0,6.0,6.0,2.0,1.0,10.0
2008-02-17,Monaco,Bordeaux,0.0,6.0,2.4,3.1,3.1,2.28,1.55,8.0,13.0,1.0,9.0,5.0,3.0
2008-02-23,Caen,St Etienne,1.0,3.0,2.4,2.9,3.25,2.24,1.58,16.0,18.0,5.0,7.0,8.0,3.0
2008-02-23,Lyon,Metz,2.0,0.0,1.22,5.5,15.0,1.79,1.96,16.0,10.0,8.0,4.0,7.0,6.0
2008-02-23,Nancy,Lens,2.0,1.0,2.05,3.1,4.0,2.29,1.55,10.0,10.0,5.0,4.0,9.0,4.0
2008-02-23,Nice,Auxerre,1.0,2.0,2.0,3.1,4.2,2.36,1.53,23.0,9.0,4.0,4.0,5.0,2.0
2008-02-23,Paris SG,Monaco,1.0,1.0,1.9,3.1,4.6,2.2,1.6,9.0,12.0,4.0,4.0,6.0,3.0
2008-02-23,Rennes,Lorient,2.0,0.0,2.05,3.1,4.0,2.24,1.58,15.0,9.0,5.0,3.0,3.0,5.0
2008-02-23,Strasbourg,Sochaux,0.0,2.0,2.25,2.9,3.6,2.25,1.57,7.0,7.0,1.0,2.0,6.0,1.0
2008-02-23,Valenciennes,Le Mans,1.0,2.0,2.05,3.2,3.8,2.16,1.63,19.0,8.0,8.0,5.0,4.0,1.0
2008-02-24,Bordeaux,Lille,0.0,0.0,1.72,3.3,5.5,2.11,1.65,12.0,11.0,4.0,4.0,2.0,7.0
2008-02-24,Toulouse,Marseille,0.0,0.0,3.1,3.0,2.4,2.3,1.55,10.0,17.0,4.0,3.0,2.0,5.0
2008-03-01,Le Mans,Strasbourg,0.0,1.0,1.85,3.2,4.75,2.27,1.56,15.0,10.0,5.0,4.0,4.0,4.0
2008-03-01,Lens,Toulouse,1.0,1.0,1.83,3.25,4.75,2.27,1.56,10.0,7.0,2.0,3.0,5.0,4.0
2008-03-01,Lille,Lyon,0.0,1.0,3.1,3.1,2.4,2.19,1.6,15.0,7.0,1.0,2.0,4.0,2.0
2008-03-01,Lorient,Nancy,0.0,0.0,2.4,3.0,3.2,2.38,1.51,9.0,5.0,0.0,1.0,3.0,4.0
2008-03-01,Marseille,Auxerre,2.0,1.0,1.72,3.4,5.25,2.13,1.64,21.0,11.0,6.0,4.0,9.0,3.0
2008-03-01,Metz,Caen,2.0,1.0,2.75,2.87,2.8,2.24,1.58,14.0,12.0,5.0,3.0,6.0,0.0
2008-03-01,Monaco,Valenciennes,0.0,0.0,1.83,3.1,5.0,2.27,1.56,13.0,12.0,4.0,1.0,7.0,1.0
2008-03-01,Sochaux,Rennes,0.0,0.0,2.15,3.0,3.75,2.3,1.55,22.0,8.0,5.0,0.0,7.0,1.0
2008-03-02,Bordeaux,Paris SG,3.0,0.0,1.95,3.1,4.33,2.25,1.57,12.0,4.0,5.0,2.0,4.0,5.0
2008-03-02,St Etienne,Nice,0.0,0.0,2.0,3.2,4.0,2.33,1.53,20.0,5.0,8.0,2.0,6.0,1.0
2008-03-08,Auxerre,Lens,0.0,0.0,2.2,3.0,3.6,2.31,1.54,16.0,14.0,8.0,5.0,4.0,13.0
2008-03-08,Caen,Lorient,0.0,0.0,2.3,3.0,3.4,2.31,1.54,15.0,11.0,4.0,2.0,7.0,4.0
2008-03-08,Nancy,Monaco,2.0,0.0,2.05,3.0,4.0,2.37,1.51,10.0,11.0,4.0,3.0,4.0,5.0
2008-03-08,Nice,Le Mans,0.0,0.0,2.25,3.0,3.5,2.37,1.51,13.0,12.0,4.0,1.0,2.0,4.0
2008-03-08,Rennes,Paris SG,2.0,0.0,2.4,3.0,3.2,2.36,1.52,6.0,11.0,1.0,2.0,3.0,4.0
2008-03-08,Strasbourg,Metz,2.0,3.0,1.8,3.2,5.0,2.23,1.58,11.0,8.0,4.0,3.0,6.0,1.0
2008-03-08,Toulouse,Sochaux,1.0,2.0,2.4,3.0,3.2,2.38,1.51,14.0,11.0,6.0,4.0,7.0,2.0
2008-03-08,Valenciennes,Lille,0.0,0.0,2.4,3.0,3.2,2.35,1.52,8.0,10.0,1.0,2.0,3.0,5.0
2008-03-09,Lyon,Bordeaux,4.0,2.0,1.8,3.3,4.75,2.1,1.65,9.0,8.0,4.0,4.0,3.0,7.0
2008-03-09,Marseille,St Etienne,2.0,0.0,1.72,3.4,5.25,2.15,1.62,9.0,13.0,3.0,6.0,4.0,4.0
2008-03-11,Lens,Lille,1.0,2.0,2.25,2.87,3.6,2.35,1.52,15.0,11.0,3.0,4.0,7.0,3.0
2008-03-15,Le Mans,Rennes,1.0,1.0,2.15,3.1,3.6,2.29,1.55,15.0,9.0,5.0,3.0,6.0,0.0
2008-03-15,Lille,Caen,5.0,0.0,1.7,3.4,5.5,2.26,1.56,16.0,4.0,9.0,1.0,5.0,1.0
2008-03-15,Lorient,Auxerre,1.0,1.0,2.15,3.0,3.75,2.29,1.55,15.0,9.0,5.0,1.0,6.0,3.0
2008-03-15,Metz,Nice,1.0,2.0,2.7,3.0,2.75,2.31,1.54,14.0,8.0,5.0,5.0,10.0,1.0
2008-03-15,Monaco,Lyon,0.0,3.0,3.5,3.2,2.15,2.16,1.61,12.0,10.0,3.0,5.0,7.0,3.0
2008-03-15,Paris SG,Valenciennes,1.0,1.0,1.75,3.3,5.25,2.24,1.57,23.0,9.0,6.0,3.0,7.0,2.0
2008-03-15,Sochaux,Nancy,1.0,1.0,2.3,3.1,3.25,2.38,1.51,11.0,5.0,5.0,1.0,2.0,5.0
2008-03-15,St Etienne,Toulouse,0.0,0.0,1.8,3.25,5.0,2.28,1.55,14.0,3.0,4.0,1.0,6.0,5.0
2008-03-16,Bordeaux,Strasbourg,3.0,0.0,1.53,3.6,7.5,2.08,1.68,16.0,10.0,8.0,2.0,13.0,8.0
2008-03-16,Lens,Marseille,3.0,3.0,2.62,3.0,2.87,2.31,1.54,18.0,13.0,4.0,5.0,4.0,6.0
2008-03-22,Auxerre,St Etienne,1.0,3.0,2.15,3.1,3.6,2.31,1.54,9.0,16.0,3.0,7.0,10.0,9.0
2008-03-22,Caen,Monaco,4.0,1.0,2.8,2.87,2.75,2.27,1.56,25.0,11.0,10.0,4.0,6.0,7.0
2008-03-22,Marseille,Sochaux,0.0,1.0,1.61,3.5,6.25,2.14,1.63,29.0,8.0,8.0,4.0,11.0,1.0
2008-03-22,Nancy,Metz,2.0,1.0,1.44,4.0,8.0,2.13,1.63,20.0,14.0,5.0,3.0,14.0,5.0
2008-03-22,Nice,Lorient,1.0,2.0,2.05,2.87,4.33,2.46,1.48,11.0,13.0,6.0,3.0,5.0,5.0
2008-03-22,Strasbourg,Lille,0.0,1.0,2.87,2.87,2.7,2.33,1.53,10.0,16.0,3.0,5.0,6.0,8.0
2008-03-22,Toulouse,Le Mans,1.0,1.0,2.7,2.87,2.87,2.37,1.51,18.0,11.0,3.0,2.0,4.0,1.0
2008-03-22,Valenciennes,Bordeaux,3.0,1.0,2.87,3.0,2.6,2.24,1.57,16.0,8.0,4.0,2.0,7.0,6.0
2008-03-23,Lyon,Paris SG,4.0,2.0,1.44,4.0,8.0,2.06,1.68,20.0,11.0,6.0,5.0,3.0,8.0
2008-03-23,Rennes,Lens,3.0,1.0,2.15,3.1,3.6,2.24,1.57,16.0,9.0,5.0,3.0,7.0,1.0
2008-03-29,Bordeaux,Nancy,2.0,1.0,1.8,3.3,4.75,2.29,1.57,15.0,8.0,5.0,3.0,9.0,6.0
2008-03-30,Le Mans,Caen,1.0,1.0,1.8,3.3,4.75,2.2,1.61,16.0,10.0,5.0,3.0,5.0,4.0
2008-03-30,Lille,Auxerre,0.0,2.0,1.75,3.3,5.25,2.33,1.54,16.0,13.0,8.0,4.0,8.0,4.0
2008-03-30,Lorient,Marseille,1.0,2.0,2.7,3.0,2.75,2.33,1.54,18.0,20.0,8.0,4.0,5.0,5.0
2008-03-30,Metz,Toulouse,0.0,2.0,2.75,3.0,2.7,2.25,1.58,13.0,17.0,3.0,7.0,7.0,2.0
2008-03-30,Sochaux,Nice,1.0,0.0,2.2,3.0,3.6,2.44,1.49,18.0,8.0,5.0,4.0,9.0,1.0
2008-03-30,Valenciennes,Lyon,1.0,2.0,4.0,3.3,1.95,2.05,1.69,9.0,12.0,2.0,5.0,6.0,1.0
2008-03-31,Monaco,Rennes,1.0,2.0,2.15,3.1,3.6,2.29,1.55,16.0,8.0,8.0,3.0,8.0,3.0
2008-04-02,Paris SG,Strasbourg,1.0,0.0,1.73,3.4,5.25,2.23,1.59,14.0,7.0,6.0,3.0,6.0,2.0
2008-04-05,Auxerre,Sochaux,0.0,1.0,2.37,3.0,3.2,2.36,1.52,9.0,13.0,5.0,4.0,9.0,5.0
2008-04-05,Caen,Valenciennes,1.0,0.0,2.25,3.0,3.5,2.26,1.58,9.0,6.0,6.0,0.0,6.0,2.0
2008-04-05,Lens,Metz,1.0,1.0,1.5,3.8,8.0,2.17,1.62,7.0,7.0,4.0,2.0,7.0,6.0
2008-04-05,Nice,Lille,0.0,0.0,2.45,2.9,3.2,2.47,1.48,14.0,26.0,4.0,7.0,2.0,5.0
2008-04-05,Rennes,Bordeaux,0.0,2.0,2.45,3.0,3.1,2.29,1.56,13.0,11.0,3.0,5.0,8.0,7.0
2008-04-05,St Etienne,Le Mans,4.0,1.0,2.05,3.2,3.75,2.32,1.55,19.0,6.0,8.0,3.0,1.0,3.0
2008-04-05,Strasbourg,Monaco,0.0,2.0,2.35,3.0,3.25,2.35,1.53,15.0,12.0,3.0,4.0,9.0,3.0
2008-04-05,Toulouse,Lorient,0.0,0.0,2.2,3.0,3.6,2.44,1.49,8.0,11.0,2.0,3.0,6.0,4.0
2008-04-06,Marseille,Lyon,3.0,1.0,2.87,3.1,2.55,2.11,1.66,12.0,20.0,6.0,3.0,4.0,5.0
2008-04-06,Nancy,Paris SG,1.0,0.0,2.05,3.1,3.6,2.35,1.53,15.0,6.0,4.0,1.0,4.0,6.0
2008-04-09,St Etienne,Lens,2.0,0.0,2.0,3.0,3.8,2.18,1.61,8.0,6.0,3.0,2.0,3.0,4.0
2008-04-12,Le Mans,Auxerre,3.0,0.0,2.1,3.1,3.75,2.33,1.54,21.0,10.0,7.0,1.0,5.0,4.0
2008-04-12,Lille,Nancy,2.0,1.0,2.15,3.0,3.75,2.37,1.53,16.0,12.0,8.0,2.0,4.0,9.0
2008-04-12,Lorient,Lens,1.0,0.0,2.35,2.9,3.4,2.34,1.54,9.0,12.0,2.0,5.0,4.0,4.0
2008-04-12,Lyon,Rennes,1.0,1.0,1.44,4.0,8.0,1.87,1.87,9.0,15.0,5.0,4.0,5.0,8.0
2008-04-12,Metz,Marseille,1.0,2.0,5.0,3.5,1.72,2.09,1.68,18.0,12.0,5.0,5.0,4.0,4.0
2008-04-12,Monaco,Toulouse,0.0,2.0,1.9,3.1,4.5,2.34,1.53,12.0,9.0,5.0,5.0,3.0,2.0
2008-04-12,Sochaux,St Etienne,1.0,1.0,2.1,3.1,3.75,2.3,1.55,15.0,4.0,8.0,1.0,8.0,4.0
2008-04-12,Valenciennes,Strasbourg,2.0,0.0,2.0,3.1,4.0,2.23,1.6,9.0,16.0,5.0,4.0,2.0,4.0
2008-04-13,Bordeaux,Caen,2.0,1.0,1.44,4.0,8.0,1.91,1.83,16.0,11.0,6.0,3.0,2.0,7.0
2008-04-13,Paris SG,Nice,2.0,3.0,1.9,3.25,4.33,2.42,1.51,15.0,17.0,7.0,7.0,2.0,3.0
2008-04-19,Auxerre,Metz,0.0,0.0,1.44,4.0,8.0,2.1,1.67,12.0,10.0,2.0,2.0,3.0,7.0
2008-04-19,Caen,Paris SG,3.0,0.0,2.9,3.1,2.45,2.22,1.59,14.0,9.0,9.0,5.0,7.0,4.0
2008-04-19,Lens,Sochaux,3.0,2.0,2.2,3.1,3.5,2.3,1.55,12.0,18.0,5.0,9.0,3.0,10.0
2008-04-19,Nancy,Le Mans,1.0,1.0,1.8,3.2,5.0,2.33,1.54,15.0,16.0,7.0,6.0,7.0,5.0
2008-04-19,Nice,Monaco,0.0,2.0,2.1,3.1,3.75,2.4,1.51,13.0,8.0,4.0,3.0,6.0,2.0
2008-04-19,Rennes,Valenciennes,1.0,0.0,1.8,3.2,5.0,2.26,1.58,14.0,10.0,5.0,3.0,1.0,5.0
2008-04-19,St Etienne,Lorient,1.0,0.0,1.83,3.2,4.75,2.26,1.57,19.0,7.0,6.0,4.0,6.0,5.0
2008-04-19,Strasbourg,Lyon,1.0,2.0,5.25,3.4,1.72,2.06,1.69,12.0,12.0,5.0,5.0,4.0,5.0
2008-04-20,Marseille,Lille,1.0,3.0,1.72,3.4,5.25,2.2,1.61,15.0,17.0,4.0,7.0,3.0,2.0
2008-04-20,Toulouse,Bordeaux,0.0,1.0,2.87,3.0,2.6,2.29,1.56,8.0,6.0,4.0,1.0,4.0,4.0
2008-04-26,Bordeaux,Nice,0.0,0.0,1.5,3.75,7.5,2.14,1.65,22.0,8.0,4.0,4.0,6.0,3.0
2008-04-26,Le Mans,Lens,3.0,2.0,2.37,3.1,3.1,2.25,1.59,14.0,11.0,5.0,5.0,3.0,2.0
2008-04-26,Lille,Toulouse,3.0,2.0,1.9,3.2,4.33,2.3,1.57,15.0,8.0,7.0,3.0,8.0,2.0
2008-04-26,Lyon,Caen,2.0,2.0,1.33,4.75,10.0,1.77,1.95,18.0,11.0,6.0,5.0,4.0,4.0
2008-04-26,Metz,St Etienne,0.0,1.0,4.2,3.3,1.9,2.09,1.67,20.0,11.0,6.0,5.0,12.0,3.0
2008-04-26,Paris SG,Auxerre,3.0,1.0,1.7,3.3,5.5,2.19,1.62,19.0,10.0,11.0,4.0,2.0,4.0
2008-04-26,Rennes,Strasbourg,3.0,0.0,1.72,3.4,5.25,2.19,1.62,12.0,9.0,7.0,1.0,5.0,4.0
2008-04-26,Sochaux,Lorient,1.0,1.0,1.8,3.3,4.75,2.3,1.56,16.0,8.0,2.0,5.0,5.0,3.0
2008-04-27,Monaco,Marseille,2.0,3.0,3.3,3.0,2.3,2.15,1.64,11.0,13.0,4.0,3.0,3.0,5.0
2008-04-27,Valenciennes,Nancy,1.0,1.0,2.5,3.0,3.0,2.25,1.58,10.0,16.0,2.0,2.0,7.0,5.0
2008-05-03,Auxerre,Valenciennes,2.0,0.0,1.83,3.25,4.75,2.3,1.56,11.0,7.0,4.0,2.0,6.0,3.0
2008-05-03,Caen,Rennes,2.0,2.0,2.5,3.0,3.0,2.13,1.65,23.0,11.0,10.0,5.0,7.0,3.0
2008-05-03,Lens,Monaco,0.0,0.0,1.75,3.4,5.0,2.17,1.63,20.0,7.0,3.0,3.0,8.0,2.0
2008-05-03,Lorient,Le Mans,0.0,0.0,2.37,3.0,3.25,2.24,1.59,11.0,17.0,4.0,4.0,3.0,9.0
2008-05-03,Nancy,Strasbourg,3.0,0.0,1.57,3.6,6.5,2.18,1.62,14.0,20.0,5.0,1.0,3.0,5.0
2008-05-03,Nice,Lyon,0.0,0.0,4.2,3.3,1.9,2.07,1.69,7.0,15.0,2.0,4.0,1.0,4.0
2008-05-03,Sochaux,Metz,0.0,0.0,1.5,3.8,7.0,2.12,1.67,8.0,6.0,3.0,2.0,4.0,1.0
2008-05-03,Toulouse,Paris SG,1.0,1.0,2.7,3.0,2.75,2.34,1.54,12.0,7.0,4.0,1.0,10.0,4.0
2008-05-04,Marseille,Bordeaux,1.0,2.0,2.05,3.2,3.75,2.16,1.63,10.0,11.0,4.0,6.0,5.0,2.0
2008-05-04,St Etienne,Lille,0.0,0.0,2.1,3.1,3.75,2.28,1.57,19.0,14.0,4.0,0.0,4.0,4.0
2008-05-10,Bordeaux,Sochaux,2.0,0.0,1.44,4.2,7.5,1.96,1.79,15.0,8.0,4.0,1.0,2.0,8.0
2008-05-10,Le Mans,Marseille,0.0,0.0,3.4,3.3,2.15,1.95,1.79,13.0,12.0,3.0,5.0,5.0,3.0
2008-05-10,Lille,Lens,2.0,1.0,2.3,3.1,3.25,2.09,1.68,12.0,10.0,2.0,2.0,6.0,8.0
2008-05-10,Lyon,Nancy,1.0,0.0,1.4,4.33,8.5,1.87,1.87,12.0,5.0,4.0,2.0,5.0,3.0
2008-05-10,Metz,Lorient,1.0,2.0,2.87,3.0,2.62,2.12,1.66,16.0,12.0,10.0,4.0,4.0,5.0
2008-05-10,Monaco,Auxerre,3.0,0.0,2.4,2.5,4.0,2.34,1.54,14.0,16.0,5.0,6.0,4.0,3.0
2008-05-10,Paris SG,St Etienne,1.0,1.0,1.8,3.3,4.75,2.12,1.66,14.0,15.0,5.0,7.0,6.0,1.0
2008-05-10,Rennes,Toulouse,2.0,1.0,2.05,3.2,3.8,2.13,1.65,12.0,15.0,5.0,5.0,6.0,4.0
2008-05-10,Strasbourg,Caen,1.0,4.0,2.2,3.1,3.5,2.01,1.74,24.0,8.0,10.0,5.0,12.0,1.0
2008-05-10,Valenciennes,Nice,1.0,2.0,2.2,3.1,3.5,2.17,1.62,14.0,14.0,8.0,7.0,4.0,6.0
2008-05-17,Auxerre,Lyon,1.0,3.0,7.5,3.5,1.55,1.9,1.83,8.0,11.0,1.0,4.0,3.0,1.0
2008-05-17,Lens,Bordeaux,2.0,2.0,2.8,3.4,2.4,1.95,1.79,23.0,11.0,6.0,2.0,7.0,4.0
2008-05-17,Lorient,Lille,1.0,1.0,3.25,3.1,2.3,2.09,1.65,16.0,11.0,5.0,5.0,8.0,7.0
2008-05-17,Marseille,Strasbourg,4.0,3.0,1.2,6.5,12.0,1.66,2.08,20.0,7.0,9.0,5.0,13.0,2.0
2008-05-17,Metz,Le Mans,4.0,3.0,3.1,3.1,2.4,1.96,1.74,16.0,17.0,9.0,7.0,4.0,2.0
2008-05-17,Nancy,Rennes,2.0,3.0,1.65,3.6,5.5,2.06,1.68,18.0,15.0,4.0,8.0,7.0,6.0
2008-05-17,Nice,Caen,3.0,1.0,2.05,3.25,3.75,2.02,1.7,14.0,15.0,5.0,7.0,4.0,11.0
2008-05-17,Sochaux,Paris SG,1.0,2.0,3.8,3.25,2.0,2.11,1.64,17.0,9.0,4.0,2.0,6.0,5.0
2008-05-17,St Etienne,Monaco,4.0,0.0,1.72,3.4,5.25,2.02,1.7,20.0,3.0,10.0,0.0,2.0,2.0
2008-05-17,Toulouse,Valenciennes,2.0,1.0,1.4,4.2,8.5,1.97,1.77,17.0,9.0,4.0,2.0,6.0,2.0
2008-08-09,Auxerre,Nantes,2.0,1.0,2.1,3.1,3.75,2.29,1.57,10.0,15.0,5.0,4.0,5.0,8.0
2008-08-09,Bordeaux,Caen,2.0,1.0,1.57,3.6,6.5,1.93,1.81,24.0,8.0,11.0,1.0,15.0,1.0
2008-08-09,Le Havre,Nice,1.0,0.0,2.3,3.0,3.4,2.31,1.56,14.0,15.0,4.0,3.0,4.0,8.0
2008-08-09,Le Mans,Lorient,0.0,1.0,2.1,3.1,3.8,2.31,1.55,10.0,12.0,2.0,1.0,6.0,3.0
2008-08-09,Monaco,Paris SG,1.0,0.0,2.4,3.1,3.1,2.23,1.6,10.0,7.0,4.0,3.0,9.0,6.0
2008-08-09,Nancy,Lille,0.0,0.0,2.15,3.1,3.6,2.33,1.55,8.0,11.0,0.0,4.0,2.0,6.0
2008-08-09,Rennes,Marseille,4.0,4.0,2.7,3.0,2.8,2.17,1.63,14.0,19.0,10.0,10.0,3.0,5.0
2008-08-09,Sochaux,Grenoble,1.0,2.0,1.91,3.2,4.33,2.28,1.57,18.0,7.0,4.0,2.0,12.0,3.0
2008-08-09,Valenciennes,St Etienne,1.0,0.0,2.4,3.1,3.1,2.22,1.6,11.0,26.0,4.0,7.0,2.0,10.0
2008-08-10,Lyon,Toulouse,3.0,0.0,1.33,4.5,11.0,1.92,1.84,10.0,8.0,5.0,2.0,4.0,3.0
2008-08-16,Caen,Valenciennes,3.0,1.0,2.1,3.0,4.0,2.27,1.58,20.0,19.0,4.0,5.0,2.0,6.0
2008-08-16,Lille,Le Mans,1.0,3.0,1.8,3.3,4.75,2.24,1.59,11.0,6.0,1.0,4.0,4.0,3.0
2008-08-16,Nantes,Monaco,1.0,1.0,2.25,3.0,3.3,2.32,1.55,13.0,10.0,4.0,3.0,3.0,2.0
2008-08-16,Nice,Nancy,2.0,1.0,2.4,2.9,3.3,2.41,1.52,5.0,9.0,3.0,3.0,4.0,6.0
2008-08-16,Paris SG,Bordeaux,1.0,0.0,2.38,2.9,3.3,2.22,1.6,6.0,16.0,2.0,6.0,5.0,4.0
2008-08-16,St Etienne,Sochaux,2.0,1.0,1.85,3.25,4.5,2.25,1.58,18.0,18.0,5.0,5.0,5.0,4.0
2008-08-16,Toulouse,Le Havre,2.0,1.0,2.15,3.1,3.6,2.32,1.55,16.0,10.0,8.0,1.0,7.0,2.0
2008-08-17,Grenoble,Rennes,1.0,0.0,2.88,2.9,2.7,2.25,1.58,8.0,18.0,3.0,5.0,1.0,16.0
2008-08-17,Lorient,Lyon,0.0,0.0,4.75,3.4,1.8,2.1,1.67,7.0,13.0,0.0,2.0,3.0,6.0
2008-08-17,Marseille,Auxerre,4.0,0.0,1.57,3.6,6.5,2.02,1.73,18.0,7.0,5.0,2.0,13.0,1.0
2008-08-23,Le Havre,Marseille,0.0,1.0,3.75,3.0,2.15,2.1,1.67,11.0,16.0,3.0,6.0,0.0,4.0
2008-08-23,Le Mans,St Etienne,1.0,0.0,2.45,3.0,3.1,2.25,1.58,5.0,12.0,3.0,2.0,5.0,1.0
2008-08-23,Lyon,Grenoble,2.0,0.0,1.29,4.75,13.0,1.88,1.86,16.0,9.0,8.0,3.0,9.0,4.0
2008-08-23,Monaco,Caen,1.0,1.0,1.75,3.25,5.25,2.08,1.7,12.0,15.0,4.0,3.0,2.0,6.0
2008-08-23,Nancy,Toulouse,0.0,0.0,1.85,3.1,5.0,2.35,1.54,12.0,7.0,5.0,1.0,7.0,2.0
2008-08-23,Sochaux,Paris SG,1.0,1.0,2.7,2.9,2.8,2.38,1.52,17.0,15.0,5.0,4.0,6.0,8.0
2008-08-23,Valenciennes,Lorient,3.0,1.0,2.25,2.9,3.6,2.32,1.55,15.0,15.0,7.0,5.0,3.0,5.0
2008-08-24,Auxerre,Nice,0.0,1.0,2.15,3.0,3.75,2.32,1.55,12.0,12.0,3.0,3.0,4.0,5.0
2008-08-24,Bordeaux,Nantes,2.0,0.0,1.5,3.75,7.5,2.03,1.73,22.0,7.0,10.0,1.0,7.0,2.0
2008-08-24,Rennes,Lille,2.0,1.0,2.1,3.0,4.0,2.32,1.55,20.0,11.0,9.0,6.0,6.0,5.0
2008-08-30,Caen,Paris SG,0.0,1.0,2.5,3.0,3.0,2.3,1.56,15.0,13.0,2.0,6.0,9.0,4.0
2008-08-30,Grenoble,Monaco,1.0,0.0,2.38,3.0,3.25,2.38,1.53,9.0,8.0,3.0,0.0,3.0,2.0
2008-08-30,Lorient,Auxerre,0.0,2.0,2.0,3.1,4.2,2.32,1.55,14.0,9.0,5.0,5.0,8.0,2.0
2008-08-30,Marseille,Sochaux,2.0,1.0,1.44,4.0,8.0,1.93,1.81,14.0,11.0,3.0,7.0,11.0,3.0
2008-08-30,Nancy,Le Havre,2.0,1.0,1.73,3.25,5.75,2.29,1.56,21.0,12.0,4.0,4.0,7.0,2.0
2008-08-30,Nantes,Le Mans,1.0,4.0,2.0,3.0,4.0,2.32,1.55,14.0,12.0,6.0,4.0,10.0,2.0
2008-08-30,Nice,Valenciennes,2.0,0.0,1.91,3.1,4.5,2.3,1.56,13.0,10.0,7.0,1.0,9.0,8.0
2008-08-31,Lille,Bordeaux,2.0,1.0,2.7,3.0,2.8,2.26,1.58,17.0,11.0,6.0,5.0,6.0,2.0
2008-08-31,St Etienne,Lyon,0.0,1.0,3.2,3.25,2.25,2.13,1.65,9.0,15.0,4.0,11.0,7.0,6.0
2008-08-31,Toulouse,Rennes,0.0,0.0,2.45,3.0,3.1,2.33,1.55,7.0,12.0,3.0,4.0,4.0,8.0
2008-09-13,Auxerre,Nancy,1.0,1.0,2.38,3.0,3.2,2.37,1.53,14.0,8.0,4.0,1.0,4.0,2.0
2008-09-13,Bordeaux,Marseille,1.0,1.0,2.3,3.1,3.25,2.11,1.66,14.0,13.0,4.0,2.0,6.0,4.0
2008-09-13,Le Mans,Toulouse,1.0,2.0,1.83,3.25,4.75,2.29,1.56,11.0,5.0,3.0,2.0,4.0,0.0
2008-09-13,Lyon,Nice,3.0,2.0,1.4,4.0,10.0,2.0,1.74,28.0,4.0,8.0,2.0,11.0,1.0
2008-09-13,Monaco,Lorient,2.0,0.0,2.05,3.1,4.0,2.38,1.53,7.0,10.0,4.0,2.0,6.0,3.0
2008-09-13,Rennes,Le Havre,1.0,1.0,1.67,3.4,6.0,2.19,1.61,14.0,10.0,3.0,3.0,3.0,6.0
2008-09-13,Valenciennes,Grenoble,1.0,1.0,2.1,3.1,3.75,2.26,1.58,8.0,9.0,4.0,3.0,2.0,4.0
2008-09-14,Caen,St Etienne,2.0,0.0,2.5,3.0,3.0,2.24,1.58,14.0,18.0,7.0,5.0,10.0,3.0
2008-09-14,Paris SG,Nantes,1.0,0.0,1.57,3.5,7.0,2.18,1.62,9.0,13.0,2.0,2.0,6.0,4.0
2008-09-14,Sochaux,Lille,1.0,1.0,2.38,3.0,3.2,2.39,1.52,15.0,16.0,6.0,6.0,2.0,2.0
2008-09-20,Grenoble,Bordeaux,0.0,1.0,3.25,3.0,2.35,2.31,1.55,8.0,7.0,2.0,1.0,3.0,1.0
2008-09-20,Le Havre,Lyon,0.0,1.0,5.0,3.5,1.73,2.18,1.63,13.0,16.0,1.0,5.0,6.0,8.0
2008-09-20,Lille,Auxerre,3.0,2.0,1.8,3.1,5.25,2.24,1.59,12.0,4.0,5.0,4.0,6.0,1.0
2008-09-20,Lorient,Caen,1.0,1.0,2.15,3.0,3.75,2.32,1.55,9.0,6.0,2.0,4.0,6.0,3.0
2008-09-20,Nantes,Valenciennes,2.0,0.0,2.15,3.0,3.75,2.25,1.59,13.0,9.0,5.0,4.0,8.0,6.0
2008-09-20,Nice,Le Mans,2.0,2.0,2.1,2.9,4.0,2.26,1.58,12.0,14.0,2.0,4.0,2.0,10.0
2008-09-20,Toulouse,Sochaux,2.0,1.0,2.15,2.88,4.0,2.28,1.57,10.0,16.0,5.0,5.0,3.0,9.0
2008-09-21,Marseille,Monaco,0.0,0.0,1.62,3.4,6.5,1.96,1.78,20.0,4.0,4.0,0.0,5.0,1.0
2008-09-21,Nancy,Rennes,0.0,0.0,2.1,2.9,4.0,2.29,1.56,7.0,12.0,1.0,3.0,2.0,6.0
2008-09-21,St Etienne,Paris SG,1.0,0.0,2.4,2.88,3.3,2.36,1.53,18.0,8.0,4.0,1.0,6.0,3.0
2008-09-27,Auxerre,Le Havre,3.0,0.0,1.91,3.1,4.6,2.33,1.55,18.0,13.0,7.0,1.0,6.0,3.0
2008-09-27,Caen,Nantes,3.0,0.0,2.0,2.9,4.5,2.28,1.57,18.0,15.0,10.0,5.0,2.0,3.0
2008-09-27,Le Mans,Marseille,1.0,1.0,3.0,3.0,2.5,2.08,1.68,6.0,26.0,2.0,7.0,4.0,5.0
2008-09-27,Lyon,Nancy,2.0,1.0,1.44,4.0,8.5,1.96,1.78,18.0,6.0,5.0,2.0,6.0,1.0
2008-09-27,Paris SG,Grenoble,0.0,1.0,1.57,3.5,7.0,2.22,1.6,13.0,9.0,5.0,1.0,7.0,6.0
2008-09-27,Rennes,Nice,1.0,0.0,1.95,2.9,4.5,2.29,1.57,19.0,10.0,7.0,3.0,4.0,2.0
2008-09-27,Sochaux,Lorient,1.0,1.0,2.1,2.88,4.0,2.37,1.53,19.0,14.0,3.0,6.0,8.0,2.0
2008-09-28,Bordeaux,St Etienne,1.0,1.0,1.85,3.2,4.75,2.29,1.56,16.0,10.0,7.0,2.0,6.0,1.0
2008-09-28,Monaco,Lille,0.0,2.0,2.38,2.88,3.4,2.36,1.54,12.0,18.0,4.0,10.0,7.0,2.0
2008-09-28,Valenciennes,Toulouse,0.0,1.0,2.2,3.0,3.6,2.27,1.57,13.0,12.0,1.0,2.0,6.0,6.0
2008-10-04,Grenoble,Nantes,0.0,1.0,2.05,3.1,4.0,2.32,1.55,12.0,9.0,3.0,1.0,3.0,1.0
2008-10-04,Le Havre,Le Mans,1.0,2.0,2.6,3.1,2.8,2.32,1.55,15.0,13.0,3.0,6.0,3.0,5.0
2008-10-04,Lille,Valenciennes,1.0,0.0,1.62,3.6,6.0,2.13,1.65,12.0,8.0,4.0,2.0,5.0,1.0
2008-10-04,Lorient,Bordeaux,1.0,2.0,3.2,3.0,2.38,2.31,1.55,11.0,17.0,4.0,4.0,8.0,3.0
2008-10-04,Marseille,Caen,2.0,1.0,1.53,3.75,7.0,1.85,1.87,12.0,13.0,2.0,5.0,4.0,1.0
2008-10-04,Nice,Sochaux,1.0,1.0,1.91,3.0,4.75,2.25,1.59,11.0,8.0,7.0,3.0,3.0,9.0
2008-10-04,Toulouse,Auxerre,1.0,0.0,1.91,3.2,4.33,2.25,1.59,19.0,9.0,5.0,2.0,12.0,2.0
2008-10-05,Nancy,Paris SG,1.0,1.0,2.38,3.0,3.2,2.44,1.51,13.0,13.0,4.0,6.0,8.0,5.0
2008-10-05,Rennes,Lyon,3.0,0.0,3.4,3.2,2.2,2.16,1.64,12.0,9.0,4.0,2.0,4.0,3.0
2008-10-05,St Etienne,Monaco,2.0,0.0,2.0,3.2,4.0,2.39,1.52,13.0,10.0,6.0,2.0,2.0,8.0
2008-10-18,Bordeaux,Toulouse,2.0,1.0,1.65,3.4,6.0,2.16,1.63,12.0,7.0,4.0,6.0,4.0,2.0
2008-10-18,Caen,Grenoble,2.0,2.0,1.91,3.1,4.5,2.27,1.57,18.0,15.0,5.0,7.0,5.0,6.0
2008-10-18,Lyon,Lille,2.0,2.0,1.53,3.75,7.0,1.97,1.77,18.0,11.0,6.0,6.0,8.0,4.0
2008-10-18,Monaco,Nice,1.0,2.0,2.2,3.0,3.6,2.33,1.55,19.0,14.0,6.0,3.0,1.0,2.0
2008-10-18,Nantes,St Etienne,1.0,0.0,2.6,3.0,2.9,2.29,1.56,16.0,8.0,5.0,3.0,4.0,7.0
2008-10-18,Paris SG,Lorient,3.0,2.0,1.62,3.4,6.5,2.22,1.6,10.0,12.0,7.0,3.0,5.0,3.0
2008-10-18,Sochaux,Le Havre,1.0,1.0,1.83,3.2,5.0,2.29,1.56,11.0,18.0,8.0,6.0,5.0,10.0
2008-10-19,Auxerre,Rennes,0.0,0.0,2.4,3.0,3.2,2.26,1.58,16.0,11.0,7.0,3.0,6.0,8.0
2008-10-19,Le Mans,Nancy,2.0,0.0,2.05,3.0,4.2,2.26,1.57,15.0,11.0,5.0,1.0,2.0,11.0
2008-10-19,Valenciennes,Marseille,1.0,3.0,3.5,3.2,2.15,2.11,1.66,10.0,17.0,3.0,3.0,6.0,5.0
2008-10-25,Auxerre,Lyon,0.0,0.0,4.2,3.3,1.91,2.14,1.65,13.0,17.0,3.0,1.0,6.0,11.0
2008-10-25,Le Havre,Valenciennes,2.0,1.0,2.2,3.0,3.6,2.35,1.54,9.0,16.0,5.0,4.0,1.0,6.0
2008-10-25,Lille,Caen,2.0,2.0,1.67,3.5,5.5,2.09,1.68,18.0,8.0,5.0,4.0,2.0,0.0
2008-10-25,Lorient,Nantes,3.0,0.0,2.1,3.1,3.75,2.32,1.55,18.0,5.0,7.0,1.0,3.0,8.0
2008-10-25,Nice,Bordeaux,2.0,2.0,2.88,3.0,2.6,2.27,1.57,12.0,16.0,3.0,8.0,3.0,5.0
2008-10-25,Rennes,Le Mans,2.0,2.0,2.0,3.1,4.2,2.19,1.61,18.0,15.0,5.0,4.0,8.0,6.0
2008-10-25,Toulouse,Monaco,0.0,0.0,2.1,3.1,3.75,2.37,1.54,18.0,8.0,3.0,2.0,4.0,5.0
2008-10-26,Marseille,Paris SG,2.0,4.0,1.83,3.4,4.5,2.16,1.63,24.0,8.0,6.0,4.0,3.0,5.0
2008-10-26,Nancy,Sochaux,1.0,1.0,2.05,3.1,4.0,2.29,1.56,20.0,10.0,1.0,4.0,11.0,3.0
2008-10-26,St Etienne,Grenoble,0.0,2.0,1.73,3.5,5.0,2.18,1.62,16.0,8.0,4.0,4.0,6.0,4.0
2008-10-28,Bordeaux,Le Havre,4.0,0.0,1.36,4.5,9.0,1.88,1.85,12.0,9.0,7.0,2.0,1.0,1.0
2008-10-29,Caen,Nice,1.0,1.0,2.25,3.0,3.5,2.18,1.63,18.0,16.0,6.0,1.0,4.0,7.0
2008-10-29,Grenoble,Lille,0.0,0.0,2.8,3.0,2.7,2.21,1.59,6.0,13.0,1.0,5.0,2.0,1.0
2008-10-29,Le Mans,Auxerre,0.0,2.0,1.91,3.25,4.33,2.13,1.64,10.0,17.0,2.0,5.0,4.0,5.0
2008-10-29,Monaco,Nancy,3.0,1.0,2.1,3.0,4.0,2.41,1.51,16.0,14.0,6.0,4.0,2.0,6.0
2008-10-29,Nantes,Marseille,1.0,1.0,3.6,3.0,2.2,2.12,1.65,3.0,17.0,2.0,6.0,3.0,9.0
2008-10-29,Paris SG,Toulouse,0.0,1.0,1.75,3.25,5.5,2.21,1.6,4.0,14.0,2.0,5.0,5.0,3.0
2008-10-29,Sochaux,Lyon,0.0,2.0,5.25,3.3,1.75,2.03,1.73,13.0,9.0,3.0,3.0,9.0,2.0
2008-10-29,St Etienne,Lorient,1.0,4.0,1.73,3.25,5.5,2.21,1.6,11.0,5.0,3.0,5.0,5.0,3.0
2008-10-29,Valenciennes,Rennes,0.0,0.0,2.75,3.0,2.75,2.3,1.56,11.0,9.0,3.0,2.0,6.0,2.0
2008-11-01,Auxerre,Valenciennes,0.0,0.0,1.83,3.1,5.0,2.22,1.59,20.0,6.0,3.0,0.0,9.0,4.0
2008-11-01,Lille,Nantes,2.0,0.0,1.73,3.25,4.75,2.1,1.66,20.0,7.0,4.0,3.0,4.0,6.0
2008-11-01,Lorient,Grenoble,1.0,1.0,2.2,2.9,3.75,2.28,1.56,7.0,5.0,4.0,2.0,7.0,4.0
2008-11-01,Marseille,St Etienne,3.0,1.0,1.57,3.6,6.5,2.04,1.7,13.0,8.0,9.0,2.0,7.0,6.0
2008-11-01,Nancy,Bordeaux,1.0,0.0,3.1,2.88,2.6,2.25,1.58,10.0,21.0,1.0,3.0,4.0,4.0
2008-11-01,Nice,Paris SG,1.0,0.0,2.6,2.88,3.0,2.29,1.56,16.0,13.0,10.0,5.0,4.0,6.0
2008-11-01,Toulouse,Caen,0.0,1.0,2.0,3.0,4.33,2.18,1.62,11.0,16.0,3.0,5.0,10.0,7.0
2008-11-02,Le Havre,Monaco,2.0,3.0,2.6,2.88,3.0,2.34,1.54,20.0,20.0,6.0,12.0,11.0,9.0
2008-11-02,Lyon,Le Mans,2.0,0.0,1.5,3.75,7.5,1.82,1.91,21.0,8.0,9.0,3.0,7.0,5.0
2008-11-02,Rennes,Sochaux,1.0,0.0,1.65,3.4,6.0,2.12,1.65,10.0,18.0,5.0,4.0,6.0,3.0
2008-11-08,Bordeaux,Auxerre,2.0,0.0,1.55,3.6,7.0,2.11,1.66,21.0,7.0,5.0,2.0,9.0,1.0
2008-11-08,Caen,Le Havre,0.0,1.0,1.7,3.4,5.5,2.08,1.68,9.0,13.0,3.0,4.0,7.0,2.0
2008-11-08,Grenoble,Marseille,0.0,3.0,3.6,3.2,2.1,2.13,1.65,13.0,7.0,3.0,5.0,7.0,2.0
2008-11-08,Lorient,Nice,0.0,1.0,2.25,3.0,3.5,2.21,1.6,12.0,9.0,3.0,2.0,7.0,3.0
2008-11-08,Monaco,Lyon,0.0,1.0,4.2,3.3,1.91,2.02,1.73,12.0,17.0,3.0,8.0,2.0,5.0
2008-11-08,Nantes,Toulouse,1.0,1.0,2.4,3.0,3.1,2.35,1.54,15.0,10.0,3.0,5.0,6.0,3.0
2008-11-08,Sochaux,Le Mans,2.0,1.0,2.38,3.0,3.2,2.26,1.58,11.0,13.0,4.0,3.0,3.0,4.0
2008-11-09,Paris SG,Lille,1.0,0.0,2.2,3.0,3.6,2.27,1.57,12.0,12.0,4.0,3.0,3.0,1.0
2008-11-09,St Etienne,Rennes,0.0,3.0,2.38,3.0,3.2,2.3,1.56,19.0,15.0,5.0,9.0,9.0,3.0
2008-11-09,Valenciennes,Nancy,0.0,1.0,2.38,3.0,3.2,2.39,1.52,16.0,13.0,2.0,2.0,3.0,1.0
2008-11-15,Auxerre,Sochaux,1.0,0.0,1.95,3.0,4.5,2.3,1.56,8.0,6.0,3.0,1.0,2.0,5.0
2008-11-15,Le Havre,Paris SG,1.0,3.0,3.3,3.0,2.3,2.27,1.57,10.0,13.0,3.0,4.0,12.0,5.0
2008-11-15,Le Mans,Valenciennes,1.0,0.0,1.6,3.4,6.5,2.17,1.62,18.0,14.0,6.0,6.0,8.0,4.0
2008-11-15,Lille,St Etienne,3.0,0.0,1.73,3.2,5.75,2.2,1.61,22.0,7.0,12.0,2.0,10.0,3.0
2008-11-15,Marseille,Lorient,2.0,3.0,1.4,4.33,8.5,1.81,1.93,10.0,15.0,4.0,5.0,5.0,4.0
2008-11-15,Nancy,Caen,1.0,1.0,2.0,3.1,4.2,2.26,1.58,15.0,15.0,1.0,7.0,6.0,5.0
2008-11-15,Toulouse,Grenoble,2.0,0.0,2.0,3.1,4.2,2.38,1.52,9.0,6.0,6.0,3.0,2.0,2.0
2008-11-16,Lyon,Bordeaux,2.0,1.0,1.73,3.4,5.25,2.07,1.69,7.0,23.0,6.0,6.0,4.0,4.0
2008-11-16,Nice,Nantes,2.0,1.0,1.73,3.2,5.75,2.24,1.59,18.0,11.0,6.0,3.0,7.0,1.0
2008-11-16,Rennes,Monaco,2.0,1.0,1.73,3.3,5.5,2.24,1.59,16.0,11.0,6.0,1.0,5.0,4.0
2008-11-22,Bordeaux,Rennes,1.0,1.0,1.95,3.1,4.33,2.16,1.63,14.0,8.0,6.0,4.0,5.0,3.0
2008-11-22,Caen,Auxerre,1.0,0.0,2.1,3.1,3.75,2.13,1.64,16.0,7.0,5.0,3.0,5.0,4.0
2008-11-22,Grenoble,Le Havre,0.0,0.0,2.1,3.1,3.8,2.27,1.57,13.0,11.0,3.0,4.0,6.0,5.0
2008-11-22,Lorient,Toulouse,1.0,0.0,2.38,3.0,3.1,2.36,1.54,8.0,8.0,3.0,3.0,4.0,5.0
2008-11-22,Paris SG,Lyon,1.0,0.0,3.2,3.0,2.4,2.22,1.6,12.0,14.0,5.0,5.0,0.0,5.0
2008-11-22,St Etienne,Nice,0.0,1.0,2.25,3.1,3.3,2.27,1.57,19.0,8.0,5.0,1.0,7.0,3.0
2008-11-22,Valenciennes,Sochaux,2.0,2.0,2.38,3.0,3.2,2.26,1.57,13.0,14.0,6.0,7.0,8.0,4.0
2008-11-23,Marseille,Lille,2.0,2.0,1.8,3.25,5.0,1.91,1.83,17.0,16.0,5.0,9.0,3.0,3.0
2008-11-23,Monaco,Le Mans,3.0,0.0,2.2,3.1,3.5,2.17,1.63,9.0,10.0,2.0,2.0,7.0,1.0
2008-11-23,Nantes,Nancy,0.0,1.0,2.38,3.0,3.25,2.37,1.53,19.0,6.0,3.0,2.0,11.0,2.0
2008-11-29,Auxerre,Monaco,0.0,1.0,2.25,3.0,3.5,2.28,1.57,11.0,7.0,2.0,4.0,2.0,2.0
2008-11-29,Le Havre,Nantes,0.0,2.0,2.4,3.1,3.1,2.23,1.59,4.0,10.0,1.0,2.0,4.0,8.0
2008-11-29,Le Mans,Caen,2.0,0.0,2.05,3.0,4.0,2.18,1.62,18.0,9.0,7.0,1.0,8.0,10.0
2008-11-29,Lille,Lorient,1.0,1.0,1.57,3.6,6.5,1.97,1.77,17.0,4.0,6.0,2.0,10.0,2.0
2008-11-29,Lyon,Valenciennes,0.0,0.0,1.22,5.5,15.0,1.76,1.98,31.0,7.0,8.0,2.0,11.0,2.0
2008-11-29,Sochaux,Bordeaux,0.0,0.0,3.4,3.1,2.25,2.19,1.61,8.0,9.0,3.0,3.0,0.0,6.0
2008-11-30,Nancy,St Etienne,1.0,2.0,1.91,3.2,4.33,2.4,1.52,14.0,21.0,2.0,8.0,5.0,6.0
2008-11-30,Rennes,Paris SG,1.0,0.0,2.25,3.0,3.5,2.25,1.58,12.0,15.0,3.0,7.0,3.0,11.0
2008-11-30,Toulouse,Marseille,0.0,0.0,3.4,3.1,2.25,2.06,1.7,6.0,14.0,3.0,1.0,3.0,4.0
2008-12-05,Bordeaux,Valenciennes,2.0,1.0,1.44,4.0,8.5,2.02,1.74,12.0,15.0,4.0,5.0,6.0,5.0
2008-12-06,Caen,Rennes,1.0,1.0,2.75,3.0,2.75,2.28,1.56,7.0,21.0,3.0,6.0,4.0,5.0
2008-12-06,Lille,Toulouse,1.0,1.0,1.75,3.3,5.25,2.21,1.6,14.0,9.0,3.0,6.0,7.0,3.0
2008-12-06,Marseille,Nice,2.0,1.0,1.75,3.3,5.25,1.97,1.77,17.0,12.0,5.0,5.0,2.0,6.0
2008-12-06,St Etienne,Le Havre,2.0,0.0,1.75,3.3,5.25,2.24,1.58,18.0,7.0,6.0,3.0,5.0,2.0
2008-12-07,Grenoble,Auxerre,0.0,0.0,2.38,3.0,3.25,2.4,1.52,10.0,16.0,1.0,3.0,4.0,6.0
2008-12-07,Lorient,Nancy,1.0,0.0,2.1,3.1,3.75,2.39,1.52,11.0,9.0,1.0,2.0,6.0,3.0
2008-12-07,Monaco,Sochaux,1.0,1.0,1.83,3.25,4.75,2.21,1.6,11.0,15.0,4.0,6.0,8.0,5.0
2008-12-07,Nantes,Lyon,2.0,1.0,4.75,3.4,1.8,2.17,1.63,12.0,12.0,4.0,6.0,4.0,2.0
2008-12-07,Paris SG,Le Mans,3.0,1.0,1.8,3.2,5.0,2.24,1.58,10.0,10.0,4.0,4.0,10.0,1.0
2008-12-10,Nice,Grenoble,0.0,0.0,1.67,3.4,5.0,2.19,1.6,9.0,13.0,2.0,3.0,4.0,3.0
2008-12-13,Auxerre,Paris SG,1.0,2.0,2.75,2.9,2.8,2.44,1.51,16.0,10.0,4.0,3.0,2.0,7.0
2008-12-13,Le Mans,Bordeaux,1.0,3.0,2.88,3.1,2.5,2.24,1.59,10.0,16.0,6.0,5.0,4.0,7.0
2008-12-13,Nancy,Grenoble,2.0,0.0,1.91,3.1,4.5,2.47,1.49,13.0,9.0,3.0,3.0,5.0,0.0
2008-12-13,Rennes,Nantes,0.0,0.0,1.62,3.5,6.25,2.17,1.63,12.0,10.0,7.0,0.0,7.0,2.0
2008-12-13,Sochaux,Caen,2.0,2.0,2.2,3.1,3.5,2.33,1.55,19.0,13.0,9.0,6.0,8.0,2.0
2008-12-13,Toulouse,St Etienne,3.0,1.0,2.1,3.0,3.8,2.38,1.54,13.0,10.0,6.0,3.0,3.0,3.0
2008-12-13,Valenciennes,Monaco,3.0,1.0,2.75,2.9,2.8,2.37,1.54,13.0,6.0,6.0,1.0,6.0,2.0
2008-12-14,Le Havre,Lorient,1.0,3.0,2.65,3.0,2.8,2.32,1.55,21.0,18.0,6.0,5.0,13.0,3.0
2008-12-14,Lyon,Marseille,0.0,0.0,1.91,3.25,4.33,1.95,1.8,10.0,7.0,2.0,1.0,3.0,4.0
2008-12-14,Nice,Lille,0.0,1.0,2.4,3.0,3.2,2.22,1.6,6.0,20.0,1.0,5.0,1.0,5.0
2008-12-20,Caen,Lyon,0.0,1.0,4.5,3.4,1.83,2.14,1.64,11.0,13.0,1.0,4.0,4.0,3.0
2008-12-20,Grenoble,Le Mans,2.0,1.0,2.4,3.0,3.2,2.29,1.56,9.0,10.0,3.0,3.0,5.0,4.0
2008-12-20,Lille,Le Havre,3.0,1.0,1.44,3.75,9.5,2.0,1.75,18.0,11.0,8.0,3.0,7.0,7.0
2008-12-20,Lorient,Rennes,1.0,2.0,2.6,2.9,3.0,2.41,1.52,16.0,13.0,4.0,4.0,8.0,7.0
2008-12-20,Nantes,Sochaux,1.0,1.0,2.1,3.1,3.75,2.32,1.55,12.0,9.0,5.0,1.0,5.0,2.0
2008-12-20,St Etienne,Auxerre,2.0,0.0,1.83,3.25,4.75,2.23,1.59,18.0,15.0,5.0,3.0,6.0,7.0
2008-12-20,Toulouse,Nice,2.0,2.0,2.2,3.0,3.6,2.39,1.52,22.0,8.0,9.0,3.0,7.0,5.0
2008-12-21,Marseille,Nancy,0.0,3.0,1.53,3.75,7.0,1.86,1.87,22.0,14.0,6.0,4.0,10.0,3.0
2008-12-21,Monaco,Bordeaux,3.0,4.0,3.1,3.1,2.4,2.23,1.59,5.0,10.0,3.0,5.0,2.0,2.0
2008-12-21,Paris SG,Valenciennes,2.0,2.0,1.5,3.8,7.5,2.01,1.74,19.0,9.0,7.0,4.0,6.0,1.0
2009-01-10,Auxerre,Marseille,0.0,2.0,3.8,3.1,2.1,2.23,1.59,13.0,12.0,5.0,3.0,4.0,0.0
2009-01-10,Le Havre,Toulouse,0.0,1.0,2.75,3.0,2.75,2.35,1.54,8.0,13.0,5.0,5.0,6.0,2.0
2009-01-10,Lyon,Lorient,1.0,1.0,1.4,4.2,8.5,1.93,1.81,15.0,10.0,7.0,5.0,3.0,3.0
2009-01-10,Monaco,Nantes,1.0,2.0,1.95,3.1,4.33,2.3,1.56,16.0,6.0,3.0,4.0,7.0,2.0
2009-01-10,Rennes,Grenoble,1.0,0.0,1.57,3.6,6.5,2.23,1.59,12.0,10.0,5.0,2.0,5.0,3.0
2009-01-10,Sochaux,St Etienne,1.0,0.0,2.38,2.9,3.3,2.27,1.57,12.0,18.0,4.0,2.0,9.0,6.0
2009-01-11,Bordeaux,Paris SG,4.0,0.0,1.91,3.0,4.2,2.18,1.62,14.0,8.0,5.0,0.0,2.0,4.0
2009-01-17,Grenoble,Lyon,0.0,2.0,4.75,3.5,1.75,2.22,1.6,11.0,13.0,1.0,3.0,8.0,3.0
2009-01-17,Lorient,Valenciennes,1.0,1.0,1.85,3.2,4.75,2.25,1.58,14.0,8.0,3.0,2.0,11.0,8.0
2009-01-17,Marseille,Le Havre,2.0,0.0,1.33,4.5,11.0,1.82,1.92,17.0,8.0,6.0,4.0,8.0,2.0
2009-01-17,Nantes,Bordeaux,1.0,2.0,4.0,3.1,2.05,2.22,1.6,15.0,8.0,3.0,4.0,4.0,7.0
2009-01-17,Nice,Auxerre,2.0,0.0,1.91,3.2,4.33,2.33,1.55,11.0,9.0,4.0,1.0,4.0,2.0
2009-01-17,St Etienne,Le Mans,1.0,1.0,2.0,3.1,4.2,2.25,1.58,17.0,4.0,6.0,1.0,6.0,1.0
2009-01-17,Toulouse,Nancy,3.0,0.0,2.05,3.1,4.0,2.37,1.53,14.0,9.0,4.0,2.0,4.0,4.0
2009-01-18,Caen,Monaco,2.0,2.0,2.2,3.1,3.5,2.29,1.56,16.0,9.0,2.0,5.0,8.0,0.0
2009-01-18,Lille,Rennes,1.0,0.0,2.25,3.0,3.5,2.27,1.57,21.0,7.0,7.0,2.0,6.0,4.0
2009-01-18,Paris SG,Sochaux,2.0,1.0,1.62,3.6,6.0,2.1,1.69,16.0,13.0,5.0,3.0,8.0,5.0
2009-01-31,Auxerre,Lorient,0.0,0.0,2.6,3.0,2.9,2.34,1.54,8.0,6.0,4.0,2.0,4.0,2.0
2009-01-31,Le Havre,Nancy,2.0,3.0,2.9,3.0,2.6,2.33,1.54,22.0,12.0,6.0,5.0,5.0,4.0
2009-01-31,Le Mans,Nantes,0.0,2.0,2.1,3.0,4.0,2.21,1.59,9.0,12.0,3.0,5.0,0.0,9.0
2009-01-31,Monaco,Grenoble,1.0,0.0,2.05,3.1,4.0,2.37,1.53,14.0,10.0,4.0,4.0,4.0,5.0
2009-01-31,Paris SG,Caen,2.0,0.0,1.6,3.5,6.5,2.15,1.64,15.0,11.0,7.0,2.0,9.0,7.0
2009-01-31,Rennes,Toulouse,0.0,0.0,1.83,3.1,5.0,2.34,1.54,18.0,13.0,2.0,6.0,9.0,0.0
2009-01-31,Valenciennes,Nice,1.0,0.0,2.6,3.0,2.9,2.37,1.53,15.0,11.0,4.0,4.0,6.0,3.0
2009-02-01,Bordeaux,Lille,2.0,2.0,1.83,3.2,4.75,2.11,1.66,11.0,9.0,6.0,3.0,3.0,3.0
2009-02-01,Lyon,St Etienne,1.0,1.0,1.4,4.33,9.0,1.97,1.77,15.0,9.0,5.0,2.0,5.0,2.0
2009-02-01,Sochaux,Marseille,1.0,0.0,3.6,3.1,2.2,2.2,1.61,5.0,19.0,2.0,1.0,5.0,9.0
2009-02-07,Le Havre,Rennes,1.0,0.0,4.3,3.0,2.0,2.28,1.56,14.0,20.0,5.0,5.0,2.0,4.0
2009-02-07,Lille,Sochaux,3.0,2.0,1.61,3.5,6.25,2.05,1.72,16.0,8.0,7.0,4.0,5.0,1.0
2009-02-07,Lorient,Monaco,1.0,1.0,2.15,3.0,3.75,2.25,1.58,9.0,14.0,4.0,3.0,3.0,6.0
2009-02-07,Nancy,Auxerre,0.0,2.0,1.9,3.1,4.33,2.42,1.51,4.0,20.0,0.0,5.0,5.0,8.0
2009-02-07,Nantes,Paris SG,1.0,4.0,3.1,3.1,2.4,2.3,1.56,12.0,12.0,9.0,5.0,3.0,5.0
2009-02-07,St Etienne,Caen,3.0,2.0,1.8,3.2,5.0,2.21,1.6,18.0,13.0,6.0,6.0,7.0,5.0
2009-02-07,Toulouse,Le Mans,2.0,0.0,1.8,3.2,5.0,2.23,1.59,17.0,8.0,4.0,1.0,5.0,4.0
2009-02-08,Grenoble,Valenciennes,0.0,0.0,2.2,3.0,3.3,2.54,1.47,10.0,17.0,1.0,4.0,2.0,6.0
2009-02-08,Marseille,Bordeaux,1.0,0.0,2.25,2.87,3.3,1.98,1.77,18.0,8.0,5.0,2.0,8.0,2.0
2009-02-08,Nice,Lyon,1.0,3.0,3.8,3.0,2.0,2.31,1.55,4.0,18.0,3.0,7.0,5.0,4.0
2009-02-14,Auxerre,Lille,2.0,0.0,3.2,3.0,2.37,2.44,1.51,11.0,13.0,6.0,3.0,1.0,4.0
2009-02-14,Bordeaux,Grenoble,1.0,1.0,1.36,4.5,10.0,1.92,1.82,25.0,11.0,9.0,3.0,5.0,2.0
2009-02-14,Caen,Lorient,1.0,1.0,2.25,3.0,3.5,2.35,1.54,16.0,7.0,7.0,2.0,4.0,1.0
2009-02-14,Le Mans,Nice,1.0,2.0,2.5,3.0,3.0,2.36,1.53,12.0,17.0,3.0,7.0,7.0,3.0
2009-02-14,Paris SG,St Etienne,2.0,1.0,1.7,3.3,6.0,2.17,1.63,14.0,9.0,7.0,2.0,5.0,1.0
2009-02-14,Rennes,Nancy,1.0,1.0,1.75,3.2,5.5,2.34,1.54,19.0,10.0,4.0,3.0,6.0,4.0
2009-02-14,Valenciennes,Nantes,1.0,1.0,2.1,3.1,3.8,2.38,1.53,18.0,12.0,4.0,5.0,2.0,5.0
2009-02-15,Lyon,Le Havre,3.0,1.0,1.22,5.5,15.0,1.76,2.0,18.0,4.0,9.0,1.0,4.0,3.0
2009-02-15,Monaco,Marseille,0.0,1.0,3.2,3.0,2.37,2.16,1.63,9.0,13.0,2.0,4.0,3.0,5.0
2009-02-15,Sochaux,Toulouse,1.0,2.0,2.5,3.0,3.0,2.42,1.5,14.0,13.0,3.0,5.0,5.0,5.0
2009-02-17,Le Mans,Lille,0.0,0.0,2.87,3.0,2.6,2.29,1.57,11.0,14.0,6.0,4.0,4.0,2.0
2009-02-17,Nancy,Nice,1.0,2.0,2.15,2.87,4.0,2.39,1.52,13.0,7.0,5.0,6.0,8.0,3.0
2009-02-17,Valenciennes,Caen,2.0,0.0,2.1,3.1,3.75,2.33,1.55,11.0,13.0,8.0,3.0,1.0,14.0
2009-02-21,Grenoble,Paris SG,0.0,0.0,4.0,3.1,2.05,2.33,1.54,10.0,10.0,2.0,2.0,4.0,5.0
2009-02-21,Le Havre,Auxerre,1.0,2.0,2.6,3.0,2.87,2.37,1.52,12.0,9.0,4.0,4.0,10.0,6.0
2009-02-21,Lorient,Sochaux,1.0,2.0,2.05,2.9,4.2,2.25,1.58,10.0,12.0,6.0,4.0,5.0,8.0
2009-02-21,Nancy,Lyon,0.0,2.0,4.0,3.0,2.1,2.32,1.55,12.0,13.0,4.0,3.0,5.0,6.0
2009-02-21,Nantes,Caen,1.0,1.0,2.1,3.0,4.0,2.3,1.55,14.0,8.0,2.0,2.0,4.0,0.0
2009-02-21,Nice,Rennes,0.0,1.0,2.75,2.87,2.8,2.36,1.53,12.0,11.0,4.0,2.0,10.0,5.0
2009-02-21,Toulouse,Valenciennes,0.0,0.0,1.7,3.25,6.0,2.3,1.56,12.0,12.0,3.0,1.0,7.0,5.0
2009-02-22,Lille,Monaco,2.0,1.0,1.65,3.4,6.5,2.13,1.65,15.0,14.0,7.0,4.0,3.0,1.0
2009-02-22,Marseille,Le Mans,0.0,0.0,1.44,4.0,8.0,2.0,1.75,27.0,6.0,3.0,2.0,12.0,4.0
2009-02-22,St Etienne,Bordeaux,1.0,1.0,3.0,3.0,2.5,2.16,1.63,13.0,18.0,4.0,6.0,10.0,5.0
2009-02-28,Auxerre,Toulouse,1.0,1.0,2.5,2.9,3.1,2.48,1.49,11.0,8.0,2.0,4.0,2.0,6.0
2009-02-28,Le Mans,Le Havre,2.0,0.0,1.8,3.2,5.0,2.2,1.61,9.0,14.0,6.0,3.0,3.0,4.0
2009-02-28,Nantes,Grenoble,1.0,1.0,2.15,3.0,3.8,2.44,1.5,13.0,10.0,6.0,5.0,7.0,3.0
2009-02-28,Sochaux,Nice,1.0,0.0,2.25,3.0,3.5,2.33,1.54,15.0,6.0,6.0,2.0,2.0,4.0
2009-02-28,Valenciennes,Lille,2.0,0.0,3.0,3.0,2.5,2.33,1.54,10.0,15.0,6.0,2.0,4.0,4.0
2009-03-01,Bordeaux,Lorient,1.0,0.0,1.61,3.5,6.25,2.01,1.75,16.0,7.0,8.0,1.0,4.0,4.0
2009-03-01,Caen,Marseille,0.0,1.0,3.4,3.2,2.2,2.07,1.7,7.0,15.0,1.0,4.0,7.0,4.0
2009-03-01,Lyon,Rennes,1.0,1.0,1.7,3.25,6.0,2.24,1.59,13.0,9.0,5.0,3.0,5.0,4.0
2009-03-01,Monaco,St Etienne,2.0,2.0,2.25,3.0,3.5,2.25,1.58,12.0,9.0,5.0,3.0,6.0,2.0
2009-03-01,Paris SG,Nancy,4.0,1.0,1.6,3.5,6.5,2.23,1.59,14.0,15.0,6.0,2.0,4.0,2.0
2009-03-07,Grenoble,Caen,2.0,1.0,2.3,2.87,3.6,2.43,1.5,18.0,14.0,6.0,6.0,8.0,6.0
2009-03-07,Lille,Lyon,2.0,0.0,2.87,2.9,2.7,2.24,1.59,15.0,20.0,5.0,6.0,1.0,3.0
2009-03-07,Lorient,Paris SG,0.0,1.0,3.0,3.25,2.37,2.25,1.59,21.0,10.0,4.0,5.0,7.0,4.0
2009-03-07,Marseille,Valenciennes,0.0,0.0,1.57,3.6,6.5,2.14,1.65,19.0,7.0,5.0,4.0,10.0,4.0
2009-03-07,Nancy,Le Mans,2.0,2.0,2.0,3.0,4.33,2.26,1.58,18.0,3.0,8.0,2.0,5.0,3.0
2009-03-07,Nice,Monaco,0.0,0.0,2.2,2.9,3.75,2.27,1.57,25.0,10.0,7.0,2.0,7.0,2.0
2009-03-07,Toulouse,Bordeaux,3.0,0.0,2.62,3.0,2.87,2.33,1.55,9.0,14.0,7.0,2.0,4.0,2.0
2009-03-08,Le Havre,Sochaux,2.0,1.0,2.8,3.0,2.7,2.21,1.6,17.0,12.0,6.0,2.0,6.0,5.0
2009-03-08,Rennes,Auxerre,2.0,0.0,1.72,3.4,5.25,2.34,1.54,12.0,9.0,3.0,2.0,4.0,6.0
2009-03-08,St Etienne,Nantes,2.0,1.0,1.83,3.25,4.75,2.25,1.58,17.0,9.0,6.0,2.0,4.0,5.0
2009-03-14,Bordeaux,Nice,2.0,1.0,1.67,3.4,6.0,2.17,1.62,17.0,10.0,6.0,3.0,7.0,7.0
2009-03-14,Caen,Lille,0.0,1.0,3.1,2.9,2.5,2.33,1.55,11.0,12.0,2.0,4.0,7.0,3.0
2009-03-14,Le Mans,Rennes,2.0,2.0,2.9,2.9,2.62,2.38,1.53,9.0,19.0,4.0,4.0,4.0,4.0
2009-03-14,Monaco,Toulouse,3.0,2.0,2.7,2.9,2.8,2.35,1.54,11.0,14.0,6.0,5.0,3.0,4.0
2009-03-14,Nantes,Lorient,1.0,1.0,2.25,3.0,3.5,2.3,1.56,10.0,15.0,2.0,6.0,3.0,5.0
2009-03-14,Sochaux,Nancy,2.0,1.0,2.2,3.0,3.6,2.33,1.55,13.0,12.0,5.0,5.0,3.0,3.0
2009-03-14,Valenciennes,Le Havre,3.0,2.0,1.67,3.4,6.0,2.23,1.59,13.0,6.0,6.0,4.0,4.0,5.0
2009-03-15,Grenoble,St Etienne,1.0,0.0,2.6,2.9,3.0,2.39,1.52,15.0,7.0,1.0,1.0,4.0,2.0
2009-03-15,Lyon,Auxerre,0.0,2.0,1.4,4.2,10.0,2.11,1.66,21.0,7.0,7.0,5.0,6.0,2.0
2009-03-15,Paris SG,Marseille,1.0,3.0,2.25,3.1,3.4,2.25,1.59,8.0,15.0,3.0,5.0,4.0,3.0
2009-03-21,Auxerre,Le Mans,2.0,0.0,2.05,3.0,4.0,2.32,1.55,8.0,6.0,4.0,1.0,2.0,4.0
2009-03-21,Le Havre,Bordeaux,0.0,3.0,5.75,3.3,1.7,2.07,1.7,8.0,9.0,0.0,5.0,4.0,1.0
2009-03-21,Lille,Grenoble,2.0,1.0,1.5,3.6,8.0,2.22,1.59,15.0,14.0,6.0,2.0,8.0,4.0
2009-03-21,Marseille,Nantes,2.0,0.0,1.45,3.75,8.0,2.05,1.72,19.0,5.0,4.0,0.0,4.0,4.0
2009-03-21,Nancy,Monaco,0.0,1.0,2.15,3.0,3.75,2.3,1.55,25.0,10.0,6.0,2.0,11.0,5.0
2009-03-21,Nice,Caen,2.0,2.0,1.95,3.0,4.5,2.31,1.55,12.0,10.0,7.0,4.0,2.0,3.0
2009-03-21,Rennes,Valenciennes,0.0,0.0,1.61,3.4,6.5,2.36,1.53,14.0,11.0,1.0,1.0,9.0,4.0
2009-03-22,Lorient,St Etienne,3.0,1.0,2.37,2.9,3.0,2.29,1.56,10.0,12.0,4.0,2.0,3.0,7.0
2009-03-22,Lyon,Sochaux,2.0,0.0,1.36,4.0,9.0,2.05,1.72,19.0,15.0,7.0,6.0,5.0,10.0
2009-03-22,Toulouse,Paris SG,4.0,1.0,2.37,2.9,3.0,2.33,1.54,8.0,16.0,5.0,7.0,2.0,7.0
2009-04-04,Bordeaux,Nancy,1.0,0.0,1.44,4.0,8.0,2.03,1.74,16.0,6.0,5.0,1.0,5.0,5.0
2009-04-04,Caen,Toulouse,0.0,0.0,3.2,2.9,2.45,2.34,1.54,10.0,10.0,5.0,2.0,2.0,7.0
2009-04-04,Grenoble,Lorient,1.0,3.0,2.4,2.87,3.3,2.47,1.5,11.0,10.0,3.0,4.0,7.0,4.0
2009-04-04,Le Mans,Lyon,1.0,3.0,4.0,3.2,1.95,2.21,1.61,16.0,11.0,9.0,8.0,6.0,6.0
2009-04-04,Monaco,Le Havre,0.0,1.0,1.53,3.6,7.5,2.04,1.73,16.0,11.0,5.0,3.0,7.0,5.0
2009-04-04,Nantes,Lille,0.0,2.0,3.2,2.9,2.45,2.33,1.54,11.0,12.0,0.0,4.0,7.0,3.0
2009-04-04,Valenciennes,Auxerre,2.0,0.0,2.3,3.0,3.3,2.37,1.53,8.0,9.0,4.0,6.0,3.0,5.0
2009-04-05,Paris SG,Nice,2.0,1.0,1.66,3.4,5.75,2.12,1.65,14.0,9.0,6.0,3.0,3.0,4.0
2009-04-05,Sochaux,Rennes,3.0,0.0,2.75,2.8,2.87,2.42,1.51,17.0,11.0,5.0,3.0,7.0,6.0
2009-04-05,St Etienne,Marseille,0.0,3.0,3.4,3.0,2.3,2.14,1.64,15.0,15.0,3.0,10.0,5.0,7.0
2009-04-11,Auxerre,Bordeaux,0.0,2.0,3.4,3.1,2.25,2.41,1.51,9.0,8.0,3.0,4.0,5.0,4.0
2009-04-11,Le Havre,Caen,1.0,2.0,2.62,3.0,2.8,2.24,1.59,13.0,9.0,6.0,4.0,8.0,1.0
2009-04-11,Le Mans,Sochaux,2.0,0.0,2.6,2.9,3.0,2.27,1.58,19.0,12.0,7.0,2.0,7.0,5.0
2009-04-11,Nancy,Valenciennes,2.0,0.0,2.25,3.0,3.5,2.48,1.49,18.0,6.0,8.0,1.0,5.0,5.0
2009-04-11,Nice,Lorient,2.0,0.0,2.38,3.0,3.25,2.28,1.56,16.0,11.0,5.0,4.0,9.0,11.0
2009-04-11,Rennes,St Etienne,1.0,0.0,1.73,3.3,5.5,2.27,1.58,13.0,16.0,4.0,4.0,4.0,3.0
2009-04-11,Toulouse,Nantes,1.0,0.0,1.53,3.75,7.0,2.26,1.58,10.0,8.0,3.0,2.0,8.0,7.0
2009-04-12,Lille,Paris SG,0.0,0.0,2.1,3.1,3.75,2.14,1.64,18.0,6.0,4.0,1.0,5.0,4.0
2009-04-12,Lyon,Monaco,2.0,2.0,1.36,4.33,10.0,2.04,1.74,25.0,12.0,10.0,4.0,14.0,0.0
2009-04-12,Marseille,Grenoble,4.0,1.0,1.33,4.5,11.0,2.03,1.74,11.0,7.0,6.0,3.0,4.0,3.0
2009-04-18,Caen,Nancy,1.0,2.0,2.25,3.0,3.5,2.31,1.55,14.0,10.0,3.0,4.0,5.0,2.0
2009-04-18,Grenoble,Toulouse,1.0,0.0,3.2,3.0,2.4,2.44,1.5,6.0,9.0,2.0,3.0,3.0,4.0
2009-04-18,Monaco,Rennes,3.0,1.0,2.7,2.88,2.88,2.32,1.55,19.0,15.0,7.0,6.0,6.0,11.0
2009-04-18,Nantes,Nice,2.0,0.0,2.15,3.0,3.75,2.32,1.55,24.0,8.0,9.0,3.0,5.0,1.0
2009-04-18,Sochaux,Auxerre,0.0,1.0,1.91,3.1,4.5,2.33,1.54,15.0,14.0,3.0,5.0,7.0,2.0
2009-04-18,St Etienne,Lille,2.0,1.0,2.9,3.0,2.55,2.22,1.59,16.0,13.0,6.0,4.0,1.0,2.0
2009-04-18,Valenciennes,Le Mans,0.0,2.0,2.05,3.0,4.2,2.23,1.59,10.0,12.0,1.0,4.0,4.0,5.0
2009-04-19,Bordeaux,Lyon,1.0,0.0,2.6,3.0,2.88,2.2,1.6,14.0,9.0,4.0,1.0,10.0,4.0
2009-04-19,Lorient,Marseille,1.0,2.0,4.0,3.2,2.0,2.18,1.62,9.0,20.0,3.0,6.0,1.0,5.0
2009-04-19,Paris SG,Le Havre,3.0,0.0,1.25,5.25,13.0,1.84,1.91,15.0,8.0,4.0,2.0,10.0,1.0
2009-04-24,Lyon,Paris SG,0.0,0.0,1.65,3.4,6.0,2.09,1.69,21.0,8.0,4.0,2.0,9.0,0.0
2009-04-26,Auxerre,Caen,2.0,1.0,2.1,3.1,3.75,2.32,1.54,14.0,11.0,8.0,2.0,5.0,6.0
2009-04-26,Le Havre,Grenoble,0.0,1.0,2.9,3.1,2.5,2.25,1.58,16.0,7.0,7.0,1.0,7.0,5.0
2009-04-26,Le Mans,Monaco,0.0,1.0,2.37,3.0,3.25,2.27,1.57,15.0,3.0,6.0,1.0,8.0,1.0
2009-04-26,Lille,Marseille,1.0,2.0,2.6,3.0,2.87,2.22,1.59,5.0,12.0,3.0,3.0,4.0,4.0
2009-04-26,Nancy,Nantes,2.0,0.0,2.1,3.0,4.0,2.42,1.51,6.0,9.0,3.0,2.0,3.0,4.0
2009-04-26,Nice,St Etienne,3.0,1.0,2.37,3.1,3.1,2.25,1.58,18.0,19.0,10.0,5.0,7.0,3.0
2009-04-26,Sochaux,Valenciennes,1.0,1.0,1.9,3.0,4.75,2.36,1.53,13.0,20.0,5.0,4.0,1.0,5.0
2009-04-26,Toulouse,Lorient,1.0,1.0,1.66,3.4,6.0,2.25,1.58,11.0,19.0,2.0,6.0,3.0,7.0
2009-04-29,Rennes,Bordeaux,2.0,3.0,3.0,3.0,2.5,2.31,1.55,9.0,16.0,6.0,6.0,3.0,4.0
2009-05-02,Caen,Le Mans,3.0,1.0,2.1,3.1,3.75,2.14,1.66,11.0,14.0,5.0,2.0,6.0,6.0
2009-05-02,Grenoble,Nice,0.0,0.0,2.25,3.0,3.5,2.36,1.54,12.0,8.0,4.0,1.0,12.0,2.0
2009-05-02,Lorient,Lille,3.0,1.0,3.0,3.0,2.5,2.33,1.55,16.0,9.0,5.0,5.0,10.0,2.0
2009-05-02,Marseille,Toulouse,2.0,2.0,1.57,3.6,6.5,2.1,1.68,28.0,7.0,11.0,2.0,8.0,2.0
2009-05-02,Monaco,Auxerre,0.0,1.0,2.05,3.1,4.0,2.28,1.57,7.0,10.0,2.0,4.0,1.0,4.0
2009-05-02,St Etienne,Nancy,0.0,0.0,1.83,3.25,5.0,2.19,1.62,20.0,10.0,5.0,2.0,5.0,3.0
2009-05-02,Valenciennes,Lyon,2.0,0.0,4.75,3.3,1.8,2.31,1.56,16.0,10.0,6.0,3.0,3.0,4.0
2009-05-03,Bordeaux,Sochaux,3.0,0.0,1.3,4.75,11.0,1.92,1.83,14.0,6.0,6.0,1.0,3.0,4.0
2009-05-03,Nantes,Le Havre,1.0,2.0,1.57,3.6,6.5,2.07,1.7,15.0,10.0,3.0,4.0,5.0,3.0
2009-05-03,Paris SG,Rennes,0.0,1.0,1.8,3.3,4.75,2.19,1.62,19.0,17.0,4.0,4.0,9.0,2.0
2009-05-12,Lyon,Nantes,3.0,0.0,1.3,5.0,10.0,1.9,1.85,11.0,13.0,5.0,1.0,6.0,9.0
2009-05-13,Auxerre,Grenoble,2.0,0.0,1.95,3.1,4.33,2.38,1.53,18.0,3.0,7.0,1.0,3.0,1.0
2009-05-13,Le Havre,St Etienne,2.0,4.0,4.2,3.2,1.95,2.1,1.66,18.0,16.0,9.0,7.0,5.0,4.0
2009-05-13,Le Mans,Paris SG,0.0,1.0,3.6,3.0,2.2,2.24,1.58,16.0,13.0,6.0,5.0,7.0,6.0
2009-05-13,Nancy,Lorient,2.0,2.0,2.25,2.8,3.75,2.35,1.54,13.0,18.0,1.0,7.0,3.0,2.0
2009-05-13,Nice,Marseille,0.0,2.0,5.0,3.25,1.8,2.07,1.68,7.0,14.0,3.0,3.0,8.0,2.0
2009-05-13,Rennes,Caen,1.0,0.0,1.8,3.25,4.75,2.12,1.65,16.0,13.0,6.0,1.0,7.0,6.0
2009-05-13,Sochaux,Monaco,3.0,0.0,1.72,3.3,5.5,2.25,1.58,16.0,12.0,4.0,5.0,5.0,6.0
2009-05-13,Toulouse,Lille,0.0,0.0,2.2,2.9,3.8,2.28,1.56,10.0,13.0,3.0,3.0,3.0,2.0
2009-05-13,Valenciennes,Bordeaux,1.0,2.0,5.5,3.3,1.72,2.13,1.64,9.0,11.0,3.0,6.0,4.0,5.0
2009-05-16,Bordeaux,Le Mans,3.0,2.0,1.25,5.75,11.0,1.83,1.87,26.0,8.0,7.0,4.0,8.0,3.0
2009-05-16,Caen,Sochaux,2.0,0.0,2.25,3.1,3.3,2.23,1.58,14.0,11.0,5.0,2.0,4.0,1.0
2009-05-16,Grenoble,Nancy,0.0,0.0,2.3,2.9,3.5,2.45,1.5,7.0,7.0,1.0,3.0,2.0,6.0
2009-05-16,Lorient,Le Havre,1.0,1.0,1.62,3.6,6.25,2.02,1.71,15.0,10.0,4.0,3.0,13.0,7.0
2009-05-16,Monaco,Valenciennes,1.0,1.0,2.15,2.88,4.0,2.26,1.57,11.0,12.0,6.0,4.0,2.0,7.0
2009-05-16,Paris SG,Auxerre,1.0,2.0,1.53,3.6,7.5,2.1,1.66,13.0,10.0,4.0,2.0,9.0,2.0
2009-05-16,St Etienne,Toulouse,2.0,2.0,2.4,3.1,3.1,2.22,1.59,17.0,13.0,6.0,5.0,10.0,5.0
2009-05-17,Lille,Nice,1.0,1.0,1.62,3.5,6.25,2.13,1.64,25.0,6.0,9.0,1.0,12.0,3.0
2009-05-17,Marseille,Lyon,1.0,3.0,2.3,3.1,3.2,2.02,1.72,23.0,11.0,4.0,5.0,7.0,3.0
2009-05-17,Nantes,Rennes,1.0,1.0,2.2,3.2,3.4,2.22,1.59,17.0,15.0,5.0,4.0,5.0,7.0
2009-05-23,Auxerre,St Etienne,1.0,0.0,2.75,3.3,2.5,2.11,1.66,17.0,12.0,4.0,5.0,7.0,2.0
2009-05-23,Bordeaux,Monaco,1.0,0.0,1.25,5.5,13.0,1.71,2.04,19.0,8.0,10.0,3.0,4.0,7.0
2009-05-23,Le Havre,Lille,0.0,1.0,5.5,4.0,1.57,1.85,1.9,8.0,25.0,4.0,10.0,3.0,7.0
2009-05-23,Le Mans,Grenoble,1.0,1.0,1.6,3.5,6.5,2.19,1.62,17.0,10.0,4.0,4.0,4.0,5.0
2009-05-23,Lyon,Caen,3.0,1.0,1.33,5.0,9.0,1.76,2.0,17.0,7.0,5.0,2.0,6.0,3.0
2009-05-23,Nancy,Marseille,1.0,2.0,5.5,3.5,1.67,1.96,1.79,10.0,9.0,4.0,4.0,3.0,3.0
2009-05-23,Nice,Toulouse,0.0,2.0,3.2,3.25,2.3,2.19,1.62,11.0,12.0,0.0,4.0,1.0,1.0
2009-05-23,Rennes,Lorient,3.0,1.0,1.57,3.6,6.5,2.09,1.67,18.0,11.0,8.0,3.0,7.0,7.0
2009-05-23,Sochaux,Nantes,2.0,1.0,1.73,3.5,5.0,2.14,1.65,14.0,11.0,5.0,4.0,3.0,3.0
2009-05-23,Valenciennes,Paris SG,2.0,1.0,3.75,3.3,2.0,2.12,1.66,15.0,11.0,6.0,2.0,4.0,7.0
2009-05-30,Caen,Bordeaux,0.0,1.0,4.75,3.5,1.75,1.85,1.89,8.0,14.0,2.0,4.0,6.0,2.0
2009-05-30,Grenoble,Sochaux,0.0,1.0,3.2,2.4,3.0,2.37,1.52,11.0,9.0,4.0,3.0,3.0,4.0
2009-05-30,Lille,Nancy,3.0,2.0,1.45,4.33,6.5,1.84,1.91,15.0,11.0,6.0,4.0,8.0,8.0
2009-05-30,Lorient,Le Mans,1.0,1.0,2.75,2.38,3.6,2.26,1.58,14.0,11.0,4.0,5.0,6.0,5.0
2009-05-30,Marseille,Rennes,4.0,0.0,1.45,4.2,7.5,1.79,1.96,24.0,15.0,9.0,2.0,4.0,2.0
2009-05-30,Nantes,Auxerre,2.0,1.0,2.8,3.0,2.7,2.01,1.73,11.0,10.0,2.0,3.0,5.0,9.0
2009-05-30,Nice,Le Havre,0.0,0.0,1.62,3.4,6.5,1.81,1.93,19.0,9.0,7.0,0.0,5.0,2.0
2009-05-30,Paris SG,Monaco,0.0,0.0,1.44,4.33,7.0,1.82,1.92,15.0,9.0,5.0,4.0,5.0,7.0
2009-05-30,St Etienne,Valenciennes,4.0,0.0,1.45,4.33,6.5,1.89,1.86,31.0,10.0,14.0,1.0,10.0,3.0
2009-05-30,Toulouse,Lyon,0.0,0.0,2.25,3.0,3.6,1.91,1.84,16.0,8.0,4.0,2.0,6.0,6.0
2009-08-08,Auxerre,Sochaux,0.0,1.0,2.0,3.0,4.33,2.39,1.52,12.0,9.0,2.0,3.0,6.0,10.0
2009-08-08,Grenoble,Marseille,0.0,2.0,4.75,3.1,1.91,2.18,1.62,6.0,16.0,1.0,5.0,3.0,6.0
2009-08-08,Le Mans,Lyon,2.0,2.0,3.75,3.1,2.1,2.17,1.62,8.0,20.0,4.0,6.0,3.0,11.0
2009-08-08,Monaco,Toulouse,1.0,0.0,2.3,3.0,3.4,2.41,1.51,11.0,11.0,6.0,4.0,8.0,4.0
2009-08-08,Montpellier,Paris SG,1.0,1.0,3.5,3.0,2.25,2.19,1.61,10.0,10.0,2.0,2.0,4.0,2.0
2009-08-08,Rennes,Boulogne,3.0,0.0,1.53,3.6,7.5,2.11,1.67,15.0,13.0,6.0,4.0,12.0,4.0
2009-08-08,St Etienne,Nice,0.0,2.0,1.91,3.2,4.33,2.33,1.54,13.0,8.0,5.0,3.0,8.0,1.0
2009-08-08,Valenciennes,Nancy,1.0,3.0,2.2,2.9,3.75,2.41,1.52,19.0,11.0,2.0,5.0,10.0,2.0
2009-08-09,Bordeaux,Lens,4.0,1.0,1.5,3.5,7.0,2.12,1.66,13.0,7.0,5.0,1.0,4.0,3.0
2009-08-09,Lille,Lorient,1.0,2.0,1.67,3.3,5.5,2.14,1.64,19.0,6.0,6.0,4.0,15.0,2.0
2009-08-15,Lens,Auxerre,2.0,0.0,2.15,3.0,3.8,2.38,1.53,8.0,12.0,4.0,2.0,3.0,5.0
2009-08-15,Lorient,Montpellier,2.0,2.0,1.91,3.25,4.33,2.26,1.58,12.0,14.0,5.0,6.0,2.0,2.0
2009-08-15,Lyon,Valenciennes,1.0,0.0,1.33,4.5,12.0,1.94,1.8,24.0,5.0,9.0,1.0,5.0,2.0
2009-08-15,Nancy,Monaco,4.0,0.0,2.25,3.0,3.5,2.39,1.52,7.0,19.0,5.0,8.0,2.0,6.0
2009-08-15,Paris SG,Le Mans,3.0,1.0,1.62,3.6,6.0,2.09,1.67,13.0,9.0,5.0,5.0,8.0,6.0
2009-08-15,Sochaux,Bordeaux,2.0,3.0,4.0,3.25,2.0,2.2,1.61,8.0,19.0,7.0,7.0,8.0,7.0
2009-08-15,Toulouse,St Etienne,3.0,1.0,1.91,3.3,4.2,2.3,1.55,14.0,6.0,7.0,3.0,4.0,2.0
2009-08-16,Boulogne,Grenoble,2.0,1.0,2.38,3.0,3.25,2.42,1.51,13.0,9.0,6.0,2.0,6.0,7.0
2009-08-16,Marseille,Lille,1.0,0.0,1.73,3.5,5.0,2.06,1.69,17.0,10.0,4.0,5.0,6.0,2.0
2009-08-16,Nice,Rennes,1.0,1.0,2.5,2.9,3.1,2.38,1.52,14.0,10.0,4.0,5.0,5.0,2.0
2009-08-22,Auxerre,Lyon,0.0,3.0,4.0,3.2,2.0,2.34,1.55,14.0,11.0,5.0,4.0,7.0,7.0
2009-08-22,Le Mans,Nancy,2.0,1.0,2.35,3.0,3.3,2.36,1.55,21.0,7.0,9.0,2.0,6.0,3.0
2009-08-22,Monaco,Lorient,2.0,0.0,2.1,3.0,4.0,2.27,1.58,10.0,13.0,6.0,1.0,4.0,12.0
2009-08-22,Montpellier,Sochaux,2.0,0.0,2.3,3.0,3.4,2.38,1.54,15.0,9.0,3.0,4.0,5.0,1.0
2009-08-22,Rennes,Marseille,1.0,1.0,3.0,3.0,2.5,2.23,1.6,14.0,15.0,5.0,5.0,2.0,5.0
2009-08-22,St Etienne,Boulogne,0.0,1.0,1.75,3.3,5.25,2.18,1.62,29.0,3.0,6.0,2.0,7.0,1.0
2009-08-22,Valenciennes,Paris SG,2.0,3.0,3.6,3.0,2.2,2.39,1.53,20.0,14.0,6.0,10.0,3.0,2.0
2009-08-23,Bordeaux,Nice,4.0,0.0,1.5,3.75,7.5,2.0,1.74,12.0,17.0,6.0,5.0,0.0,1.0
2009-08-23,Grenoble,Lens,1.0,2.0,2.45,2.9,3.2,2.48,1.5,15.0,8.0,8.0,2.0,6.0,2.0
2009-08-23,Lille,Toulouse,1.0,1.0,2.0,3.1,4.2,2.36,1.55,14.0,9.0,5.0,1.0,10.0,2.0
2009-08-29,Boulogne,Auxerre,0.0,0.0,2.5,2.9,3.1,2.45,1.5,7.0,10.0,0.0,1.0,2.0,5.0
2009-08-29,Lens,Rennes,2.0,2.0,2.6,2.9,3.0,2.38,1.53,10.0,20.0,6.0,4.0,5.0,5.0
2009-08-29,Lorient,Le Mans,1.0,0.0,2.1,3.1,3.8,2.26,1.59,11.0,13.0,2.0,3.0,5.0,7.0
2009-08-29,Lyon,Nancy,3.0,1.0,1.36,4.5,10.0,2.02,1.74,13.0,13.0,4.0,6.0,6.0,6.0
2009-08-29,Nice,Montpellier,0.0,3.0,2.0,3.1,4.2,2.3,1.56,20.0,14.0,4.0,6.0,8.0,2.0
2009-08-29,Sochaux,Monaco,1.0,0.0,2.2,3.0,3.6,2.29,1.57,11.0,16.0,3.0,5.0,4.0,6.0
2009-08-29,St Etienne,Grenoble,1.0,0.0,1.73,3.3,5.5,2.41,1.52,16.0,13.0,4.0,2.0,6.0,0.0
2009-08-30,Marseille,Bordeaux,0.0,0.0,2.15,3.2,3.5,2.03,1.73,16.0,7.0,3.0,5.0,4.0,3.0
2009-08-30,Paris SG,Lille,3.0,0.0,1.83,3.3,4.75,2.26,1.58,10.0,17.0,7.0,6.0,3.0,8.0
2009-08-30,Toulouse,Valenciennes,0.0,1.0,1.57,3.75,6.5,2.31,1.57,21.0,9.0,8.0,2.0,9.0,3.0
2009-09-12,Bordeaux,Grenoble,1.0,0.0,1.29,5.0,12.0,1.85,1.9,12.0,7.0,3.0,4.0,3.0,6.0
2009-09-12,Le Mans,Marseille,1.0,2.0,4.2,3.25,1.91,2.11,1.67,7.0,13.0,1.0,3.0,3.0,3.0
2009-09-12,Lille,Sochaux,1.0,0.0,1.75,3.4,5.0,2.16,1.64,17.0,6.0,3.0,2.0,5.0,4.0
2009-09-12,Lyon,Lorient,1.0,0.0,1.36,4.5,9.0,1.93,1.82,15.0,15.0,4.0,3.0,4.0,5.0
2009-09-12,Montpellier,Lens,1.0,0.0,2.3,3.0,3.4,2.24,1.59,14.0,6.0,4.0,1.0,1.0,3.0
2009-09-12,Nancy,Toulouse,0.0,0.0,2.4,3.0,3.2,2.37,1.54,8.0,15.0,1.0,4.0,1.0,7.0
2009-09-12,Valenciennes,Boulogne,1.0,1.0,2.0,3.2,4.0,2.22,1.6,21.0,10.0,3.0,3.0,10.0,1.0
2009-09-13,Auxerre,Nice,2.0,0.0,2.2,3.1,3.5,2.41,1.52,6.0,11.0,3.0,3.0,2.0,5.0
2009-09-13,Monaco,Paris SG,2.0,0.0,2.9,3.0,2.6,2.32,1.55,13.0,16.0,4.0,6.0,7.0,6.0
2009-09-13,Rennes,St Etienne,1.0,0.0,1.75,3.4,5.0,2.14,1.64,21.0,8.0,7.0,2.0,3.0,3.0
2009-09-19,Boulogne,Bordeaux,0.0,2.0,5.5,3.5,1.67,2.12,1.66,4.0,17.0,1.0,5.0,6.0,4.0
2009-09-19,Grenoble,Rennes,0.0,4.0,3.6,3.0,2.2,2.48,1.5,11.0,16.0,1.0,10.0,6.0,5.0
2009-09-19,Lorient,Nancy,3.0,1.0,2.2,3.0,3.6,2.34,1.54,18.0,10.0,6.0,2.0,5.0,4.0
2009-09-19,Marseille,Montpellier,4.0,2.0,1.4,4.2,8.5,1.98,1.78,6.0,13.0,4.0,4.0,3.0,3.0
2009-09-19,Nice,Monaco,1.0,3.0,2.63,2.8,3.1,2.34,1.55,17.0,11.0,3.0,4.0,4.0,1.0
2009-09-19,Sochaux,Valenciennes,2.0,5.0,1.85,3.2,4.75,2.35,1.54,18.0,14.0,7.0,7.0,6.0,4.0
2009-09-19,St Etienne,Auxerre,1.0,1.0,2.0,3.1,4.2,2.34,1.55,16.0,13.0,4.0,4.0,7.0,4.0
2009-09-20,Lens,Lille,1.0,1.0,2.6,3.0,2.88,2.35,1.54,13.0,10.0,2.0,2.0,5.0,5.0
2009-09-20,Paris SG,Lyon,1.0,1.0,2.88,3.1,2.55,2.25,1.59,14.0,11.0,7.0,5.0,6.0,4.0
2009-09-20,Toulouse,Le Mans,2.0,0.0,1.75,3.4,5.0,2.32,1.56,19.0,19.0,7.0,6.0,4.0,11.0
2009-09-26,Auxerre,Grenoble,2.0,0.0,1.67,3.4,6.0,2.37,1.53,11.0,9.0,5.0,4.0,5.0,5.0
2009-09-26,Lorient,Paris SG,1.0,1.0,3.2,3.0,2.4,2.39,1.53,16.0,6.0,5.0,4.0,1.0,4.0
2009-09-26,Lyon,Toulouse,2.0,1.0,1.44,4.0,8.5,1.97,1.79,28.0,8.0,10.0,2.0,6.0,5.0
2009-09-26,Monaco,St Etienne,1.0,2.0,1.8,3.1,4.6,2.25,1.59,8.0,8.0,3.0,2.0,7.0,2.0
2009-09-26,Montpellier,Boulogne,1.0,0.0,1.7,3.4,5.5,2.22,1.6,22.0,5.0,2.0,0.0,9.0,3.0
2009-09-26,Nancy,Sochaux,2.0,1.0,2.0,3.2,4.0,2.41,1.52,12.0,12.0,4.0,4.0,2.0,7.0
2009-09-26,Valenciennes,Marseille,3.0,2.0,4.75,3.3,1.8,2.12,1.67,8.0,12.0,5.0,6.0,4.0,6.0
2009-09-27,Bordeaux,Rennes,1.0,0.0,1.7,3.4,5.5,2.09,1.68,16.0,11.0,4.0,2.0,3.0,4.0
2009-09-27,Le Mans,Lens,3.0,0.0,2.25,3.1,3.4,2.25,1.58,20.0,7.0,8.0,2.0,5.0,2.0
2009-09-27,Lille,Nice,1.0,1.0,1.62,3.6,6.0,2.22,1.6,14.0,8.0,4.0,1.0,7.0,2.0
2009-10-03,Grenoble,Montpellier,2.0,3.0,2.9,3.0,2.6,2.43,1.5,17.0,9.0,7.0,3.0,8.0,8.0
2009-10-03,Lens,Lyon,0.0,2.0,5.0,3.4,1.75,2.1,1.66,11.0,12.0,5.0,2.0,2.0,0.0
2009-10-03,Nice,Valenciennes,3.0,2.0,2.3,3.0,3.4,2.23,1.58,14.0,4.0,7.0,3.0,11.0,1.0
2009-10-03,Paris SG,Nancy,1.0,1.0,1.57,3.5,7.0,2.16,1.62,21.0,6.0,4.0,3.0,7.0,2.0
2009-10-03,Rennes,Auxerre,0.0,1.0,1.62,3.5,6.0,2.28,1.56,10.0,12.0,3.0,5.0,6.0,1.0
2009-10-03,Sochaux,Le Mans,1.0,0.0,1.91,3.1,4.6,2.17,1.62,17.0,8.0,8.0,2.0,5.0,2.0
2009-10-03,St Etienne,Bordeaux,3.0,1.0,4.0,3.2,2.0,2.14,1.64,15.0,11.0,4.0,2.0,3.0,5.0
2009-10-04,Boulogne,Lille,2.0,3.0,3.75,3.1,2.1,2.33,1.54,10.0,14.0,5.0,5.0,6.0,11.0
2009-10-04,Marseille,Monaco,1.0,2.0,1.53,3.75,7.0,2.01,1.73,26.0,8.0,6.0,3.0,10.0,8.0
2009-10-04,Toulouse,Lorient,0.0,1.0,1.85,3.2,4.75,2.34,1.54,17.0,7.0,5.0,2.0,6.0,3.0
2009-10-17,Auxerre,Bordeaux,1.0,0.0,3.8,3.2,2.05,2.27,1.58,7.0,13.0,2.0,3.0,3.0,5.0
2009-10-17,Le Mans,Boulogne,1.0,1.0,1.7,3.4,5.5,2.24,1.58,17.0,15.0,7.0,2.0,5.0,2.0
2009-10-17,Lille,Rennes,0.0,0.0,2.1,3.1,3.75,2.23,1.58,24.0,13.0,3.0,5.0,5.0,1.0
2009-10-17,Lyon,Sochaux,0.0,2.0,1.3,5.0,11.0,1.94,1.8,13.0,9.0,1.0,3.0,3.0,5.0
2009-10-17,Montpellier,St Etienne,2.0,1.0,2.2,3.1,3.5,2.19,1.61,18.0,8.0,6.0,4.0,9.0,2.0
2009-10-17,Nancy,Marseille,0.0,3.0,3.8,3.2,2.05,2.09,1.67,7.0,16.0,1.0,9.0,4.0,7.0
2009-10-17,Valenciennes,Grenoble,2.0,0.0,1.57,3.6,6.5,2.13,1.65,12.0,10.0,6.0,1.0,5.0,5.0
2009-10-18,Lorient,Nice,4.0,1.0,1.91,3.2,4.33,2.23,1.59,20.0,9.0,7.0,1.0,10.0,0.0
2009-10-18,Monaco,Lens,2.0,0.0,1.73,3.3,5.5,2.14,1.64,16.0,11.0,7.0,4.0,5.0,3.0
2009-10-18,Toulouse,Paris SG,1.0,0.0,2.6,3.0,2.88,2.37,1.53,11.0,7.0,4.0,3.0,5.0,4.0
2009-10-24,Bordeaux,Le Mans,3.0,0.0,1.33,4.5,11.0,1.87,1.87,17.0,8.0,4.0,3.0,8.0,3.0
2009-10-24,Boulogne,Monaco,1.0,3.0,4.33,3.0,2.0,2.2,1.61,5.0,20.0,2.0,9.0,4.0,4.0
2009-10-24,Grenoble,Nancy,1.0,2.0,3.6,3.1,2.15,2.22,1.61,16.0,3.0,5.0,2.0,7.0,3.0
2009-10-24,Nice,Lyon,4.0,1.0,5.25,3.5,1.7,2.05,1.71,12.0,20.0,4.0,5.0,2.0,5.0
2009-10-24,Rennes,Montpellier,3.0,0.0,1.8,3.4,4.75,2.19,1.61,16.0,12.0,6.0,3.0,0.0,1.0
2009-10-24,Sochaux,Lorient,1.0,0.0,2.1,3.1,3.75,2.29,1.57,17.0,14.0,5.0,5.0,5.0,2.0
2009-10-24,St Etienne,Valenciennes,0.0,2.0,1.8,3.4,4.75,2.19,1.62,20.0,10.0,7.0,4.0,10.0,3.0
2009-10-25,Auxerre,Lille,3.0,2.0,2.63,2.88,3.0,2.35,1.54,12.0,13.0,8.0,4.0,6.0,5.0
2009-10-25,Lens,Toulouse,0.0,2.0,2.63,2.88,3.0,2.33,1.54,10.0,14.0,4.0,4.0,3.0,8.0
2009-10-31,Auxerre,Montpellier,2.0,1.0,2.1,3.1,3.75,2.34,1.54,11.0,18.0,4.0,7.0,2.0,8.0
2009-10-31,Bordeaux,Monaco,1.0,0.0,1.67,3.4,6.0,2.12,1.66,21.0,11.0,8.0,3.0,8.0,8.0
2009-10-31,Boulogne,Nancy,1.0,2.0,3.0,2.9,2.6,2.28,1.56,9.0,11.0,4.0,5.0,3.0,2.0
2009-10-31,Grenoble,Lille,0.0,2.0,5.0,3.25,1.8,2.19,1.61,12.0,14.0,5.0,4.0,2.0,4.0
2009-10-31,Lens,Lorient,1.0,1.0,2.5,2.9,3.1,2.31,1.55,18.0,12.0,6.0,2.0,6.0,4.0
2009-10-31,Marseille,Toulouse,1.0,1.0,1.6,3.5,6.5,2.03,1.73,35.0,5.0,8.0,3.0,11.0,4.0
2009-10-31,St Etienne,Lyon,0.0,1.0,4.0,3.2,2.0,2.11,1.65,14.0,22.0,4.0,8.0,4.0,6.0
2009-11-01,Nice,Le Mans,1.0,0.0,2.0,3.2,4.0,2.15,1.63,16.0,11.0,7.0,2.0,7.0,1.0
2009-11-01,Rennes,Valenciennes,0.0,3.0,1.67,3.4,6.0,2.13,1.64,14.0,6.0,2.0,4.0,3.0,2.0
2009-11-01,Sochaux,Paris SG,1.0,4.0,2.75,3.0,2.75,2.37,1.53,13.0,19.0,3.0,11.0,7.0,3.0
2009-11-07,Le Mans,Auxerre,0.0,1.0,2.65,2.9,2.9,2.28,1.56,10.0,9.0,2.0,3.0,1.0,1.0
2009-11-07,Lorient,Boulogne,5.0,0.0,1.53,3.8,6.5,2.06,1.69,20.0,11.0,10.0,3.0,4.0,6.0
2009-11-07,Monaco,Grenoble,0.0,0.0,1.33,4.75,10.0,1.92,1.82,8.0,8.0,3.0,2.0,6.0,0.0
2009-11-07,Nancy,St Etienne,0.0,1.0,2.1,3.1,3.75,2.19,1.61,24.0,10.0,5.0,2.0,8.0,4.0
2009-11-07,Paris SG,Nice,0.0,1.0,1.7,3.5,5.25,2.08,1.69,14.0,15.0,4.0,4.0,3.0,5.0
2009-11-07,Sochaux,Lens,1.0,2.0,1.95,3.2,4.2,2.19,1.61,23.0,9.0,6.0,3.0,6.0,7.0
2009-11-07,Valenciennes,Montpellier,1.0,1.0,2.2,3.1,3.5,2.14,1.64,11.0,4.0,1.0,1.0,5.0,2.0
2009-11-08,Lille,Bordeaux,2.0,0.0,2.7,3.0,2.75,2.19,1.6,15.0,10.0,6.0,2.0,6.0,4.0
2009-11-08,Lyon,Marseille,5.0,5.0,2.05,3.2,3.75,2.09,1.68,11.0,18.0,7.0,7.0,5.0,4.0
2009-11-08,Toulouse,Rennes,3.0,2.0,2.3,3.0,3.4,2.34,1.53,10.0,19.0,3.0,5.0,5.0,6.0
2009-11-20,Marseille,Paris SG,1.0,0.0,1.73,3.5,5.0,2.02,1.74,11.0,5.0,6.0,1.0,6.0,4.0
2009-11-21,Auxerre,Monaco,2.0,0.0,2.3,3.0,3.4,2.33,1.54,11.0,15.0,5.0,2.0,5.0,4.0
2009-11-21,Bordeaux,Valenciennes,0.0,1.0,1.4,4.2,9.0,1.96,1.79,24.0,3.0,7.0,3.0,9.0,1.0
2009-11-21,Grenoble,Lyon,1.0,1.0,8.0,4.0,1.44,2.07,1.69,12.0,12.0,5.0,2.0,5.0,4.0
2009-11-21,Lens,Nancy,2.0,1.0,2.5,2.9,3.1,2.26,1.57,15.0,16.0,7.0,4.0,7.0,5.0
2009-11-21,Rennes,Le Mans,2.0,1.0,1.44,4.0,8.0,2.14,1.65,13.0,10.0,6.0,5.0,2.0,4.0
2009-11-22,Montpellier,Lille,2.0,0.0,2.75,3.0,2.7,2.19,1.61,16.0,9.0,5.0,2.0,7.0,6.0
2009-11-22,Nice,Toulouse,1.0,0.0,2.4,3.0,3.2,2.23,1.6,9.0,12.0,2.0,5.0,6.0,5.0
2009-11-22,St Etienne,Lorient,0.0,2.0,2.2,3.1,3.5,2.21,1.6,21.0,12.0,3.0,6.0,10.0,3.0
2009-11-28,Lens,Marseille,1.0,0.0,4.2,3.1,2.0,2.17,1.62,7.0,15.0,3.0,5.0,4.0,8.0
2009-11-28,Lille,Valenciennes,4.0,0.0,1.67,3.5,5.5,2.18,1.62,13.0,6.0,5.0,2.0,6.0,0.0
2009-11-28,Lorient,Grenoble,2.0,2.0,1.5,3.75,7.5,2.11,1.67,4.0,13.0,2.0,6.0,3.0,3.0
2009-11-28,Paris SG,Auxerre,1.0,0.0,1.85,3.2,4.75,2.31,1.56,12.0,10.0,5.0,4.0,7.0,5.0
2009-11-28,Sochaux,Nice,1.0,0.0,2.2,3.0,3.6,2.26,1.59,12.0,22.0,4.0,8.0,1.0,6.0
2009-11-28,Toulouse,Boulogne,1.0,0.0,1.4,4.2,8.5,2.14,1.65,15.0,10.0,5.0,4.0,3.0,6.0
2009-11-29,Le Mans,St Etienne,1.0,1.0,2.3,3.0,3.4,2.21,1.61,19.0,11.0,6.0,2.0,7.0,5.0
2009-11-29,Lyon,Rennes,1.0,1.0,1.55,3.7,6.5,2.08,1.69,15.0,10.0,5.0,5.0,7.0,3.0
2009-11-29,Nancy,Bordeaux,0.0,3.0,3.75,3.2,2.05,2.23,1.6,12.0,12.0,3.0,8.0,1.0,2.0
2009-12-02,Boulogne,Paris SG,2.0,5.0,5.0,3.3,1.75,2.24,1.58,6.0,13.0,3.0,8.0,1.0,4.0
2009-12-05,Bordeaux,Paris SG,1.0,0.0,1.67,3.4,6.0,2.2,1.61,12.0,7.0,4.0,1.0,4.0,2.0
2009-12-05,Montpellier,Le Mans,2.0,1.0,1.75,3.4,5.0,2.17,1.62,13.0,10.0,8.0,3.0,6.0,2.0
2009-12-05,Nice,Marseille,1.0,3.0,3.6,3.2,2.1,2.13,1.65,5.0,10.0,1.0,5.0,7.0,2.0
2009-12-05,Rennes,Lorient,1.0,0.0,1.91,3.2,4.33,2.21,1.6,25.0,9.0,11.0,0.0,6.0,7.0
2009-12-05,St Etienne,Sochaux,0.0,0.0,2.1,3.1,3.75,2.37,1.53,18.0,11.0,4.0,5.0,9.0,2.0
2009-12-05,Valenciennes,Monaco,3.0,1.0,2.2,3.1,3.5,2.27,1.57,20.0,11.0,7.0,6.0,5.0,5.0
2009-12-06,Auxerre,Nancy,1.0,3.0,1.83,3.3,4.75,2.24,1.59,13.0,8.0,5.0,4.0,7.0,2.0
2009-12-06,Boulogne,Lens,2.0,1.0,2.88,3.1,2.55,2.21,1.6,9.0,16.0,3.0,3.0,1.0,7.0
2009-12-06,Grenoble,Toulouse,1.0,0.0,3.75,3.1,2.1,2.4,1.52,13.0,17.0,6.0,7.0,4.0,10.0
2009-12-06,Lille,Lyon,4.0,3.0,3.1,3.1,2.4,2.25,1.59,23.0,11.0,14.0,3.0,9.0,2.0
2009-12-10,Lille,St Etienne,4.0,0.0,1.62,3.5,6.25,2.15,1.63,17.0,8.0,5.0,2.0,9.0,4.0
2009-12-10,Toulouse,Sochaux,2.0,0.0,1.75,3.4,5.0,2.3,1.56,13.0,12.0,5.0,3.0,2.0,4.0
2009-12-12,Le Mans,Valenciennes,2.0,1.0,2.6,3.0,2.88,2.3,1.56,8.0,14.0,4.0,4.0,6.0,1.0
2009-12-12,Lens,Nice,2.0,0.0,2.25,3.0,3.5,2.31,1.55,24.0,11.0,9.0,4.0,6.0,6.0
2009-12-12,Lorient,Auxerre,0.0,0.0,2.1,3.1,3.75,2.42,1.52,14.0,10.0,6.0,4.0,7.0,2.0
2009-12-12,Marseille,Boulogne,2.0,0.0,1.25,5.25,13.0,1.81,1.94,25.0,4.0,8.0,1.0,3.0,1.0
2009-12-12,Nancy,Rennes,1.0,2.0,2.63,2.88,3.0,2.32,1.55,18.0,6.0,7.0,2.0,9.0,4.0
2009-12-13,Lyon,Bordeaux,0.0,1.0,2.25,3.1,3.4,2.08,1.69,12.0,16.0,3.0,3.0,1.0,3.0
2009-12-13,Monaco,Lille,0.0,4.0,2.63,3.0,2.88,2.23,1.59,9.0,22.0,4.0,8.0,5.0,5.0
2009-12-13,Paris SG,St Etienne,3.0,0.0,1.67,3.5,5.5,2.21,1.61,17.0,10.0,10.0,2.0,9.0,1.0
2009-12-13,Sochaux,Grenoble,1.0,0.0,1.8,3.3,5.0,2.32,1.55,16.0,15.0,6.0,5.0,8.0,8.0
2009-12-13,Toulouse,Montpellier,0.0,1.0,1.91,3.2,4.33,2.28,1.57,10.0,6.0,3.0,1.0,2.0,1.0
2009-12-15,Valenciennes,Auxerre,0.0,0.0,2.1,3.1,3.75,2.41,1.52,14.0,6.0,2.0,2.0,6.0,6.0
2009-12-16,Le Mans,Grenoble,1.0,0.0,2.0,3.1,4.2,2.35,1.53,14.0,18.0,6.0,4.0,0.0,6.0
2009-12-16,Lorient,Marseille,1.0,2.0,3.6,3.2,2.1,2.11,1.66,9.0,17.0,3.0,3.0,5.0,3.0
2009-12-16,Lyon,Boulogne,2.0,0.0,1.17,6.5,19.0,1.7,2.07,26.0,6.0,6.0,3.0,12.0,3.0
2009-12-16,Monaco,Rennes,1.0,0.0,2.75,3.0,2.7,2.28,1.56,9.0,11.0,4.0,4.0,1.0,8.0
2009-12-16,Montpellier,Bordeaux,0.0,1.0,3.75,3.1,2.1,2.24,1.58,9.0,9.0,3.0,2.0,3.0,1.0
2009-12-16,Nancy,Nice,2.0,0.0,2.1,3.1,3.75,2.2,1.6,21.0,6.0,8.0,1.0,4.0,4.0
2009-12-16,Paris SG,Lens,1.0,1.0,1.57,3.6,6.5,2.17,1.62,9.0,8.0,3.0,1.0,5.0,2.0
2009-12-19,Bordeaux,Lorient,4.0,1.0,1.44,4.0,8.0,2.06,1.7,19.0,14.0,9.0,2.0,6.0,4.0
2009-12-19,Grenoble,Nice,1.0,1.0,2.6,3.0,2.88,2.43,1.5,21.0,15.0,6.0,8.0,8.0,3.0
2009-12-19,Montpellier,Nancy,0.0,2.0,1.83,3.3,4.75,2.19,1.62,15.0,12.0,5.0,4.0,2.0,4.0
2009-12-19,Rennes,Paris SG,1.0,0.0,2.2,3.1,3.5,2.23,1.58,19.0,8.0,6.0,0.0,4.0,2.0
2009-12-19,St Etienne,Marseille,0.0,0.0,4.33,3.4,1.85,2.12,1.64,10.0,26.0,2.0,8.0,3.0,6.0
2009-12-19,Valenciennes,Lens,0.0,0.0,2.0,3.2,4.0,2.16,1.63,15.0,6.0,6.0,3.0,5.0,6.0
2009-12-20,Auxerre,Toulouse,1.0,1.0,2.1,3.1,3.75,2.37,1.53,17.0,8.0,5.0,5.0,8.0,2.0
2009-12-20,Lille,Le Mans,3.0,0.0,1.36,4.33,10.0,1.96,1.79,15.0,3.0,8.0,1.0,4.0,3.0
2009-12-20,Monaco,Lyon,1.0,1.0,3.5,3.1,2.2,2.18,1.62,13.0,12.0,6.0,5.0,7.0,5.0
2009-12-22,Lens,St Etienne,1.0,0.0,2.0,3.2,4.0,2.3,1.56,16.0,8.0,9.0,1.0,4.0,4.0
2009-12-23,Le Mans,Monaco,1.0,1.0,2.5,3.0,3.0,2.28,1.56,14.0,17.0,3.0,5.0,8.0,3.0
2009-12-23,Lorient,Valenciennes,3.0,2.0,2.0,3.2,4.0,2.24,1.58,20.0,9.0,6.0,6.0,3.0,7.0
2009-12-23,Lyon,Montpellier,1.0,2.0,1.53,3.75,7.0,2.09,1.68,10.0,5.0,2.0,3.0,6.0,6.0
2009-12-23,Marseille,Auxerre,0.0,2.0,1.44,4.0,8.5,2.12,1.66,13.0,9.0,4.0,2.0,5.0,1.0
2009-12-23,Nancy,Lille,0.0,4.0,3.75,3.1,2.1,2.12,1.65,11.0,18.0,1.0,6.0,7.0,10.0
2009-12-23,Nice,Boulogne,2.0,2.0,1.62,3.6,6.0,2.16,1.63,18.0,10.0,6.0,6.0,9.0,4.0
2009-12-23,Paris SG,Grenoble,4.0,0.0,1.44,4.0,8.0,2.18,1.62,11.0,15.0,6.0,7.0,0.0,7.0
2009-12-23,Sochaux,Rennes,2.0,0.0,2.75,3.0,2.7,2.44,1.5,13.0,12.0,6.0,2.0,11.0,6.0
2009-12-23,Toulouse,Bordeaux,1.0,2.0,3.5,3.1,2.2,2.25,1.57,18.0,11.0,5.0,5.0,3.0,3.0
2010-01-13,Boulogne,Sochaux,0.0,0.0,3.0,3.0,2.38,2.42,1.52,9.0,12.0,2.0,2.0,4.0,2.0
2010-01-13,Monaco,Montpellier,4.0,0.0,2.3,3.0,3.1,2.22,1.59,20.0,13.0,8.0,2.0,9.0,2.0
2010-01-16,Auxerre,Boulogne,0.0,0.0,1.44,4.0,8.0,2.17,1.62,13.0,6.0,4.0,0.0,6.0,1.0
2010-01-16,Grenoble,St Etienne,1.0,2.0,2.5,3.0,3.0,2.44,1.5,25.0,12.0,4.0,4.0,6.0,4.0
2010-01-16,Le Mans,Lorient,0.0,3.0,2.38,3.0,3.2,2.27,1.57,9.0,11.0,5.0,4.0,9.0,1.0
2010-01-16,Lille,Paris SG,3.0,1.0,1.91,3.25,4.2,2.19,1.61,21.0,5.0,8.0,2.0,8.0,2.0
2010-01-16,Monaco,Sochaux,2.0,0.0,2.0,3.2,4.0,2.33,1.54,17.0,7.0,8.0,3.0,5.0,5.0
2010-01-16,Montpellier,Nice,1.0,0.0,1.75,3.4,5.0,2.2,1.6,22.0,6.0,8.0,0.0,2.0,2.0
2010-01-16,Nancy,Lyon,0.0,2.0,4.33,3.25,1.91,2.1,1.67,11.0,8.0,5.0,3.0,5.0,7.0
2010-01-16,Rennes,Lens,1.0,1.0,1.75,3.4,5.0,2.27,1.57,15.0,17.0,4.0,6.0,3.0,11.0
2010-01-16,Valenciennes,Toulouse,1.0,3.0,2.15,3.1,3.6,2.35,1.54,15.0,13.0,3.0,5.0,2.0,2.0
2010-01-17,Bordeaux,Marseille,1.0,1.0,2.0,3.2,4.0,2.15,1.64,11.0,14.0,2.0,4.0,6.0,12.0
2010-01-19,St Etienne,Rennes,0.0,0.0,2.88,3.0,2.6,2.38,1.53,10.0,15.0,2.0,2.0,7.0,6.0
2010-01-20,Boulogne,Valenciennes,0.0,2.0,3.0,3.1,2.45,2.13,1.65,9.0,12.0,4.0,5.0,7.0,5.0
2010-01-20,Grenoble,Bordeaux,1.0,3.0,8.0,4.0,1.44,2.13,1.65,11.0,10.0,2.0,5.0,5.0,4.0
2010-01-20,Lens,Montpellier,0.0,1.0,2.3,3.1,3.2,2.33,1.55,18.0,14.0,4.0,5.0,5.0,3.0
2010-01-20,Lorient,Lyon,1.0,3.0,3.6,3.2,2.1,2.13,1.65,15.0,20.0,6.0,6.0,7.0,11.0
2010-01-20,Marseille,Le Mans,2.0,1.0,1.33,4.75,9.5,1.82,1.92,21.0,6.0,5.0,1.0,7.0,6.0
2010-01-20,Nice,Auxerre,0.0,1.0,2.6,3.0,2.88,2.38,1.52,11.0,13.0,6.0,6.0,2.0,4.0
2010-01-20,Paris SG,Monaco,0.0,1.0,1.8,3.3,4.75,2.21,1.6,19.0,10.0,9.0,0.0,9.0,2.0
2010-01-20,Sochaux,Lille,2.0,1.0,4.2,3.25,1.91,2.1,1.67,7.0,22.0,4.0,9.0,5.0,11.0
2010-01-20,Toulouse,Nancy,0.0,0.0,1.95,3.2,4.2,2.31,1.56,12.0,17.0,2.0,3.0,4.0,5.0
2010-01-30,Bordeaux,Boulogne,0.0,0.0,1.17,6.5,17.0,1.7,2.06,23.0,8.0,4.0,2.0,8.0,2.0
2010-01-30,Le Mans,Toulouse,1.0,3.0,2.7,2.88,2.9,2.51,1.48,8.0,16.0,6.0,8.0,2.0,3.0
2010-01-30,Lille,Lens,1.0,0.0,1.44,4.0,8.0,2.05,1.72,16.0,9.0,4.0,1.0,5.0,3.0
2010-01-30,Monaco,Nice,3.0,2.0,1.57,3.6,6.5,2.32,1.55,12.0,18.0,7.0,7.0,3.0,3.0
2010-01-30,Montpellier,Marseille,2.0,0.0,3.5,3.0,2.25,2.21,1.61,8.0,8.0,2.0,2.0,4.0,5.0
2010-01-30,Nancy,Lorient,1.0,0.0,2.5,2.9,3.1,2.39,1.52,13.0,9.0,2.0,4.0,11.0,5.0
2010-01-30,Rennes,Grenoble,4.0,0.0,1.4,4.2,9.0,2.04,1.73,15.0,7.0,7.0,3.0,4.0,3.0
2010-01-31,Auxerre,St Etienne,1.0,0.0,1.83,3.3,4.75,2.45,1.5,9.0,10.0,3.0,3.0,3.0,6.0
2010-01-31,Lyon,Paris SG,2.0,1.0,1.73,3.4,5.25,2.1,1.66,22.0,15.0,8.0,6.0,11.0,7.0
2010-01-31,Valenciennes,Sochaux,1.0,1.0,2.0,3.1,4.2,2.4,1.52,12.0,14.0,2.0,4.0,3.0,6.0
2010-02-06,Boulogne,Montpellier,0.0,2.0,3.75,3.0,2.15,2.19,1.61,8.0,11.0,0.0,6.0,4.0,4.0
2010-02-06,Grenoble,Auxerre,5.0,0.0,3.5,3.0,2.25,2.48,1.48,13.0,5.0,6.0,3.0,4.0,4.0
2010-02-06,Lens,Le Mans,2.0,1.0,1.83,3.25,4.75,2.35,1.53,14.0,10.0,7.0,4.0,1.0,9.0
2010-02-06,Nice,Lille,1.0,1.0,4.75,3.25,1.83,2.06,1.72,11.0,23.0,4.0,9.0,2.0,5.0
2010-02-06,Paris SG,Lorient,0.0,3.0,1.83,3.25,4.75,2.28,1.56,16.0,17.0,8.0,8.0,14.0,4.0
2010-02-06,Rennes,Bordeaux,4.0,2.0,3.25,2.9,2.4,2.29,1.56,11.0,16.0,6.0,6.0,4.0,7.0
2010-02-06,Sochaux,Nancy,1.0,1.0,2.2,3.0,3.6,2.25,1.58,7.0,12.0,1.0,4.0,5.0,4.0
2010-02-07,Marseille,Valenciennes,5.0,1.0,1.4,4.33,8.0,2.06,1.71,22.0,10.0,10.0,2.0,5.0,4.0
2010-02-07,St Etienne,Monaco,3.0,0.0,2.5,3.0,3.0,2.43,1.5,19.0,16.0,7.0,6.0,6.0,4.0
2010-02-07,Toulouse,Lyon,0.0,0.0,3.5,3.0,2.25,2.27,1.57,16.0,5.0,4.0,0.0,7.0,6.0
2010-02-13,Le Mans,Sochaux,0.0,0.0,2.38,3.0,3.25,2.28,1.56,11.0,12.0,3.0,1.0,8.0,1.0
2010-02-13,Lille,Boulogne,3.0,1.0,1.29,4.75,13.0,1.8,1.95,20.0,5.0,10.0,2.0,6.0,6.0
2010-02-13,Lyon,Lens,1.0,0.0,1.44,4.0,8.0,2.01,1.75,11.0,12.0,4.0,4.0,6.0,3.0
2010-02-13,Monaco,Marseille,1.0,2.0,3.0,3.0,2.5,2.22,1.59,7.0,16.0,3.0,5.0,3.0,3.0
2010-02-13,Montpellier,Grenoble,1.0,0.0,1.53,3.75,7.0,2.03,1.74,12.0,7.0,4.0,2.0,3.0,1.0
2010-02-13,Nancy,Paris SG,0.0,0.0,2.7,2.9,2.9,2.4,1.52,14.0,8.0,4.0,2.0,0.0,3.0
2010-02-13,Valenciennes,Nice,2.0,1.0,2.0,3.2,4.0,2.24,1.58,14.0,8.0,5.0,1.0,7.0,4.0
2010-02-14,Auxerre,Rennes,1.0,0.0,2.5,2.9,3.1,2.43,1.51,10.0,15.0,4.0,4.0,8.0,2.0
2010-02-14,Bordeaux,St Etienne,3.0,1.0,1.4,4.2,9.0,2.01,1.75,22.0,15.0,11.0,4.0,2.0,7.0
2010-02-14,Lorient,Toulouse,1.0,1.0,2.3,3.0,3.4,2.25,1.57,12.0,12.0,3.0,6.0,5.0,3.0
2010-02-20,Boulogne,Le Mans,1.0,3.0,2.4,3.1,3.1,2.2,1.6,13.0,7.0,5.0,5.0,4.0,5.0
2010-02-20,Grenoble,Valenciennes,0.0,1.0,2.5,3.1,2.9,2.2,1.61,16.0,5.0,6.0,2.0,5.0,3.0
2010-02-20,Lens,Monaco,3.0,0.0,2.4,3.2,3.0,2.33,1.54,10.0,18.0,5.0,6.0,3.0,9.0
2010-02-20,Nice,Lorient,1.0,0.0,2.4,3.1,2.9,2.22,1.59,17.0,14.0,10.0,5.0,7.0,4.0
2010-02-20,Paris SG,Toulouse,1.0,0.0,2.0,3.2,4.0,2.24,1.58,24.0,10.0,6.0,1.0,7.0,7.0
2010-02-20,St Etienne,Montpellier,1.0,0.0,2.25,3.2,3.25,2.23,1.59,16.0,12.0,5.0,3.0,2.0,1.0
2010-02-21,Marseille,Nancy,3.0,1.0,1.5,4.0,7.0,1.95,1.74,15.0,16.0,3.0,5.0,7.0,6.0
2010-02-21,Rennes,Lille,1.0,2.0,2.5,3.1,2.9,2.2,1.61,12.0,14.0,4.0,6.0,2.0,8.0
2010-02-21,Sochaux,Lyon,0.0,4.0,3.6,3.25,2.1,2.24,1.59,15.0,14.0,1.0,8.0,5.0,4.0
2010-02-27,Lorient,Sochaux,1.0,0.0,1.91,3.25,4.2,2.28,1.55,13.0,10.0,5.0,1.0,9.0,4.0
2010-02-27,Lyon,Nice,2.0,0.0,1.33,4.75,10.0,1.95,1.8,12.0,7.0,1.0,1.0,5.0,3.0
2010-02-27,Monaco,Boulogne,1.0,0.0,1.44,4.0,8.0,2.12,1.65,10.0,13.0,1.0,3.0,8.0,9.0
2010-02-27,Montpellier,Rennes,3.0,1.0,2.38,3.0,3.25,2.41,1.51,17.0,12.0,8.0,2.0,9.0,3.0
2010-02-27,Nancy,Grenoble,0.0,2.0,1.73,3.5,5.0,2.2,1.6,8.0,9.0,0.0,5.0,12.0,3.0
2010-02-27,Toulouse,Lens,1.0,0.0,2.0,3.2,4.0,2.42,1.51,11.0,11.0,4.0,3.0,11.0,3.0
2010-02-27,Valenciennes,St Etienne,1.0,0.0,2.25,3.0,3.5,2.26,1.57,20.0,6.0,8.0,2.0,5.0,4.0
2010-02-28,Lille,Auxerre,1.0,2.0,1.62,3.6,6.0,2.14,1.63,14.0,10.0,5.0,5.0,4.0,2.0
2010-02-28,Paris SG,Marseille,0.0,3.0,2.88,3.0,2.63,2.17,1.61,5.0,14.0,4.0,3.0,6.0,5.0
2010-03-06,Auxerre,Valenciennes,1.0,0.0,1.91,3.1,4.5,2.41,1.51,11.0,4.0,4.0,0.0,6.0,3.0
2010-03-06,Boulogne,Lyon,0.0,0.0,7.5,4.2,1.44,2.04,1.73,11.0,11.0,4.0,4.0,2.0,9.0
2010-03-06,Lens,Paris SG,1.0,1.0,2.3,3.1,3.3,2.39,1.52,19.0,13.0,5.0,5.0,9.0,3.0
2010-03-06,Nice,Nancy,2.0,3.0,2.25,3.1,3.4,2.26,1.57,12.0,12.0,5.0,6.0,9.0,3.0
2010-03-06,Rennes,Monaco,1.0,0.0,1.85,3.2,4.6,2.21,1.59,15.0,6.0,2.0,1.0,5.0,2.0
2010-03-06,Sochaux,Toulouse,1.0,0.0,2.35,3.1,3.2,2.46,1.49,16.0,10.0,5.0,4.0,6.0,2.0
2010-03-06,St Etienne,Lille,1.0,1.0,3.4,3.1,2.25,2.22,1.59,20.0,7.0,8.0,2.0,8.0,4.0
2010-03-07,Bordeaux,Montpellier,1.0,1.0,1.57,3.6,6.5,2.06,1.71,8.0,10.0,4.0,4.0,5.0,4.0
2010-03-07,Grenoble,Le Mans,1.0,1.0,2.5,3.0,3.0,2.39,1.52,9.0,10.0,2.0,5.0,4.0,6.0
2010-03-07,Marseille,Lorient,1.0,1.0,1.44,4.2,7.5,1.86,1.88,20.0,4.0,9.0,1.0,8.0,5.0
2010-03-10,Bordeaux,Auxerre,1.0,2.0,1.5,3.7,7.5,2.12,1.65,6.0,11.0,1.0,3.0,0.0,7.0
2010-03-13,Le Mans,Nice,0.0,1.0,2.2,3.0,3.6,2.2,1.61,7.0,10.0,2.0,3.0,6.0,3.0
2010-03-13,Lorient,Lens,1.0,0.0,2.0,3.2,4.0,2.27,1.56,10.0,13.0,3.0,3.0,5.0,3.0
2010-03-13,Lyon,St Etienne,1.0,1.0,1.36,4.33,10.0,2.02,1.74,23.0,9.0,9.0,4.0,7.0,3.0
2010-03-13,Monaco,Bordeaux,0.0,0.0,3.5,3.0,2.25,2.18,1.6,12.0,8.0,2.0,2.0,6.0,5.0
2010-03-13,Montpellier,Auxerre,1.0,1.0,2.0,3.1,4.2,2.39,1.52,15.0,10.0,4.0,4.0,4.0,4.0
2010-03-13,Nancy,Boulogne,1.0,3.0,1.67,3.5,5.5,2.2,1.59,15.0,11.0,6.0,4.0,6.0,6.0
2010-03-13,Paris SG,Sochaux,4.0,1.0,1.75,3.3,5.25,2.34,1.54,19.0,11.0,8.0,4.0,5.0,5.0
2010-03-14,Lille,Grenoble,1.0,0.0,1.3,4.75,12.0,1.83,1.91,8.0,12.0,3.0,3.0,5.0,1.0
2010-03-14,Toulouse,Marseille,1.0,1.0,3.6,3.1,2.15,2.18,1.62,11.0,13.0,6.0,4.0,3.0,3.0
2010-03-14,Valenciennes,Rennes,0.0,2.0,2.38,3.0,3.25,2.23,1.59,16.0,10.0,1.0,5.0,4.0,1.0
2010-03-20,Auxerre,Le Mans,2.0,1.0,1.57,3.6,6.5,2.2,1.6,8.0,17.0,5.0,4.0,4.0,1.0
2010-03-20,Boulogne,Lorient,2.0,0.0,3.1,3.0,2.45,2.3,1.56,12.0,10.0,4.0,3.0,2.0,5.0
2010-03-20,Grenoble,Monaco,0.0,0.0,2.75,3.1,2.63,2.31,1.56,11.0,13.0,4.0,3.0,7.0,7.0
2010-03-20,Lens,Sochaux,0.0,0.0,2.0,3.2,4.0,2.4,1.52,23.0,12.0,7.0,5.0,7.0,7.0
2010-03-20,Nice,Paris SG,1.0,0.0,2.5,3.1,2.9,2.24,1.59,8.0,22.0,3.0,4.0,4.0,12.0
2010-03-20,Rennes,Toulouse,4.0,1.0,1.91,3.25,4.5,2.29,1.57,10.0,7.0,6.0,1.0,0.0,9.0
2010-03-20,St Etienne,Nancy,0.0,0.0,2.05,3.1,3.8,2.19,1.61,17.0,13.0,4.0,1.0,7.0,3.0
2010-03-21,Bordeaux,Lille,3.0,1.0,1.85,3.3,4.33,2.11,1.65,22.0,4.0,14.0,1.0,3.0,1.0
2010-03-21,Marseille,Lyon,2.0,1.0,2.38,3.1,3.1,2.04,1.71,15.0,16.0,6.0,3.0,3.0,5.0
2010-03-21,Montpellier,Valenciennes,2.0,1.0,1.85,3.25,4.6,2.19,1.6,10.0,18.0,5.0,8.0,5.0,3.0
2010-03-26,Lyon,Grenoble,2.0,0.0,1.29,5.0,12.0,1.88,1.88,22.0,7.0,9.0,3.0,8.0,3.0
2010-03-28,Le Mans,Rennes,1.0,3.0,3.0,3.0,2.5,2.32,1.55,8.0,14.0,5.0,5.0,3.0,3.0
2010-03-28,Lille,Montpellier,4.0,1.0,1.8,3.4,4.75,2.05,1.73,17.0,7.0,8.0,2.0,5.0,3.0
2010-03-28,Lorient,St Etienne,4.0,0.0,2.05,3.1,4.0,2.28,1.56,11.0,15.0,8.0,7.0,2.0,3.0
2010-03-28,Nancy,Lens,5.0,1.0,2.3,3.1,3.3,2.28,1.56,17.0,7.0,7.0,1.0,3.0,3.0
2010-03-28,Paris SG,Boulogne,3.0,0.0,1.4,4.2,9.0,2.04,1.74,20.0,4.0,6.0,0.0,6.0,0.0
2010-03-28,Toulouse,Nice,0.0,2.0,1.83,3.3,4.75,2.42,1.51,7.0,9.0,0.0,4.0,8.0,3.0
2010-03-29,Monaco,Auxerre,0.0,0.0,2.4,3.0,3.2,2.43,1.5,9.0,12.0,1.0,1.0,5.0,2.0
2010-04-03,Bordeaux,Nancy,1.0,2.0,1.45,4.2,7.0,1.95,1.79,16.0,11.0,2.0,3.0,9.0,4.0
2010-04-03,Grenoble,Lorient,1.0,2.0,2.88,3.0,2.63,2.46,1.49,11.0,16.0,4.0,7.0,5.0,10.0
2010-04-03,Montpellier,Monaco,0.0,0.0,1.8,3.3,4.75,2.21,1.6,15.0,12.0,6.0,2.0,3.0,2.0
2010-04-03,Nice,Sochaux,0.0,0.0,2.05,3.1,3.9,2.42,1.51,14.0,8.0,4.0,3.0,5.0,5.0
2010-04-03,Rennes,Lyon,1.0,2.0,2.65,3.1,2.75,2.18,1.61,6.0,15.0,3.0,6.0,3.0,5.0
2010-04-03,St Etienne,Le Mans,2.0,0.0,1.8,3.3,4.75,2.13,1.64,19.0,10.0,9.0,1.0,5.0,4.0
2010-04-03,Valenciennes,Lille,1.0,0.0,3.6,3.2,2.1,2.15,1.64,8.0,11.0,1.0,3.0,8.0,7.0
2010-04-04,Auxerre,Paris SG,1.0,1.0,2.2,3.0,3.6,2.39,1.52,22.0,10.0,5.0,3.0,5.0,5.0
2010-04-04,Boulogne,Toulouse,1.0,1.0,2.9,3.0,2.6,2.44,1.5,9.0,16.0,2.0,5.0,4.0,4.0
2010-04-04,Marseille,Lens,1.0,0.0,1.36,4.6,9.0,1.85,1.89,10.0,3.0,3.0,2.0,5.0,6.0
2010-04-07,Marseille,Sochaux,3.0,0.0,1.36,4.5,9.0,1.92,1.83,19.0,7.0,8.0,1.0,3.0,7.0
2010-04-10,Le Mans,Montpellier,2.0,2.0,3.5,3.1,2.2,2.18,1.61,12.0,9.0,3.0,4.0,6.0,4.0
2010-04-10,Lens,Boulogne,3.0,0.0,1.7,3.4,5.5,2.32,1.55,15.0,12.0,5.0,3.0,4.0,4.0
2010-04-10,Lorient,Rennes,1.0,1.0,2.5,3.0,3.0,2.15,1.63,13.0,10.0,5.0,3.0,6.0,9.0
2010-04-10,Monaco,Valenciennes,2.0,1.0,2.1,3.1,3.8,2.37,1.53,14.0,8.0,3.0,1.0,5.0,4.0
2010-04-10,Paris SG,Bordeaux,3.0,1.0,3.1,3.1,2.4,2.16,1.62,19.0,14.0,11.0,6.0,4.0,7.0
2010-04-10,Sochaux,St Etienne,0.0,2.0,2.2,3.0,3.6,2.45,1.49,15.0,6.0,4.0,4.0,7.0,6.0
2010-04-10,Toulouse,Grenoble,4.0,0.0,1.57,3.6,6.5,2.39,1.52,19.0,11.0,9.0,0.0,5.0,7.0
2010-04-11,Lyon,Lille,1.0,1.0,1.83,3.4,4.5,2.06,1.7,22.0,9.0,3.0,4.0,9.0,8.0
2010-04-11,Marseille,Nice,4.0,1.0,1.3,5.0,12.0,1.85,1.89,11.0,7.0,6.0,2.0,9.0,4.0
2010-04-11,Nancy,Auxerre,0.0,1.0,2.75,3.0,2.75,2.35,1.54,10.0,11.0,3.0,3.0,3.0,5.0
2010-04-14,Le Mans,Bordeaux,2.0,1.0,6.5,3.8,1.55,2.04,1.72,10.0,12.0,6.0,6.0,7.0,8.0
2010-04-14,Sochaux,Marseille,0.0,1.0,5.25,3.6,1.67,2.09,1.68,12.0,10.0,4.0,5.0,4.0,2.0
2010-04-17,Auxerre,Lorient,4.0,1.0,1.91,3.3,4.2,2.4,1.52,11.0,13.0,7.0,5.0,4.0,12.0
2010-04-17,Bordeaux,Lyon,2.0,2.0,2.15,3.2,3.5,2.1,1.67,11.0,11.0,4.0,4.0,4.0,7.0
2010-04-17,Boulogne,Marseille,1.0,2.0,6.5,4.0,1.5,2.04,1.72,4.0,14.0,2.0,5.0,6.0,6.0
2010-04-17,Grenoble,Sochaux,2.0,2.0,2.7,3.0,2.75,2.42,1.51,9.0,8.0,5.0,3.0,3.0,7.0
2010-04-17,Nice,Lens,0.0,0.0,2.0,3.2,4.0,2.3,1.56,10.0,7.0,3.0,2.0,8.0,1.0
2010-04-17,Rennes,Nancy,0.0,0.0,1.67,3.5,5.5,2.09,1.68,11.0,9.0,5.0,0.0,9.0,2.0
2010-04-17,Valenciennes,Le Mans,0.0,1.0,1.67,3.5,5.5,2.21,1.6,12.0,13.0,4.0,4.0,7.0,1.0
2010-04-18,Lille,Monaco,4.0,0.0,1.44,4.2,7.5,1.98,1.78,14.0,15.0,8.0,6.0,8.0,6.0
2010-04-18,Montpellier,Toulouse,1.0,1.0,1.73,3.4,5.25,2.4,1.52,12.0,12.0,4.0,3.0,3.0,3.0
2010-04-18,St Etienne,Paris SG,0.0,0.0,2.45,3.1,3.0,2.22,1.6,14.0,7.0,0.0,1.0,7.0,2.0
2010-04-24,Le Mans,Lille,1.0,2.0,5.5,3.5,1.67,2.05,1.71,17.0,13.0,2.0,5.0,4.0,4.0
2010-04-24,Lorient,Bordeaux,1.0,0.0,3.75,3.25,2.05,2.06,1.7,6.0,17.0,1.0,6.0,2.0,4.0
2010-04-24,Nancy,Montpellier,0.0,0.0,3.0,3.0,2.5,2.17,1.63,15.0,10.0,3.0,3.0,6.0,2.0
2010-04-24,Nice,Grenoble,2.0,1.0,1.57,3.6,6.5,2.17,1.63,15.0,12.0,5.0,7.0,11.0,1.0
2010-04-24,Paris SG,Rennes,1.0,1.0,2.25,3.1,3.4,2.11,1.65,18.0,12.0,5.0,3.0,11.0,4.0
2010-04-24,Sochaux,Boulogne,0.0,3.0,1.73,3.4,5.25,2.35,1.54,11.0,13.0,4.0,6.0,2.0,0.0
2010-04-25,Lens,Valenciennes,1.0,1.0,2.0,3.1,4.2,2.21,1.61,9.0,15.0,5.0,4.0,3.0,3.0
2010-04-25,Marseille,St Etienne,1.0,0.0,1.25,5.25,13.0,1.66,2.12,18.0,16.0,5.0,2.0,2.0,2.0
2010-04-25,Toulouse,Auxerre,0.0,3.0,2.7,2.9,2.9,2.49,1.49,16.0,5.0,5.0,5.0,12.0,2.0
2010-04-27,Grenoble,Paris SG,4.0,0.0,3.0,3.2,2.4,2.24,1.59,11.0,11.0,4.0,2.0,3.0,2.0
2010-04-27,Monaco,Le Mans,1.0,1.0,1.95,3.3,4.0,2.11,1.67,23.0,8.0,9.0,2.0,8.0,2.0
2010-04-28,Valenciennes,Bordeaux,2.0,0.0,3.75,3.2,2.05,2.13,1.66,9.0,6.0,4.0,1.0,7.0,3.0
2010-04-30,Auxerre,Marseille,0.0,0.0,3.2,3.1,2.38,2.22,1.61,3.0,4.0,0.0,1.0,4.0,5.0
2010-05-02,Bordeaux,Toulouse,1.0,0.0,1.44,4.2,7.5,1.99,1.78,10.0,6.0,3.0,2.0,2.0,4.0
2010-05-02,Boulogne,Nice,3.0,3.0,2.75,3.1,2.65,2.26,1.57,20.0,11.0,7.0,6.0,9.0,7.0
2010-05-02,Lille,Nancy,3.0,1.0,1.36,4.6,8.5,1.73,2.0,20.0,8.0,11.0,3.0,11.0,8.0
2010-05-02,Montpellier,Lyon,0.0,1.0,3.6,3.1,2.15,2.15,1.63,11.0,9.0,4.0,1.0,6.0,1.0
2010-05-02,Rennes,Sochaux,1.0,2.0,1.62,3.6,6.0,2.11,1.65,14.0,6.0,5.0,1.0,3.0,4.0
2010-05-02,St Etienne,Lens,1.0,4.0,1.91,3.2,4.1,2.43,1.51,14.0,14.0,5.0,6.0,5.0,3.0
2010-05-02,Valenciennes,Lorient,0.0,0.0,2.35,3.1,3.2,2.2,1.61,15.0,17.0,4.0,7.0,6.0,5.0
2010-05-05,Boulogne,St Etienne,0.0,1.0,2.75,3.0,2.75,2.24,1.6,12.0,17.0,5.0,5.0,4.0,7.0
2010-05-05,Lens,Grenoble,1.0,1.0,1.55,3.8,6.5,2.1,1.66,14.0,14.0,2.0,7.0,11.0,3.0
2010-05-05,Lorient,Monaco,2.0,2.0,2.0,3.25,3.9,2.24,1.58,10.0,7.0,3.0,3.0,6.0,4.0
2010-05-05,Lyon,Auxerre,2.0,1.0,1.62,3.6,5.75,2.15,1.63,15.0,10.0,3.0,5.0,8.0,3.0
2010-05-05,Marseille,Rennes,3.0,1.0,1.4,4.33,8.0,1.83,1.92,17.0,15.0,6.0,4.0,6.0,6.0
2010-05-05,Nancy,Le Mans,3.0,2.0,2.1,3.2,3.6,2.19,1.61,14.0,15.0,5.0,7.0,6.0,4.0
2010-05-05,Nice,Bordeaux,1.0,1.0,3.75,3.3,2.0,2.2,1.61,5.0,13.0,2.0,5.0,4.0,3.0
2010-05-05,Paris SG,Valenciennes,2.0,2.0,1.75,3.4,5.0,2.11,1.65,18.0,9.0,6.0,5.0,4.0,4.0
2010-05-05,Sochaux,Montpellier,0.0,1.0,2.8,2.75,2.6,2.38,1.53,4.0,12.0,0.0,6.0,3.0,5.0
2010-05-05,Toulouse,Lille,0.0,2.0,3.75,3.2,2.05,2.19,1.61,13.0,12.0,2.0,5.0,3.0,2.0
2010-05-08,Auxerre,Lens,0.0,0.0,1.36,4.33,10.0,2.08,1.67,12.0,9.0,4.0,2.0,4.0,4.0
2010-05-08,Bordeaux,Sochaux,2.0,0.0,1.29,5.0,11.0,1.86,1.88,8.0,5.0,4.0,2.0,4.0,4.0
2010-05-08,Grenoble,Boulogne,2.0,0.0,2.2,3.2,3.4,2.09,1.67,17.0,13.0,4.0,5.0,5.0,3.0
2010-05-08,Le Mans,Paris SG,1.0,0.0,2.5,3.1,2.9,2.03,1.7,11.0,12.0,2.0,4.0,0.0,9.0
2010-05-08,Lille,Marseille,3.0,2.0,1.6,4.2,5.25,1.85,1.89,28.0,4.0,7.0,2.0,17.0,1.0
2010-05-08,Monaco,Nancy,2.0,1.0,2.0,3.3,3.8,2.08,1.68,10.0,17.0,3.0,4.0,1.0,2.0
2010-05-08,Montpellier,Lorient,2.0,1.0,1.8,3.5,4.5,2.17,1.62,11.0,8.0,3.0,2.0,7.0,7.0
2010-05-08,Rennes,Nice,2.0,2.0,1.65,3.5,6.0,2.06,1.69,20.0,9.0,7.0,4.0,11.0,4.0
2010-05-08,St Etienne,Toulouse,0.0,1.0,2.0,3.2,4.0,2.3,1.56,15.0,9.0,4.0,3.0,5.0,5.0
2010-05-08,Valenciennes,Lyon,2.0,2.0,6.5,3.8,1.53,1.98,1.75,12.0,8.0,3.0,3.0,6.0,8.0
2010-05-12,Lyon,Monaco,3.0,0.0,1.25,5.5,12.0,1.68,2.09,24.0,12.0,9.0,0.0,10.0,4.0
2010-05-15,Boulogne,Rennes,1.0,0.0,3.25,3.1,2.3,1.75,2.01,13.0,19.0,4.0,5.0,8.0,7.0
2010-05-15,Lens,Bordeaux,4.0,3.0,3.8,3.3,2.0,1.87,1.88,17.0,14.0,7.0,3.0,3.0,2.0
2010-05-15,Lorient,Lille,2.0,1.0,5.75,3.8,1.6,1.66,2.13,7.0,11.0,2.0,5.0,5.0,8.0
2010-05-15,Lyon,Le Mans,2.0,0.0,1.13,7.5,19.0,1.53,2.39,28.0,6.0,6.0,2.0,12.0,2.0
2010-05-15,Marseille,Grenoble,2.0,0.0,1.25,5.5,12.0,1.54,2.39,24.0,7.0,9.0,3.0,7.0,2.0
2010-05-15,Nancy,Valenciennes,1.0,1.0,2.15,3.3,3.4,1.82,1.94,19.0,14.0,6.0,4.0,9.0,5.0
2010-05-15,Nice,St Etienne,1.0,1.0,2.2,3.1,3.5,1.97,1.8,5.0,14.0,1.0,5.0,7.0,8.0
2010-05-15,Paris SG,Montpellier,1.0,3.0,2.5,3.1,2.9,1.95,1.81,9.0,13.0,1.0,5.0,6.0,1.0
2010-05-15,Sochaux,Auxerre,1.0,2.0,4.75,3.6,1.73,1.97,1.8,20.0,14.0,8.0,7.0,3.0,3.0
2010-05-15,Toulouse,Monaco,0.0,0.0,1.83,3.5,4.33,1.97,1.8,19.0,9.0,3.0,1.0,2.0,1.0
2010-08-07,Auxerre,Lorient,2.0,2.0,1.91,3.3,4.2,2.44,1.51,11.0,10.0,6.0,2.0,3.0,3.0
2010-08-07,Lens,Nancy,1.0,2.0,2.1,3.1,3.8,2.35,1.54,17.0,19.0,6.0,6.0,2.0,4.0
2010-08-07,Lyon,Monaco,0.0,0.0,1.44,4.0,8.0,2.06,1.72,16.0,9.0,5.0,4.0,3.0,5.0
2010-08-07,Marseille,Caen,1.0,2.0,1.25,5.5,12.0,1.75,2.0,16.0,12.0,3.0,2.0,6.0,3.0
2010-08-07,Nice,Valenciennes,0.0,0.0,2.1,3.1,3.75,2.24,1.59,10.0,11.0,2.0,1.0,4.0,6.0
2010-08-07,Paris SG,St Etienne,3.0,1.0,1.73,3.4,5.25,2.2,1.61,19.0,14.0,6.0,5.0,6.0,7.0
2010-08-07,Rennes,Lille,1.0,1.0,2.4,3.1,3.1,2.16,1.64,20.0,14.0,5.0,5.0,6.0,3.0
2010-08-07,Sochaux,Arles,2.0,1.0,1.8,3.25,5.0,2.38,1.53,14.0,10.0,6.0,1.0,10.0,3.0
2010-08-07,Toulouse,Brest,2.0,0.0,1.62,3.5,6.0,2.41,1.52,9.0,9.0,4.0,1.0,2.0,3.0
2010-08-08,Montpellier,Bordeaux,1.0,0.0,3.2,3.0,2.4,2.32,1.55,9.0,8.0,3.0,1.0,5.0,1.0
2010-08-14,Arles,Lens,0.0,1.0,3.0,3.0,2.5,2.45,1.5,11.0,10.0,3.0,4.0,4.0,4.0
2010-08-14,Brest,Auxerre,1.0,1.0,3.1,2.9,2.5,2.45,1.5,11.0,12.0,3.0,4.0,8.0,7.0
2010-08-14,Lorient,Nice,1.0,2.0,1.95,3.2,4.2,2.25,1.58,11.0,14.0,2.0,5.0,5.0,5.0
2010-08-14,Nancy,Rennes,0.0,3.0,2.6,3.0,2.88,2.26,1.58,9.0,15.0,2.0,6.0,5.0,2.0
2010-08-14,St Etienne,Sochaux,3.0,2.0,2.0,3.1,4.2,2.33,1.55,17.0,16.0,7.0,6.0,7.0,10.0
2010-08-14,Valenciennes,Marseille,3.0,2.0,3.75,3.25,2.05,2.16,1.64,13.0,14.0,6.0,3.0,2.0,6.0
2010-08-15,Bordeaux,Toulouse,1.0,2.0,1.6,3.6,6.25,2.2,1.61,10.0,6.0,3.0,3.0,4.0,1.0
2010-08-15,Caen,Lyon,3.0,2.0,4.33,3.25,1.91,2.24,1.59,12.0,16.0,7.0,2.0,4.0,2.0
2010-08-15,Lille,Paris SG,0.0,0.0,2.05,3.2,3.75,2.11,1.66,11.0,10.0,1.0,4.0,5.0,1.0
2010-08-17,Monaco,Montpellier,0.0,0.0,2.25,3.1,3.3,2.42,1.51,10.0,19.0,2.0,4.0,1.0,1.0
2010-08-21,Auxerre,Valenciennes,1.0,1.0,2.2,3.0,3.6,2.44,1.51,9.0,7.0,2.0,2.0,7.0,4.0
2010-08-21,Lens,Monaco,2.0,2.0,2.3,3.0,3.4,2.45,1.51,23.0,7.0,6.0,2.0,7.0,0.0
2010-08-21,Lyon,Brest,1.0,0.0,1.4,4.5,7.5,1.92,1.83,13.0,18.0,7.0,3.0,6.0,6.0
2010-08-21,Marseille,Lorient,2.0,0.0,1.62,3.4,6.5,1.94,1.82,16.0,12.0,6.0,5.0,5.0,3.0
2010-08-21,Nice,Nancy,1.0,1.0,2.38,3.0,3.2,2.35,1.54,9.0,13.0,4.0,6.0,3.0,3.0
2010-08-21,Rennes,St Etienne,0.0,0.0,1.75,3.3,5.25,2.18,1.63,19.0,9.0,2.0,2.0,5.0,0.0
2010-08-21,Toulouse,Arles,2.0,1.0,1.62,3.6,6.0,2.26,1.58,8.0,8.0,3.0,3.0,5.0,1.0
2010-08-22,Montpellier,Caen,0.0,0.0,2.1,3.1,3.75,2.35,1.54,19.0,2.0,5.0,0.0,4.0,1.0
2010-08-22,Paris SG,Bordeaux,1.0,2.0,2.2,3.1,3.5,2.21,1.61,15.0,10.0,6.0,4.0,6.0,5.0
2010-08-22,Sochaux,Lille,0.0,0.0,4.0,3.1,2.05,2.21,1.6,9.0,17.0,1.0,7.0,3.0,6.0
2010-08-28,Arles,Rennes,0.0,1.0,3.25,3.0,2.38,2.23,1.61,12.0,7.0,4.0,1.0,6.0,1.0
2010-08-28,Caen,Brest,0.0,2.0,1.91,3.25,4.33,2.23,1.6,7.0,16.0,1.0,4.0,6.0,6.0
2010-08-28,Lorient,Lyon,2.0,0.0,3.25,3.1,2.3,2.13,1.66,15.0,14.0,7.0,4.0,3.0,8.0
2010-08-28,Nancy,Toulouse,0.0,2.0,2.4,3.0,3.2,2.35,1.55,16.0,13.0,5.0,6.0,5.0,3.0
2010-08-28,St Etienne,Lens,3.0,1.0,2.05,3.1,4.0,2.26,1.59,14.0,13.0,6.0,6.0,3.0,6.0
2010-08-28,Valenciennes,Montpellier,0.0,1.0,2.2,3.0,3.6,2.3,1.57,9.0,15.0,2.0,5.0,5.0,1.0
2010-08-29,Bordeaux,Marseille,1.0,1.0,2.4,3.1,3.1,2.02,1.75,14.0,8.0,4.0,5.0,9.0,4.0
2010-08-29,Lille,Nice,1.0,1.0,1.5,3.75,7.5,2.12,1.68,17.0,7.0,5.0,3.0,18.0,3.0
2010-08-29,Monaco,Auxerre,2.0,0.0,2.38,3.0,3.25,2.37,1.54,20.0,11.0,5.0,1.0,10.0,5.0
2010-08-29,Sochaux,Paris SG,3.0,1.0,3.25,3.1,2.3,2.23,1.6,15.0,19.0,7.0,8.0,7.0,10.0
2010-09-11,Auxerre,Caen,1.0,1.0,2.05,3.1,4.0,2.45,1.51,11.0,12.0,5.0,2.0,1.0,5.0
2010-09-11,Lens,Lille,1.0,4.0,3.2,3.0,2.4,2.23,1.6,8.0,19.0,5.0,6.0,2.0,9.0
2010-09-11,Lyon,Valenciennes,1.0,1.0,1.53,3.75,7.0,2.12,1.66,17.0,11.0,2.0,5.0,9.0,4.0
2010-09-11,Montpellier,Nancy,1.0,2.0,1.85,3.2,4.75,2.35,1.54,17.0,15.0,4.0,5.0,9.0,2.0
2010-09-11,Paris SG,Arles,4.0,0.0,1.4,4.33,8.5,1.98,1.8,22.0,11.0,7.0,5.0,10.0,5.0
2010-09-11,Rennes,Sochaux,2.0,1.0,1.67,3.5,5.5,2.18,1.63,17.0,15.0,5.0,9.0,9.0,3.0
2010-09-11,Toulouse,St Etienne,0.0,1.0,1.8,3.25,5.0,2.3,1.57,11.0,9.0,0.0,3.0,3.0,3.0
2010-09-12,Brest,Lorient,0.0,0.0,2.5,3.0,3.0,2.35,1.55,17.0,9.0,2.0,1.0,5.0,5.0
2010-09-12,Marseille,Monaco,2.0,2.0,1.6,3.6,6.0,2.04,1.75,26.0,8.0,10.0,4.0,3.0,2.0
2010-09-12,Nice,Bordeaux,2.0,1.0,3.25,3.1,2.3,2.27,1.58,12.0,13.0,6.0,4.0,6.0,1.0
2010-09-18,Arles,Marseille,0.0,3.0,5.25,3.6,1.67,2.1,1.7,16.0,15.0,6.0,8.0,9.0,3.0
2010-09-18,Lorient,Caen,0.0,1.0,2.2,3.0,3.6,2.46,1.51,18.0,13.0,4.0,4.0,4.0,1.0
2010-09-18,Monaco,Toulouse,0.0,0.0,2.3,3.0,3.4,2.47,1.5,9.0,10.0,2.0,5.0,2.0,5.0
2010-09-18,Nancy,Brest,0.0,2.0,2.0,3.2,3.9,2.29,1.56,16.0,9.0,3.0,5.0,6.0,1.0
2010-09-18,Sochaux,Nice,4.0,0.0,2.1,3.2,3.6,2.23,1.6,24.0,11.0,12.0,7.0,9.0,4.0
2010-09-18,St Etienne,Montpellier,3.0,0.0,2.05,3.2,3.8,2.3,1.56,10.0,13.0,4.0,1.0,3.0,2.0
2010-09-18,Valenciennes,Lens,1.0,1.0,2.1,3.1,3.4,2.19,1.63,10.0,12.0,2.0,3.0,1.0,7.0
2010-09-19,Bordeaux,Lyon,2.0,0.0,2.55,3.0,2.9,2.16,1.64,19.0,10.0,5.0,1.0,7.0,4.0
2010-09-19,Lille,Auxerre,1.0,0.0,1.85,3.25,4.6,2.24,1.59,11.0,8.0,1.0,2.0,6.0,3.0
2010-09-19,Paris SG,Rennes,0.0,0.0,2.15,3.2,3.5,2.2,1.61,11.0,10.0,2.0,2.0,5.0,0.0
2010-09-25,Auxerre,Nancy,2.0,2.0,2.0,3.2,4.0,2.4,1.52,17.0,7.0,5.0,3.0,3.0,1.0
2010-09-25,Caen,Bordeaux,0.0,0.0,3.0,2.9,2.6,2.24,1.58,3.0,14.0,1.0,4.0,3.0,2.0
2010-09-25,Lorient,Monaco,2.0,1.0,2.25,3.0,3.5,2.44,1.51,24.0,2.0,6.0,1.0,8.0,0.0
2010-09-25,Lyon,St Etienne,0.0,1.0,1.7,3.4,5.5,2.16,1.64,28.0,5.0,4.0,2.0,12.0,2.0
2010-09-25,Marseille,Sochaux,2.0,1.0,1.4,4.33,8.5,1.96,1.8,25.0,8.0,5.0,2.0,9.0,2.0
2010-09-25,Montpellier,Arles,3.0,1.0,1.5,3.75,7.5,2.22,1.6,13.0,15.0,4.0,4.0,5.0,4.0
2010-09-25,Nice,Rennes,1.0,2.0,2.75,2.9,2.8,2.41,1.52,8.0,10.0,3.0,5.0,2.0,4.0
2010-09-26,Brest,Valenciennes,1.0,0.0,2.3,3.1,3.25,2.41,1.52,13.0,6.0,5.0,3.0,7.0,4.0
2010-09-26,Lens,Paris SG,0.0,2.0,3.0,3.0,2.5,2.12,1.66,14.0,20.0,3.0,6.0,4.0,7.0
2010-09-26,Toulouse,Lille,1.0,1.0,2.75,3.0,2.7,2.32,1.55,14.0,6.0,6.0,2.0,3.0,0.0
2010-10-02,Arles,Auxerre,0.0,4.0,3.9,3.2,2.0,2.4,1.52,8.0,14.0,0.0,8.0,5.0,0.0
2010-10-02,Bordeaux,Lorient,1.0,0.0,1.75,3.4,5.0,2.18,1.63,10.0,7.0,2.0,3.0,6.0,8.0
2010-10-02,Monaco,Brest,0.0,1.0,1.91,3.2,4.33,2.31,1.56,13.0,10.0,7.0,2.0,8.0,5.0
2010-10-02,Nancy,Lyon,2.0,3.0,3.5,3.1,2.2,2.29,1.57,19.0,8.0,6.0,3.0,6.0,3.0
2010-10-02,Sochaux,Lens,3.0,0.0,2.1,3.2,3.6,2.23,1.6,11.0,12.0,7.0,5.0,3.0,5.0
2010-10-02,St Etienne,Marseille,1.0,1.0,2.88,3.2,2.45,2.07,1.72,18.0,13.0,8.0,3.0,9.0,4.0
2010-10-02,Valenciennes,Caen,2.0,1.0,2.2,3.1,3.5,2.39,1.53,14.0,7.0,4.0,1.0,5.0,3.0
2010-10-03,Lille,Montpellier,3.0,1.0,1.7,3.4,5.25,2.17,1.64,11.0,15.0,6.0,6.0,3.0,3.0
2010-10-03,Paris SG,Nice,0.0,0.0,1.62,3.6,6.0,2.15,1.65,19.0,11.0,6.0,2.0,12.0,3.0
2010-10-03,Rennes,Toulouse,3.0,1.0,2.0,3.1,4.1,2.32,1.55,14.0,15.0,7.0,2.0,3.0,4.0
2010-10-16,Auxerre,Bordeaux,0.0,1.0,2.5,3.0,3.0,2.52,1.49,15.0,9.0,2.0,4.0,8.0,8.0
2010-10-16,Brest,Arles,0.0,0.0,1.57,3.6,6.5,2.2,1.62,11.0,8.0,1.0,1.0,5.0,1.0
2010-10-16,Caen,Monaco,0.0,0.0,2.25,3.0,3.5,2.48,1.5,10.0,15.0,2.0,6.0,7.0,7.0
2010-10-16,Marseille,Nancy,1.0,0.0,1.44,4.2,7.5,1.81,1.97,14.0,7.0,4.0,2.0,13.0,3.0
2010-10-16,Montpellier,Sochaux,2.0,0.0,2.0,3.2,4.0,2.19,1.63,14.0,5.0,6.0,1.0,5.0,3.0
2010-10-16,Toulouse,Paris SG,0.0,2.0,2.75,3.0,2.75,2.48,1.5,6.0,13.0,4.0,7.0,6.0,4.0
2010-10-17,Lens,Rennes,0.0,0.0,3.2,3.0,2.4,2.19,1.63,12.0,10.0,4.0,4.0,2.0,3.0
2010-10-17,Lorient,Valenciennes,2.0,1.0,2.0,3.2,4.0,2.31,1.56,15.0,14.0,6.0,5.0,3.0,4.0
2010-10-17,Lyon,Lille,3.0,1.0,2.1,3.2,3.6,2.15,1.66,16.0,20.0,9.0,9.0,4.0,3.0
2010-10-17,Nice,St Etienne,2.0,1.0,2.8,3.0,2.7,2.3,1.57,18.0,8.0,7.0,2.0,8.0,2.0
2010-10-23,Bordeaux,Brest,0.0,2.0,1.6,3.6,6.0,2.3,1.57,20.0,11.0,7.0,6.0,11.0,8.0
2010-10-23,Lens,Nice,1.0,0.0,2.15,3.1,3.6,2.25,1.6,21.0,10.0,2.0,3.0,4.0,4.0
2010-10-23,Monaco,Valenciennes,0.0,2.0,2.0,3.2,3.9,2.45,1.52,12.0,13.0,3.0,4.0,7.0,4.0
2010-10-23,Nancy,Lorient,1.0,0.0,2.35,3.0,3.25,2.2,1.62,16.0,13.0,5.0,4.0,11.0,5.0
2010-10-23,Rennes,Montpellier,0.0,1.0,1.83,3.3,4.6,2.25,1.59,12.0,11.0,5.0,2.0,6.0,1.0
2010-10-23,Sochaux,Toulouse,1.0,3.0,2.25,3.0,3.5,2.26,1.59,8.0,12.0,4.0,8.0,1.0,9.0
2010-10-23,St Etienne,Caen,1.0,1.0,1.8,3.3,4.75,2.2,1.62,26.0,7.0,5.0,2.0,5.0,6.0
2010-10-24,Arles,Lyon,1.0,1.0,7.0,4.0,1.5,2.14,1.67,8.0,10.0,2.0,5.0,2.0,6.0
2010-10-24,Lille,Marseille,1.0,3.0,2.5,3.1,2.9,2.06,1.73,14.0,9.0,7.0,7.0,7.0,4.0
2010-10-24,Paris SG,Auxerre,2.0,3.0,1.75,3.4,5.0,2.29,1.58,14.0,8.0,7.0,4.0,5.0,3.0
2010-10-30,Auxerre,Nice,2.0,0.0,1.95,3.1,4.33,2.47,1.51,16.0,19.0,7.0,4.0,0.0,4.0
2010-10-30,Brest,St Etienne,2.0,0.0,2.63,2.88,3.0,2.53,1.48,14.0,14.0,5.0,1.0,1.0,4.0
2010-10-30,Caen,Nancy,2.0,3.0,2.05,3.0,4.0,2.38,1.54,13.0,14.0,3.0,6.0,5.0,3.0
2010-10-30,Lorient,Arles,2.0,0.0,1.5,4.0,6.5,2.18,1.63,16.0,7.0,5.0,1.0,7.0,1.0
2010-10-30,Lyon,Sochaux,2.0,1.0,1.5,4.0,6.5,2.05,1.75,16.0,7.0,3.0,4.0,8.0,3.0
2010-10-30,Toulouse,Lens,1.0,1.0,1.75,3.3,5.25,2.3,1.56,5.0,9.0,2.0,2.0,4.0,2.0
2010-10-31,Montpellier,Paris SG,1.0,1.0,2.6,2.9,3.0,2.42,1.52,17.0,15.0,5.0,3.0,2.0,4.0
2010-10-31,Valenciennes,Lille,1.0,1.0,3.4,3.0,2.3,2.25,1.58,10.0,18.0,3.0,3.0,4.0,7.0
2010-11-02,Monaco,Bordeaux,2.0,2.0,2.8,2.9,2.75,2.54,1.48,16.0,12.0,7.0,4.0,4.0,5.0
2010-11-06,Arles,Caen,3.0,2.0,3.25,3.0,2.38,2.44,1.52,14.0,13.0,9.0,5.0,5.0,8.0
2010-11-06,Bordeaux,Valenciennes,1.0,1.0,1.73,3.3,5.5,2.4,1.53,28.0,7.0,8.0,4.0,7.0,3.0
2010-11-06,Rennes,Lyon,1.0,1.0,2.7,3.0,2.8,2.24,1.6,10.0,12.0,5.0,5.0,5.0,5.0
2010-11-06,Sochaux,Auxerre,1.0,1.0,2.25,3.0,3.5,2.25,1.59,24.0,14.0,7.0,5.0,10.0,5.0
2010-11-06,St Etienne,Lorient,1.0,2.0,1.91,3.25,4.33,2.21,1.62,11.0,21.0,5.0,7.0,4.0,8.0
2010-11-07,Lens,Montpellier,2.0,0.0,2.38,3.0,3.25,2.33,1.56,8.0,16.0,5.0,3.0,2.0,5.0
2010-11-07,Lille,Brest,3.0,1.0,1.67,3.5,5.5,2.31,1.57,20.0,15.0,7.0,4.0,4.0,2.0
2010-11-07,Nancy,Monaco,0.0,4.0,2.2,3.0,3.6,2.34,1.55,16.0,11.0,5.0,4.0,4.0,5.0
2010-11-07,Nice,Toulouse,2.0,0.0,2.6,3.0,2.9,2.38,1.53,6.0,12.0,3.0,3.0,3.0,5.0
2010-11-07,Paris SG,Marseille,2.0,1.0,2.5,3.1,2.9,2.14,1.66,11.0,15.0,6.0,5.0,5.0,4.0
2010-11-13,Bordeaux,Nancy,2.0,1.0,1.75,3.3,5.25,2.18,1.65,10.0,8.0,4.0,2.0,5.0,3.0
2010-11-13,Brest,Sochaux,1.0,1.0,2.0,3.2,4.0,2.46,1.51,18.0,10.0,5.0,3.0,12.0,3.0
2010-11-13,Caen,Lille,2.0,5.0,3.5,3.0,2.25,2.18,1.64,11.0,22.0,5.0,8.0,1.0,0.0
2010-11-13,Marseille,Lens,1.0,1.0,1.4,4.2,9.0,1.91,1.85,19.0,7.0,5.0,2.0,4.0,5.0
2010-11-13,Monaco,Arles,0.0,0.0,1.53,3.6,7.5,2.2,1.63,16.0,9.0,4.0,4.0,9.0,5.0
2010-11-13,Montpellier,Toulouse,1.0,0.0,2.05,3.2,3.8,2.35,1.55,13.0,6.0,5.0,3.0,4.0,4.0
2010-11-14,Auxerre,Rennes,2.0,1.0,2.4,3.0,3.2,2.48,1.5,12.0,12.0,5.0,5.0,5.0,2.0
2010-11-14,Lorient,Paris SG,1.0,1.0,3.0,3.0,2.5,2.3,1.57,13.0,19.0,4.0,8.0,7.0,9.0
2010-11-14,Lyon,Nice,1.0,0.0,1.36,4.5,9.0,2.01,1.78,19.0,1.0,6.0,0.0,7.0,1.0
2010-11-20,Nancy,Valenciennes,2.0,0.0,2.15,3.1,3.6,2.29,1.57,25.0,7.0,10.0,0.0,10.0,3.0
2010-11-20,Nice,Montpellier,0.0,1.0,2.5,3.0,3.0,2.43,1.52,9.0,14.0,3.0,10.0,3.0,5.0
2010-11-20,Paris SG,Caen,2.0,1.0,1.53,3.75,7.0,2.13,1.67,11.0,13.0,3.0,1.0,6.0,5.0
2010-11-20,Rennes,Brest,2.0,1.0,1.75,3.4,5.0,2.41,1.52,17.0,7.0,6.0,2.0,3.0,5.0
2010-11-20,Sochaux,Lorient,2.0,0.0,2.3,3.0,3.4,2.24,1.6,11.0,6.0,4.0,2.0,4.0,5.0
2010-11-20,St Etienne,Auxerre,1.0,1.0,2.2,3.0,3.6,2.27,1.59,13.0,13.0,1.0,4.0,6.0,3.0
2010-11-20,Toulouse,Marseille,0.0,1.0,3.25,3.0,2.38,2.24,1.6,11.0,20.0,1.0,4.0,3.0,3.0
2010-11-21,Arles,Bordeaux,2.0,4.0,5.5,3.5,1.67,2.18,1.65,9.0,30.0,5.0,9.0,6.0,8.0
2010-11-21,Lens,Lyon,1.0,3.0,3.8,3.1,2.1,2.2,1.63,3.0,11.0,1.0,5.0,4.0,2.0
2010-11-21,Lille,Monaco,2.0,1.0,1.53,3.75,7.0,2.13,1.68,23.0,3.0,8.0,2.0,12.0,3.0
2010-11-27,Bordeaux,Lille,1.0,1.0,2.38,3.0,3.25,2.1,1.69,7.0,8.0,1.0,2.0,3.0,8.0
2010-11-27,Lorient,Rennes,2.0,0.0,2.45,3.0,3.1,2.34,1.55,15.0,4.0,8.0,1.0,6.0,2.0
2010-11-27,Marseille,Montpellier,4.0,0.0,1.53,3.6,7.5,2.07,1.71,10.0,16.0,6.0,3.0,1.0,7.0
2010-11-27,Monaco,Nice,1.0,1.0,1.91,3.2,4.33,2.47,1.5,14.0,8.0,2.0,2.0,6.0,1.0
2010-11-27,Nancy,St Etienne,1.0,1.0,2.25,3.0,3.5,2.21,1.61,18.0,15.0,4.0,6.0,5.0,3.0
2010-11-27,Valenciennes,Arles,3.0,0.0,1.5,3.6,8.0,2.12,1.68,20.0,10.0,8.0,1.0,6.0,9.0
2010-11-28,Auxerre,Toulouse,1.0,2.0,2.0,3.1,4.1,2.51,1.48,13.0,9.0,3.0,5.0,3.0,2.0
2010-11-28,Caen,Sochaux,0.0,3.0,2.2,3.1,3.4,2.11,1.68,19.0,9.0,4.0,4.0,8.0,5.0
2010-11-28,Lyon,Paris SG,2.0,2.0,1.91,3.25,4.2,2.1,1.69,27.0,11.0,5.0,4.0,11.0,4.0
2010-11-30,Brest,Lens,4.0,1.0,2.05,3.1,4.0,2.55,1.47,14.0,13.0,6.0,5.0,3.0,11.0
2010-12-01,Marseille,Rennes,0.0,0.0,1.67,3.5,5.5,2.13,1.68,19.0,12.0,5.0,4.0,5.0,6.0
2010-12-01,Valenciennes,St Etienne,1.0,1.0,2.2,3.1,3.5,2.27,1.59,25.0,6.0,8.0,4.0,8.0,3.0
2010-12-04,Arles,Nancy,1.0,1.0,3.5,3.1,2.2,2.11,1.67,14.0,7.0,2.0,1.0,3.0,6.0
2010-12-04,Lens,Auxerre,1.0,1.0,2.4,3.0,3.2,2.46,1.52,17.0,13.0,2.0,3.0,8.0,8.0
2010-12-04,Lille,Lorient,6.0,3.0,1.53,3.75,7.0,2.1,1.7,22.0,7.0,11.0,4.0,4.0,4.0
2010-12-04,Montpellier,Lyon,1.0,2.0,3.2,3.0,2.4,2.29,1.58,17.0,8.0,6.0,5.0,7.0,1.0
2010-12-04,Rennes,Monaco,1.0,0.0,1.73,3.4,5.25,2.28,1.58,9.0,10.0,2.0,3.0,4.0,1.0
2010-12-04,Sochaux,Valenciennes,2.0,1.0,2.0,3.2,4.0,2.19,1.63,18.0,13.0,8.0,6.0,5.0,3.0
2010-12-04,Toulouse,Caen,1.0,0.0,1.7,3.4,5.5,2.25,1.59,12.0,10.0,4.0,4.0,3.0,5.0
2010-12-05,Nice,Marseille,1.0,0.0,4.0,3.2,2.0,2.21,1.61,7.0,14.0,1.0,6.0,5.0,6.0
2010-12-05,Paris SG,Brest,3.0,1.0,1.6,3.6,6.0,2.16,1.64,14.0,16.0,5.0,6.0,6.0,6.0
2010-12-05,St Etienne,Bordeaux,2.0,2.0,2.5,3.0,3.0,2.29,1.57,14.0,7.0,9.0,4.0,6.0,2.0
2010-12-11,Arles,Lille,0.0,1.0,7.5,3.8,1.5,1.93,1.84,9.0,10.0,2.0,4.0,3.0,4.0
2010-12-11,Auxerre,Marseille,1.0,1.0,3.2,3.1,2.3,2.2,1.62,14.0,13.0,3.0,3.0,0.0,10.0
2010-12-11,Brest,Montpellier,0.0,0.0,2.4,3.0,3.2,2.48,1.5,8.0,12.0,3.0,3.0,6.0,4.0
2010-12-11,Caen,Nice,0.0,0.0,2.05,3.1,3.9,2.34,1.55,9.0,13.0,1.0,2.0,7.0,5.0
2010-12-11,Lorient,Lens,3.0,0.0,1.91,3.3,4.2,2.23,1.61,12.0,14.0,8.0,5.0,1.0,7.0
2010-12-11,Nancy,Sochaux,1.0,0.0,2.1,3.2,3.6,2.24,1.61,16.0,15.0,6.0,4.0,3.0,7.0
2010-12-11,Valenciennes,Paris SG,1.0,2.0,3.2,3.1,2.35,2.17,1.64,11.0,22.0,5.0,12.0,3.0,8.0
2010-12-12,Bordeaux,Rennes,0.0,0.0,2.05,3.1,3.9,2.27,1.59,12.0,3.0,3.0,1.0,6.0,4.0
2010-12-12,Lyon,Toulouse,2.0,0.0,1.53,3.7,7.0,2.12,1.69,12.0,8.0,6.0,4.0,2.0,2.0
2010-12-12,Monaco,St Etienne,0.0,2.0,2.4,3.1,3.1,2.41,1.53,13.0,9.0,3.0,3.0,2.0,3.0
2010-12-18,Montpellier,Auxerre,1.0,1.0,2.1,3.1,3.8,2.46,1.51,12.0,9.0,4.0,3.0,2.0,1.0
2010-12-18,Nice,Brest,1.0,1.0,2.4,3.0,3.2,2.5,1.49,13.0,13.0,5.0,3.0,5.0,3.0
2010-12-18,Paris SG,Monaco,2.0,2.0,1.53,3.75,7.0,2.12,1.69,17.0,13.0,8.0,4.0,11.0,5.0
2010-12-18,Rennes,Valenciennes,1.0,0.0,1.8,3.3,4.75,2.29,1.57,14.0,7.0,3.0,3.0,6.0,1.0
2010-12-18,St Etienne,Arles,2.0,0.0,1.36,4.5,9.0,2.05,1.74,22.0,6.0,6.0,2.0,8.0,1.0
2010-12-18,Toulouse,Lorient,3.0,0.0,2.1,3.1,3.8,2.39,1.53,7.0,9.0,4.0,3.0,3.0,5.0
2010-12-19,Marseille,Lyon,1.0,1.0,2.1,3.25,3.6,2.03,1.76,13.0,11.0,3.0,3.0,5.0,1.0
2010-12-19,Sochaux,Bordeaux,1.0,1.0,2.7,3.0,2.75,2.15,1.65,15.0,14.0,5.0,7.0,1.0,7.0
2010-12-21,Lorient,Montpellier,0.0,0.0,2.1,3.1,3.8,2.38,1.54,14.0,7.0,4.0,2.0,3.0,0.0
2010-12-22,Arles,Nice,0.0,0.0,3.25,3.1,2.3,2.4,1.53,10.0,11.0,2.0,1.0,4.0,6.0
2010-12-22,Bordeaux,Lens,2.0,2.0,1.57,3.6,6.5,2.19,1.63,18.0,7.0,9.0,3.0,13.0,3.0
2010-12-22,Brest,Marseille,0.0,0.0,3.8,3.0,2.15,2.3,1.56,5.0,13.0,1.0,2.0,5.0,5.0
2010-12-22,Caen,Rennes,1.0,0.0,3.0,3.0,2.5,2.38,1.53,8.0,15.0,3.0,4.0,2.0,5.0
2010-12-22,Lille,St Etienne,1.0,1.0,1.44,4.1,7.5,1.88,1.89,14.0,7.0,2.0,4.0,5.0,0.0
2010-12-22,Lyon,Auxerre,1.0,1.0,1.53,3.75,7.0,2.08,1.72,19.0,10.0,3.0,4.0,5.0,2.0
2010-12-22,Monaco,Sochaux,2.0,1.0,2.15,3.0,3.7,2.4,1.53,16.0,11.0,2.0,3.0,1.0,6.0
2010-12-22,Nancy,Paris SG,2.0,0.0,3.5,3.1,2.2,2.13,1.66,23.0,16.0,8.0,3.0,12.0,10.0
2010-12-22,Valenciennes,Toulouse,2.0,1.0,2.3,3.0,3.4,2.46,1.51,10.0,11.0,4.0,3.0,2.0,5.0
2011-01-15,Auxerre,Monaco,1.0,1.0,1.83,3.25,4.75,2.51,1.5,10.0,16.0,6.0,3.0,4.0,5.0
2011-01-15,Brest,Caen,1.0,3.0,1.91,3.2,4.33,2.49,1.5,24.0,15.0,9.0,7.0,4.0,2.0
2011-01-15,Lens,St Etienne,2.0,1.0,2.5,3.0,3.0,2.27,1.6,10.0,9.0,3.0,3.0,5.0,3.0
2011-01-15,Lyon,Lorient,3.0,0.0,1.5,4.0,7.0,2.16,1.67,20.0,8.0,11.0,2.0,5.0,2.0
2011-01-15,Montpellier,Valenciennes,2.0,1.0,1.91,3.2,4.33,2.48,1.5,15.0,10.0,6.0,6.0,3.0,5.0
2011-01-15,Nice,Lille,0.0,2.0,4.33,3.2,1.91,2.18,1.64,6.0,24.0,2.0,10.0,2.0,10.0
2011-01-15,Paris SG,Sochaux,2.0,1.0,1.5,4.0,7.0,1.93,1.86,10.0,7.0,3.0,4.0,7.0,2.0
2011-01-15,Rennes,Arles,4.0,0.0,1.36,4.5,9.0,2.08,1.72,13.0,7.0,8.0,1.0,8.0,4.0
2011-01-15,Toulouse,Nancy,1.0,0.0,2.1,3.2,3.6,2.34,1.56,10.0,14.0,4.0,3.0,3.0,5.0
2011-01-16,Marseille,Bordeaux,2.0,1.0,1.73,3.4,5.0,2.18,1.65,9.0,5.0,4.0,2.0,6.0,2.0
2011-01-19,Lille,Nancy,3.0,0.0,1.4,4.2,8.5,1.82,1.94,22.0,7.0,9.0,1.0,6.0,3.0
2011-01-22,Lens,Caen,2.0,0.0,2.1,3.1,3.75,2.25,1.6,12.0,7.0,6.0,3.0,1.0,1.0
2011-01-29,Arles,Paris SG,1.0,2.0,7.0,4.0,1.5,1.88,1.89,11.0,12.0,3.0,7.0,2.0,2.0
2011-01-29,Caen,Auxerre,2.0,0.0,2.4,3.0,3.2,2.27,1.57,16.0,12.0,6.0,4.0,6.0,2.0
2011-01-29,Lille,Lens,1.0,0.0,1.36,4.5,9.0,1.67,2.13,9.0,5.0,2.0,0.0,7.0,1.0
2011-01-29,Lorient,Brest,2.0,0.0,1.91,3.25,4.33,2.29,1.57,9.0,5.0,3.0,0.0,5.0,3.0
2011-01-29,Sochaux,Rennes,5.0,1.0,2.4,3.0,3.2,2.38,1.53,15.0,14.0,10.0,3.0,4.0,3.0
2011-01-29,St Etienne,Toulouse,2.0,1.0,2.2,3.0,3.6,2.41,1.52,9.0,9.0,5.0,5.0,1.0,6.0
2011-01-29,Valenciennes,Lyon,2.0,1.0,3.75,3.1,2.1,2.18,1.63,17.0,20.0,3.0,5.0,3.0,7.0
2011-01-30,Bordeaux,Nice,2.0,0.0,1.67,3.5,5.5,2.35,1.54,16.0,3.0,5.0,1.0,6.0,3.0
2011-01-30,Monaco,Marseille,0.0,0.0,3.6,3.0,2.2,2.32,1.55,11.0,10.0,4.0,1.0,4.0,9.0
2011-01-30,Nancy,Montpellier,1.0,2.0,2.25,3.1,3.4,2.39,1.52,16.0,14.0,11.0,5.0,7.0,5.0
2011-02-05,Brest,Nancy,2.0,1.0,2.1,3.25,3.5,2.44,1.5,14.0,10.0,5.0,4.0,6.0,5.0
2011-02-05,Caen,Lorient,0.0,2.0,2.3,3.1,3.25,2.28,1.56,12.0,12.0,4.0,8.0,8.0,6.0
2011-02-05,Lens,Valenciennes,1.0,1.0,2.1,3.25,3.5,2.19,1.63,13.0,8.0,4.0,2.0,5.0,3.0
2011-02-05,Marseille,Arles,1.0,0.0,1.2,6.5,13.0,1.56,2.31,13.0,13.0,5.0,2.0,5.0,7.0
2011-02-05,Montpellier,St Etienne,1.0,2.0,2.1,3.25,3.5,2.42,1.5,14.0,7.0,4.0,5.0,2.0,3.0
2011-02-05,Nice,Sochaux,1.0,0.0,2.2,3.1,3.4,2.36,1.53,15.0,10.0,8.0,1.0,7.0,5.0
2011-02-05,Rennes,Paris SG,1.0,0.0,2.5,3.1,2.9,2.32,1.55,17.0,13.0,5.0,5.0,4.0,7.0
2011-02-06,Auxerre,Lille,1.0,1.0,3.5,3.25,2.1,2.15,1.64,8.0,8.0,3.0,1.0,7.0,3.0
2011-02-06,Lyon,Bordeaux,0.0,0.0,1.73,3.5,5.0,2.11,1.68,15.0,10.0,5.0,1.0,11.0,1.0
2011-02-06,Toulouse,Monaco,2.0,0.0,1.9,3.25,4.33,2.45,1.49,12.0,10.0,5.0,2.0,4.0,1.0
2011-02-12,Arles,Montpellier,0.0,0.0,4.75,3.3,1.8,2.36,1.53,7.0,14.0,0.0,4.0,4.0,6.0
2011-02-12,Bordeaux,Caen,1.0,2.0,1.57,3.6,6.5,2.12,1.66,19.0,6.0,6.0,4.0,15.0,3.0
2011-02-12,Monaco,Lorient,3.0,1.0,2.2,3.0,3.6,2.39,1.52,13.0,9.0,6.0,4.0,2.0,5.0
2011-02-12,Nancy,Auxerre,3.0,1.0,2.25,3.0,3.5,2.33,1.54,13.0,8.0,3.0,1.0,9.0,3.0
2011-02-12,Paris SG,Lens,0.0,0.0,1.4,4.5,9.0,1.9,1.87,17.0,10.0,4.0,0.0,3.0,2.0
2011-02-12,Sochaux,Marseille,1.0,2.0,3.4,3.2,2.2,2.11,1.69,13.0,14.0,2.0,7.0,5.0,7.0
2011-02-12,St Etienne,Lyon,1.0,4.0,3.25,3.0,2.38,2.21,1.61,17.0,9.0,7.0,6.0,6.0,6.0
2011-02-13,Lille,Toulouse,2.0,0.0,1.5,3.8,7.5,1.97,1.8,14.0,3.0,9.0,0.0,4.0,1.0
2011-02-13,Rennes,Nice,2.0,0.0,1.53,3.75,7.0,2.34,1.54,12.0,6.0,5.0,4.0,1.0,2.0
2011-02-13,Valenciennes,Brest,3.0,0.0,2.15,3.1,3.6,2.36,1.53,10.0,9.0,6.0,4.0,5.0,4.0
2011-02-18,Lyon,Nancy,4.0,0.0,1.44,3.8,9.5,1.91,1.86,22.0,5.0,8.0,2.0,6.0,1.0
2011-02-19,Auxerre,Arles,1.0,1.0,1.36,4.33,9.5,2.11,1.67,17.0,12.0,6.0,3.0,7.0,3.0
2011-02-19,Brest,Monaco,2.0,0.0,2.5,3.0,3.0,2.52,1.48,12.0,16.0,5.0,5.0,4.0,2.0
2011-02-19,Caen,Valenciennes,2.0,2.0,2.2,3.1,3.5,2.34,1.54,16.0,9.0,3.0,4.0,7.0,3.0
2011-02-19,Lens,Sochaux,2.0,3.0,2.0,3.2,4.0,2.23,1.59,16.0,11.0,8.0,5.0,9.0,3.0
2011-02-19,Lorient,Bordeaux,5.0,1.0,2.38,3.0,3.25,2.32,1.55,13.0,11.0,8.0,3.0,7.0,7.0
2011-02-19,Marseille,St Etienne,2.0,1.0,1.55,3.6,7.0,2.12,1.66,22.0,7.0,8.0,2.0,10.0,3.0
2011-02-20,Montpellier,Lille,1.0,0.0,3.4,3.0,2.25,2.22,1.6,10.0,6.0,3.0,1.0,3.0,1.0
2011-02-20,Nice,Paris SG,0.0,3.0,3.75,3.1,2.1,2.36,1.53,13.0,19.0,2.0,11.0,2.0,8.0
2011-02-20,Toulouse,Rennes,1.0,2.0,2.4,3.0,3.2,2.52,1.48,13.0,10.0,3.0,6.0,8.0,3.0
2011-02-26,Arles,Brest,1.0,1.0,3.2,3.0,2.38,2.45,1.5,17.0,12.0,5.0,6.0,6.0,9.0
2011-02-26,Bordeaux,Auxerre,3.0,0.0,1.75,3.3,5.25,2.24,1.6,11.0,4.0,6.0,0.0,5.0,4.0
2011-02-26,Monaco,Caen,2.0,2.0,1.91,3.1,4.5,2.29,1.56,17.0,10.0,3.0,4.0,8.0,4.0
2011-02-26,Rennes,Lens,2.0,0.0,1.73,3.5,5.0,2.22,1.6,13.0,7.0,6.0,2.0,3.0,4.0
2011-02-26,Sochaux,Montpellier,0.0,0.0,2.3,3.0,3.4,2.19,1.63,9.0,19.0,4.0,6.0,2.0,9.0
2011-02-26,St Etienne,Nice,0.0,2.0,1.75,3.3,5.25,2.22,1.61,5.0,11.0,0.0,6.0,7.0,3.0
2011-02-26,Valenciennes,Lorient,0.0,0.0,2.1,3.1,3.75,2.14,1.65,15.0,8.0,5.0,3.0,5.0,4.0
2011-02-27,Lille,Lyon,1.0,1.0,2.1,3.25,3.6,2.07,1.73,12.0,8.0,3.0,5.0,9.0,3.0
2011-02-27,Nancy,Marseille,1.0,2.0,3.75,3.2,2.05,2.18,1.65,9.0,16.0,5.0,8.0,3.0,5.0
2011-02-27,Paris SG,Toulouse,2.0,1.0,1.62,3.6,6.0,2.1,1.7,14.0,13.0,4.0,3.0,5.0,2.0
2011-03-05,Auxerre,Paris SG,1.0,0.0,3.25,3.1,2.3,2.24,1.57,12.0,16.0,5.0,3.0,4.0,8.0
2011-03-05,Caen,St Etienne,1.0,0.0,2.38,3.1,3.1,2.15,1.64,10.0,9.0,3.0,2.0,5.0,3.0
2011-03-05,Lorient,Nancy,0.0,0.0,1.8,3.3,4.75,2.13,1.68,9.0,16.0,3.0,5.0,10.0,7.0
2011-03-05,Montpellier,Rennes,0.0,1.0,2.3,3.1,3.2,2.51,1.48,14.0,10.0,3.0,4.0,4.0,1.0
2011-03-05,Nice,Lens,0.0,0.0,2.2,3.1,3.5,2.52,1.48,13.0,10.0,3.0,5.0,2.0,4.0
2011-03-05,Toulouse,Sochaux,0.0,1.0,1.9,3.25,4.33,2.33,1.55,14.0,9.0,6.0,2.0,5.0,3.0
2011-03-05,Valenciennes,Monaco,0.0,0.0,2.1,3.1,3.75,2.22,1.6,17.0,12.0,7.0,1.0,9.0,5.0
2011-03-06,Brest,Bordeaux,1.0,3.0,2.75,3.1,2.63,2.4,1.52,13.0,8.0,5.0,4.0,9.0,3.0
2011-03-06,Lyon,Arles,5.0,0.0,1.2,6.0,15.0,1.71,2.09,15.0,6.0,8.0,0.0,11.0,4.0
2011-03-06,Marseille,Lille,1.0,2.0,2.1,3.25,3.6,2.1,1.7,15.0,13.0,3.0,3.0,4.0,5.0
2011-03-11,Rennes,Marseille,0.0,2.0,2.63,3.0,2.88,2.36,1.54,14.0,11.0,4.0,5.0,4.0,4.0
2011-03-12,Arles,Lorient,3.0,3.0,4.0,3.2,2.0,2.26,1.58,16.0,9.0,7.0,5.0,6.0,3.0
2011-03-12,Lens,Toulouse,0.0,1.0,2.5,3.0,3.0,2.34,1.54,9.0,13.0,4.0,5.0,4.0,1.0
2011-03-12,Nancy,Caen,2.0,0.0,2.1,3.2,3.6,2.13,1.68,11.0,4.0,4.0,1.0,4.0,5.0
2011-03-12,Nice,Auxerre,1.0,0.0,2.5,3.0,3.0,2.55,1.47,14.0,10.0,3.0,1.0,2.0,5.0
2011-03-12,Sochaux,Lyon,0.0,2.0,3.6,3.25,2.1,2.11,1.68,7.0,21.0,2.0,9.0,5.0,2.0
2011-03-12,St Etienne,Brest,2.0,0.0,1.91,3.3,4.2,2.24,1.58,14.0,10.0,7.0,2.0,5.0,2.0
2011-03-13,Bordeaux,Monaco,0.0,1.0,1.83,3.25,4.75,2.21,1.62,14.0,2.0,4.0,1.0,3.0,2.0
2011-03-13,Lille,Valenciennes,2.0,1.0,1.44,4.0,8.0,2.07,1.72,13.0,9.0,4.0,4.0,4.0,0.0
2011-03-13,Paris SG,Montpellier,2.0,2.0,1.7,3.4,5.5,2.16,1.64,11.0,11.0,3.0,5.0,7.0,2.0
2011-03-19,Auxerre,Sochaux,2.0,0.0,2.05,3.2,3.75,2.29,1.58,13.0,19.0,5.0,3.0,4.0,7.0
2011-03-19,Brest,Lille,1.0,2.0,4.33,3.2,1.91,2.17,1.64,20.0,7.0,9.0,4.0,10.0,4.0
2011-03-19,Lorient,St Etienne,0.0,0.0,2.05,3.2,3.8,2.17,1.64,18.0,7.0,6.0,4.0,10.0,6.0
2011-03-19,Lyon,Rennes,1.0,1.0,1.8,3.3,4.75,2.19,1.63,17.0,3.0,4.0,1.0,6.0,3.0
2011-03-19,Montpellier,Lens,1.0,4.0,1.8,3.4,4.6,2.57,1.47,16.0,15.0,8.0,6.0,13.0,2.0
2011-03-19,Toulouse,Nice,1.0,1.0,1.8,3.25,5.25,2.64,1.44,10.0,10.0,3.0,3.0,5.0,6.0
2011-03-19,Valenciennes,Bordeaux,2.0,2.0,2.5,3.0,3.0,2.25,1.59,11.0,15.0,3.0,5.0,2.0,3.0
2011-03-20,Caen,Arles,2.0,0.0,1.6,3.5,6.5,2.1,1.71,19.0,10.0,5.0,3.0,9.0,4.0
2011-03-20,Marseille,Paris SG,2.0,1.0,2.0,3.2,4.0,2.09,1.73,12.0,8.0,3.0,1.0,1.0,2.0
2011-03-20,Monaco,Nancy,0.0,1.0,2.0,3.1,4.1,2.23,1.61,19.0,10.0,5.0,3.0,12.0,2.0
2011-04-02,Arles,Monaco,0.0,2.0,4.33,3.25,1.91,2.26,1.59,10.0,16.0,2.0,8.0,2.0,3.0
2011-04-02,Lille,Caen,3.0,1.0,1.3,4.75,12.0,1.86,1.92,28.0,13.0,12.0,5.0,8.0,3.0
2011-04-02,Nancy,Bordeaux,0.0,0.0,2.7,2.9,2.88,2.12,1.67,10.0,14.0,3.0,7.0,0.0,2.0
2011-04-02,Paris SG,Lorient,0.0,0.0,1.73,3.4,5.25,2.06,1.73,9.0,9.0,2.0,1.0,9.0,8.0
2011-04-02,Rennes,Auxerre,0.0,0.0,1.7,3.4,5.5,2.41,1.52,8.0,4.0,0.0,2.0,2.0,3.0
2011-04-02,Sochaux,Brest,2.0,1.0,1.95,3.2,4.2,2.21,1.62,15.0,12.0,7.0,4.0,9.0,4.0
2011-04-02,Toulouse,Montpellier,0.0,1.0,2.2,3.0,3.6,2.63,1.44,8.0,8.0,2.0,2.0,4.0,1.0
2011-04-03,Lens,Marseille,0.0,1.0,3.8,3.2,2.05,2.19,1.63,14.0,9.0,3.0,3.0,7.0,4.0
2011-04-03,Nice,Lyon,2.0,2.0,4.75,3.2,1.85,2.24,1.58,14.0,11.0,6.0,4.0,4.0,0.0
2011-04-03,St Etienne,Valenciennes,1.0,1.0,2.0,3.2,4.0,2.21,1.62,22.0,14.0,6.0,6.0,8.0,8.0
2011-04-09,Auxerre,St Etienne,2.0,2.0,2.1,3.1,3.75,2.52,1.48,16.0,12.0,5.0,8.0,5.0,5.0
2011-04-09,Bordeaux,Arles,0.0,0.0,1.29,5.0,12.0,1.83,1.95,19.0,6.0,3.0,2.0,10.0,2.0
2011-04-09,Brest,Rennes,2.0,0.0,3.25,3.0,2.38,2.52,1.49,10.0,4.0,3.0,1.0,7.0,2.0
2011-04-09,Caen,Paris SG,1.0,2.0,3.5,3.1,2.2,2.14,1.68,14.0,10.0,4.0,6.0,10.0,2.0
2011-04-09,Lorient,Sochaux,1.0,1.0,1.85,3.3,4.5,2.15,1.65,13.0,9.0,3.0,5.0,8.0,5.0
2011-04-09,Monaco,Lille,1.0,0.0,3.75,3.2,2.05,2.23,1.61,7.0,12.0,3.0,3.0,4.0,3.0
2011-04-09,Valenciennes,Nancy,1.0,1.0,1.91,3.25,4.2,2.21,1.61,10.0,18.0,4.0,6.0,5.0,4.0
2011-04-10,Lyon,Lens,3.0,0.0,1.33,4.5,11.0,1.85,1.93,24.0,4.0,8.0,2.0,11.0,6.0
2011-04-10,Marseille,Toulouse,2.0,2.0,1.44,4.0,8.0,2.14,1.68,15.0,10.0,7.0,4.0,6.0,3.0
2011-04-10,Montpellier,Nice,1.0,1.0,1.73,3.3,5.5,2.55,1.48,11.0,8.0,3.0,3.0,2.0,3.0
2011-04-16,Lens,Brest,1.0,1.0,2.0,3.1,4.1,2.36,1.53,16.0,11.0,1.0,5.0,6.0,2.0
2011-04-16,Lille,Bordeaux,1.0,1.0,1.62,3.6,5.75,1.97,1.81,11.0,9.0,4.0,4.0,5.0,3.0
2011-04-16,Nice,Monaco,3.0,2.0,2.5,3.0,3.0,2.58,1.45,21.0,6.0,8.0,4.0,7.0,3.0
2011-04-16,Rennes,Lorient,1.0,2.0,1.91,3.1,4.5,2.34,1.54,9.0,17.0,3.0,7.0,4.0,9.0
2011-04-16,Sochaux,Caen,3.0,2.0,1.95,3.2,4.1,2.1,1.69,11.0,12.0,9.0,4.0,5.0,7.0
2011-04-16,St Etienne,Nancy,2.0,1.0,1.95,3.2,4.1,2.19,1.62,11.0,22.0,6.0,6.0,7.0,10.0
2011-04-16,Toulouse,Auxerre,0.0,1.0,2.1,3.0,3.9,2.46,1.49,8.0,2.0,3.0,2.0,5.0,2.0
2011-04-17,Arles,Valenciennes,0.0,1.0,4.0,3.25,1.95,2.21,1.61,7.0,14.0,1.0,5.0,5.0,8.0
2011-04-17,Montpellier,Marseille,1.0,2.0,3.5,3.0,2.25,2.26,1.57,8.0,10.0,3.0,5.0,4.0,3.0
2011-04-17,Paris SG,Lyon,1.0,0.0,2.55,3.0,2.9,2.12,1.69,13.0,8.0,5.0,2.0,4.0,6.0
2011-04-24,Auxerre,Lens,1.0,1.0,2.0,3.1,4.2,2.41,1.52,8.0,21.0,3.0,6.0,5.0,4.0
2011-04-24,Bordeaux,St Etienne,2.0,0.0,1.91,3.4,4.0,2.22,1.6,17.0,8.0,8.0,0.0,4.0,3.0
2011-04-24,Brest,Paris SG,2.0,2.0,3.25,3.1,2.3,2.18,1.63,10.0,16.0,4.0,8.0,2.0,6.0
2011-04-24,Caen,Toulouse,1.0,1.0,2.5,3.0,3.0,2.36,1.54,16.0,7.0,4.0,3.0,4.0,3.0
2011-04-24,Lorient,Lille,1.0,1.0,3.25,3.1,2.3,2.18,1.64,16.0,14.0,8.0,2.0,6.0,5.0
2011-04-24,Monaco,Rennes,1.0,0.0,2.2,3.0,3.6,2.57,1.46,12.0,12.0,2.0,3.0,5.0,2.0
2011-04-24,Nancy,Arles,0.0,0.0,1.5,3.75,7.5,2.12,1.67,16.0,5.0,6.0,0.0,5.0,5.0
2011-04-24,Valenciennes,Sochaux,1.0,1.0,2.05,3.1,4.0,2.2,1.62,12.0,9.0,4.0,3.0,9.0,2.0
2011-04-27,Lyon,Montpellier,3.0,2.0,1.4,4.33,8.5,2.04,1.75,14.0,14.0,8.0,4.0,7.0,3.0
2011-04-27,Marseille,Nice,4.0,2.0,1.4,4.33,8.5,2.05,1.74,17.0,17.0,7.0,5.0,8.0,1.0
2011-04-30,Lens,Lorient,2.0,3.0,2.4,3.0,3.2,2.23,1.59,11.0,8.0,3.0,4.0,0.0,3.0
2011-04-30,Lille,Arles,5.0,0.0,1.14,7.5,17.0,1.58,2.25,21.0,11.0,7.0,3.0,12.0,5.0
2011-04-30,Paris SG,Valenciennes,3.0,1.0,1.5,3.8,7.5,2.03,1.76,13.0,12.0,4.0,2.0,10.0,2.0
2011-04-30,Rennes,Bordeaux,0.0,0.0,2.25,3.1,3.4,2.45,1.5,4.0,7.0,1.0,2.0,6.0,5.0
2011-04-30,Sochaux,Nancy,1.0,0.0,2.0,3.3,3.8,2.05,1.74,11.0,21.0,2.0,6.0,6.0,9.0
2011-05-01,Marseille,Auxerre,1.0,1.0,1.4,4.33,8.5,2.02,1.76,20.0,5.0,9.0,2.0,8.0,2.0
2011-05-01,Montpellier,Brest,0.0,0.0,1.95,3.2,4.2,2.33,1.54,10.0,11.0,3.0,4.0,2.0,1.0
2011-05-01,Nice,Caen,0.0,4.0,2.05,3.2,3.8,2.22,1.6,13.0,11.0,4.0,7.0,4.0,5.0
2011-05-01,St Etienne,Monaco,1.0,1.0,2.1,3.1,3.75,2.29,1.56,22.0,10.0,4.0,3.0,12.0,2.0
2011-05-01,Toulouse,Lyon,2.0,0.0,4.1,3.1,2.0,2.19,1.61,12.0,5.0,5.0,2.0,6.0,7.0
2011-05-07,Arles,St Etienne,0.0,1.0,4.2,3.25,1.91,2.2,1.62,4.0,22.0,0.0,7.0,4.0,8.0
2011-05-07,Auxerre,Montpellier,1.0,0.0,2.2,3.0,3.6,2.49,1.49,11.0,10.0,1.0,1.0,6.0,2.0
2011-05-07,Bordeaux,Sochaux,0.0,4.0,1.75,3.4,5.0,2.14,1.65,18.0,14.0,4.0,6.0,8.0,5.0
2011-05-07,Brest,Nice,0.0,0.0,2.0,3.0,4.33,2.35,1.54,11.0,6.0,0.0,2.0,7.0,3.0
2011-05-07,Caen,Lens,1.0,1.0,2.1,3.1,3.8,2.17,1.63,16.0,20.0,8.0,3.0,6.0,6.0
2011-05-07,Lorient,Toulouse,0.0,0.0,2.0,3.2,4.0,2.33,1.55,6.0,6.0,1.0,1.0,3.0,2.0
2011-05-07,Monaco,Paris SG,1.0,1.0,3.25,3.0,2.38,2.26,1.58,8.0,19.0,4.0,6.0,2.0,9.0
2011-05-07,Nancy,Lille,0.0,1.0,4.0,3.2,2.0,2.08,1.69,13.0,14.0,0.0,3.0,8.0,6.0
2011-05-08,Lyon,Marseille,3.0,2.0,2.25,3.2,3.25,2.08,1.71,12.0,12.0,5.0,7.0,5.0,7.0
2011-05-08,Valenciennes,Rennes,2.0,0.0,2.4,3.0,3.2,2.41,1.51,11.0,11.0,4.0,3.0,5.0,3.0
2011-05-10,Paris SG,Nancy,2.0,2.0,1.44,4.2,7.5,1.89,1.89,12.0,19.0,4.0,6.0,9.0,14.0
2011-05-10,St Etienne,Lille,1.0,2.0,3.6,3.2,2.1,2.14,1.68,14.0,17.0,5.0,8.0,4.0,4.0
2011-05-11,Auxerre,Lyon,4.0,0.0,3.4,3.2,2.2,2.17,1.63,19.0,6.0,7.0,2.0,4.0,1.0
2011-05-11,Lens,Bordeaux,1.0,0.0,2.6,3.2,2.7,2.17,1.64,8.0,15.0,2.0,3.0,0.0,10.0
2011-05-11,Marseille,Brest,3.0,0.0,1.36,4.5,9.0,1.81,1.97,14.0,5.0,5.0,3.0,8.0,5.0
2011-05-11,Montpellier,Lorient,3.0,1.0,2.4,3.0,3.2,2.23,1.6,13.0,9.0,8.0,3.0,4.0,3.0
2011-05-11,Nice,Arles,3.0,2.0,1.4,4.33,8.5,2.08,1.7,17.0,8.0,8.0,2.0,6.0,2.0
2011-05-11,Rennes,Caen,1.0,1.0,1.85,3.4,4.33,2.2,1.62,19.0,9.0,3.0,3.0,5.0,5.0
2011-05-11,Sochaux,Monaco,3.0,0.0,2.1,3.2,3.6,2.12,1.66,12.0,18.0,5.0,5.0,6.0,6.0
2011-05-11,Toulouse,Valenciennes,0.0,0.0,2.05,3.25,3.75,2.47,1.5,6.0,6.0,1.0,2.0,4.0,2.0
2011-05-15,Arles,Toulouse,1.0,0.0,4.5,3.4,1.83,2.32,1.56,7.0,9.0,3.0,2.0,3.0,4.0
2011-05-15,Caen,Montpellier,2.0,0.0,2.0,3.3,3.75,2.12,1.67,16.0,15.0,8.0,6.0,3.0,5.0
2011-05-15,Lorient,Marseille,2.0,2.0,3.6,3.3,2.05,2.04,1.75,8.0,21.0,3.0,6.0,5.0,3.0
2011-05-15,Monaco,Lens,1.0,1.0,1.83,3.4,4.5,2.14,1.66,13.0,17.0,2.0,4.0,1.0,4.0
2011-05-15,Nancy,Nice,3.0,0.0,1.95,3.3,4.0,2.16,1.65,15.0,4.0,6.0,0.0,4.0,1.0
2011-05-15,St Etienne,Rennes,1.0,2.0,2.25,3.0,3.5,2.29,1.57,16.0,7.0,4.0,3.0,10.0,2.0
2011-05-15,Valenciennes,Auxerre,1.0,1.0,2.1,3.0,3.9,2.38,1.53,17.0,13.0,4.0,5.0,6.0,6.0
2011-05-16,Brest,Lyon,1.0,1.0,3.8,3.3,2.0,2.05,1.73,6.0,15.0,4.0,3.0,3.0,9.0
2011-05-18,Bordeaux,Paris SG,1.0,0.0,2.75,3.2,2.6,2.02,1.76,20.0,21.0,7.0,8.0,4.0,13.0
2011-05-18,Lille,Sochaux,1.0,0.0,1.36,4.5,9.0,1.74,2.05,19.0,7.0,10.0,1.0,6.0,6.0
2011-05-21,Auxerre,Brest,0.0,1.0,2.3,3.0,3.4,2.15,1.67,22.0,11.0,7.0,5.0,10.0,4.0
2011-05-21,Lens,Arles,0.0,1.0,1.62,3.5,5.25,1.92,1.85,24.0,12.0,7.0,5.0,11.0,8.0
2011-05-21,Lyon,Caen,0.0,0.0,1.4,4.5,7.5,1.6,2.23,22.0,6.0,6.0,1.0,10.0,4.0
2011-05-21,Marseille,Valenciennes,2.0,2.0,1.44,4.33,7.0,1.63,2.19,13.0,9.0,5.0,3.0,3.0,4.0
2011-05-21,Montpellier,Monaco,0.0,1.0,3.1,3.25,2.3,2.09,1.72,14.0,7.0,4.0,3.0,10.0,4.0
2011-05-21,Nice,Lorient,2.0,0.0,1.75,3.4,5.0,2.04,1.75,11.0,15.0,6.0,5.0,2.0,6.0
2011-05-21,Paris SG,Lille,2.0,2.0,2.2,3.25,3.25,1.99,1.8,14.0,8.0,5.0,2.0,4.0,3.0
2011-05-21,Rennes,Nancy,0.0,2.0,1.91,3.3,4.2,2.12,1.69,4.0,14.0,2.0,5.0,4.0,2.0
2011-05-21,Sochaux,St Etienne,2.0,1.0,1.95,3.3,4.0,1.92,1.86,7.0,13.0,4.0,4.0,5.0,4.0
2011-05-21,Toulouse,Bordeaux,2.0,0.0,2.25,3.2,3.25,2.11,1.7,11.0,13.0,6.0,2.0,8.0,4.0
2011-05-29,Arles,Sochaux,1.0,3.0,4.75,3.5,1.75,1.78,2.01,14.0,10.0,3.0,5.0,6.0,5.0
2011-05-29,Bordeaux,Montpellier,2.0,0.0,1.91,3.3,4.1,1.92,1.8,8.0,12.0,5.0,4.0,3.0,5.0
2011-05-29,Brest,Toulouse,0.0,2.0,2.0,3.1,4.1,2.06,1.69,14.0,11.0,1.0,4.0,10.0,4.0
2011-05-29,Caen,Marseille,2.0,2.0,2.1,3.25,3.5,1.75,2.03,6.0,18.0,3.0,9.0,1.0,7.0
2011-05-29,Lille,Rennes,3.0,2.0,1.8,3.4,4.6,1.86,1.92,13.0,16.0,4.0,6.0,3.0,3.0
2011-05-29,Lorient,Auxerre,1.0,2.0,2.4,3.0,3.2,2.0,1.73,12.0,8.0,2.0,3.0,4.0,4.0
2011-05-29,Monaco,Lyon,0.0,2.0,3.0,3.2,2.4,1.94,1.79,8.0,12.0,3.0,3.0,5.0,4.0
2011-05-29,Nancy,Lens,4.0,0.0,1.4,4.2,9.0,1.76,2.02,20.0,6.0,7.0,1.0,6.0,2.0
2011-05-29,St Etienne,Paris SG,1.0,1.0,4.75,3.5,1.75,1.78,2.0,19.0,15.0,6.0,4.0,4.0,6.0
2011-05-29,Valenciennes,Nice,2.0,1.0,1.91,3.1,4.5,2.11,1.7,11.0,12.0,4.0,4.0,7.0,2.0
2011-08-06,Ajaccio,Toulouse,0.0,2.0,2.63,3.0,2.88,2.48,1.5,18.0,13.0,6.0,8.0,11.0,4.0
2011-08-06,Brest,Evian Thonon Gaillard,2.0,2.0,2.3,3.0,3.4,2.27,1.58,23.0,9.0,7.0,3.0,11.0,8.0
2011-08-06,Caen,Valenciennes,1.0,0.0,2.3,3.0,3.4,2.21,1.61,11.0,11.0,3.0,6.0,3.0,11.0
2011-08-06,Marseille,Sochaux,2.0,2.0,1.53,3.8,6.75,2.0,1.78,27.0,8.0,8.0,3.0,4.0,5.0
2011-08-06,Montpellier,Auxerre,3.0,1.0,2.1,3.1,3.8,2.55,1.47,13.0,18.0,4.0,8.0,4.0,5.0
2011-08-06,Nancy,Lille,1.0,1.0,3.5,3.1,2.2,2.17,1.63,5.0,18.0,1.0,6.0,6.0,8.0
2011-08-06,Nice,Lyon,1.0,3.0,4.0,3.2,2.0,2.15,1.64,12.0,22.0,4.0,9.0,12.0,9.0
2011-08-06,Paris SG,Lorient,0.0,1.0,1.53,3.8,6.75,2.09,1.71,12.0,9.0,3.0,4.0,7.0,6.0
2011-08-07,Bordeaux,St Etienne,1.0,2.0,1.91,3.25,4.33,2.23,1.6,12.0,12.0,5.0,2.0,3.0,4.0
2011-08-07,Dijon,Rennes,1.0,5.0,2.88,3.0,2.63,2.41,1.52,18.0,15.0,5.0,7.0,9.0,3.0
2011-08-13,Lorient,Bordeaux,1.0,1.0,2.4,3.2,3.0,2.21,1.6,11.0,11.0,5.0,6.0,5.0,10.0
2011-08-13,Lyon,Ajaccio,1.0,1.0,1.3,5.0,11.0,1.78,2.0,25.0,7.0,8.0,2.0,13.0,1.0
2011-08-13,Rennes,Paris SG,1.0,1.0,2.7,3.1,2.7,2.19,1.61,11.0,8.0,4.0,4.0,3.0,3.0
2011-08-13,Sochaux,Caen,1.0,2.0,2.0,3.2,4.0,2.11,1.68,18.0,16.0,8.0,6.0,8.0,3.0
2011-08-13,St Etienne,Nancy,1.0,0.0,2.0,3.2,4.0,2.23,1.59,16.0,5.0,4.0,2.0,9.0,2.0
2011-08-13,Toulouse,Dijon,2.0,0.0,1.6,3.5,6.5,2.19,1.61,13.0,7.0,7.0,3.0,6.0,1.0
2011-08-13,Valenciennes,Brest,0.0,0.0,1.91,3.3,4.2,2.19,1.61,12.0,7.0,6.0,6.0,7.0,4.0
2011-08-14,Auxerre,Marseille,2.0,2.0,3.6,3.2,2.1,2.16,1.62,13.0,7.0,5.0,2.0,9.0,2.0
2011-08-14,Evian Thonon Gaillard,Nice,1.0,0.0,2.2,3.2,3.4,2.24,1.58,13.0,12.0,4.0,3.0,2.0,5.0
2011-08-14,Lille,Montpellier,0.0,1.0,1.62,3.6,6.0,1.95,1.82,20.0,9.0,6.0,3.0,7.0,0.0
2011-08-20,Ajaccio,Evian Thonon Gaillard,1.0,1.0,2.38,3.1,3.1,2.2,1.6,7.0,18.0,2.0,3.0,1.0,9.0
2011-08-20,Bordeaux,Auxerre,1.0,1.0,1.83,3.25,4.75,2.17,1.62,16.0,8.0,4.0,2.0,10.0,1.0
2011-08-20,Brest,Lyon,1.0,1.0,3.75,3.25,2.05,2.14,1.67,12.0,8.0,6.0,2.0,5.0,8.0
2011-08-20,Caen,Lille,1.0,2.0,3.6,3.25,2.1,2.09,1.67,6.0,19.0,2.0,10.0,0.0,7.0
2011-08-20,Dijon,Lorient,2.0,0.0,2.8,3.1,2.63,2.25,1.56,6.0,23.0,2.0,6.0,1.0,14.0
2011-08-20,Nice,Toulouse,1.0,1.0,2.6,3.0,2.88,2.46,1.49,12.0,8.0,3.0,3.0,3.0,1.0
2011-08-21,Marseille,St Etienne,0.0,0.0,1.53,3.75,7.0,1.9,1.88,18.0,4.0,4.0,1.0,9.0,3.0
2011-08-21,Montpellier,Rennes,4.0,0.0,2.6,3.0,2.9,2.35,1.53,13.0,7.0,7.0,1.0,4.0,1.0
2011-08-21,Nancy,Sochaux,1.0,2.0,2.25,3.1,3.4,2.18,1.61,12.0,8.0,4.0,3.0,4.0,4.0
2011-08-21,Paris SG,Valenciennes,2.0,1.0,1.5,4.0,7.0,1.89,1.88,16.0,10.0,4.0,4.0,3.0,0.0
2011-08-27,Auxerre,Ajaccio,4.0,1.0,1.8,3.3,4.75,2.3,1.54,22.0,4.0,9.0,1.0,10.0,2.0
2011-08-27,Evian Thonon Gaillard,Dijon,0.0,1.0,1.91,3.25,4.33,2.26,1.57,14.0,8.0,5.0,4.0,5.0,4.0
2011-08-27,Lorient,Nancy,2.0,1.0,1.91,3.2,4.33,2.3,1.55,20.0,8.0,7.0,2.0,10.0,1.0
2011-08-27,Lyon,Montpellier,2.0,1.0,1.5,4.0,7.0,2.03,1.75,11.0,18.0,4.0,8.0,5.0,7.0
2011-08-27,Nice,Brest,0.0,0.0,2.2,3.1,3.6,2.39,1.51,12.0,14.0,3.0,5.0,7.0,3.0
2011-08-27,Valenciennes,Bordeaux,1.0,2.0,2.6,3.0,2.9,2.21,1.59,11.0,10.0,3.0,5.0,4.0,4.0
2011-08-28,Lille,Marseille,3.0,2.0,2.25,3.2,3.25,2.02,1.76,6.0,18.0,5.0,4.0,5.0,6.0
2011-08-28,Rennes,Caen,3.0,2.0,1.73,3.4,5.25,2.15,1.63,19.0,16.0,8.0,8.0,5.0,10.0
2011-08-28,Sochaux,St Etienne,2.0,1.0,2.2,3.2,3.4,2.17,1.65,12.0,7.0,5.0,1.0,4.0,5.0
2011-08-28,Toulouse,Paris SG,1.0,3.0,3.0,3.0,2.5,2.29,1.55,11.0,12.0,2.0,5.0,5.0,3.0
2011-09-10,Ajaccio,Valenciennes,3.0,1.0,2.5,3.0,3.0,2.52,1.48,15.0,19.0,9.0,6.0,3.0,7.0
2011-09-10,Bordeaux,Evian Thonon Gaillard,0.0,0.0,1.85,3.3,4.5,2.22,1.6,16.0,7.0,4.0,3.0,5.0,3.0
2011-09-10,Caen,Toulouse,0.0,1.0,2.6,3.0,2.9,2.35,1.54,9.0,17.0,0.0,6.0,6.0,5.0
2011-09-10,Dijon,Lyon,1.0,2.0,4.75,3.4,1.8,2.02,1.75,7.0,18.0,4.0,4.0,7.0,5.0
2011-09-10,Marseille,Rennes,0.0,1.0,1.73,3.5,5.0,2.01,1.76,22.0,7.0,8.0,3.0,13.0,6.0
2011-09-10,Sochaux,Lorient,1.0,1.0,2.25,3.2,3.2,2.1,1.69,11.0,8.0,2.0,2.0,1.0,6.0
2011-09-10,St Etienne,Lille,1.0,3.0,3.1,3.1,2.4,2.11,1.67,4.0,10.0,0.0,5.0,3.0,2.0
2011-09-11,Montpellier,Nice,1.0,0.0,1.73,3.5,5.0,2.28,1.57,23.0,13.0,4.0,1.0,2.0,6.0
2011-09-11,Nancy,Auxerre,0.0,0.0,2.3,3.1,3.25,2.22,1.6,15.0,13.0,8.0,4.0,1.0,6.0
2011-09-11,Paris SG,Brest,1.0,0.0,1.4,4.33,8.5,1.96,1.81,12.0,15.0,3.0,1.0,4.0,6.0
2011-09-17,Auxerre,Caen,1.0,1.0,2.0,3.2,4.0,2.15,1.63,10.0,10.0,2.0,6.0,4.0,6.0
2011-09-17,Brest,Montpellier,2.0,2.0,2.63,3.0,2.88,2.48,1.49,12.0,13.0,5.0,7.0,4.0,2.0
2011-09-17,Lille,Sochaux,2.0,2.0,1.44,4.0,8.0,1.9,1.88,14.0,9.0,4.0,4.0,9.0,3.0
2011-09-17,Lorient,St Etienne,3.0,0.0,2.0,3.2,4.0,2.22,1.59,7.0,15.0,6.0,3.0,6.0,9.0
2011-09-17,Nice,Ajaccio,3.0,0.0,2.0,3.1,4.2,2.45,1.49,23.0,6.0,6.0,2.0,6.0,2.0
2011-09-17,Toulouse,Bordeaux,3.0,2.0,2.5,3.0,3.0,2.41,1.51,23.0,8.0,8.0,3.0,6.0,1.0
2011-09-17,Valenciennes,Dijon,4.0,0.0,1.85,3.3,4.5,2.22,1.59,14.0,8.0,9.0,2.0,5.0,4.0
2011-09-18,Evian Thonon Gaillard,Paris SG,2.0,2.0,3.8,3.1,2.1,2.13,1.65,17.0,15.0,5.0,7.0,4.0,8.0
2011-09-18,Lyon,Marseille,2.0,0.0,2.2,3.2,3.4,1.97,1.8,10.0,6.0,5.0,3.0,3.0,5.0
2011-09-18,Rennes,Nancy,1.0,1.0,1.67,3.4,6.0,2.25,1.58,15.0,10.0,4.0,2.0,6.0,2.0
2011-09-20,Bordeaux,Lille,1.0,1.0,2.75,3.1,2.63,2.12,1.68,13.0,11.0,4.0,5.0,3.0,8.0
2011-09-21,Ajaccio,Montpellier,1.0,3.0,3.5,3.1,2.2,2.27,1.57,16.0,7.0,5.0,3.0,10.0,2.0
2011-09-21,Caen,Lyon,1.0,0.0,4.33,3.25,1.91,2.03,1.76,9.0,11.0,1.0,2.0,6.0,3.0
2011-09-21,Dijon,Brest,1.0,0.0,2.4,3.1,3.1,2.31,1.56,20.0,11.0,4.0,2.0,9.0,3.0
2011-09-21,Lorient,Auxerre,1.0,1.0,2.2,3.2,3.4,2.27,1.58,9.0,12.0,3.0,6.0,5.0,1.0
2011-09-21,Marseille,Evian Thonon Gaillard,2.0,0.0,1.44,4.2,7.5,1.97,1.8,25.0,5.0,10.0,1.0,5.0,1.0
2011-09-21,Nancy,Valenciennes,1.0,1.0,2.4,3.1,3.1,2.33,1.55,5.0,13.0,1.0,3.0,1.0,9.0
2011-09-21,Paris SG,Nice,2.0,1.0,1.36,4.5,9.0,1.87,1.9,12.0,12.0,6.0,6.0,6.0,5.0
2011-09-21,Sochaux,Rennes,2.0,6.0,2.38,3.2,3.0,2.06,1.73,8.0,19.0,4.0,9.0,7.0,2.0
2011-09-21,St Etienne,Toulouse,1.0,1.0,2.4,3.1,3.1,2.33,1.54,14.0,5.0,3.0,2.0,7.0,0.0
2011-09-24,Evian Thonon Gaillard,Caen,2.0,4.0,2.1,3.2,3.6,2.3,1.56,15.0,9.0,4.0,6.0,4.0,2.0
2011-09-24,Lille,Lorient,1.0,1.0,1.57,3.6,6.5,2.07,1.72,10.0,7.0,2.0,1.0,5.0,3.0
2011-09-24,Lyon,Bordeaux,3.0,1.0,1.7,3.5,5.25,2.12,1.68,13.0,12.0,8.0,1.0,2.0,6.0
2011-09-24,Montpellier,Paris SG,0.0,3.0,2.6,3.2,2.7,2.09,1.7,21.0,13.0,7.0,6.0,5.0,3.0
2011-09-24,Nice,Dijon,1.0,1.0,1.95,3.3,4.0,2.42,1.51,22.0,9.0,4.0,2.0,8.0,2.0
2011-09-24,Toulouse,Nancy,1.0,0.0,1.73,3.4,5.25,2.44,1.51,12.0,6.0,4.0,3.0,5.0,2.0
2011-09-24,Valenciennes,Marseille,1.0,1.0,3.25,3.1,2.3,2.09,1.67,18.0,4.0,8.0,2.0,6.0,2.0
2011-09-25,Auxerre,Sochaux,4.0,1.0,2.05,3.25,3.75,2.1,1.67,16.0,10.0,9.0,3.0,7.0,5.0
2011-09-25,Brest,Ajaccio,1.0,1.0,1.91,3.25,4.2,2.42,1.52,16.0,8.0,4.0,3.0,7.0,4.0
2011-09-25,Rennes,St Etienne,1.0,1.0,1.8,3.4,4.75,2.16,1.64,14.0,10.0,5.0,4.0,5.0,9.0
2011-10-01,Bordeaux,Montpellier,2.0,2.0,2.1,3.25,3.5,2.3,1.57,7.0,16.0,2.0,4.0,4.0,6.0
2011-10-01,Caen,Nice,1.0,1.0,2.1,3.2,3.6,2.39,1.53,8.0,15.0,3.0,6.0,4.0,4.0
2011-10-01,Dijon,Ajaccio,1.0,1.0,1.91,3.25,4.2,2.21,1.62,20.0,5.0,6.0,3.0,15.0,3.0
2011-10-01,Lorient,Valenciennes,2.0,0.0,2.0,3.2,4.0,2.18,1.63,18.0,16.0,7.0,3.0,8.0,4.0
2011-10-01,Nancy,Evian Thonon Gaillard,1.0,1.0,2.2,3.1,3.5,2.44,1.51,14.0,8.0,6.0,3.0,7.0,2.0
2011-10-01,Sochaux,Toulouse,3.0,0.0,2.4,3.1,3.1,2.06,1.74,7.0,9.0,3.0,2.0,4.0,5.0
2011-10-01,St Etienne,Auxerre,1.0,1.0,2.4,3.1,3.1,2.37,1.54,19.0,9.0,6.0,3.0,15.0,3.0
2011-10-02,Lille,Rennes,2.0,0.0,1.75,3.4,5.0,1.97,1.81,10.0,11.0,4.0,4.0,5.0,4.0
2011-10-02,Marseille,Brest,1.0,1.0,1.44,4.0,8.0,1.88,1.9,14.0,10.0,2.0,3.0,6.0,6.0
2011-10-02,Paris SG,Lyon,2.0,0.0,2.2,3.25,3.25,2.02,1.77,17.0,11.0,7.0,2.0,9.0,6.0
2011-10-15,Auxerre,Lille,1.0,3.0,3.2,3.2,2.3,2.09,1.71,8.0,13.0,2.0,8.0,5.0,4.0
2011-10-15,Brest,Caen,1.0,1.0,2.2,3.1,3.5,2.31,1.56,11.0,10.0,4.0,3.0,8.0,2.0
2011-10-15,Evian Thonon Gaillard,St Etienne,1.0,2.0,2.4,3.1,3.1,2.19,1.62,12.0,13.0,5.0,5.0,8.0,9.0
2011-10-15,Lyon,Nancy,3.0,1.0,1.33,4.75,10.0,1.9,1.87,10.0,14.0,5.0,6.0,4.0,5.0
2011-10-15,Montpellier,Dijon,5.0,3.0,1.44,4.0,8.0,2.09,1.71,22.0,15.0,8.0,8.0,5.0,7.0
2011-10-15,Nice,Bordeaux,3.0,0.0,2.8,3.1,2.6,2.32,1.56,16.0,16.0,6.0,3.0,2.0,7.0
2011-10-15,Toulouse,Marseille,0.0,0.0,2.8,3.1,2.6,2.28,1.57,9.0,10.0,1.0,4.0,4.0,4.0
2011-10-16,Ajaccio,Paris SG,1.0,3.0,6.0,3.6,1.62,1.91,1.86,14.0,21.0,4.0,10.0,3.0,8.0
2011-10-16,Rennes,Lorient,2.0,0.0,2.0,3.2,4.0,2.13,1.65,12.0,6.0,7.0,1.0,3.0,4.0
2011-10-16,Valenciennes,Sochaux,3.0,0.0,2.05,3.2,3.75,2.04,1.74,18.0,6.0,4.0,3.0,5.0,3.0
2011-10-22,Bordeaux,Brest,1.0,1.0,1.75,3.4,5.0,2.26,1.58,17.0,5.0,6.0,1.0,12.0,0.0
2011-10-22,Caen,Montpellier,1.0,3.0,2.7,3.1,2.7,2.13,1.67,12.0,7.0,3.0,4.0,3.0,5.0
2011-10-22,Lorient,Toulouse,0.0,0.0,2.2,3.1,3.5,2.32,1.55,12.0,8.0,7.0,2.0,6.0,3.0
2011-10-22,Marseille,Ajaccio,2.0,0.0,1.3,5.0,10.0,1.69,2.12,36.0,7.0,15.0,3.0,15.0,2.0
2011-10-22,Nancy,Nice,1.0,0.0,2.4,3.0,3.2,2.56,1.47,14.0,10.0,2.0,2.0,6.0,8.0
2011-10-22,Sochaux,Evian Thonon Gaillard,1.0,1.0,1.95,3.3,4.0,1.91,1.86,13.0,13.0,6.0,3.0,6.0,4.0
2011-10-22,St Etienne,Valenciennes,1.0,0.0,2.1,3.25,3.5,2.24,1.59,10.0,15.0,3.0,3.0,3.0,4.0
2011-10-23,Auxerre,Rennes,0.0,1.0,2.4,3.2,3.0,2.07,1.73,17.0,10.0,3.0,3.0,2.0,0.0
2011-10-23,Lille,Lyon,3.0,1.0,2.3,3.1,3.2,1.97,1.8,16.0,14.0,9.0,3.0,14.0,4.0
2011-10-23,Paris SG,Dijon,2.0,0.0,1.25,5.5,12.0,1.71,2.09,11.0,11.0,4.0,2.0,6.0,4.0
2011-10-29,Ajaccio,Bordeaux,0.0,2.0,3.6,3.1,2.15,2.12,1.69,6.0,13.0,1.0,5.0,2.0,7.0
2011-10-29,Brest,Lorient,3.0,1.0,2.6,3.0,2.9,2.45,1.51,16.0,14.0,5.0,8.0,4.0,9.0
2011-10-29,Dijon,Marseille,2.0,3.0,4.2,3.3,1.91,2.09,1.71,14.0,20.0,7.0,11.0,3.0,7.0
2011-10-29,Evian Thonon Gaillard,Auxerre,3.0,1.0,2.6,3.1,2.8,2.13,1.66,15.0,19.0,8.0,7.0,4.0,4.0
2011-10-29,Lyon,St Etienne,2.0,0.0,1.62,3.6,6.0,1.98,1.8,15.0,11.0,5.0,2.0,11.0,10.0
2011-10-29,Montpellier,Nancy,2.0,0.0,1.57,3.75,6.25,2.07,1.73,15.0,11.0,6.0,2.0,3.0,0.0
2011-10-29,Paris SG,Caen,4.0,2.0,1.33,4.5,10.5,1.78,2.0,23.0,14.0,9.0,6.0,12.0,4.0
2011-10-30,Nice,Sochaux,1.0,1.0,2.2,3.2,3.4,2.11,1.7,16.0,13.0,5.0,2.0,6.0,3.0
2011-10-30,Toulouse,Rennes,1.0,0.0,2.5,3.0,3.0,2.29,1.57,5.0,14.0,2.0,6.0,1.0,4.0
2011-10-30,Valenciennes,Lille,0.0,0.0,3.2,3.2,2.3,2.12,1.68,18.0,11.0,5.0,4.0,6.0,5.0
2011-11-05,Lille,Evian Thonon Gaillard,1.0,1.0,1.36,4.5,9.0,1.81,1.97,11.0,6.0,5.0,1.0,8.0,2.0
2011-11-06,Auxerre,Toulouse,2.0,0.0,2.4,3.0,3.2,2.37,1.53,7.0,10.0,7.0,2.0,1.0,4.0
2011-11-06,Bordeaux,Paris SG,1.0,1.0,3.4,3.0,2.3,2.09,1.71,6.0,7.0,3.0,3.0,4.0,6.0
2011-11-06,Caen,Dijon,3.0,0.0,1.83,3.25,4.75,2.13,1.68,19.0,15.0,5.0,4.0,3.0,8.0
2011-11-06,Lorient,Ajaccio,2.0,0.0,1.44,4.0,8.0,2.06,1.74,23.0,5.0,6.0,1.0,12.0,1.0
2011-11-06,Marseille,Nice,2.0,0.0,1.44,4.0,8.0,1.94,1.84,17.0,9.0,8.0,2.0,3.0,4.0
2011-11-06,Nancy,Brest,2.0,1.0,2.3,3.1,3.25,2.54,1.47,14.0,7.0,8.0,3.0,3.0,5.0
2011-11-06,Rennes,Valenciennes,1.0,1.0,1.8,3.25,5.0,2.17,1.66,13.0,10.0,3.0,2.0,5.0,8.0
2011-11-06,Sochaux,Lyon,2.0,1.0,3.2,3.1,2.3,1.95,1.83,13.0,10.0,3.0,4.0,3.0,9.0
2011-11-06,St Etienne,Montpellier,1.0,1.0,2.5,3.1,2.9,2.14,1.68,10.0,14.0,3.0,4.0,5.0,4.0
2011-11-18,Lyon,Rennes,1.0,2.0,1.8,3.25,5.0,2.11,1.7,13.0,14.0,5.0,4.0,4.0,8.0
2011-11-18,Toulouse,Lille,0.0,0.0,3.0,3.0,2.5,2.41,1.53,12.0,14.0,2.0,5.0,6.0,5.0
2011-11-19,Ajaccio,Caen,2.0,2.0,3.2,3.0,2.4,2.13,1.66,14.0,12.0,3.0,4.0,8.0,5.0
2011-11-19,Dijon,Bordeaux,2.0,0.0,3.1,3.1,2.4,2.15,1.65,8.0,16.0,3.0,5.0,8.0,6.0
2011-11-19,Evian Thonon Gaillard,Lorient,2.0,1.0,2.75,3.0,2.75,2.29,1.56,8.0,15.0,3.0,5.0,2.0,5.0
2011-11-19,Montpellier,Marseille,1.0,0.0,2.8,3.1,2.63,2.07,1.72,6.0,10.0,1.0,0.0,3.0,6.0
2011-11-19,Nice,St Etienne,0.0,2.0,2.4,3.0,3.2,2.39,1.51,13.0,7.0,6.0,2.0,5.0,11.0
2011-11-20,Brest,Sochaux,2.0,0.0,2.25,3.0,3.5,2.16,1.64,11.0,6.0,5.0,2.0,6.0,3.0
2011-11-20,Paris SG,Nancy,0.0,1.0,1.3,5.0,11.0,1.8,1.98,27.0,8.0,7.0,7.0,9.0,1.0
2011-11-20,Valenciennes,Auxerre,2.0,1.0,2.25,3.1,3.4,2.32,1.55,19.0,4.0,8.0,1.0,9.0,3.0
2011-11-26,Bordeaux,Caen,2.0,0.0,1.91,3.2,4.33,2.11,1.7,17.0,7.0,4.0,1.0,3.0,2.0
2011-11-26,Lille,Brest,2.0,0.0,1.4,4.33,8.5,2.02,1.77,12.0,15.0,5.0,3.0,4.0,8.0
2011-11-26,Nancy,Dijon,1.0,2.0,1.8,3.3,4.75,2.17,1.63,14.0,12.0,4.0,2.0,1.0,4.0
2011-11-26,Rennes,Evian Thonon Gaillard,3.0,2.0,1.73,3.5,5.0,2.13,1.65,23.0,9.0,8.0,6.0,3.0,2.0
2011-11-26,Sochaux,Montpellier,1.0,3.0,2.7,3.1,2.7,1.98,1.81,10.0,16.0,3.0,7.0,7.0,3.0
2011-11-26,St Etienne,Ajaccio,3.0,1.0,1.5,4.0,7.0,2.14,1.68,25.0,2.0,9.0,1.0,11.0,1.0
2011-11-26,Toulouse,Valenciennes,2.0,0.0,2.2,3.1,3.5,2.48,1.5,14.0,8.0,5.0,0.0,6.0,6.0
2011-11-27,Auxerre,Lyon,0.0,3.0,3.1,3.1,2.4,2.14,1.68,11.0,10.0,3.0,6.0,7.0,4.0
2011-11-27,Lorient,Nice,1.0,0.0,1.62,3.6,6.0,2.27,1.58,10.0,13.0,3.0,5.0,6.0,9.0
2011-11-27,Marseille,Paris SG,3.0,0.0,2.25,3.2,3.2,2.05,1.75,12.0,10.0,4.0,0.0,8.0,5.0
2011-12-02,Caen,Marseille,1.0,2.0,4.0,3.2,2.0,2.07,1.74,9.0,17.0,2.0,7.0,9.0,9.0
2011-12-03,Ajaccio,Lille,2.0,3.0,6.0,3.75,1.57,1.94,1.85,8.0,15.0,2.0,7.0,2.0,7.0
2011-12-03,Brest,St Etienne,2.0,2.0,2.4,3.0,3.2,2.47,1.5,11.0,14.0,4.0,3.0,2.0,5.0
2011-12-03,Dijon,Sochaux,0.0,0.0,2.25,3.2,3.25,2.01,1.78,16.0,7.0,3.0,2.0,3.0,5.0
2011-12-03,Evian Thonon Gaillard,Valenciennes,2.0,1.0,2.25,3.1,3.4,2.18,1.64,18.0,10.0,5.0,4.0,4.0,5.0
2011-12-03,Montpellier,Lorient,4.0,0.0,1.8,3.4,4.6,2.08,1.72,12.0,8.0,6.0,1.0,4.0,3.0
2011-12-03,Nice,Rennes,2.0,0.0,3.0,3.0,2.5,2.27,1.59,13.0,6.0,4.0,0.0,7.0,2.0
2011-12-04,Bordeaux,Nancy,2.0,0.0,1.67,3.5,5.5,2.26,1.59,15.0,7.0,6.0,3.0,5.0,2.0
2011-12-04,Lyon,Toulouse,3.0,2.0,1.73,3.4,5.25,2.14,1.65,16.0,14.0,8.0,5.0,4.0,5.0
2011-12-04,Paris SG,Auxerre,3.0,2.0,1.5,3.75,7.5,1.94,1.84,15.0,8.0,4.0,4.0,10.0,2.0
2011-12-10,Marseille,Bordeaux,0.0,0.0,1.73,3.4,5.25,2.15,1.67,17.0,5.0,4.0,2.0,3.0,1.0
2011-12-10,Nancy,Ajaccio,2.0,2.0,1.73,3.3,5.5,2.22,1.61,21.0,7.0,6.0,3.0,8.0,6.0
2011-12-10,Rennes,Brest,1.0,1.0,1.62,3.6,6.0,2.25,1.59,16.0,10.0,5.0,2.0,6.0,4.0
2011-12-10,Sochaux,Paris SG,0.0,1.0,4.0,3.3,1.95,1.93,1.85,5.0,20.0,2.0,8.0,3.0,5.0
2011-12-10,St Etienne,Caen,2.0,0.0,1.8,3.3,4.75,2.11,1.68,23.0,6.0,10.0,0.0,7.0,7.0
2011-12-10,Toulouse,Evian Thonon Gaillard,2.0,1.0,1.73,3.3,5.5,2.35,1.55,21.0,6.0,6.0,3.0,7.0,0.0
2011-12-10,Valenciennes,Montpellier,1.0,0.0,2.5,3.0,3.0,2.17,1.64,13.0,10.0,6.0,3.0,4.0,4.0
2011-12-11,Auxerre,Nice,2.0,1.0,1.95,3.1,4.33,2.3,1.57,15.0,9.0,9.0,3.0,4.0,5.0
2011-12-11,Lille,Dijon,2.0,0.0,1.29,5.0,12.0,1.83,1.96,15.0,11.0,5.0,4.0,3.0,4.0
2011-12-11,Lorient,Lyon,0.0,1.0,3.0,3.0,2.5,2.17,1.64,8.0,13.0,2.0,2.0,4.0,7.0
2011-12-17,Brest,Auxerre,1.0,0.0,2.1,3.0,4.0,2.2,1.62,18.0,10.0,7.0,1.0,1.0,8.0
2011-12-17,Caen,Nancy,1.0,2.0,2.0,3.2,4.0,2.15,1.66,9.0,9.0,1.0,3.0,8.0,1.0
2011-12-17,Dijon,St Etienne,1.0,2.0,2.9,3.1,2.5,2.15,1.65,7.0,10.0,5.0,7.0,9.0,2.0
2011-12-17,Lyon,Evian Thonon Gaillard,2.0,1.0,1.36,4.33,10.0,1.8,1.98,19.0,7.0,9.0,4.0,8.0,4.0
2011-12-17,Marseille,Lorient,2.0,1.0,1.53,3.75,7.0,2.07,1.74,15.0,3.0,5.0,2.0,6.0,4.0
2011-12-17,Montpellier,Toulouse,1.0,1.0,1.83,3.25,4.75,2.18,1.66,21.0,6.0,7.0,1.0,3.0,3.0
2011-12-17,Nice,Valenciennes,2.0,0.0,2.3,3.0,3.4,2.51,1.49,11.0,8.0,6.0,3.0,8.0,3.0
2011-12-18,Ajaccio,Rennes,1.0,0.0,5.0,3.5,1.73,2.0,1.79,7.0,12.0,5.0,3.0,8.0,3.0
2011-12-18,Bordeaux,Sochaux,1.0,0.0,1.57,3.75,6.0,2.09,1.72,10.0,6.0,5.0,2.0,5.0,1.0
2011-12-18,Paris SG,Lille,0.0,0.0,2.2,3.2,3.4,2.06,1.74,11.0,13.0,2.0,3.0,3.0,5.0
2011-12-20,Nancy,Marseille,1.0,3.0,4.5,3.3,1.85,2.17,1.67,7.0,14.0,2.0,3.0,7.0,5.0
2011-12-21,Auxerre,Dijon,2.0,2.0,1.8,3.25,5.0,2.08,1.73,30.0,6.0,7.0,2.0,13.0,3.0
2011-12-21,Evian Thonon Gaillard,Montpellier,4.0,2.0,3.2,3.0,2.38,2.08,1.73,15.0,11.0,8.0,7.0,6.0,6.0
2011-12-21,Lille,Nice,4.0,4.0,1.36,4.33,10.0,2.01,1.78,29.0,14.0,12.0,6.0,9.0,7.0
2011-12-21,Lorient,Caen,0.0,0.0,1.83,3.25,4.75,2.13,1.66,15.0,5.0,4.0,2.0,9.0,8.0
2011-12-21,Rennes,Bordeaux,1.0,0.0,2.2,3.1,3.5,2.21,1.61,14.0,7.0,8.0,0.0,6.0,6.0
2011-12-21,Sochaux,Ajaccio,0.0,2.0,1.62,3.6,6.0,1.97,1.82,20.0,8.0,3.0,4.0,16.0,3.0
2011-12-21,St Etienne,Paris SG,0.0,1.0,3.5,3.1,2.2,2.19,1.63,30.0,18.0,8.0,7.0,16.0,6.0
2011-12-21,Toulouse,Brest,0.0,0.0,1.85,3.2,4.75,2.43,1.52,20.0,5.0,7.0,1.0,9.0,1.0
2011-12-21,Valenciennes,Lyon,1.0,0.0,3.1,3.1,2.4,2.18,1.63,11.0,19.0,1.0,3.0,9.0,6.0
2012-01-14,Ajaccio,Auxerre,2.0,1.0,2.8,3.1,2.6,2.15,1.67,9.0,10.0,3.0,3.0,3.0,3.0
2012-01-14,Bordeaux,Valenciennes,2.0,1.0,1.8,3.3,4.75,2.49,1.49,12.0,14.0,8.0,6.0,5.0,8.0
2012-01-14,Brest,Nice,1.0,0.0,1.95,3.2,4.2,2.56,1.46,19.0,19.0,10.0,7.0,2.0,6.0
2012-01-14,Caen,Rennes,0.0,2.0,2.9,3.1,2.5,2.2,1.62,13.0,12.0,3.0,4.0,5.0,1.0
2012-01-14,Dijon,Evian Thonon Gaillard,3.0,1.0,2.25,3.2,3.25,2.15,1.65,10.0,4.0,5.0,4.0,2.0,3.0
2012-01-14,Montpellier,Lyon,1.0,0.0,2.7,3.1,2.7,2.14,1.68,16.0,3.0,5.0,0.0,8.0,2.0
2012-01-14,Nancy,Lorient,2.0,2.0,2.5,3.1,2.9,2.47,1.5,5.0,13.0,4.0,3.0,3.0,10.0
2012-01-14,Paris SG,Toulouse,3.0,1.0,1.57,3.75,6.0,2.13,1.69,15.0,8.0,9.0,2.0,4.0,8.0
2012-01-14,St Etienne,Sochaux,1.0,0.0,1.67,3.5,5.5,2.15,1.68,10.0,8.0,3.0,2.0,4.0,6.0
2012-01-15,Marseille,Lille,2.0,0.0,2.2,3.1,3.5,2.17,1.64,12.0,10.0,6.0,2.0,0.0,4.0
2012-01-28,Auxerre,Nancy,1.0,3.0,2.05,3.1,4.0,2.21,1.61,5.0,15.0,2.0,6.0,7.0,5.0
2012-01-28,Brest,Paris SG,0.0,1.0,4.0,3.2,2.0,2.22,1.61,16.0,13.0,4.0,7.0,6.0,4.0
2012-01-28,Lille,St Etienne,3.0,0.0,1.55,3.75,6.5,2.07,1.74,20.0,4.0,8.0,2.0,6.0,1.0
2012-01-28,Lorient,Sochaux,1.0,1.0,1.7,3.4,5.5,2.19,1.62,14.0,9.0,3.0,4.0,8.0,2.0
2012-01-28,Lyon,Dijon,3.0,1.0,1.36,4.5,9.0,1.74,2.07,21.0,6.0,7.0,2.0,7.0,2.0
2012-01-28,Nice,Montpellier,0.0,1.0,3.0,3.0,2.5,2.22,1.6,7.0,21.0,2.0,10.0,6.0,10.0
2012-01-28,Toulouse,Caen,1.0,0.0,1.8,3.25,5.0,2.26,1.59,9.0,5.0,1.0,1.0,8.0,5.0
2012-01-29,Evian Thonon Gaillard,Bordeaux,0.0,0.0,2.8,3.0,2.7,2.21,1.61,8.0,10.0,1.0,0.0,1.0,3.0
2012-01-29,Rennes,Marseille,1.0,2.0,2.8,3.0,2.7,2.23,1.6,8.0,9.0,3.0,2.0,4.0,4.0
2012-01-29,Valenciennes,Ajaccio,1.0,2.0,1.53,3.75,7.0,2.08,1.71,17.0,7.0,3.0,3.0,13.0,3.0
2012-02-04,Ajaccio,Nice,1.0,1.0,2.4,3.1,3.1,2.21,1.61,10.0,8.0,1.0,2.0,4.0,4.0
2012-02-04,Bordeaux,Toulouse,2.0,0.0,2.0,3.1,4.2,2.51,1.48,13.0,8.0,5.0,2.0,2.0,7.0
2012-02-04,Dijon,Valenciennes,1.0,2.0,2.63,3.0,2.88,2.22,1.61,10.0,12.0,3.0,2.0,4.0,4.0
2012-02-04,Montpellier,Brest,1.0,0.0,1.57,3.6,6.5,2.15,1.68,24.0,7.0,9.0,3.0,3.0,1.0
2012-02-04,Nancy,Rennes,0.0,0.0,3.2,3.0,2.38,2.24,1.59,13.0,10.0,2.0,3.0,2.0,2.0
2012-02-04,Paris SG,Evian Thonon Gaillard,3.0,1.0,1.33,4.75,10.0,1.72,2.07,14.0,15.0,7.0,4.0,5.0,9.0
2012-02-05,Marseille,Lyon,2.0,2.0,2.0,3.3,3.75,2.12,1.66,19.0,11.0,6.0,5.0,5.0,3.0
2012-02-11,Auxerre,Lorient,1.0,1.0,2.4,3.2,3.0,2.21,1.59,18.0,4.0,8.0,3.0,3.0,2.0
2012-02-11,Brest,Dijon,1.0,1.0,1.91,3.25,4.33,2.28,1.57,14.0,10.0,2.0,4.0,3.0,3.0
2012-02-11,Lyon,Caen,1.0,2.0,1.4,4.2,9.0,1.87,1.89,15.0,7.0,4.0,3.0,2.0,4.0
2012-02-11,Montpellier,Ajaccio,3.0,0.0,1.3,5.0,10.0,1.84,1.95,15.0,10.0,7.0,1.0,5.0,2.0
2012-02-11,Rennes,Sochaux,1.0,0.0,1.44,4.0,8.0,2.13,1.7,14.0,3.0,1.0,1.0,4.0,3.0
2012-02-11,Valenciennes,Nancy,1.0,0.0,1.8,3.3,4.75,2.23,1.6,19.0,9.0,6.0,1.0,10.0,1.0
2012-02-12,Lille,Bordeaux,4.0,5.0,1.62,3.75,5.5,2.15,1.68,15.0,11.0,7.0,7.0,6.0,0.0
2012-02-12,Nice,Paris SG,0.0,0.0,4.0,3.2,2.0,2.23,1.59,11.0,12.0,4.0,3.0,11.0,1.0
2012-02-12,Toulouse,St Etienne,0.0,1.0,2.1,3.0,4.0,2.46,1.49,12.0,17.0,2.0,8.0,1.0,6.0
2012-02-18,Ajaccio,Brest,0.0,0.0,2.6,3.1,2.8,2.36,1.54,14.0,7.0,4.0,2.0,13.0,3.0
2012-02-18,Caen,Evian Thonon Gaillard,2.0,2.0,2.25,3.1,3.4,2.17,1.64,14.0,12.0,5.0,7.0,3.0,4.0
2012-02-18,Dijon,Nice,3.0,0.0,2.38,3.2,3.0,2.17,1.63,7.0,8.0,4.0,1.0,4.0,6.0
2012-02-18,Lorient,Lille,0.0,1.0,3.25,3.2,2.25,2.19,1.61,9.0,10.0,4.0,4.0,4.0,3.0
2012-02-18,Marseille,Valenciennes,1.0,1.0,1.44,4.0,8.0,2.05,1.75,21.0,4.0,7.0,3.0,7.0,5.0
2012-02-18,Nancy,Toulouse,0.0,3.0,2.5,3.2,2.8,2.5,1.48,9.0,17.0,3.0,5.0,0.0,7.0
2012-02-18,Sochaux,Auxerre,0.0,0.0,2.4,3.1,3.1,2.2,1.61,12.0,7.0,2.0,2.0,4.0,7.0
2012-02-19,Bordeaux,Lyon,1.0,0.0,2.5,3.1,2.9,2.12,1.66,9.0,6.0,2.0,3.0,2.0,0.0
2012-02-19,Paris SG,Montpellier,2.0,2.0,1.8,3.3,4.75,2.08,1.73,14.0,15.0,4.0,7.0,4.0,6.0
2012-02-19,St Etienne,Rennes,4.0,0.0,2.3,3.1,3.25,2.28,1.58,14.0,14.0,6.0,3.0,3.0,8.0
2012-02-22,Caen,Auxerre,2.0,1.0,2.1,3.25,3.5,2.24,1.6,17.0,13.0,6.0,5.0,6.0,4.0
2012-02-22,Sochaux,Lille,0.0,1.0,5.0,3.5,1.73,2.09,1.68,12.0,16.0,4.0,5.0,5.0,5.0
2012-02-22,St Etienne,Lorient,4.0,2.0,2.0,3.2,4.0,2.25,1.58,16.0,7.0,10.0,5.0,6.0,4.0
2012-02-25,Ajaccio,Dijon,2.0,1.0,2.3,3.25,3.1,2.18,1.67,13.0,12.0,4.0,5.0,6.0,4.0
2012-02-25,Auxerre,St Etienne,0.0,0.0,2.63,3.1,2.75,2.23,1.6,9.0,6.0,6.0,1.0,4.0,6.0
2012-02-25,Evian Thonon Gaillard,Nancy,2.0,0.0,2.1,3.25,3.5,2.15,1.64,7.0,15.0,6.0,4.0,8.0,8.0
2012-02-25,Lyon,Paris SG,4.0,4.0,2.3,3.25,3.1,2.05,1.75,15.0,20.0,8.0,8.0,7.0,9.0
2012-02-25,Montpellier,Bordeaux,1.0,0.0,1.91,3.3,4.2,2.22,1.61,15.0,7.0,3.0,2.0,7.0,5.0
2012-02-25,Nice,Caen,1.0,0.0,2.05,3.2,3.75,2.31,1.56,9.0,12.0,4.0,1.0,4.0,4.0
2012-02-25,Valenciennes,Lorient,2.0,0.0,2.0,3.2,4.0,2.4,1.53,13.0,15.0,5.0,4.0,6.0,2.0
2012-02-26,Brest,Marseille,1.0,0.0,4.0,3.2,2.0,2.26,1.59,7.0,22.0,4.0,5.0,8.0,13.0
2012-02-26,Rennes,Lille,1.0,1.0,2.6,3.1,2.8,2.17,1.63,14.0,18.0,6.0,8.0,4.0,4.0
2012-02-26,Toulouse,Sochaux,2.0,0.0,1.53,3.8,6.5,2.18,1.63,21.0,12.0,11.0,6.0,9.0,5.0
2012-03-03,Bordeaux,Nice,1.0,2.0,1.57,3.6,6.5,2.3,1.57,13.0,8.0,3.0,6.0,7.0,1.0
2012-03-03,Dijon,Montpellier,1.0,1.0,3.8,3.2,2.05,2.12,1.69,9.0,13.0,2.0,3.0,1.0,8.0
2012-03-03,Lille,Auxerre,2.0,2.0,1.4,4.2,9.0,1.87,1.93,12.0,6.0,3.0,3.0,2.0,3.0
2012-03-03,Marseille,Toulouse,0.0,1.0,1.57,3.6,6.5,2.19,1.63,13.0,8.0,4.0,2.0,3.0,5.0
2012-03-03,Nancy,Lyon,2.0,0.0,3.6,3.2,2.1,2.16,1.65,14.0,8.0,4.0,1.0,2.0,8.0
2012-03-03,Sochaux,Valenciennes,1.0,1.0,2.9,3.1,2.5,2.39,1.53,18.0,8.0,4.0,2.0,8.0,1.0
2012-03-03,St Etienne,Evian Thonon Gaillard,0.0,2.0,1.62,3.6,6.0,2.05,1.76,18.0,13.0,5.0,4.0,6.0,8.0
2012-03-04,Caen,Brest,0.0,0.0,2.1,3.1,3.75,2.52,1.48,23.0,13.0,6.0,1.0,6.0,2.0
2012-03-04,Lorient,Rennes,0.0,2.0,2.63,3.1,2.75,2.4,1.52,13.0,9.0,2.0,5.0,6.0,3.0
2012-03-04,Paris SG,Ajaccio,4.0,1.0,1.25,5.5,12.0,1.68,2.15,18.0,9.0,7.0,4.0,2.0,3.0
2012-03-06,Evian Thonon Gaillard,Marseille,2.0,0.0,3.25,3.2,2.25,2.12,1.69,11.0,12.0,4.0,5.0,5.0,2.0
2012-03-09,Ajaccio,Marseille,1.0,0.0,4.0,3.2,2.0,2.17,1.67,11.0,19.0,5.0,4.0,2.0,4.0
2012-03-10,Brest,Bordeaux,0.0,2.0,3.0,3.0,2.5,2.65,1.43,10.0,22.0,2.0,5.0,0.0,3.0
2012-03-10,Evian Thonon Gaillard,Sochaux,2.0,3.0,1.83,3.4,4.5,2.11,1.66,11.0,7.0,4.0,5.0,7.0,3.0
2012-03-10,Lyon,Lille,2.0,1.0,2.5,3.1,2.9,1.98,1.8,6.0,16.0,3.0,4.0,4.0,8.0
2012-03-10,Nice,Nancy,1.0,1.0,2.0,3.2,4.0,2.47,1.49,14.0,12.0,4.0,4.0,10.0,4.0
2012-03-10,Toulouse,Lorient,1.0,1.0,1.73,3.25,5.5,2.37,1.53,11.0,14.0,6.0,7.0,11.0,7.0
2012-03-10,Valenciennes,St Etienne,1.0,2.0,2.2,3.1,3.5,2.21,1.6,16.0,9.0,9.0,6.0,7.0,1.0
2012-03-11,Dijon,Paris SG,1.0,2.0,4.5,3.4,1.83,1.88,1.89,10.0,13.0,3.0,5.0,5.0,5.0
2012-03-11,Montpellier,Caen,3.0,0.0,1.5,4.2,6.5,1.97,1.81,34.0,9.0,14.0,1.0,9.0,8.0
2012-03-11,Rennes,Auxerre,1.0,1.0,1.57,3.5,7.0,2.22,1.6,31.0,5.0,7.0,1.0,9.0,1.0
2012-03-17,Auxerre,Evian Thonon Gaillard,0.0,2.0,2.25,3.1,3.4,2.17,1.64,11.0,6.0,4.0,2.0,6.0,2.0
2012-03-17,Bordeaux,Ajaccio,1.0,1.0,1.4,4.2,9.0,2.13,1.67,18.0,6.0,4.0,2.0,7.0,6.0
2012-03-17,Caen,Paris SG,2.0,2.0,4.5,3.5,1.8,2.11,1.7,20.0,11.0,8.0,4.0,8.0,4.0
2012-03-17,Lorient,Brest,2.0,1.0,2.0,3.1,4.2,2.65,1.44,14.0,8.0,4.0,1.0,3.0,1.0
2012-03-17,Marseille,Dijon,1.0,2.0,1.4,4.5,8.0,1.78,2.01,21.0,7.0,4.0,5.0,7.0,5.0
2012-03-17,Nancy,Montpellier,1.0,0.0,3.4,3.2,2.2,2.27,1.58,16.0,9.0,4.0,0.0,3.0,3.0
2012-03-17,St Etienne,Lyon,0.0,1.0,2.6,3.0,2.88,2.23,1.6,4.0,18.0,2.0,10.0,4.0,7.0
2012-03-18,Lille,Valenciennes,4.0,0.0,1.57,3.6,6.5,2.16,1.64,20.0,4.0,7.0,2.0,6.0,4.0
2012-03-18,Rennes,Toulouse,0.0,1.0,2.0,3.2,4.0,2.49,1.49,12.0,15.0,5.0,4.0,8.0,7.0
2012-03-18,Sochaux,Nice,2.0,0.0,2.38,3.0,3.25,2.52,1.48,15.0,13.0,5.0,4.0,10.0,5.0
2012-03-24,Ajaccio,Lorient,1.0,1.0,2.6,3.1,2.8,2.21,1.61,16.0,11.0,7.0,3.0,5.0,6.0
2012-03-24,Brest,Nancy,0.0,1.0,2.2,3.0,3.6,2.68,1.43,12.0,14.0,1.0,3.0,8.0,3.0
2012-03-24,Evian Thonon Gaillard,Lille,0.0,3.0,3.75,3.3,2.0,2.0,1.79,7.0,11.0,2.0,6.0,1.0,5.0
2012-03-24,Lyon,Sochaux,2.0,1.0,1.33,4.75,9.5,1.78,2.02,12.0,10.0,4.0,6.0,2.0,5.0
2012-03-24,Montpellier,St Etienne,1.0,0.0,1.73,3.5,5.0,2.1,1.7,20.0,14.0,7.0,3.0,15.0,4.0
2012-03-24,Nice,Marseille,1.0,1.0,3.1,3.1,2.4,2.4,1.53,24.0,2.0,5.0,1.0,16.0,2.0
2012-03-24,Valenciennes,Rennes,1.0,0.0,2.5,3.1,2.9,2.35,1.54,5.0,15.0,2.0,1.0,6.0,7.0
2012-03-25,Dijon,Caen,2.0,0.0,2.3,3.2,3.1,2.12,1.67,10.0,10.0,4.0,2.0,2.0,2.0
2012-03-25,Paris SG,Bordeaux,1.0,1.0,1.67,3.5,5.5,2.03,1.76,18.0,16.0,3.0,5.0,6.0,1.0
2012-03-25,Toulouse,Auxerre,1.0,0.0,1.73,3.5,5.0,2.3,1.56,12.0,5.0,2.0,1.0,7.0,1.0
2012-03-31,Auxerre,Valenciennes,2.0,0.0,2.4,2.88,3.3,2.44,1.51,16.0,10.0,3.0,2.0,5.0,5.0
2012-03-31,Bordeaux,Dijon,1.0,1.0,1.57,3.6,6.5,2.01,1.78,15.0,11.0,6.0,1.0,10.0,4.0
2012-03-31,Lorient,Evian Thonon Gaillard,0.0,1.0,1.91,3.25,4.33,2.12,1.69,7.0,6.0,2.0,3.0,5.0,4.0
2012-03-31,Nancy,Paris SG,2.0,1.0,4.2,3.25,1.91,2.07,1.73,13.0,15.0,6.0,5.0,3.0,5.0
2012-03-31,Sochaux,Brest,2.0,1.0,2.0,3.1,4.2,2.62,1.45,17.0,7.0,5.0,3.0,6.0,0.0
2012-03-31,St Etienne,Nice,2.0,3.0,1.8,3.25,5.0,2.22,1.61,13.0,10.0,6.0,4.0,7.0,5.0
2012-04-01,Caen,Ajaccio,0.0,0.0,1.83,3.4,4.5,2.1,1.71,14.0,6.0,2.0,4.0,6.0,5.0
2012-04-01,Lille,Toulouse,2.0,1.0,1.73,3.4,5.25,2.1,1.69,18.0,12.0,5.0,3.0,6.0,4.0
2012-04-01,Rennes,Lyon,1.0,1.0,2.5,3.0,3.0,2.13,1.67,19.0,7.0,4.0,2.0,4.0,3.0
2012-04-07,Ajaccio,St Etienne,1.0,1.0,3.0,3.0,2.5,2.3,1.56,12.0,8.0,4.0,4.0,8.0,5.0
2012-04-07,Brest,Lille,3.0,1.0,5.0,3.25,1.8,2.25,1.61,7.0,10.0,5.0,2.0,4.0,8.0
2012-04-07,Dijon,Nancy,0.0,2.0,2.3,3.1,3.25,2.26,1.58,11.0,18.0,4.0,4.0,3.0,4.0
2012-04-07,Evian Thonon Gaillard,Rennes,1.0,3.0,2.75,3.2,2.6,2.12,1.68,12.0,16.0,4.0,4.0,6.0,2.0
2012-04-07,Lyon,Auxerre,2.0,1.0,1.4,4.5,8.0,1.84,1.95,17.0,10.0,5.0,4.0,5.0,5.0
2012-04-07,Montpellier,Sochaux,2.0,1.0,1.45,4.2,7.5,1.92,1.87,17.0,4.0,11.0,1.0,2.0,6.0
2012-04-07,Valenciennes,Toulouse,2.0,0.0,2.55,3.1,2.88,2.49,1.49,13.0,15.0,5.0,2.0,5.0,6.0
2012-04-08,Caen,Bordeaux,1.0,0.0,3.0,3.0,2.5,2.31,1.56,7.0,12.0,4.0,4.0,2.0,6.0
2012-04-08,Nice,Lorient,2.0,0.0,2.2,3.0,3.6,2.45,1.51,13.0,9.0,3.0,2.0,6.0,4.0
2012-04-08,Paris SG,Marseille,2.0,1.0,1.83,3.4,4.5,2.06,1.74,7.0,16.0,2.0,3.0,3.0,6.0
2012-04-11,Marseille,Montpellier,1.0,3.0,3.0,3.25,2.4,2.22,1.63,12.0,15.0,4.0,7.0,5.0,1.0
2012-04-15,Auxerre,Paris SG,1.0,1.0,3.5,3.25,2.1,2.02,1.77,21.0,9.0,6.0,3.0,5.0,1.0
2012-04-15,Lille,Ajaccio,4.0,1.0,1.3,5.0,11.0,1.66,2.12,27.0,11.0,12.0,5.0,9.0,1.0
2012-04-15,Lorient,Montpellier,2.0,1.0,3.75,3.1,2.1,2.4,1.53,18.0,13.0,5.0,5.0,5.0,9.0
2012-04-15,Nancy,Bordeaux,2.0,2.0,2.63,3.0,2.88,2.51,1.48,11.0,19.0,3.0,4.0,7.0,4.0
2012-04-15,Sochaux,Dijon,1.0,0.0,1.95,3.3,4.0,2.09,1.71,16.0,11.0,6.0,1.0,4.0,1.0
2012-04-15,St Etienne,Brest,2.0,1.0,1.75,3.2,5.5,2.41,1.52,19.0,5.0,8.0,2.0,12.0,0.0
2012-04-15,Valenciennes,Evian Thonon Gaillard,0.0,3.0,2.0,3.1,4.2,2.14,1.66,22.0,8.0,4.0,6.0,10.0,5.0
2012-04-16,Rennes,Nice,3.0,1.0,1.67,3.4,6.0,2.38,1.53,15.0,3.0,7.0,1.0,4.0,4.0
2012-04-18,Marseille,Caen,1.0,1.0,1.7,3.5,5.25,2.07,1.73,16.0,5.0,4.0,3.0,9.0,0.0
2012-04-18,Toulouse,Lyon,3.0,0.0,2.63,3.0,2.88,2.25,1.61,11.0,16.0,5.0,5.0,3.0,7.0
2012-04-21,Bordeaux,Marseille,2.0,1.0,2.4,3.1,3.1,2.38,1.54,7.0,16.0,4.0,7.0,2.0,7.0
2012-04-21,Brest,Rennes,0.0,1.0,3.1,3.1,2.38,2.4,1.53,9.0,9.0,3.0,4.0,2.0,5.0
2012-04-21,Caen,St Etienne,1.0,4.0,2.6,3.0,2.88,2.16,1.66,12.0,11.0,5.0,5.0,4.0,5.0
2012-04-21,Dijon,Lille,0.0,2.0,5.0,3.5,1.73,1.81,1.98,10.0,17.0,4.0,5.0,0.0,2.0
2012-04-21,Evian Thonon Gaillard,Toulouse,2.0,1.0,2.5,3.1,2.9,2.24,1.61,10.0,18.0,2.0,5.0,3.0,7.0
2012-04-21,Montpellier,Valenciennes,1.0,0.0,1.44,4.2,7.5,1.91,1.88,12.0,7.0,6.0,0.0,6.0,2.0
2012-04-21,Nice,Auxerre,1.0,0.0,2.0,3.25,3.9,2.25,1.59,10.0,5.0,3.0,0.0,3.0,2.0
2012-04-22,Ajaccio,Nancy,0.0,0.0,2.5,3.0,3.0,2.13,1.66,14.0,11.0,2.0,4.0,7.0,1.0
2012-04-22,Lyon,Lorient,3.0,2.0,1.44,4.33,7.0,1.86,1.93,14.0,14.0,8.0,7.0,7.0,8.0
2012-04-22,Paris SG,Sochaux,6.0,1.0,1.36,4.5,9.5,1.64,2.17,20.0,8.0,11.0,4.0,3.0,2.0
2012-04-27,Lorient,Marseille,2.0,1.0,2.38,3.2,3.0,2.13,1.68,10.0,8.0,3.0,3.0,3.0,6.0
2012-04-27,Toulouse,Montpellier,0.0,1.0,2.7,3.1,2.7,2.32,1.57,15.0,14.0,5.0,7.0,1.0,8.0
2012-04-29,Auxerre,Brest,4.0,0.0,2.1,3.1,3.75,2.42,1.52,14.0,8.0,7.0,1.0,6.0,6.0
2012-04-29,Lille,Paris SG,2.0,1.0,2.2,3.3,3.25,1.84,1.95,14.0,9.0,6.0,2.0,3.0,9.0
2012-04-29,Nancy,Caen,1.0,1.0,2.0,3.3,3.75,2.16,1.65,20.0,10.0,5.0,3.0,1.0,1.0
2012-04-29,Rennes,Ajaccio,3.0,1.0,1.5,4.0,7.0,1.91,1.88,33.0,7.0,13.0,3.0,12.0,2.0
2012-04-29,Sochaux,Bordeaux,0.0,3.0,2.5,3.1,2.9,2.09,1.71,4.0,15.0,2.0,7.0,5.0,6.0
2012-04-29,St Etienne,Dijon,1.0,0.0,1.62,3.6,6.0,1.97,1.81,14.0,9.0,5.0,1.0,6.0,2.0
2012-04-29,Valenciennes,Nice,2.0,0.0,2.0,3.2,4.0,2.27,1.58,16.0,8.0,5.0,3.0,6.0,3.0
2012-05-01,Montpellier,Evian Thonon Gaillard,2.0,2.0,1.36,4.33,9.5,1.77,2.03,25.0,7.0,9.0,2.0,11.0,2.0
2012-05-02,Ajaccio,Sochaux,2.0,1.0,2.25,3.2,3.25,2.04,1.76,15.0,8.0,6.0,3.0,7.0,4.0
2012-05-02,Bordeaux,Rennes,2.0,0.0,2.3,3.1,3.3,2.15,1.65,11.0,9.0,4.0,1.0,10.0,5.0
2012-05-02,Brest,Toulouse,0.0,0.0,2.88,3.0,2.6,2.41,1.53,10.0,10.0,3.0,4.0,3.0,9.0
2012-05-02,Caen,Lorient,1.0,0.0,2.3,3.1,3.25,2.11,1.7,11.0,12.0,5.0,1.0,6.0,4.0
2012-05-02,Lyon,Valenciennes,4.0,1.0,1.53,3.75,7.0,1.82,1.97,9.0,13.0,6.0,3.0,2.0,5.0
2012-05-02,Marseille,Nancy,1.0,0.0,1.73,3.5,5.0,2.02,1.77,16.0,13.0,8.0,3.0,5.0,3.0
2012-05-02,Nice,Lille,0.0,1.0,4.75,3.3,1.8,1.95,1.84,8.0,9.0,1.0,6.0,6.0,0.0
2012-05-02,Paris SG,St Etienne,2.0,0.0,1.67,3.6,5.25,1.76,2.03,10.0,9.0,4.0,2.0,1.0,8.0
2012-05-03,Dijon,Auxerre,0.0,2.0,2.3,3.1,3.3,2.1,1.7,10.0,8.0,1.0,3.0,5.0,6.0
2012-05-06,Evian Thonon Gaillard,Ajaccio,2.0,1.0,2.0,3.3,3.8,1.98,1.79,17.0,8.0,10.0,2.0,6.0,3.0
2012-05-06,Lyon,Brest,1.0,1.0,1.4,4.33,8.5,1.64,2.16,21.0,10.0,6.0,2.0,5.0,4.0
2012-05-06,Valenciennes,Paris SG,3.0,4.0,4.2,3.6,1.83,1.81,1.97,13.0,15.0,6.0,8.0,3.0,2.0
2012-05-07,Auxerre,Bordeaux,2.0,4.0,2.4,3.2,3.0,2.08,1.72,19.0,10.0,7.0,4.0,7.0,2.0
2012-05-07,Lille,Caen,3.0,0.0,1.33,4.75,10.0,1.61,2.24,23.0,3.0,8.0,0.0,7.0,1.0
2012-05-07,Lorient,Dijon,0.0,0.0,1.83,3.4,4.5,2.05,1.74,4.0,7.0,0.0,2.0,6.0,4.0
2012-05-07,Rennes,Montpellier,0.0,2.0,2.5,3.0,3.0,2.08,1.71,21.0,8.0,7.0,2.0,3.0,9.0
2012-05-07,Sochaux,Nancy,1.0,0.0,2.2,3.2,3.4,2.03,1.75,15.0,10.0,4.0,1.0,9.0,4.0
2012-05-07,St Etienne,Marseille,0.0,0.0,2.1,3.4,3.4,1.86,1.92,11.0,6.0,2.0,0.0,5.0,4.0
2012-05-07,Toulouse,Nice,0.0,0.0,1.67,3.6,5.25,2.11,1.69,11.0,16.0,6.0,4.0,3.0,4.0
2012-05-10,Evian Thonon Gaillard,Lyon,1.0,3.0,3.25,3.3,2.2,1.84,1.94,10.0,16.0,3.0,8.0,3.0,5.0
2012-05-13,Ajaccio,Lyon,1.0,1.0,3.25,3.25,2.25,1.87,1.92,14.0,14.0,6.0,4.0,4.0,5.0
2012-05-13,Bordeaux,Lorient,1.0,0.0,1.73,3.5,5.0,2.04,1.76,9.0,10.0,6.0,3.0,6.0,3.0
2012-05-13,Brest,Valenciennes,1.0,0.0,2.1,3.1,3.75,2.15,1.68,12.0,9.0,5.0,3.0,7.0,2.0
2012-05-13,Caen,Sochaux,1.0,3.0,2.25,3.1,3.4,2.14,1.69,19.0,11.0,4.0,7.0,7.0,1.0
2012-05-13,Dijon,Toulouse,1.0,1.0,2.55,3.1,2.88,2.24,1.6,11.0,17.0,3.0,8.0,9.0,6.0
2012-05-13,Marseille,Auxerre,3.0,0.0,1.85,3.4,4.33,2.06,1.75,11.0,10.0,7.0,4.0,6.0,5.0
2012-05-13,Montpellier,Lille,1.0,0.0,2.38,3.3,2.9,1.87,1.91,19.0,8.0,5.0,3.0,7.0,2.0
2012-05-13,Nancy,St Etienne,3.0,2.0,2.8,3.1,2.6,2.14,1.69,12.0,20.0,7.0,6.0,4.0,6.0
2012-05-13,Nice,Evian Thonon Gaillard,1.0,1.0,2.0,3.3,3.75,2.1,1.72,23.0,10.0,5.0,3.0,5.0,7.0
2012-05-13,Paris SG,Rennes,3.0,0.0,1.57,3.8,6.0,1.77,2.03,11.0,12.0,4.0,2.0,4.0,2.0
2012-05-20,Auxerre,Montpellier,1.0,2.0,7.0,3.75,1.53,1.83,1.95,6.0,17.0,3.0,6.0,3.0,10.0
2012-05-20,Evian Thonon Gaillard,Brest,0.0,1.0,2.5,3.25,2.8,1.91,1.87,9.0,8.0,3.0,2.0,6.0,1.0
2012-05-20,Lille,Nancy,4.0,1.0,1.33,4.75,9.5,1.56,2.33,13.0,15.0,6.0,3.0,5.0,4.0
2012-05-20,Lorient,Paris SG,1.0,2.0,4.5,3.75,1.75,1.66,2.14,12.0,10.0,4.0,3.0,3.0,3.0
2012-05-20,Lyon,Nice,3.0,4.0,1.8,3.5,4.5,1.74,2.06,21.0,10.0,7.0,4.0,6.0,3.0
2012-05-20,Rennes,Dijon,5.0,0.0,1.73,3.6,4.75,1.72,2.09,22.0,10.0,10.0,0.0,2.0,4.0
2012-05-20,Sochaux,Marseille,1.0,0.0,2.2,3.2,3.4,1.84,1.94,12.0,15.0,5.0,4.0,6.0,0.0
2012-05-20,St Etienne,Bordeaux,2.0,3.0,2.4,3.3,2.9,1.87,1.91,16.0,9.0,6.0,6.0,5.0,2.0
2012-05-20,Toulouse,Ajaccio,0.0,2.0,2.3,3.25,3.1,1.93,1.86,8.0,6.0,4.0,2.0,4.0,4.0
2012-05-20,Valenciennes,Caen,3.0,1.0,2.1,3.2,3.6,1.95,1.83,16.0,8.0,8.0,2.0,4.0,5.0
2012-08-10,Montpellier,Toulouse,1.0,1.0,1.83,3.4,4.5,2.42,1.53,9.0,12.0,2.0,3.0,2.0,5.0
2012-08-11,Evian Thonon Gaillard,Bordeaux,2.0,3.0,2.75,3.2,2.6,2.17,1.64,9.0,12.0,3.0,9.0,5.0,6.0
2012-08-11,Nancy,Brest,1.0,0.0,2.1,3.2,3.6,2.51,1.49,11.0,2.0,5.0,1.0,11.0,3.0
2012-08-11,Nice,Ajaccio,0.0,1.0,1.91,3.25,4.33,2.28,1.58,8.0,3.0,2.0,2.0,7.0,2.0
2012-08-11,Paris SG,Lorient,2.0,2.0,1.33,4.75,10.0,1.8,2.0,20.0,12.0,9.0,6.0,9.0,2.0
2012-08-11,Rennes,Lyon,0.0,1.0,2.5,3.0,3.0,2.21,1.62,6.0,9.0,1.0,2.0,4.0,2.0
2012-08-11,Sochaux,Bastia,2.0,3.0,2.2,3.2,3.4,2.26,1.6,10.0,10.0,5.0,7.0,4.0,5.0
2012-08-11,St Etienne,Lille,1.0,2.0,3.0,3.0,2.5,2.17,1.65,9.0,10.0,4.0,4.0,3.0,1.0
2012-08-11,Troyes,Valenciennes,0.0,1.0,2.4,3.1,3.1,2.35,1.56,12.0,5.0,3.0,1.0,5.0,2.0
2012-08-12,Reims,Marseille,0.0,1.0,3.5,3.1,2.2,2.16,1.65,14.0,17.0,4.0,8.0,10.0,7.0
2012-08-17,Lille,Nancy,1.0,1.0,1.44,4.0,8.0,1.88,1.92,12.0,5.0,4.0,1.0,0.0,2.0
2012-08-18,Bastia,Reims,2.0,1.0,1.7,3.5,5.25,2.14,1.66,9.0,3.0,3.0,2.0,7.0,2.0
2012-08-18,Brest,Evian Thonon Gaillard,1.0,0.0,2.38,3.0,3.2,2.35,1.54,15.0,8.0,4.0,3.0,10.0,8.0
2012-08-18,Lorient,Montpellier,2.0,1.0,2.7,3.0,2.75,2.33,1.56,12.0,6.0,3.0,4.0,4.0,4.0
2012-08-18,Lyon,Troyes,4.0,1.0,1.44,4.2,7.5,1.78,2.02,24.0,6.0,10.0,2.0,10.0,3.0
2012-08-18,Toulouse,St Etienne,2.0,1.0,2.15,3.0,3.75,2.5,1.49,9.0,11.0,7.0,5.0,4.0,4.0
2012-08-18,Valenciennes,Nice,0.0,0.0,1.91,3.25,4.33,2.37,1.53,8.0,11.0,6.0,4.0,8.0,6.0
2012-08-19,Ajaccio,Paris SG,0.0,0.0,6.0,3.6,1.62,1.8,1.99,10.0,7.0,2.0,3.0,7.0,4.0
2012-08-19,Bordeaux,Rennes,1.0,0.0,2.1,3.1,3.75,2.26,1.58,10.0,11.0,4.0,3.0,8.0,5.0
2012-08-19,Marseille,Sochaux,2.0,0.0,1.44,4.0,8.0,1.88,1.92,23.0,5.0,6.0,2.0,9.0,1.0
2012-08-24,Evian Thonon Gaillard,Lyon,1.0,1.0,3.6,3.2,2.1,1.94,1.86,18.0,10.0,3.0,2.0,6.0,5.0
2012-08-25,Nancy,Toulouse,0.0,1.0,2.38,3.1,3.1,2.52,1.48,9.0,10.0,3.0,5.0,4.0,7.0
2012-08-25,Nice,Lille,2.0,2.0,4.0,3.2,2.0,2.31,1.57,11.0,10.0,7.0,5.0,4.0,7.0
2012-08-25,Reims,Sochaux,1.0,0.0,2.15,3.2,3.5,2.22,1.61,9.0,9.0,2.0,1.0,0.0,2.0
2012-08-25,Rennes,Bastia,3.0,2.0,1.83,3.4,4.5,2.11,1.7,13.0,9.0,7.0,6.0,5.0,2.0
2012-08-25,Troyes,Lorient,2.0,2.0,2.6,3.0,2.9,2.28,1.57,5.0,14.0,2.0,4.0,3.0,7.0
2012-08-25,Valenciennes,Ajaccio,3.0,0.0,1.83,3.25,4.75,2.22,1.6,12.0,9.0,3.0,2.0,1.0,7.0
2012-08-26,Montpellier,Marseille,0.0,1.0,2.3,3.1,3.2,2.23,1.6,8.0,13.0,1.0,5.0,4.0,4.0
2012-08-26,Paris SG,Bordeaux,0.0,0.0,1.57,3.6,6.5,1.9,1.89,13.0,10.0,4.0,2.0,7.0,2.0
2012-08-26,St Etienne,Brest,4.0,0.0,1.7,3.5,5.25,2.4,1.53,9.0,4.0,6.0,0.0,6.0,4.0
2012-09-01,Ajaccio,Evian Thonon Gaillard,2.0,0.0,2.4,3.2,3.0,2.24,1.61,16.0,14.0,6.0,3.0,7.0,7.0
2012-09-01,Bastia,St Etienne,0.0,3.0,2.4,3.1,3.1,2.09,1.7,20.0,13.0,3.0,6.0,10.0,4.0
2012-09-01,Brest,Troyes,2.0,1.0,2.15,3.0,3.75,2.49,1.49,13.0,8.0,3.0,6.0,7.0,5.0
2012-09-01,Lorient,Nancy,3.0,0.0,2.0,3.2,4.0,2.32,1.56,13.0,10.0,5.0,4.0,7.0,8.0
2012-09-01,Lyon,Valenciennes,3.0,2.0,1.62,3.75,5.5,1.83,1.97,12.0,10.0,6.0,3.0,4.0,8.0
2012-09-01,Sochaux,Montpellier,1.0,3.0,3.6,3.1,2.15,2.18,1.64,11.0,9.0,2.0,3.0,4.0,5.0
2012-09-01,Toulouse,Reims,1.0,1.0,1.67,3.5,5.5,2.29,1.58,19.0,10.0,7.0,4.0,7.0,4.0
2012-09-02,Bordeaux,Nice,1.0,1.0,1.62,3.6,6.0,2.23,1.6,17.0,9.0,5.0,5.0,4.0,6.0
2012-09-02,Lille,Paris SG,1.0,2.0,2.7,3.25,2.6,1.9,1.91,9.0,7.0,4.0,3.0,3.0,3.0
2012-09-02,Marseille,Rennes,3.0,1.0,1.91,3.25,4.2,2.27,1.59,19.0,6.0,7.0,1.0,7.0,2.0
2012-09-14,Paris SG,Toulouse,2.0,0.0,1.4,4.2,9.0,2.02,1.79,11.0,11.0,6.0,2.0,4.0,8.0
2012-09-14,Reims,Montpellier,3.0,1.0,3.4,3.0,2.3,2.33,1.58,11.0,19.0,5.0,9.0,3.0,6.0
2012-09-15,Evian Thonon Gaillard,Bastia,3.0,0.0,2.3,3.2,3.2,1.99,1.81,13.0,12.0,3.0,2.0,3.0,5.0
2012-09-15,Nice,Brest,4.0,2.0,2.0,3.2,4.0,2.59,1.46,13.0,12.0,6.0,4.0,8.0,2.0
2012-09-15,St Etienne,Sochaux,0.0,1.0,1.5,3.8,7.5,2.01,1.79,13.0,8.0,8.0,1.0,6.0,6.0
2012-09-15,Troyes,Lille,1.0,1.0,4.0,3.2,2.0,2.17,1.67,11.0,15.0,2.0,5.0,2.0,7.0
2012-09-15,Valenciennes,Bordeaux,0.0,0.0,2.63,3.0,2.88,2.38,1.53,12.0,12.0,3.0,2.0,8.0,4.0
2012-09-16,Lyon,Ajaccio,2.0,0.0,1.44,4.2,7.5,1.85,1.93,15.0,7.0,9.0,1.0,4.0,6.0
2012-09-16,Nancy,Marseille,0.0,1.0,3.4,3.1,2.25,2.31,1.56,12.0,15.0,1.0,6.0,3.0,6.0
2012-09-16,Rennes,Lorient,1.0,2.0,1.83,3.25,4.75,2.21,1.61,16.0,10.0,5.0,6.0,7.0,5.0
2012-09-21,Montpellier,St Etienne,1.0,1.0,2.0,3.2,4.0,2.15,1.68,13.0,14.0,3.0,3.0,5.0,11.0
2012-09-22,Bastia,Paris SG,0.0,4.0,5.25,3.6,1.67,1.75,2.06,10.0,9.0,4.0,4.0,8.0,1.0
2012-09-22,Brest,Valenciennes,2.0,1.0,2.7,3.0,2.75,2.43,1.53,15.0,17.0,6.0,3.0,3.0,3.0
2012-09-22,Lorient,Nice,1.0,1.0,1.91,3.3,4.2,2.24,1.61,15.0,7.0,4.0,4.0,12.0,2.0
2012-09-22,Reims,Nancy,2.0,0.0,2.3,3.0,3.4,2.41,1.53,6.0,19.0,3.0,8.0,7.0,8.0
2012-09-22,Sochaux,Troyes,3.0,1.0,2.2,3.2,3.4,2.16,1.63,17.0,7.0,9.0,5.0,2.0,3.0
2012-09-22,Toulouse,Rennes,2.0,2.0,2.1,3.25,3.6,2.47,1.49,9.0,9.0,2.0,6.0,10.0,6.0
2012-09-23,Bordeaux,Ajaccio,2.0,2.0,1.57,3.4,7.5,2.11,1.71,13.0,10.0,7.0,3.0,2.0,7.0
2012-09-23,Lille,Lyon,1.0,1.0,2.1,3.3,3.5,1.97,1.82,9.0,7.0,3.0,3.0,7.0,3.0
2012-09-23,Marseille,Evian Thonon Gaillard,1.0,0.0,1.4,4.5,8.0,1.9,1.89,8.0,7.0,3.0,2.0,5.0,6.0
2012-09-28,Rennes,Lille,2.0,0.0,2.5,3.1,2.9,2.15,1.7,9.0,9.0,4.0,2.0,3.0,5.0
2012-09-29,Ajaccio,Brest,1.0,0.0,1.91,3.2,4.33,2.53,1.49,12.0,11.0,5.0,1.0,7.0,2.0
2012-09-29,Evian Thonon Gaillard,Lorient,1.0,1.0,2.5,3.1,2.9,2.14,1.67,13.0,11.0,7.0,3.0,5.0,9.0
2012-09-29,Nancy,Montpellier,0.0,2.0,3.2,3.0,2.4,2.41,1.53,10.0,12.0,3.0,4.0,6.0,3.0
2012-09-29,Nice,Bastia,2.0,2.0,2.2,3.0,3.6,2.13,1.68,12.0,8.0,2.0,2.0,2.0,4.0
2012-09-29,Paris SG,Sochaux,2.0,0.0,1.2,6.0,15.0,1.62,2.25,9.0,11.0,4.0,3.0,0.0,6.0
2012-09-29,Troyes,Toulouse,0.0,2.0,3.0,3.0,2.5,2.44,1.52,8.0,16.0,1.0,7.0,7.0,6.0
2012-09-30,Lyon,Bordeaux,0.0,2.0,2.0,3.2,4.0,2.19,1.63,23.0,5.0,6.0,4.0,11.0,2.0
2012-09-30,St Etienne,Reims,0.0,0.0,1.62,3.6,6.0,1.99,1.81,19.0,3.0,5.0,1.0,8.0,2.0
2012-09-30,Valenciennes,Marseille,4.0,1.0,3.3,3.1,2.3,2.25,1.61,15.0,11.0,6.0,3.0,3.0,6.0
2012-10-05,St Etienne,Nancy,4.0,0.0,1.62,3.5,6.5,2.16,1.69,23.0,11.0,10.0,4.0,7.0,7.0
2012-10-06,Bastia,Troyes,3.0,2.0,1.75,3.4,5.0,1.92,1.88,23.0,11.0,6.0,4.0,6.0,2.0
2012-10-06,Lille,Ajaccio,2.0,0.0,1.4,4.33,8.5,1.8,2.0,15.0,10.0,4.0,2.0,3.0,2.0
2012-10-06,Montpellier,Evian Thonon Gaillard,2.0,3.0,1.67,3.5,5.5,2.1,1.73,13.0,4.0,8.0,3.0,6.0,0.0
2012-10-06,Reims,Nice,3.0,1.0,2.2,3.1,3.5,2.33,1.56,5.0,12.0,4.0,3.0,2.0,5.0
2012-10-06,Sochaux,Rennes,0.0,1.0,3.1,3.1,2.38,2.14,1.68,11.0,9.0,3.0,2.0,8.0,4.0
2012-10-06,Toulouse,Valenciennes,2.0,2.0,1.83,3.25,4.75,2.4,1.53,19.0,8.0,7.0,3.0,16.0,1.0
2012-10-07,Brest,Bordeaux,1.0,1.0,3.75,3.0,2.15,2.35,1.56,12.0,17.0,2.0,6.0,1.0,3.0
2012-10-07,Lorient,Lyon,1.0,1.0,2.8,3.1,2.6,2.15,1.67,14.0,12.0,6.0,3.0,8.0,11.0
2012-10-07,Marseille,Paris SG,2.0,2.0,3.0,3.2,2.4,2.08,1.74,12.0,8.0,4.0,3.0,1.0,4.0
2012-10-19,Bordeaux,Lille,1.0,1.0,2.25,3.0,3.5,2.25,1.63,13.0,12.0,5.0,6.0,3.0,4.0
2012-10-20,Evian Thonon Gaillard,Toulouse,0.0,4.0,2.63,3.1,2.8,2.24,1.61,16.0,8.0,7.0,5.0,8.0,0.0
2012-10-20,Nancy,Sochaux,1.0,1.0,1.91,3.2,4.33,2.35,1.55,8.0,14.0,4.0,3.0,3.0,8.0
2012-10-20,Nice,St Etienne,1.0,1.0,2.8,3.1,2.6,2.18,1.67,10.0,16.0,3.0,8.0,4.0,8.0
2012-10-20,Paris SG,Reims,1.0,0.0,1.2,6.5,13.0,1.58,2.29,23.0,16.0,6.0,4.0,5.0,7.0
2012-10-20,Rennes,Montpellier,2.0,1.0,2.2,3.25,3.3,2.18,1.66,9.0,12.0,4.0,5.0,6.0,5.0
2012-10-20,Valenciennes,Lorient,6.0,1.0,2.1,3.2,3.6,2.12,1.69,12.0,12.0,8.0,3.0,7.0,4.0
2012-10-21,Ajaccio,Bastia,0.0,0.0,2.3,3.2,3.2,2.05,1.77,12.0,9.0,5.0,0.0,4.0,3.0
2012-10-21,Lyon,Brest,1.0,0.0,1.33,5.0,9.0,1.79,2.02,8.0,3.0,5.0,1.0,5.0,1.0
2012-10-21,Troyes,Marseille,1.0,0.0,5.0,3.5,1.73,2.18,1.67,5.0,16.0,2.0,4.0,4.0,10.0
2012-10-26,St Etienne,Rennes,2.0,0.0,2.05,3.1,4.0,2.21,1.66,10.0,15.0,6.0,7.0,6.0,3.0
2012-10-27,Lille,Valenciennes,2.0,1.0,1.57,3.6,6.5,1.98,1.82,19.0,9.0,5.0,4.0,6.0,3.0
2012-10-27,Montpellier,Nice,3.0,1.0,1.7,3.5,5.25,2.06,1.75,13.0,10.0,6.0,3.0,4.0,4.0
2012-10-27,Nancy,Paris SG,0.0,1.0,7.5,3.75,1.5,1.97,1.83,13.0,13.0,3.0,4.0,5.0,8.0
2012-10-27,Reims,Troyes,1.0,1.0,1.75,3.4,5.0,2.05,1.75,13.0,18.0,3.0,3.0,5.0,3.0
2012-10-27,Toulouse,Brest,3.0,1.0,1.5,3.75,7.5,2.21,1.63,11.0,15.0,6.0,4.0,10.0,4.0
2012-10-28,Bastia,Bordeaux,3.0,1.0,2.8,3.1,2.6,2.0,1.8,11.0,15.0,4.0,7.0,5.0,6.0
2012-10-28,Lorient,Ajaccio,4.0,4.0,1.75,3.4,5.0,2.11,1.69,27.0,10.0,10.0,6.0,8.0,2.0
2012-11-02,Brest,Lorient,2.0,0.0,3.1,3.1,2.4,2.14,1.7,7.0,15.0,4.0,4.0,2.0,4.0
2012-11-03,Evian Thonon Gaillard,Lille,0.0,2.0,3.6,3.2,2.1,2.07,1.75,15.0,12.0,3.0,6.0,7.0,6.0
2012-11-03,Nice,Nancy,2.0,1.0,2.0,3.2,4.0,2.19,1.63,13.0,10.0,5.0,4.0,13.0,4.0
2012-11-03,Paris SG,St Etienne,1.0,2.0,1.44,4.2,7.5,1.89,1.91,11.0,13.0,3.0,3.0,5.0,3.0
2012-11-03,Rennes,Reims,1.0,0.0,1.62,3.6,6.0,2.12,1.71,22.0,5.0,6.0,2.0,3.0,4.0
2012-11-03,Troyes,Montpellier,1.0,1.0,3.5,3.2,2.15,2.1,1.72,7.0,17.0,5.0,5.0,4.0,7.0
2012-11-03,Valenciennes,Sochaux,3.0,1.0,1.57,3.75,6.0,1.96,1.85,22.0,8.0,12.0,2.0,8.0,4.0
2012-11-04,Ajaccio,Marseille,0.0,2.0,3.6,3.2,2.1,2.19,1.62,8.0,11.0,5.0,6.0,4.0,4.0
2012-11-04,Bordeaux,Toulouse,1.0,0.0,2.1,3.2,3.6,2.24,1.6,21.0,4.0,10.0,0.0,5.0,1.0
2012-11-04,Lyon,Bastia,5.0,2.0,1.53,4.0,6.0,1.65,2.21,18.0,13.0,9.0,5.0,9.0,4.0
2012-11-07,Sochaux,Evian Thonon Gaillard,2.0,1.0,2.5,3.2,2.88,2.19,1.64,4.0,11.0,2.0,3.0,4.0,5.0
2012-11-09,Nancy,Rennes,1.0,3.0,3.25,3.1,2.3,2.29,1.61,14.0,10.0,6.0,3.0,8.0,4.0
2012-11-10,Bastia,Valenciennes,2.0,3.0,2.3,3.4,3.0,1.73,2.09,12.0,11.0,4.0,6.0,6.0,6.0
2012-11-10,Lille,Brest,1.0,0.0,1.33,4.75,10.0,1.87,1.92,16.0,7.0,4.0,3.0,8.0,6.0
2012-11-10,Reims,Evian Thonon Gaillard,1.0,2.0,2.2,3.1,3.5,2.18,1.63,12.0,16.0,3.0,6.0,4.0,4.0
2012-11-10,St Etienne,Troyes,2.0,0.0,1.4,4.33,8.5,1.77,2.04,16.0,12.0,5.0,2.0,7.0,4.0
2012-11-10,Toulouse,Ajaccio,2.0,4.0,1.57,3.6,6.5,2.16,1.66,21.0,14.0,7.0,8.0,10.0,1.0
2012-11-11,Lorient,Bordeaux,0.0,4.0,2.4,3.1,3.1,2.14,1.67,8.0,10.0,2.0,6.0,5.0,6.0
2012-11-11,Marseille,Nice,2.0,2.0,1.4,4.33,8.5,2.03,1.77,19.0,8.0,8.0,4.0,2.0,4.0
2012-11-11,Montpellier,Paris SG,1.0,1.0,3.25,3.25,2.25,2.14,1.69,20.0,7.0,3.0,4.0,4.0,5.0
2012-11-11,Sochaux,Lyon,1.0,1.0,4.5,3.4,1.83,2.05,1.76,12.0,9.0,5.0,5.0,3.0,3.0
2012-11-16,Lorient,Lille,2.0,0.0,3.1,3.1,2.4,2.06,1.75,14.0,14.0,5.0,5.0,4.0,10.0
2012-11-17,Ajaccio,Sochaux,0.0,1.0,1.83,3.25,4.75,2.22,1.64,18.0,8.0,4.0,5.0,3.0,3.0
2012-11-17,Brest,Bastia,3.0,0.0,2.5,3.1,2.9,2.04,1.77,15.0,5.0,7.0,1.0,8.0,2.0
2012-11-17,Evian Thonon Gaillard,St Etienne,2.0,2.0,3.6,3.2,2.1,2.03,1.77,13.0,7.0,5.0,4.0,2.0,5.0
2012-11-17,Paris SG,Rennes,1.0,2.0,1.55,3.8,6.5,1.86,1.94,23.0,8.0,10.0,4.0,18.0,3.0
2012-11-17,Troyes,Nancy,3.0,3.0,2.38,3.0,3.25,2.35,1.55,18.0,19.0,10.0,9.0,7.0,6.0
2012-11-17,Valenciennes,Montpellier,1.0,1.0,2.1,3.25,3.6,2.07,1.74,17.0,13.0,5.0,5.0,12.0,5.0
2012-11-18,Bordeaux,Marseille,1.0,0.0,2.3,3.1,3.25,2.3,1.57,10.0,5.0,6.0,3.0,4.0,4.0
2012-11-18,Lyon,Reims,3.0,0.0,1.4,4.33,8.5,1.79,2.01,18.0,2.0,8.0,1.0,4.0,1.0
2012-11-18,Nice,Toulouse,1.0,0.0,2.63,3.0,2.88,2.2,1.63,11.0,10.0,4.0,2.0,7.0,2.0
2012-11-23,St Etienne,Valenciennes,1.0,0.0,1.8,3.5,4.5,1.87,1.92,20.0,12.0,4.0,1.0,6.0,3.0
2012-11-24,Bastia,Lorient,2.0,1.0,2.4,3.3,2.9,1.77,2.04,12.0,10.0,6.0,4.0,3.0,6.0
2012-11-24,Nancy,Ajaccio,1.0,1.0,2.3,3.1,3.3,2.17,1.65,11.0,18.0,4.0,5.0,3.0,4.0
2012-11-24,Paris SG,Troyes,4.0,0.0,1.18,6.5,15.0,1.5,2.48,8.0,17.0,6.0,4.0,5.0,5.0
2012-11-24,Reims,Brest,0.0,0.0,2.1,3.1,3.75,2.42,1.52,11.0,14.0,3.0,7.0,4.0,4.0
2012-11-24,Rennes,Evian Thonon Gaillard,0.0,1.0,1.67,3.6,5.5,2.0,1.8,15.0,6.0,6.0,1.0,11.0,1.0
2012-11-24,Sochaux,Nice,0.0,1.0,2.38,3.1,3.1,2.13,1.68,6.0,17.0,1.0,4.0,4.0,4.0
2012-11-25,Marseille,Lille,1.0,0.0,2.3,3.1,3.3,2.18,1.64,12.0,9.0,6.0,3.0,1.0,4.0
2012-11-25,Montpellier,Bordeaux,1.0,0.0,2.4,3.0,3.2,2.21,1.62,12.0,8.0,3.0,2.0,6.0,3.0
2012-11-25,Toulouse,Lyon,3.0,0.0,2.5,3.1,2.9,2.16,1.68,17.0,8.0,6.0,2.0,8.0,0.0
2012-11-28,Marseille,Lyon,1.0,4.0,2.2,3.2,3.4,2.16,1.67,7.0,6.0,3.0,6.0,8.0,2.0
2012-11-30,Ajaccio,St Etienne,0.0,0.0,3.1,3.1,2.4,2.22,1.65,12.0,7.0,2.0,2.0,3.0,1.0
2012-12-01,Bordeaux,Sochaux,2.0,2.0,1.44,4.2,7.5,2.13,1.7,10.0,6.0,2.0,2.0,8.0,2.0
2012-12-01,Evian Thonon Gaillard,Nancy,1.0,1.0,2.1,3.2,3.6,2.06,1.75,10.0,16.0,4.0,5.0,5.0,5.0
2012-12-01,Lille,Bastia,0.0,0.0,1.4,4.5,8.0,1.64,2.15,15.0,1.0,1.0,0.0,6.0,2.0
2012-12-01,Lyon,Montpellier,1.0,0.0,1.83,3.4,4.5,1.9,1.89,9.0,8.0,4.0,2.0,6.0,0.0
2012-12-01,Nice,Paris SG,2.0,1.0,4.75,3.4,1.8,1.95,1.85,15.0,16.0,5.0,5.0,5.0,10.0
2012-12-01,Valenciennes,Reims,1.0,0.0,1.62,3.75,5.5,1.88,1.91,14.0,17.0,2.0,3.0,4.0,4.0
2012-12-02,Brest,Marseille,1.0,2.0,3.25,3.2,2.25,2.28,1.58,4.0,19.0,4.0,7.0,6.0,9.0
2012-12-02,Lorient,Toulouse,1.0,0.0,2.4,3.2,3.0,1.99,1.8,16.0,9.0,6.0,0.0,12.0,5.0
2012-12-02,Troyes,Rennes,2.0,3.0,3.6,3.2,2.1,2.12,1.67,7.0,9.0,4.0,5.0,7.0,4.0
2012-12-07,Toulouse,Bastia,0.0,0.0,1.65,3.6,5.5,1.92,1.88,11.0,9.0,0.0,5.0,5.0,2.0
2012-12-08,Montpellier,Ajaccio,3.0,0.0,1.62,3.6,6.0,2.14,1.69,15.0,8.0,6.0,3.0,2.0,3.0
2012-12-08,Nancy,Valenciennes,1.0,1.0,2.8,3.1,2.6,2.2,1.62,17.0,8.0,2.0,1.0,6.0,6.0
2012-12-08,Paris SG,Evian Thonon Gaillard,4.0,0.0,1.22,6.0,13.0,1.49,2.51,15.0,8.0,7.0,2.0,3.0,7.0
2012-12-08,Rennes,Brest,2.0,2.0,1.62,3.5,6.5,2.18,1.65,20.0,11.0,11.0,5.0,8.0,4.0
2012-12-08,Sochaux,Lille,1.0,1.0,4.2,3.2,1.95,2.13,1.67,6.0,22.0,2.0,5.0,3.0,5.0
2012-12-08,Troyes,Nice,1.0,1.0,2.8,3.0,2.7,2.18,1.63,5.0,9.0,2.0,3.0,3.0,5.0
2012-12-09,Marseille,Lorient,0.0,3.0,1.62,3.6,6.0,2.07,1.74,10.0,10.0,4.0,5.0,10.0,1.0
2012-12-09,Reims,Bordeaux,0.0,0.0,3.4,3.1,2.25,2.26,1.59,10.0,10.0,1.0,2.0,2.0,3.0
2012-12-09,St Etienne,Lyon,0.0,1.0,2.05,3.2,3.75,1.95,1.84,8.0,7.0,1.0,2.0,4.0,5.0
2012-12-11,Lille,Toulouse,2.0,0.0,1.73,3.4,5.25,2.27,1.62,9.0,7.0,6.0,2.0,4.0,2.0
2012-12-11,Nice,Rennes,1.0,0.0,2.3,3.1,3.25,2.22,1.64,11.0,5.0,3.0,3.0,5.0,5.0
2012-12-11,Valenciennes,Paris SG,0.0,4.0,4.33,3.5,1.83,1.85,1.94,10.0,20.0,1.0,9.0,7.0,2.0
2012-12-12,Ajaccio,Reims,2.0,0.0,1.8,3.3,4.75,2.42,1.53,11.0,17.0,3.0,4.0,6.0,10.0
2012-12-12,Bastia,Marseille,1.0,2.0,3.5,3.2,2.15,1.97,1.82,11.0,16.0,3.0,6.0,0.0,9.0
2012-12-12,Brest,Montpellier,1.0,2.0,3.0,3.0,2.5,2.32,1.56,7.0,19.0,3.0,7.0,2.0,9.0
2012-12-12,Evian Thonon Gaillard,Troyes,2.0,0.0,1.83,3.4,4.5,1.98,1.82,22.0,5.0,8.0,1.0,7.0,5.0
2012-12-12,Lorient,Sochaux,2.0,0.0,1.67,3.5,5.5,1.9,1.89,17.0,12.0,9.0,3.0,6.0,8.0
2012-12-12,Lyon,Nancy,1.0,1.0,1.4,4.5,8.0,1.74,2.08,16.0,13.0,3.0,8.0,5.0,4.0
2012-12-13,Bordeaux,St Etienne,0.0,0.0,2.0,3.2,4.0,2.28,1.58,9.0,9.0,2.0,3.0,2.0,5.0
2012-12-14,Rennes,Valenciennes,2.0,0.0,2.0,3.3,3.8,2.11,1.72,17.0,11.0,6.0,4.0,3.0,7.0
2012-12-15,Montpellier,Bastia,4.0,0.0,1.62,3.75,5.5,1.84,1.96,21.0,3.0,12.0,1.0,7.0,4.0
2012-12-15,Nice,Evian Thonon Gaillard,3.0,2.0,1.91,3.3,4.2,2.12,1.67,11.0,10.0,3.0,6.0,5.0,1.0
2012-12-15,Reims,Lille,1.0,1.0,4.75,3.25,1.83,2.3,1.57,8.0,16.0,2.0,4.0,2.0,5.0
2012-12-15,Sochaux,Brest,1.0,2.0,2.2,3.1,3.5,2.33,1.55,19.0,9.0,4.0,3.0,3.0,6.0
2012-12-15,Toulouse,Marseille,0.0,1.0,2.63,3.1,2.75,2.25,1.59,8.0,13.0,2.0,8.0,3.0,4.0
2012-12-15,Troyes,Ajaccio,3.0,2.0,2.4,3.1,3.1,2.18,1.64,20.0,10.0,7.0,6.0,4.0,9.0
2012-12-16,Nancy,Bordeaux,1.0,1.0,3.3,3.2,2.25,2.35,1.55,12.0,10.0,3.0,4.0,8.0,6.0
2012-12-16,Paris SG,Lyon,1.0,0.0,1.62,3.75,5.5,1.9,1.89,10.0,12.0,6.0,2.0,4.0,4.0
2012-12-16,St Etienne,Lorient,0.0,2.0,1.73,3.3,5.5,2.03,1.77,9.0,14.0,5.0,6.0,9.0,5.0
2012-12-21,Brest,Paris SG,0.0,3.0,7.5,4.1,1.44,1.89,1.89,11.0,30.0,3.0,13.0,2.0,11.0
2012-12-22,Ajaccio,Rennes,2.0,4.0,2.88,3.0,2.63,2.36,1.54,12.0,13.0,5.0,7.0,6.0,3.0
2012-12-22,Bastia,Nancy,4.0,2.0,2.5,3.1,2.9,1.98,1.81,15.0,11.0,7.0,3.0,5.0,5.0
2012-12-22,Bordeaux,Troyes,0.0,0.0,1.4,4.33,8.5,2.0,1.8,20.0,8.0,9.0,5.0,11.0,2.0
2012-12-22,Lille,Montpellier,4.0,1.0,2.0,3.2,4.0,2.25,1.59,18.0,8.0,6.0,3.0,3.0,1.0
2012-12-22,Lorient,Reims,2.0,2.0,1.5,3.75,7.5,1.98,1.82,11.0,9.0,5.0,3.0,9.0,4.0
2012-12-22,Lyon,Nice,3.0,0.0,1.62,3.6,6.0,1.95,1.84,14.0,18.0,4.0,4.0,5.0,6.0
2012-12-23,Marseille,St Etienne,1.0,0.0,1.83,3.4,4.5,2.08,1.72,6.0,6.0,3.0,1.0,2.0,8.0
2012-12-23,Toulouse,Sochaux,2.0,0.0,1.62,3.5,6.5,2.25,1.59,10.0,5.0,4.0,1.0,6.0,2.0
2012-12-23,Valenciennes,Evian Thonon Gaillard,2.0,1.0,1.8,3.5,4.5,1.91,1.88,19.0,16.0,8.0,6.0,4.0,4.0
2013-01-11,Paris SG,Ajaccio,0.0,0.0,1.14,7.5,17.0,1.4,2.79,26.0,3.0,3.0,1.0,11.0,1.0
2013-01-11,St Etienne,Toulouse,2.0,2.0,2.0,3.2,4.0,2.31,1.59,12.0,8.0,4.0,4.0,11.0,4.0
2013-01-12,Evian Thonon Gaillard,Brest,0.0,2.0,1.83,3.4,4.5,2.13,1.65,16.0,9.0,5.0,4.0,7.0,4.0
2013-01-12,Montpellier,Lorient,2.0,0.0,1.85,3.4,4.33,2.03,1.77,13.0,5.0,5.0,3.0,4.0,5.0
2013-01-12,Nancy,Lille,2.0,2.0,4.0,3.2,2.0,2.34,1.55,15.0,13.0,7.0,6.0,8.0,7.0
2013-01-12,Rennes,Bordeaux,0.0,2.0,2.3,3.1,3.3,2.32,1.55,10.0,8.0,3.0,7.0,10.0,4.0
2013-01-12,Troyes,Lyon,1.0,2.0,4.33,3.25,1.91,2.03,1.77,13.0,14.0,6.0,4.0,5.0,8.0
2013-01-13,Nice,Valenciennes,5.0,0.0,2.0,3.3,3.75,2.12,1.69,14.0,6.0,6.0,3.0,3.0,2.0
2013-01-13,Reims,Bastia,1.0,2.0,2.25,3.1,3.4,2.17,1.63,13.0,9.0,1.0,4.0,6.0,4.0
2013-01-13,Sochaux,Marseille,3.0,1.0,4.75,3.25,1.83,2.23,1.6,8.0,22.0,4.0,6.0,3.0,8.0
2013-01-18,Lyon,Evian Thonon Gaillard,0.0,0.0,1.36,4.75,8.5,1.66,2.18,13.0,9.0,5.0,1.0,9.0,3.0
2013-01-19,Ajaccio,Valenciennes,1.0,1.0,2.6,3.1,2.8,2.11,1.68,12.0,7.0,6.0,5.0,5.0,5.0
2013-01-19,Brest,St Etienne,0.0,1.0,3.4,3.2,2.2,2.29,1.57,9.0,13.0,3.0,5.0,1.0,10.0
2013-01-19,Lorient,Troyes,3.0,2.0,1.57,3.75,6.0,1.88,1.91,13.0,14.0,6.0,5.0,4.0,8.0
2013-01-19,Marseille,Montpellier,3.0,2.0,1.85,3.4,4.33,2.08,1.73,10.0,8.0,4.0,3.0,8.0,3.0
2013-01-19,Sochaux,Reims,1.0,0.0,2.1,3.25,3.5,2.36,1.55,9.0,11.0,4.0,2.0,5.0,6.0
2013-01-19,Toulouse,Nancy,2.0,1.0,1.57,3.8,6.0,2.18,1.65,17.0,5.0,8.0,2.0,10.0,1.0
2013-01-20,Bastia,Rennes,0.0,2.0,3.0,3.2,2.4,1.92,1.87,3.0,15.0,1.0,8.0,4.0,8.0
2013-01-20,Bordeaux,Paris SG,0.0,1.0,4.0,3.2,2.0,2.23,1.6,14.0,6.0,4.0,4.0,6.0,3.0
2013-01-20,Lille,Nice,0.0,2.0,1.67,3.5,5.5,2.02,1.77,7.0,11.0,2.0,5.0,2.0,2.0
2013-01-25,Valenciennes,Lyon,0.0,2.0,3.1,3.2,2.3,2.05,1.76,9.0,11.0,3.0,5.0,8.0,3.0
2013-01-26,Evian Thonon Gaillard,Ajaccio,1.0,1.0,2.0,3.2,4.0,2.14,1.69,15.0,10.0,5.0,3.0,9.0,3.0
2013-01-26,Montpellier,Sochaux,2.0,0.0,1.44,4.0,8.0,1.99,1.81,10.0,7.0,5.0,2.0,6.0,3.0
2013-01-26,Nancy,Lorient,2.0,1.0,2.63,3.0,2.88,2.19,1.65,16.0,9.0,5.0,4.0,5.0,8.0
2013-01-26,Reims,Toulouse,1.0,1.0,3.2,3.0,2.38,2.46,1.5,11.0,17.0,6.0,5.0,9.0,2.0
2013-01-26,Rennes,Marseille,2.0,2.0,2.6,3.1,2.8,2.28,1.58,16.0,16.0,4.0,4.0,4.0,4.0
2013-01-26,Troyes,Brest,2.0,1.0,2.0,3.2,4.0,2.24,1.6,13.0,10.0,4.0,4.0,3.0,4.0
2013-01-27,Nice,Bordeaux,0.0,1.0,2.38,3.0,3.2,2.48,1.5,8.0,15.0,3.0,4.0,2.0,4.0
2013-01-27,Paris SG,Lille,1.0,0.0,1.5,4.0,7.0,1.94,1.85,7.0,13.0,2.0,2.0,4.0,4.0
2013-01-27,St Etienne,Bastia,3.0,0.0,1.53,3.8,6.5,1.87,1.92,24.0,9.0,9.0,3.0,10.0,5.0
2013-02-01,Toulouse,Paris SG,0.0,4.0,5.0,3.25,1.8,2.08,1.73,10.0,15.0,3.0,10.0,4.0,5.0
2013-02-02,Bastia,Evian Thonon Gaillard,0.0,0.0,2.75,3.1,2.63,1.87,1.92,12.0,9.0,4.0,1.0,5.0,2.0
2013-02-02,Bordeaux,Valenciennes,2.0,0.0,1.75,3.4,5.0,2.24,1.6,19.0,9.0,7.0,5.0,4.0,3.0
2013-02-02,Brest,Nice,0.0,2.0,3.4,3.0,2.3,2.21,1.63,12.0,12.0,2.0,5.0,1.0,2.0
2013-02-02,Lille,Troyes,1.0,1.0,1.4,4.5,8.0,1.8,2.0,18.0,9.0,7.0,1.0,10.0,5.0
2013-02-02,Lorient,Rennes,2.0,2.0,2.4,3.2,3.0,2.05,1.76,17.0,11.0,6.0,5.0,11.0,4.0
2013-02-02,Sochaux,St Etienne,1.0,2.0,3.6,3.1,2.15,2.28,1.58,8.0,9.0,2.0,7.0,8.0,1.0
2013-02-03,Ajaccio,Lyon,3.0,1.0,3.75,3.3,2.0,2.15,1.69,5.0,17.0,4.0,4.0,3.0,8.0
2013-02-03,Marseille,Nancy,0.0,1.0,1.44,4.2,7.5,1.82,1.98,10.0,10.0,2.0,5.0,5.0,3.0
2013-02-03,Montpellier,Reims,3.0,1.0,1.44,4.1,8.0,1.96,1.83,22.0,11.0,9.0,4.0,12.0,5.0
2013-02-08,Paris SG,Bastia,3.0,1.0,1.17,7.0,15.0,1.46,2.6,22.0,6.0,6.0,1.0,6.0,1.0
2013-02-09,Ajaccio,Bordeaux,1.0,0.0,3.2,3.0,2.4,2.5,1.49,7.0,17.0,2.0,6.0,3.0,9.0
2013-02-09,Nancy,Reims,1.0,2.0,1.91,3.3,4.2,2.18,1.64,14.0,11.0,6.0,6.0,3.0,6.0
2013-02-09,Nice,Lorient,1.0,1.0,2.0,3.2,4.0,2.02,1.78,12.0,9.0,6.0,4.0,4.0,2.0
2013-02-09,St Etienne,Montpellier,4.0,1.0,2.0,3.2,4.0,2.13,1.7,9.0,7.0,7.0,4.0,3.0,10.0
2013-02-09,Troyes,Sochaux,0.0,0.0,1.95,3.2,4.2,2.15,1.65,12.0,14.0,3.0,5.0,4.0,7.0
2013-02-09,Valenciennes,Brest,2.0,1.0,1.62,3.75,5.5,2.01,1.78,16.0,12.0,7.0,6.0,7.0,3.0
2013-02-10,Evian Thonon Gaillard,Marseille,1.0,1.0,3.5,3.2,2.15,2.03,1.77,17.0,14.0,5.0,3.0,7.0,7.0
2013-02-10,Lyon,Lille,1.0,3.0,2.0,3.3,3.8,2.03,1.77,12.0,13.0,5.0,4.0,6.0,5.0
2013-02-10,Rennes,Toulouse,2.0,0.0,2.1,3.2,3.6,2.18,1.62,12.0,5.0,7.0,1.0,1.0,6.0
2013-02-15,Lille,Rennes,2.0,0.0,1.91,3.2,4.5,2.11,1.71,14.0,10.0,4.0,2.0,7.0,2.0
2013-02-16,Bastia,Nice,0.0,1.0,2.5,3.1,2.9,2.06,1.75,7.0,10.0,2.0,4.0,5.0,2.0
2013-02-16,Brest,Ajaccio,1.0,1.0,2.5,3.0,3.0,2.26,1.59,9.0,7.0,5.0,4.0,2.0,3.0
2013-02-16,Lorient,Evian Thonon Gaillard,2.0,1.0,1.83,3.4,4.5,1.89,1.9,12.0,7.0,7.0,3.0,9.0,3.0
2013-02-16,Marseille,Valenciennes,1.0,0.0,1.57,3.8,6.0,1.92,1.87,12.0,3.0,2.0,1.0,10.0,3.0
2013-02-16,Montpellier,Nancy,1.0,0.0,1.5,4.0,7.0,1.82,1.97,10.0,13.0,6.0,6.0,4.0,3.0
2013-02-16,Toulouse,Troyes,2.0,2.0,1.73,3.5,5.0,2.0,1.79,8.0,8.0,2.0,4.0,9.0,2.0
2013-02-17,Bordeaux,Lyon,0.0,4.0,2.3,3.0,3.4,2.41,1.51,7.0,8.0,2.0,5.0,7.0,1.0
2013-02-17,Reims,St Etienne,1.0,1.0,4.0,3.1,2.05,2.41,1.52,10.0,8.0,5.0,5.0,19.0,6.0
2013-02-17,Sochaux,Paris SG,3.0,2.0,7.5,4.2,1.44,1.93,1.86,8.0,6.0,4.0,3.0,1.0,4.0
2013-02-22,Nice,Reims,2.0,0.0,1.62,3.6,6.0,2.1,1.72,12.0,5.0,8.0,0.0,3.0,2.0
2013-02-23,Ajaccio,Lille,1.0,3.0,3.5,3.1,2.2,2.24,1.61,15.0,7.0,5.0,5.0,9.0,3.0
2013-02-23,Evian Thonon Gaillard,Montpellier,0.0,1.0,2.9,3.1,2.5,2.11,1.71,13.0,15.0,3.0,5.0,2.0,6.0
2013-02-23,Nancy,St Etienne,0.0,3.0,3.5,3.1,2.2,2.14,1.69,11.0,12.0,2.0,5.0,0.0,6.0
2013-02-23,Rennes,Sochaux,2.0,2.0,1.62,3.6,6.0,2.03,1.77,13.0,13.0,7.0,7.0,3.0,4.0
2013-02-23,Troyes,Bastia,0.0,0.0,2.0,3.25,3.9,2.02,1.78,10.0,17.0,5.0,2.0,4.0,13.0
2013-02-23,Valenciennes,Toulouse,0.0,0.0,2.3,3.1,3.3,2.13,1.68,9.0,10.0,0.0,5.0,3.0,1.0
2013-02-24,Bordeaux,Brest,0.0,2.0,1.44,4.0,8.0,2.16,1.67,16.0,8.0,4.0,3.0,8.0,5.0
2013-02-24,Lyon,Lorient,3.0,1.0,1.67,3.5,5.5,1.86,1.93,14.0,9.0,7.0,3.0,4.0,3.0
2013-02-24,Paris SG,Marseille,2.0,0.0,1.5,3.8,7.5,1.93,1.86,11.0,17.0,2.0,7.0,2.0,6.0
2013-03-01,Montpellier,Rennes,2.0,0.0,2.0,3.2,4.0,2.12,1.7,13.0,7.0,2.0,1.0,4.0,6.0
2013-03-02,Bastia,Ajaccio,1.0,0.0,2.25,3.2,3.3,2.2,1.62,12.0,10.0,7.0,5.0,8.0,7.0
2013-03-02,Lorient,Valenciennes,1.0,1.0,1.91,3.2,4.33,1.99,1.81,18.0,10.0,5.0,3.0,4.0,6.0
2013-03-02,Reims,Paris SG,1.0,0.0,7.0,4.0,1.5,1.95,1.84,15.0,12.0,5.0,4.0,6.0,4.0
2013-03-02,Sochaux,Nancy,1.0,2.0,2.05,3.2,3.8,2.23,1.61,13.0,12.0,5.0,4.0,7.0,2.0
2013-03-02,St Etienne,Nice,4.0,0.0,1.75,3.4,5.0,2.13,1.69,13.0,1.0,7.0,0.0,4.0,1.0
2013-03-02,Toulouse,Evian Thonon Gaillard,0.0,0.0,1.8,3.4,4.75,2.17,1.67,14.0,9.0,4.0,0.0,12.0,3.0
2013-03-03,Brest,Lyon,1.0,1.0,4.5,3.3,1.85,2.17,1.64,8.0,16.0,1.0,5.0,2.0,7.0
2013-03-03,Lille,Bordeaux,2.0,1.0,1.91,3.1,4.6,2.28,1.59,18.0,8.0,6.0,4.0,7.0,5.0
2013-03-03,Marseille,Troyes,2.0,1.0,1.44,4.1,8.0,1.87,1.91,18.0,10.0,6.0,2.0,10.0,3.0
2013-03-08,Rennes,St Etienne,2.0,2.0,2.75,3.2,2.6,2.19,1.66,16.0,9.0,7.0,4.0,5.0,6.0
2013-03-09,Ajaccio,Lorient,1.0,0.0,2.88,3.0,2.63,2.16,1.65,10.0,11.0,7.0,5.0,8.0,12.0
2013-03-09,Brest,Toulouse,0.0,1.0,2.88,3.0,2.6,2.36,1.55,9.0,8.0,1.0,3.0,2.0,6.0
2013-03-09,Evian Thonon Gaillard,Sochaux,5.0,1.0,2.1,3.2,3.6,2.16,1.65,14.0,7.0,10.0,2.0,6.0,3.0
2013-03-09,Paris SG,Nancy,2.0,1.0,1.18,6.5,15.0,1.53,2.4,10.0,15.0,5.0,5.0,7.0,7.0
2013-03-09,Troyes,Reims,4.0,2.0,2.05,3.2,3.75,2.28,1.58,15.0,13.0,8.0,5.0,6.0,4.0
2013-03-09,Valenciennes,Lille,1.0,3.0,3.4,3.2,2.2,2.1,1.7,5.0,12.0,2.0,7.0,2.0,3.0
2013-03-10,Bordeaux,Bastia,1.0,0.0,1.44,4.0,8.0,2.03,1.77,15.0,4.0,8.0,1.0,5.0,3.0
2013-03-10,Lyon,Marseille,0.0,0.0,2.15,3.3,3.4,2.08,1.73,7.0,9.0,2.0,1.0,8.0,5.0
2013-03-10,Nice,Montpellier,2.0,0.0,2.5,3.1,2.9,2.15,1.66,9.0,10.0,3.0,0.0,1.0,6.0
2013-03-15,Marseille,Ajaccio,0.0,0.0,1.44,4.0,8.0,2.0,1.8,21.0,6.0,3.0,1.0,8.0,1.0
2013-03-16,Bastia,Lyon,4.0,1.0,4.0,3.2,2.0,1.99,1.81,14.0,6.0,6.0,1.0,3.0,3.0
2013-03-16,Lille,Evian Thonon Gaillard,1.0,2.0,1.44,4.1,8.0,1.89,1.91,18.0,3.0,6.0,2.0,6.0,3.0
2013-03-16,Lorient,Brest,4.0,0.0,1.62,3.6,6.0,2.05,1.76,15.0,11.0,8.0,1.0,4.0,4.0
2013-03-16,Montpellier,Troyes,1.0,1.0,1.45,4.0,8.0,1.86,1.94,15.0,4.0,3.0,1.0,8.0,2.0
2013-03-16,Reims,Rennes,1.0,0.0,2.88,3.0,2.63,2.19,1.63,3.0,15.0,1.0,3.0,2.0,1.0
2013-03-16,Sochaux,Valenciennes,1.0,1.0,2.4,3.1,3.1,2.16,1.64,21.0,15.0,7.0,3.0,9.0,6.0
2013-03-17,Nancy,Nice,1.0,0.0,2.9,3.0,2.6,2.31,1.56,19.0,8.0,9.0,2.0,4.0,5.0
2013-03-17,St Etienne,Paris SG,2.0,2.0,3.0,3.0,2.5,2.0,1.8,15.0,7.0,4.0,2.0,9.0,3.0
2013-03-17,Toulouse,Bordeaux,0.0,0.0,2.4,3.0,3.2,2.57,1.47,10.0,7.0,3.0,2.0,6.0,3.0
2013-03-29,Paris SG,Montpellier,1.0,0.0,1.57,3.8,6.0,1.95,1.85,20.0,12.0,5.0,3.0,2.0,4.0
2013-03-30,Ajaccio,Toulouse,2.0,3.0,2.7,2.9,2.88,2.61,1.46,14.0,15.0,4.0,7.0,6.0,5.0
2013-03-30,Bordeaux,Lorient,1.0,1.0,1.85,3.2,4.75,2.23,1.62,19.0,10.0,7.0,3.0,8.0,1.0
2013-03-30,Evian Thonon Gaillard,Reims,2.0,2.0,2.0,3.1,4.2,2.26,1.59,29.0,6.0,9.0,3.0,14.0,4.0
2013-03-30,Rennes,Nancy,0.0,2.0,1.73,3.5,5.0,2.06,1.75,23.0,9.0,5.0,5.0,8.0,4.0
2013-03-30,Troyes,St Etienne,2.0,2.0,3.75,3.25,2.05,2.01,1.8,9.0,20.0,5.0,4.0,4.0,6.0
2013-03-30,Valenciennes,Bastia,3.0,4.0,1.91,3.2,4.5,2.08,1.74,16.0,16.0,10.0,8.0,5.0,5.0
2013-03-31,Brest,Lille,1.0,2.0,4.75,3.3,1.8,2.15,1.68,8.0,14.0,2.0,5.0,2.0,8.0
2013-03-31,Lyon,Sochaux,1.0,2.0,1.5,4.0,7.0,1.78,2.01,20.0,8.0,4.0,6.0,8.0,1.0
2013-03-31,Nice,Marseille,0.0,1.0,2.8,3.0,2.7,2.31,1.57,15.0,11.0,5.0,4.0,7.0,1.0
2013-04-05,Marseille,Bordeaux,1.0,0.0,1.85,3.3,4.5,2.53,1.49,12.0,10.0,3.0,1.0,5.0,5.0
2013-04-06,Bastia,Brest,4.0,0.0,1.85,3.3,4.5,2.06,1.75,15.0,13.0,8.0,3.0,6.0,2.0
2013-04-06,Montpellier,Valenciennes,3.0,1.0,1.57,3.6,6.5,2.07,1.74,18.0,12.0,8.0,4.0,10.0,3.0
2013-04-06,Nancy,Troyes,1.0,0.0,2.05,3.2,3.75,2.1,1.73,17.0,9.0,8.0,3.0,5.0,2.0
2013-04-06,Rennes,Paris SG,0.0,2.0,3.3,3.2,2.25,2.06,1.75,17.0,10.0,2.0,5.0,4.0,6.0
2013-04-06,Sochaux,Ajaccio,0.0,0.0,2.05,3.2,3.8,2.16,1.66,12.0,12.0,6.0,2.0,4.0,2.0
2013-04-06,Toulouse,Nice,3.0,4.0,2.0,3.2,4.0,2.4,1.54,13.0,9.0,5.0,7.0,8.0,4.0
2013-04-07,Lille,Lorient,5.0,0.0,1.67,3.5,5.5,1.85,1.94,16.0,5.0,8.0,3.0,2.0,0.0
2013-04-07,Reims,Lyon,1.0,0.0,3.8,3.3,2.0,2.07,1.74,13.0,6.0,7.0,3.0,9.0,2.0
2013-04-07,St Etienne,Evian Thonon Gaillard,1.0,0.0,1.45,4.1,7.5,1.84,1.96,13.0,8.0,6.0,2.0,9.0,0.0
2013-04-12,Valenciennes,St Etienne,0.0,0.0,4.0,3.3,1.95,1.99,1.82,11.0,10.0,1.0,1.0,4.0,5.0
2013-04-13,Ajaccio,Nancy,1.0,1.0,2.25,3.1,3.4,2.22,1.62,16.0,10.0,5.0,4.0,7.0,3.0
2013-04-13,Bordeaux,Montpellier,4.0,2.0,2.25,3.1,3.4,2.45,1.5,15.0,10.0,6.0,4.0,3.0,3.0
2013-04-13,Brest,Reims,0.0,2.0,2.5,3.1,2.9,2.2,1.62,14.0,8.0,3.0,4.0,6.0,3.0
2013-04-13,Evian Thonon Gaillard,Rennes,4.0,2.0,2.5,3.1,2.9,2.12,1.71,16.0,10.0,7.0,4.0,4.0,3.0
2013-04-13,Lorient,Bastia,4.0,1.0,1.95,3.3,4.0,1.84,1.96,20.0,10.0,10.0,2.0,6.0,4.0
2013-04-13,Troyes,Paris SG,0.0,1.0,5.5,3.8,1.62,1.92,1.88,11.0,12.0,6.0,5.0,3.0,2.0
2013-04-14,Lille,Marseille,0.0,0.0,2.0,3.2,4.0,2.14,1.7,16.0,6.0,7.0,3.0,7.0,2.0
2013-04-14,Lyon,Toulouse,3.0,1.0,1.91,3.3,4.2,2.07,1.75,10.0,9.0,3.0,1.0,8.0,2.0
2013-04-14,Nice,Sochaux,3.0,0.0,1.83,3.2,5.0,2.11,1.72,18.0,5.0,6.0,0.0,7.0,1.0
2013-04-19,Montpellier,Lyon,1.0,2.0,2.3,3.25,3.1,2.05,1.76,13.0,13.0,4.0,4.0,4.0,5.0
2013-04-20,Marseille,Brest,1.0,0.0,1.36,4.5,9.0,2.02,1.78,9.0,10.0,2.0,2.0,6.0,4.0
2013-04-21,Bastia,Lille,1.0,2.0,3.4,3.2,2.2,1.86,1.94,6.0,19.0,2.0,6.0,1.0,10.0
2013-04-21,Nancy,Evian Thonon Gaillard,3.0,1.0,2.15,3.1,3.6,2.19,1.64,11.0,10.0,7.0,4.0,5.0,2.0
2013-04-21,Paris SG,Nice,3.0,0.0,1.45,4.0,8.0,1.97,1.83,16.0,6.0,8.0,1.0,6.0,3.0
2013-04-21,Reims,Valenciennes,0.0,1.0,2.2,3.1,3.5,2.15,1.69,10.0,15.0,1.0,5.0,7.0,6.0
2013-04-21,Sochaux,Bordeaux,2.0,2.0,3.0,3.0,2.5,2.36,1.55,18.0,23.0,6.0,5.0,6.0,11.0
2013-04-21,Toulouse,Lorient,0.0,1.0,2.0,3.3,3.75,2.05,1.75,14.0,9.0,4.0,2.0,8.0,4.0
2013-04-24,Rennes,Troyes,1.0,2.0,1.83,3.4,4.5,1.95,1.85,10.0,10.0,2.0,6.0,4.0,4.0
2013-04-24,St Etienne,Ajaccio,4.0,2.0,1.44,4.1,8.0,1.99,1.81,19.0,11.0,9.0,5.0,10.0,6.0
2013-04-26,Lille,Sochaux,3.0,3.0,1.33,4.75,9.5,1.8,2.01,23.0,6.0,9.0,4.0,7.0,0.0
2013-04-27,Ajaccio,Montpellier,2.0,1.0,3.1,3.1,2.4,2.17,1.68,14.0,7.0,4.0,2.0,5.0,4.0
2013-04-27,Bastia,Toulouse,0.0,0.0,2.55,3.1,2.88,1.94,1.86,15.0,11.0,2.0,2.0,5.0,4.0
2013-04-27,Bordeaux,Reims,0.0,0.0,1.67,3.5,5.5,2.13,1.7,11.0,6.0,3.0,0.0,10.0,4.0
2013-04-27,Brest,Rennes,0.0,2.0,2.8,3.0,2.7,2.17,1.64,17.0,7.0,5.0,4.0,10.0,3.0
2013-04-27,Lorient,Marseille,0.0,1.0,3.1,3.1,2.4,2.08,1.74,12.0,6.0,3.0,4.0,4.0,7.0
2013-04-27,Valenciennes,Nancy,0.0,0.0,2.25,3.1,3.4,2.15,1.69,18.0,9.0,4.0,4.0,4.0,2.0
2013-04-28,Evian Thonon Gaillard,Paris SG,0.0,1.0,4.75,3.75,1.7,1.85,1.96,14.0,10.0,3.0,5.0,6.0,4.0
2013-04-28,Lyon,St Etienne,1.0,1.0,2.3,3.1,3.3,2.04,1.77,13.0,13.0,3.0,4.0,4.0,6.0
2013-04-28,Nice,Troyes,3.0,1.0,1.8,3.3,5.0,2.02,1.78,17.0,11.0,4.0,3.0,7.0,4.0
2013-05-03,St Etienne,Bordeaux,0.0,0.0,1.53,3.8,6.5,2.0,1.81,15.0,4.0,5.0,0.0,10.0,0.0
2013-05-04,Marseille,Bastia,2.0,1.0,1.53,4.0,6.0,1.78,2.03,16.0,6.0,8.0,3.0,13.0,4.0
2013-05-04,Montpellier,Brest,2.0,1.0,1.45,4.2,7.5,1.93,1.87,8.0,11.0,4.0,2.0,8.0,4.0
2013-05-04,Reims,Ajaccio,1.0,1.0,2.2,3.0,3.5,2.3,1.58,15.0,9.0,8.0,4.0,8.0,8.0
2013-05-04,Sochaux,Lorient,1.0,0.0,2.0,3.2,4.0,1.91,1.89,8.0,13.0,3.0,7.0,5.0,5.0
2013-05-04,Toulouse,Lille,4.0,2.0,3.75,3.4,2.0,2.05,1.76,14.0,11.0,9.0,8.0,3.0,6.0
2013-05-04,Troyes,Evian Thonon Gaillard,1.0,0.0,2.38,3.2,3.0,1.96,1.84,9.0,10.0,3.0,3.0,3.0,3.0
2013-05-05,Nancy,Lyon,0.0,3.0,2.8,3.1,2.6,2.15,1.69,15.0,17.0,3.0,5.0,8.0,6.0
2013-05-05,Paris SG,Valenciennes,1.0,1.0,1.2,6.5,12.0,1.6,2.21,19.0,17.0,4.0,6.0,14.0,5.0
2013-05-05,Rennes,Nice,0.0,3.0,2.6,3.1,2.8,2.12,1.71,12.0,9.0,2.0,5.0,1.0,4.0
2013-05-10,Lille,Reims,3.0,0.0,1.36,4.5,9.5,1.7,2.12,19.0,14.0,4.0,1.0,5.0,7.0
2013-05-11,Ajaccio,Troyes,0.0,1.0,2.25,3.1,3.4,2.11,1.71,16.0,9.0,3.0,2.0,4.0,5.0
2013-05-11,Bastia,Montpellier,3.0,1.0,2.3,3.1,3.25,1.84,1.94,12.0,11.0,4.0,5.0,7.0,5.0
2013-05-11,Bordeaux,Nancy,3.0,2.0,2.2,3.1,3.5,2.13,1.69,24.0,9.0,12.0,3.0,7.0,4.0
2013-05-11,Brest,Sochaux,0.0,2.0,2.7,3.1,2.7,2.11,1.71,12.0,13.0,4.0,7.0,6.0,10.0
2013-05-11,Marseille,Toulouse,2.0,1.0,1.73,3.4,5.25,2.11,1.7,14.0,7.0,4.0,4.0,4.0,2.0
2013-05-11,Valenciennes,Rennes,4.0,1.0,2.15,3.1,3.6,2.11,1.69,13.0,10.0,6.0,4.0,3.0,3.0
2013-05-12,Evian Thonon Gaillard,Nice,4.0,0.0,2.55,3.1,2.88,2.07,1.74,16.0,9.0,8.0,3.0,2.0,11.0
2013-05-12,Lorient,St Etienne,3.0,1.0,3.6,3.25,2.1,2.04,1.76,11.0,11.0,6.0,4.0,7.0,8.0
2013-05-12,Lyon,Paris SG,0.0,1.0,3.4,3.25,2.15,1.96,1.83,14.0,11.0,2.0,6.0,3.0,4.0
2013-05-18,Evian Thonon Gaillard,Valenciennes,2.0,0.0,1.67,3.75,5.0,1.81,1.97,12.0,10.0,5.0,2.0,6.0,7.0
2013-05-18,Montpellier,Lille,0.0,0.0,3.75,3.5,1.95,1.74,2.06,14.0,12.0,1.0,3.0,5.0,5.0
2013-05-18,Nancy,Bastia,1.0,2.0,1.6,3.75,6.0,1.71,2.1,16.0,12.0,6.0,6.0,9.0,0.0
2013-05-18,Paris SG,Brest,3.0,1.0,1.14,7.5,19.0,1.44,2.62,11.0,22.0,5.0,8.0,3.0,4.0
2013-05-18,Reims,Lorient,1.0,0.0,2.05,3.2,3.8,1.97,1.82,14.0,9.0,6.0,1.0,8.0,3.0
2013-05-18,Rennes,Ajaccio,1.0,1.0,2.38,3.2,3.0,2.03,1.77,7.0,8.0,1.0,4.0,3.0,1.0
2013-05-18,Sochaux,Toulouse,1.0,2.0,2.1,3.1,3.8,2.05,1.76,13.0,11.0,4.0,5.0,9.0,3.0
2013-05-18,St Etienne,Marseille,2.0,0.0,1.8,3.6,4.33,1.93,1.86,12.0,10.0,6.0,3.0,3.0,7.0
2013-05-18,Troyes,Bordeaux,1.0,0.0,2.0,3.4,3.7,1.87,1.92,13.0,10.0,4.0,1.0,3.0,5.0
2013-05-19,Nice,Lyon,1.0,1.0,2.5,3.1,2.9,1.97,1.82,12.0,14.0,1.0,6.0,2.0,2.0
2013-05-26,Ajaccio,Nice,0.0,2.0,3.5,3.3,2.1,1.92,1.87,5.0,5.0,3.0,3.0,4.0,0.0
2013-05-26,Bastia,Sochaux,0.0,0.0,3.0,2.4,2.88,1.8,1.99,10.0,6.0,2.0,1.0,5.0,2.0
2013-05-26,Bordeaux,Evian Thonon Gaillard,2.0,1.0,1.95,3.3,4.0,1.9,1.89,16.0,9.0,3.0,3.0,3.0,2.0
2013-05-26,Brest,Nancy,1.0,2.0,2.6,3.1,2.8,1.9,1.88,14.0,10.0,3.0,4.0,7.0,5.0
2013-05-26,Lille,St Etienne,1.0,1.0,1.91,3.4,4.0,1.79,2.0,19.0,6.0,4.0,2.0,5.0,3.0
2013-05-26,Lorient,Paris SG,1.0,3.0,4.33,3.4,1.85,1.76,2.04,14.0,10.0,5.0,4.0,12.0,1.0
2013-05-26,Lyon,Rennes,2.0,0.0,1.33,5.0,9.0,1.45,2.65,9.0,14.0,5.0,8.0,1.0,3.0
2013-05-26,Marseille,Reims,0.0,0.0,1.57,3.8,6.0,1.77,2.03,21.0,4.0,7.0,0.0,10.0,5.0
2013-05-26,Toulouse,Montpellier,2.0,0.0,2.38,3.1,3.1,1.82,1.97,16.0,19.0,9.0,4.0,3.0,9.0
2013-05-26,Valenciennes,Troyes,2.0,1.0,2.63,3.5,2.5,1.81,1.98,14.0,7.0,4.0,5.0,6.0,3.0
2013-08-09,Montpellier,Paris SG,1.0,1.0,4.75,3.5,1.75,2.1,1.71,6.0,12.0,1.0,4.0,1.0,8.0
2013-08-10,Bordeaux,Monaco,0.0,2.0,3.0,3.0,2.5,2.25,1.58,11.0,13.0,2.0,6.0,3.0,7.0
2013-08-10,Evian Thonon Gaillard,Sochaux,1.0,1.0,2.15,3.1,3.6,2.19,1.59,15.0,9.0,8.0,6.0,5.0,5.0
2013-08-10,Lille,Lorient,1.0,0.0,1.62,3.6,6.0,2.09,1.72,6.0,6.0,3.0,3.0,4.0,3.0
2013-08-10,Lyon,Nice,4.0,0.0,1.73,3.5,5.0,2.02,1.78,12.0,11.0,6.0,5.0,2.0,5.0
2013-08-10,Nantes,Bastia,2.0,0.0,2.25,3.1,3.4,2.17,1.66,7.0,9.0,3.0,0.0,2.0,2.0
2013-08-10,Rennes,Reims,2.0,1.0,1.7,3.4,5.5,2.14,1.7,13.0,15.0,6.0,5.0,4.0,8.0
2013-08-10,Valenciennes,Toulouse,3.0,0.0,2.5,3.1,2.9,2.25,1.57,19.0,2.0,7.0,1.0,6.0,0.0
2013-08-11,Ajaccio,St Etienne,0.0,1.0,3.4,3.2,2.2,2.26,1.57,7.0,8.0,1.0,2.0,1.0,3.0
2013-08-11,Guingamp,Marseille,1.0,3.0,3.4,3.2,2.2,2.25,1.59,13.0,16.0,5.0,7.0,9.0,3.0
2013-08-16,Sochaux,Lyon,1.0,3.0,3.6,3.2,2.1,2.11,1.72,11.0,15.0,8.0,8.0,8.0,5.0
2013-08-17,Bastia,Valenciennes,2.0,0.0,2.1,3.3,3.5,1.97,1.82,9.0,7.0,2.0,3.0,6.0,4.0
2013-08-17,Marseille,Evian Thonon Gaillard,2.0,0.0,1.4,4.5,8.0,1.97,1.83,8.0,16.0,3.0,4.0,3.0,8.0
2013-08-17,Nice,Rennes,2.0,1.0,2.3,3.2,3.2,2.17,1.67,15.0,4.0,5.0,3.0,5.0,0.0
2013-08-17,Reims,Lille,2.0,1.0,3.6,3.2,2.1,2.27,1.56,10.0,15.0,3.0,3.0,3.0,7.0
2013-08-17,St Etienne,Guingamp,1.0,0.0,1.44,4.0,8.0,2.1,1.72,9.0,5.0,1.0,2.0,6.0,4.0
2013-08-17,Toulouse,Bordeaux,1.0,1.0,2.38,3.0,3.25,2.41,1.52,12.0,8.0,6.0,4.0,6.0,2.0
2013-08-18,Lorient,Nantes,2.0,1.0,2.15,3.2,3.5,2.18,1.65,14.0,8.0,8.0,3.0,10.0,3.0
2013-08-18,Monaco,Montpellier,4.0,1.0,1.53,3.8,6.5,2.05,1.76,13.0,5.0,7.0,3.0,9.0,1.0
2013-08-18,Paris SG,Ajaccio,1.0,1.0,1.2,6.5,13.0,1.54,2.37,37.0,1.0,15.0,1.0,12.0,1.0
2013-08-23,Monaco,Toulouse,0.0,0.0,1.36,4.5,9.0,1.8,2.01,21.0,3.0,5.0,0.0,4.0,1.0
2013-08-24,Bordeaux,Bastia,1.0,0.0,1.7,3.6,5.0,2.22,1.63,12.0,4.0,5.0,2.0,2.0,4.0
2013-08-24,Evian Thonon Gaillard,Rennes,1.0,2.0,2.38,3.1,3.1,2.14,1.68,17.0,11.0,5.0,4.0,3.0,5.0
2013-08-24,Guingamp,Lorient,2.0,0.0,2.3,3.1,3.2,2.18,1.64,10.0,11.0,3.0,5.0,6.0,5.0
2013-08-24,Lyon,Reims,0.0,1.0,1.53,4.0,6.0,2.03,1.78,19.0,6.0,5.0,2.0,7.0,1.0
2013-08-24,Montpellier,Sochaux,2.0,1.0,1.73,3.5,5.0,2.12,1.71,12.0,9.0,4.0,1.0,1.0,3.0
2013-08-24,Valenciennes,Marseille,0.0,1.0,3.5,3.3,2.1,2.25,1.61,7.0,18.0,2.0,6.0,6.0,11.0
2013-08-25,Ajaccio,Nice,0.0,0.0,2.5,3.1,2.9,2.28,1.57,5.0,10.0,2.0,2.0,5.0,3.0
2013-08-25,Lille,St Etienne,1.0,0.0,1.95,3.25,4.2,2.21,1.61,12.0,6.0,5.0,2.0,4.0,2.0
2013-08-25,Nantes,Paris SG,1.0,2.0,6.0,3.8,1.57,2.01,1.79,13.0,13.0,3.0,6.0,8.0,6.0
2013-08-31,Bastia,Toulouse,2.0,1.0,2.5,3.2,2.88,2.19,1.66,7.0,9.0,4.0,3.0,4.0,3.0
2013-08-31,Evian Thonon Gaillard,Lyon,2.0,1.0,3.25,3.2,2.25,2.07,1.74,15.0,6.0,5.0,2.0,3.0,10.0
2013-08-31,Lorient,Valenciennes,1.0,0.0,1.91,3.4,4.0,2.1,1.72,15.0,8.0,3.0,1.0,6.0,5.0
2013-08-31,Paris SG,Guingamp,2.0,0.0,1.18,6.5,16.0,1.54,2.38,25.0,7.0,7.0,1.0,13.0,1.0
2013-08-31,Reims,Nantes,0.0,0.0,2.25,3.1,3.4,2.25,1.57,7.0,9.0,2.0,2.0,4.0,0.0
2013-08-31,Rennes,Lille,0.0,0.0,2.88,3.1,2.55,2.16,1.64,11.0,10.0,2.0,1.0,2.0,2.0
2013-08-31,Sochaux,Ajaccio,0.0,0.0,2.0,3.2,4.0,2.21,1.65,17.0,9.0,5.0,2.0,5.0,2.0
2013-09-01,Marseille,Monaco,1.0,2.0,2.4,3.1,3.1,2.15,1.63,10.0,12.0,2.0,4.0,6.0,10.0
2013-09-01,Nice,Montpellier,2.0,2.0,2.0,3.25,3.8,2.23,1.62,12.0,5.0,4.0,3.0,4.0,2.0
2013-09-01,St Etienne,Bordeaux,2.0,1.0,2.0,3.3,3.8,2.28,1.58,12.0,13.0,5.0,5.0,4.0,4.0
2013-09-13,Bordeaux,Paris SG,0.0,2.0,4.33,3.25,1.91,2.27,1.62,6.0,14.0,1.0,7.0,1.0,5.0
2013-09-14,Ajaccio,Evian Thonon Gaillard,2.0,3.0,2.7,3.0,2.8,2.22,1.64,18.0,12.0,8.0,5.0,7.0,5.0
2013-09-14,Guingamp,Bastia,1.0,1.0,2.05,3.25,3.75,2.02,1.77,7.0,11.0,5.0,1.0,1.0,1.0
2013-09-14,Montpellier,Reims,0.0,0.0,1.83,3.25,4.75,2.19,1.65,16.0,9.0,3.0,3.0,4.0,3.0
2013-09-14,Nantes,Sochaux,1.0,0.0,1.91,3.25,4.33,2.14,1.69,11.0,1.0,5.0,0.0,3.0,2.0
2013-09-14,Toulouse,Marseille,1.0,1.0,2.88,3.0,2.6,2.29,1.57,20.0,15.0,4.0,8.0,6.0,5.0
2013-09-14,Valenciennes,St Etienne,1.0,3.0,3.4,3.1,2.25,2.19,1.63,10.0,10.0,3.0,4.0,5.0,0.0
2013-09-15,Lille,Nice,0.0,2.0,1.7,3.4,5.5,2.16,1.68,22.0,5.0,9.0,4.0,10.0,2.0
2013-09-15,Lyon,Rennes,0.0,0.0,1.91,3.3,4.2,1.91,1.87,18.0,5.0,6.0,3.0,8.0,2.0
2013-09-15,Monaco,Lorient,1.0,0.0,1.4,4.5,8.0,1.83,1.96,11.0,6.0,3.0,0.0,2.0,1.0
2013-09-20,St Etienne,Toulouse,1.0,2.0,1.8,3.25,5.0,2.22,1.64,18.0,11.0,3.0,6.0,4.0,5.0
2013-09-21,Bastia,Marseille,0.0,0.0,3.3,3.1,2.3,2.18,1.67,12.0,11.0,5.0,1.0,4.0,4.0
2013-09-21,Evian Thonon Gaillard,Montpellier,2.0,2.0,2.2,3.3,3.25,2.01,1.79,12.0,8.0,5.0,3.0,3.0,1.0
2013-09-21,Reims,Guingamp,1.0,1.0,2.1,3.2,3.6,2.3,1.56,15.0,15.0,3.0,4.0,7.0,6.0
2013-09-21,Rennes,Ajaccio,2.0,0.0,1.73,3.4,5.25,2.17,1.67,14.0,17.0,7.0,2.0,6.0,6.0
2013-09-21,Sochaux,Lille,0.0,2.0,3.75,3.25,2.05,2.21,1.63,14.0,15.0,6.0,8.0,4.0,4.0
2013-09-22,Lorient,Bordeaux,3.0,3.0,2.63,3.1,2.75,2.22,1.62,16.0,11.0,10.0,3.0,3.0,4.0
2013-09-22,Lyon,Nantes,3.0,1.0,1.75,3.4,5.0,2.13,1.7,11.0,9.0,5.0,2.0,6.0,4.0
2013-09-22,Nice,Valenciennes,4.0,0.0,1.73,3.5,5.0,2.15,1.68,10.0,8.0,5.0,1.0,4.0,3.0
2013-09-22,Paris SG,Monaco,1.0,1.0,1.8,3.5,4.5,2.13,1.7,18.0,15.0,2.0,4.0,6.0,2.0
2013-09-24,Lille,Evian Thonon Gaillard,3.0,0.0,1.53,3.8,6.5,2.01,1.79,12.0,6.0,5.0,1.0,4.0,2.0
2013-09-24,Marseille,St Etienne,2.0,1.0,2.0,3.2,4.0,2.18,1.66,12.0,11.0,5.0,2.0,8.0,11.0
2013-09-25,Ajaccio,Lyon,2.0,1.0,3.6,3.25,2.1,2.18,1.63,7.0,15.0,3.0,8.0,1.0,6.0
2013-09-25,Bordeaux,Reims,0.0,0.0,1.75,3.5,4.75,2.29,1.58,20.0,9.0,7.0,3.0,15.0,4.0
2013-09-25,Guingamp,Sochaux,5.0,1.0,1.85,3.4,4.33,2.25,1.6,14.0,15.0,7.0,6.0,3.0,2.0
2013-09-25,Monaco,Bastia,3.0,0.0,1.25,5.5,12.0,1.79,2.0,19.0,12.0,9.0,5.0,10.0,5.0
2013-09-25,Nantes,Nice,2.0,0.0,2.15,3.2,3.5,2.28,1.58,16.0,4.0,6.0,0.0,8.0,0.0
2013-09-25,Toulouse,Lorient,1.0,0.0,2.0,3.2,4.0,2.25,1.6,14.0,11.0,4.0,4.0,6.0,3.0
2013-09-25,Valenciennes,Paris SG,0.0,1.0,8.5,4.25,1.4,1.98,1.81,14.0,6.0,3.0,2.0,8.0,4.0
2013-09-26,Montpellier,Rennes,0.0,0.0,2.1,3.1,3.8,2.17,1.64,20.0,8.0,4.0,3.0,7.0,2.0
2013-09-28,Evian Thonon Gaillard,Bordeaux,1.0,1.0,2.5,3.1,2.9,2.19,1.63,11.0,17.0,2.0,7.0,6.0,8.0
2013-09-28,Lorient,Marseille,0.0,2.0,2.88,3.2,2.5,2.17,1.62,15.0,12.0,6.0,4.0,6.0,2.0
2013-09-28,Lyon,Lille,0.0,0.0,2.25,3.2,3.25,2.21,1.61,6.0,14.0,1.0,5.0,1.0,7.0
2013-09-28,Nice,Guingamp,1.0,0.0,1.95,3.25,4.2,2.14,1.66,16.0,10.0,7.0,4.0,10.0,3.0
2013-09-28,Paris SG,Toulouse,2.0,0.0,1.25,5.5,12.0,1.72,2.09,14.0,7.0,4.0,3.0,6.0,2.0
2013-09-28,Sochaux,Valenciennes,2.0,0.0,2.3,3.2,3.1,2.27,1.58,8.0,15.0,5.0,2.0,4.0,12.0
2013-09-28,St Etienne,Bastia,2.0,2.0,1.57,3.75,6.25,2.04,1.76,20.0,4.0,7.0,2.0,5.0,1.0
2013-09-29,Ajaccio,Montpellier,1.0,1.0,3.1,3.25,2.3,2.22,1.61,10.0,12.0,2.0,7.0,6.0,6.0
2013-09-29,Reims,Monaco,1.0,1.0,5.5,3.75,1.62,2.01,1.78,13.0,16.0,3.0,7.0,6.0,7.0
2013-09-29,Rennes,Nantes,1.0,3.0,2.15,3.2,3.5,2.25,1.58,6.0,14.0,4.0,5.0,2.0,4.0
2013-10-04,Bastia,Lorient,4.0,1.0,2.38,3.1,3.1,2.12,1.71,15.0,9.0,10.0,2.0,4.0,6.0
2013-10-05,Guingamp,Rennes,2.0,0.0,2.15,3.1,3.6,2.29,1.58,22.0,6.0,8.0,2.0,9.0,3.0
2013-10-05,Lille,Ajaccio,3.0,0.0,1.33,4.75,10.0,1.96,1.83,18.0,6.0,6.0,1.0,8.0,4.0
2013-10-05,Monaco,St Etienne,2.0,1.0,1.53,3.75,7.0,1.89,1.9,11.0,8.0,6.0,5.0,7.0,0.0
2013-10-05,Nantes,Evian Thonon Gaillard,3.0,0.0,1.83,3.4,4.5,2.17,1.64,7.0,11.0,4.0,2.0,6.0,4.0
2013-10-05,Toulouse,Nice,1.0,0.0,1.95,3.3,4.0,2.26,1.59,8.0,10.0,2.0,3.0,1.0,4.0
2013-10-05,Valenciennes,Reims,1.0,1.0,2.2,3.1,3.5,2.2,1.63,18.0,9.0,11.0,4.0,22.0,4.0
2013-10-06,Bordeaux,Sochaux,4.0,1.0,1.57,3.6,6.5,2.18,1.66,18.0,10.0,7.0,1.0,4.0,4.0
2013-10-06,Marseille,Paris SG,1.0,2.0,4.0,3.4,1.91,2.05,1.76,11.0,4.0,6.0,4.0,6.0,1.0
2013-10-06,Montpellier,Lyon,5.0,1.0,2.3,3.2,3.1,2.24,1.6,15.0,18.0,10.0,4.0,3.0,5.0
2013-10-18,Nice,Marseille,1.0,0.0,2.63,3.1,2.75,2.22,1.64,7.0,19.0,3.0,6.0,2.0,14.0
2013-10-18,Reims,Toulouse,1.0,2.0,2.6,3.1,2.8,2.29,1.6,11.0,13.0,5.0,7.0,4.0,4.0
2013-10-19,Ajaccio,Nantes,0.0,1.0,3.1,3.1,2.38,2.32,1.56,7.0,16.0,3.0,5.0,7.0,6.0
2013-10-19,Evian Thonon Gaillard,Guingamp,1.0,2.0,2.25,3.2,3.25,2.01,1.78,10.0,9.0,2.0,5.0,4.0,6.0
2013-10-19,Montpellier,Lille,0.0,1.0,2.88,3.2,2.5,2.11,1.71,11.0,9.0,4.0,2.0,5.0,4.0
2013-10-19,Paris SG,Bastia,4.0,0.0,1.2,6.0,15.0,1.54,2.37,20.0,11.0,8.0,2.0,6.0,3.0
2013-10-19,Rennes,Valenciennes,2.0,2.0,1.8,3.4,4.75,2.04,1.76,13.0,13.0,5.0,6.0,1.0,8.0
2013-10-20,Lyon,Bordeaux,1.0,1.0,2.1,3.3,3.5,2.12,1.7,18.0,9.0,6.0,1.0,5.0,5.0
2013-10-20,Sochaux,Monaco,2.0,2.0,8.0,4.0,1.44,2.0,1.79,16.0,12.0,7.0,5.0,9.0,3.0
2013-10-20,St Etienne,Lorient,3.0,2.0,1.6,3.75,5.75,1.93,1.86,19.0,11.0,7.0,5.0,4.0,4.0
2013-10-25,Nantes,Lille,0.0,1.0,2.8,3.1,2.63,2.41,1.52,7.0,12.0,2.0,4.0,5.0,1.0
2013-10-26,Bastia,Nice,1.0,0.0,2.38,3.1,3.1,2.19,1.63,9.0,13.0,3.0,4.0,4.0,3.0
2013-10-26,Guingamp,Ajaccio,2.0,1.0,1.75,3.4,5.0,2.21,1.61,17.0,13.0,6.0,4.0,8.0,2.0
2013-10-26,Lorient,Sochaux,2.0,1.0,1.75,3.4,5.0,2.08,1.7,10.0,7.0,6.0,2.0,4.0,3.0
2013-10-26,Marseille,Reims,2.0,3.0,1.57,3.6,6.5,2.13,1.69,16.0,8.0,5.0,4.0,8.0,5.0
2013-10-26,Toulouse,Rennes,0.0,5.0,2.0,3.2,4.0,2.23,1.59,16.0,14.0,2.0,10.0,4.0,2.0
2013-10-26,Valenciennes,Evian Thonon Gaillard,0.0,1.0,2.0,3.3,3.8,2.15,1.67,10.0,5.0,2.0,3.0,7.0,4.0
2013-10-27,Bordeaux,Montpellier,2.0,0.0,2.1,3.2,3.6,2.23,1.6,16.0,5.0,7.0,1.0,6.0,3.0
2013-10-27,Monaco,Lyon,2.0,1.0,1.4,4.33,8.5,1.8,1.97,10.0,7.0,4.0,2.0,2.0,6.0
2013-10-27,St Etienne,Paris SG,2.0,2.0,5.0,3.5,1.73,1.94,1.85,9.0,21.0,3.0,4.0,5.0,7.0
2013-11-01,Paris SG,Lorient,4.0,0.0,1.18,6.5,15.0,1.57,2.3,17.0,9.0,10.0,2.0,6.0,6.0
2013-11-02,Ajaccio,Valenciennes,1.0,3.0,2.5,3.1,2.9,2.39,1.53,13.0,14.0,5.0,5.0,2.0,6.0
2013-11-02,Evian Thonon Gaillard,Toulouse,2.0,1.0,2.6,3.1,2.8,2.18,1.63,14.0,9.0,3.0,4.0,4.0,4.0
2013-11-02,Lyon,Guingamp,2.0,0.0,1.8,3.5,4.5,2.21,1.63,14.0,8.0,7.0,1.0,13.0,5.0
2013-11-02,Reims,Bastia,4.0,2.0,2.1,3.25,3.5,2.23,1.61,15.0,12.0,9.0,8.0,5.0,4.0
2013-11-02,Rennes,Marseille,1.0,1.0,2.5,3.1,2.9,2.12,1.7,11.0,11.0,4.0,3.0,6.0,5.0
2013-11-02,Sochaux,St Etienne,0.0,0.0,4.2,3.25,1.91,2.02,1.77,19.0,7.0,5.0,2.0,9.0,2.0
2013-11-03,Lille,Monaco,2.0,0.0,3.1,3.1,2.4,2.2,1.64,7.0,15.0,3.0,7.0,5.0,8.0
2013-11-03,Montpellier,Nantes,1.0,1.0,2.2,3.1,3.5,2.36,1.55,18.0,5.0,5.0,2.0,6.0,4.0
2013-11-03,Nice,Bordeaux,1.0,2.0,2.38,3.1,3.1,2.34,1.55,8.0,11.0,1.0,4.0,7.0,2.0
2013-11-08,Monaco,Evian Thonon Gaillard,1.0,1.0,1.29,5.0,11.0,1.68,2.15,15.0,9.0,2.0,5.0,12.0,2.0
2013-11-09,Bastia,Rennes,1.0,0.0,2.38,3.2,3.0,2.07,1.73,15.0,10.0,5.0,3.0,9.0,4.0
2013-11-09,Guingamp,Lille,0.0,0.0,3.25,3.1,2.3,2.24,1.6,9.0,13.0,1.0,3.0,4.0,5.0
2013-11-09,Lorient,Reims,0.0,0.0,1.91,3.3,4.2,2.16,1.67,18.0,9.0,3.0,1.0,10.0,4.0
2013-11-09,Paris SG,Nice,3.0,1.0,1.22,5.5,15.0,1.64,2.2,16.0,14.0,6.0,2.0,6.0,10.0
2013-11-09,Toulouse,Ajaccio,1.0,1.0,1.57,3.8,6.0,2.11,1.7,25.0,4.0,7.0,2.0,11.0,0.0
2013-11-09,Valenciennes,Montpellier,1.0,1.0,2.6,3.1,2.8,2.25,1.59,11.0,11.0,3.0,2.0,8.0,7.0
2013-11-10,Bordeaux,Nantes,0.0,3.0,2.15,3.2,3.5,2.4,1.52,16.0,11.0,7.0,4.0,8.0,4.0
2013-11-10,Marseille,Sochaux,2.0,1.0,1.44,4.2,7.5,1.94,1.84,13.0,8.0,4.0,2.0,5.0,4.0
2013-11-10,St Etienne,Lyon,1.0,2.0,2.05,3.2,3.75,2.03,1.77,13.0,9.0,3.0,5.0,6.0,3.0
2013-11-22,Ajaccio,Marseille,1.0,3.0,4.2,3.3,1.91,2.25,1.62,9.0,18.0,3.0,7.0,5.0,2.0
2013-11-23,Evian Thonon Gaillard,Lorient,0.0,4.0,2.1,3.2,3.6,2.11,1.71,6.0,11.0,1.0,5.0,5.0,2.0
2013-11-23,Lyon,Valenciennes,1.0,1.0,1.57,3.8,6.0,1.96,1.83,17.0,13.0,5.0,5.0,4.0,2.0
2013-11-23,Montpellier,Guingamp,1.0,1.0,1.91,3.3,4.2,2.26,1.6,11.0,8.0,3.0,2.0,10.0,4.0
2013-11-23,Reims,Paris SG,0.0,3.0,7.0,4.33,1.44,1.9,1.88,15.0,15.0,5.0,9.0,7.0,1.0
2013-11-23,Rennes,Bordeaux,1.0,1.0,2.4,3.1,3.1,2.12,1.68,16.0,11.0,5.0,6.0,7.0,3.0
2013-11-23,Sochaux,Bastia,1.0,1.0,2.4,3.1,3.1,2.16,1.67,16.0,10.0,4.0,3.0,5.0,5.0
2013-11-24,Lille,Toulouse,1.0,0.0,1.62,3.5,6.25,2.17,1.67,16.0,5.0,1.0,3.0,9.0,5.0
2013-11-24,Nantes,Monaco,0.0,1.0,3.4,3.1,2.25,2.22,1.61,10.0,12.0,3.0,5.0,4.0,5.0
2013-11-24,Nice,St Etienne,0.0,1.0,2.8,3.2,2.55,2.15,1.66,11.0,9.0,2.0,4.0,5.0,3.0
2013-11-29,Marseille,Montpellier,2.0,0.0,1.85,3.3,4.5,2.01,1.78,14.0,7.0,7.0,2.0,9.0,3.0
2013-11-30,Guingamp,Nantes,1.0,0.0,2.5,2.88,3.2,2.47,1.5,11.0,12.0,3.0,3.0,8.0,7.0
2013-11-30,Lorient,Nice,3.0,0.0,2.0,3.1,4.2,2.22,1.6,9.0,16.0,5.0,3.0,2.0,6.0
2013-11-30,Monaco,Rennes,2.0,0.0,1.53,4.0,6.0,1.88,1.9,21.0,9.0,7.0,0.0,8.0,4.0
2013-11-30,St Etienne,Reims,4.0,0.0,1.62,3.75,5.5,2.1,1.71,19.0,9.0,7.0,2.0,8.0,4.0
2013-11-30,Toulouse,Sochaux,5.0,1.0,1.73,3.5,5.0,2.13,1.68,11.0,12.0,6.0,3.0,6.0,4.0
2013-11-30,Valenciennes,Lille,0.0,1.0,3.6,3.2,2.1,2.23,1.6,9.0,9.0,2.0,1.0,10.0,1.0
2013-12-01,Bastia,Evian Thonon Gaillard,2.0,0.0,2.0,3.1,4.2,2.09,1.71,14.0,6.0,6.0,3.0,4.0,5.0
2013-12-01,Bordeaux,Ajaccio,4.0,0.0,1.44,4.0,8.0,2.09,1.71,10.0,6.0,5.0,1.0,3.0,5.0
2013-12-01,Paris SG,Lyon,4.0,0.0,1.36,4.75,8.5,1.63,2.18,13.0,6.0,6.0,1.0,5.0,3.0
2013-12-03,Lille,Marseille,1.0,0.0,2.0,3.25,3.9,2.37,1.53,12.0,11.0,4.0,4.0,9.0,4.0
2013-12-03,Nantes,Valenciennes,2.0,1.0,1.73,3.4,5.25,2.28,1.59,12.0,11.0,6.0,3.0,6.0,4.0
2013-12-03,Nice,Monaco,0.0,3.0,4.75,3.4,1.8,2.14,1.67,6.0,13.0,4.0,5.0,5.0,3.0
2013-12-04,Ajaccio,Bastia,1.0,1.0,3.5,3.1,2.2,2.23,1.6,4.0,15.0,2.0,5.0,1.0,2.0
2013-12-04,Evian Thonon Gaillard,Paris SG,2.0,0.0,8.5,5.0,1.33,1.71,2.09,13.0,17.0,3.0,3.0,6.0,10.0
2013-12-04,Guingamp,Bordeaux,0.0,1.0,2.5,3.0,3.0,2.3,1.57,7.0,9.0,2.0,6.0,7.0,0.0
2013-12-04,Montpellier,Lorient,0.0,2.0,1.91,3.3,4.2,2.23,1.6,13.0,13.0,3.0,4.0,9.0,6.0
2013-12-04,Rennes,St Etienne,3.0,1.0,2.88,3.0,2.6,2.23,1.6,11.0,27.0,5.0,11.0,4.0,10.0
2013-12-04,Sochaux,Reims,0.0,2.0,2.1,3.2,3.6,2.2,1.63,9.0,11.0,2.0,5.0,9.0,3.0
2013-12-05,Lyon,Toulouse,1.0,1.0,1.83,3.2,4.75,2.14,1.68,15.0,7.0,5.0,3.0,7.0,2.0
2013-12-06,Marseille,Nantes,0.0,1.0,1.85,3.3,4.5,2.25,1.61,19.0,10.0,6.0,3.0,10.0,5.0
2013-12-07,Lorient,Rennes,2.0,0.0,2.1,3.2,3.6,2.17,1.64,17.0,5.0,7.0,2.0,6.0,4.0
2013-12-07,Paris SG,Sochaux,5.0,0.0,1.11,8.5,21.0,1.44,2.63,18.0,5.0,8.0,2.0,5.0,5.0
2013-12-07,Reims,Nice,1.0,0.0,2.2,3.2,3.4,2.17,1.65,15.0,13.0,3.0,2.0,4.0,4.0
2013-12-07,Valenciennes,Guingamp,1.0,1.0,2.3,3.1,3.25,2.38,1.53,11.0,12.0,3.0,2.0,8.0,1.0
2013-12-08,Bastia,Lyon,1.0,3.0,2.8,3.1,2.6,2.03,1.75,5.0,8.0,2.0,3.0,0.0,1.0
2013-12-08,Bordeaux,Lille,1.0,0.0,2.7,3.0,2.8,2.44,1.51,10.0,5.0,4.0,1.0,3.0,2.0
2013-12-08,Monaco,Ajaccio,1.0,0.0,1.14,7.0,21.0,1.61,2.22,22.0,5.0,5.0,3.0,10.0,2.0
2013-12-08,Toulouse,Montpellier,1.0,1.0,2.0,3.3,3.8,2.3,1.56,15.0,12.0,4.0,3.0,10.0,3.0
2013-12-13,Montpellier,St Etienne,0.0,1.0,2.4,3.2,3.0,2.07,1.74,5.0,14.0,0.0,3.0,7.0,1.0
2013-12-14,Ajaccio,Lorient,1.0,2.0,3.75,3.2,2.05,2.26,1.59,12.0,10.0,6.0,2.0,5.0,6.0
2013-12-14,Evian Thonon Gaillard,Reims,1.0,1.0,2.1,3.1,3.75,2.28,1.57,16.0,11.0,5.0,5.0,2.0,3.0
2013-12-14,Guingamp,Monaco,0.0,2.0,5.0,3.5,1.73,2.18,1.66,10.0,17.0,3.0,3.0,4.0,7.0
2013-12-14,Nantes,Toulouse,1.0,2.0,2.05,3.1,4.0,2.35,1.54,13.0,11.0,2.0,4.0,8.0,5.0
2013-12-14,Nice,Sochaux,1.0,0.0,1.83,3.25,4.75,2.09,1.72,11.0,8.0,6.0,0.0,8.0,5.0
2013-12-14,Rennes,Paris SG,1.0,3.0,8.5,4.75,1.36,1.71,2.08,6.0,7.0,2.0,5.0,9.0,4.0
2013-12-15,Bordeaux,Valenciennes,2.0,1.0,1.57,3.5,7.0,2.21,1.63,11.0,5.0,4.0,3.0,5.0,2.0
2013-12-15,Lille,Bastia,2.0,1.0,1.44,4.2,7.5,1.88,1.9,17.0,9.0,7.0,4.0,10.0,5.0
2013-12-15,Lyon,Marseille,2.0,2.0,2.0,3.3,3.8,2.23,1.61,15.0,11.0,8.0,5.0,5.0,1.0
2013-12-20,Monaco,Valenciennes,1.0,2.0,1.22,5.75,13.0,1.76,2.03,20.0,5.0,10.0,4.0,13.0,2.0
2013-12-21,Bastia,Montpellier,0.0,0.0,2.5,3.1,2.9,2.11,1.69,13.0,7.0,5.0,2.0,3.0,2.0
2013-12-21,Nice,Evian Thonon Gaillard,3.0,1.0,1.91,3.2,4.33,2.26,1.59,20.0,10.0,7.0,5.0,9.0,3.0
2013-12-21,Reims,Ajaccio,4.0,1.0,1.67,3.5,5.5,2.24,1.6,18.0,15.0,8.0,4.0,7.0,7.0
2013-12-21,Sochaux,Rennes,2.0,1.0,3.0,3.1,2.45,2.13,1.69,7.0,14.0,4.0,5.0,1.0,3.0
2013-12-21,St Etienne,Nantes,2.0,0.0,1.75,3.4,5.0,2.29,1.58,16.0,12.0,6.0,2.0,5.0,7.0
2013-12-21,Toulouse,Guingamp,0.0,0.0,1.75,3.4,5.0,2.34,1.55,13.0,6.0,3.0,1.0,3.0,6.0
2013-12-22,Lorient,Lyon,2.0,2.0,2.5,3.1,2.9,2.1,1.7,7.0,7.0,4.0,3.0,5.0,5.0
2013-12-22,Marseille,Bordeaux,2.0,2.0,1.95,3.25,4.0,2.18,1.64,17.0,10.0,12.0,2.0,5.0,6.0
2013-12-22,Paris SG,Lille,2.0,2.0,1.4,4.5,8.0,1.8,1.98,17.0,6.0,6.0,5.0,11.0,3.0
2014-01-08,St Etienne,Evian Thonon Gaillard,1.0,0.0,1.53,4.0,6.0,1.82,1.94,16.0,11.0,7.0,1.0,5.0,6.0
2014-01-10,Montpellier,Monaco,1.0,1.0,4.6,3.3,1.83,2.23,1.63,8.0,9.0,5.0,4.0,4.0,3.0
2014-01-11,Ajaccio,Paris SG,1.0,2.0,13.0,6.5,1.2,1.62,2.22,6.0,19.0,2.0,8.0,1.0,6.0
2014-01-11,Bordeaux,Toulouse,0.0,1.0,2.0,3.1,4.2,2.31,1.57,11.0,11.0,3.0,2.0,5.0,1.0
2014-01-11,Guingamp,St Etienne,0.0,0.0,3.1,3.1,2.38,2.27,1.58,12.0,9.0,3.0,4.0,5.0,4.0
2014-01-11,Lyon,Sochaux,2.0,0.0,1.4,4.5,8.0,1.78,2.01,18.0,10.0,5.0,2.0,1.0,7.0
2014-01-11,Rennes,Nice,0.0,0.0,2.1,3.1,3.75,2.13,1.66,19.0,6.0,4.0,0.0,5.0,1.0
2014-01-11,Valenciennes,Bastia,3.0,2.0,2.05,3.3,3.6,2.25,1.6,8.0,16.0,3.0,3.0,4.0,4.0
2014-01-12,Evian Thonon Gaillard,Marseille,1.0,2.0,3.6,3.1,2.15,2.14,1.67,14.0,9.0,6.0,4.0,10.0,2.0
2014-01-12,Lille,Reims,1.0,2.0,1.44,4.2,7.5,2.15,1.67,18.0,8.0,5.0,4.0,5.0,2.0
2014-01-12,Nantes,Lorient,1.0,0.0,2.15,3.2,3.5,2.18,1.64,10.0,11.0,4.0,3.0,8.0,8.0
2014-01-17,St Etienne,Lille,2.0,0.0,2.45,3.0,3.1,2.47,1.51,11.0,12.0,5.0,3.0,2.0,7.0
2014-01-18,Bastia,Bordeaux,1.0,0.0,2.75,3.0,2.7,2.22,1.61,11.0,14.0,5.0,4.0,4.0,5.0
2014-01-18,Lorient,Guingamp,2.0,0.0,1.91,3.2,4.33,2.14,1.69,10.0,15.0,3.0,3.0,2.0,5.0
2014-01-18,Nice,Ajaccio,2.0,0.0,1.5,3.75,7.5,2.08,1.73,12.0,14.0,7.0,3.0,5.0,2.0
2014-01-18,Rennes,Evian Thonon Gaillard,0.0,0.0,1.8,3.5,4.5,2.09,1.72,13.0,11.0,5.0,1.0,9.0,4.0
2014-01-18,Sochaux,Montpellier,0.0,2.0,3.0,3.0,2.5,2.27,1.58,6.0,12.0,0.0,4.0,1.0,4.0
2014-01-19,Paris SG,Nantes,5.0,0.0,1.2,6.0,15.0,1.59,2.29,16.0,5.0,10.0,0.0,4.0,3.0
2014-01-19,Reims,Lyon,0.0,2.0,3.3,3.1,2.3,2.11,1.7,11.0,14.0,3.0,7.0,3.0,5.0
2014-01-19,Toulouse,Monaco,0.0,2.0,4.2,3.2,1.95,2.18,1.66,12.0,14.0,4.0,6.0,6.0,6.0
2014-01-24,Lille,Rennes,1.0,1.0,1.57,3.6,6.5,2.2,1.65,21.0,9.0,10.0,3.0,11.0,0.0
2014-01-25,Ajaccio,Sochaux,1.0,1.0,2.25,3.0,3.5,2.29,1.57,6.0,10.0,4.0,3.0,2.0,5.0
2014-01-25,Guingamp,Paris SG,1.0,1.0,9.5,4.5,1.36,1.76,2.02,10.0,14.0,3.0,5.0,6.0,7.0
2014-01-25,Montpellier,Nice,3.0,1.0,1.83,3.4,4.5,2.28,1.58,23.0,4.0,10.0,1.0,6.0,2.0
2014-01-25,Nantes,Reims,0.0,0.0,2.05,3.1,4.0,2.35,1.55,14.0,11.0,4.0,1.0,4.0,2.0
2014-01-25,Valenciennes,Lorient,1.0,1.0,2.5,3.0,3.0,2.22,1.61,13.0,15.0,4.0,4.0,4.0,11.0
2014-01-26,Bordeaux,St Etienne,2.0,0.0,2.4,3.1,3.1,2.46,1.51,6.0,5.0,3.0,2.0,7.0,6.0
2014-01-26,Lyon,Evian Thonon Gaillard,3.0,0.0,1.44,4.0,8.0,1.87,1.9,12.0,9.0,5.0,2.0,3.0,2.0
2014-01-26,Monaco,Marseille,2.0,0.0,1.73,3.5,5.0,2.02,1.76,16.0,12.0,7.0,8.0,3.0,5.0
2014-01-29,Marseille,Valenciennes,2.0,1.0,1.53,3.75,7.0,1.96,1.83,12.0,8.0,3.0,3.0,3.0,9.0
2014-01-31,Paris SG,Bordeaux,2.0,0.0,1.22,6.0,13.0,1.65,2.19,21.0,4.0,4.0,3.0,8.0,2.0
2014-02-01,Bastia,Guingamp,3.0,2.0,2.2,3.2,3.4,2.29,1.59,14.0,9.0,7.0,5.0,7.0,6.0
2014-02-01,Evian Thonon Gaillard,Ajaccio,1.0,1.0,1.73,3.5,5.0,2.12,1.7,15.0,7.0,3.0,2.0,6.0,2.0
2014-02-01,Lorient,Monaco,2.0,2.0,3.6,3.3,2.05,2.12,1.7,15.0,14.0,5.0,6.0,2.0,4.0
2014-02-01,Reims,Montpellier,2.0,4.0,2.5,3.0,3.0,2.32,1.57,11.0,18.0,3.0,8.0,6.0,5.0
2014-02-01,Sochaux,Nantes,1.0,0.0,3.0,3.2,2.4,2.36,1.55,7.0,14.0,3.0,4.0,2.0,10.0
2014-02-01,St Etienne,Valenciennes,3.0,0.0,1.44,4.0,8.5,2.0,1.78,17.0,7.0,6.0,2.0,5.0,4.0
2014-02-02,Marseille,Toulouse,2.0,2.0,1.83,3.4,4.5,2.13,1.69,15.0,7.0,3.0,3.0,2.0,7.0
2014-02-02,Nice,Lille,1.0,0.0,3.2,3.2,2.25,2.29,1.57,6.0,13.0,4.0,3.0,4.0,3.0
2014-02-02,Rennes,Lyon,2.0,0.0,2.9,3.1,2.5,2.1,1.71,8.0,22.0,3.0,2.0,6.0,6.0
2014-02-07,Toulouse,St Etienne,0.0,0.0,2.45,3.0,3.1,2.34,1.58,6.0,9.0,2.0,3.0,4.0,3.0
2014-02-08,Ajaccio,Rennes,3.0,1.0,3.4,3.1,2.25,2.23,1.61,12.0,7.0,7.0,5.0,5.0,6.0
2014-02-08,Guingamp,Reims,1.0,2.0,2.1,3.0,4.0,2.41,1.53,20.0,10.0,5.0,4.0,3.0,3.0
2014-02-08,Lille,Sochaux,2.0,0.0,1.36,4.33,10.0,1.86,1.92,21.0,5.0,12.0,1.0,8.0,3.0
2014-02-08,Marseille,Bastia,3.0,0.0,1.57,3.6,6.5,1.85,1.93,14.0,5.0,5.0,1.0,3.0,1.0
2014-02-08,Montpellier,Evian Thonon Gaillard,1.0,1.0,1.67,3.5,5.75,2.15,1.68,12.0,11.0,4.0,4.0,6.0,3.0
2014-02-08,Valenciennes,Nice,2.0,1.0,2.25,3.0,3.5,2.39,1.54,16.0,7.0,9.0,3.0,10.0,4.0
2014-02-09,Monaco,Paris SG,1.0,1.0,3.4,3.2,2.2,2.05,1.75,16.0,12.0,3.0,6.0,9.0,8.0
2014-02-09,Nantes,Lyon,1.0,2.0,3.0,3.0,2.5,2.21,1.62,8.0,12.0,3.0,6.0,6.0,4.0
2014-02-11,Toulouse,Bastia,1.0,3.0,1.75,3.4,5.0,2.14,1.69,9.0,9.0,2.0,4.0,3.0,3.0
2014-02-14,Paris SG,Valenciennes,3.0,0.0,1.17,7.0,15.0,1.51,2.48,19.0,10.0,7.0,2.0,3.0,6.0
2014-02-15,Bastia,Monaco,0.0,2.0,5.0,3.5,1.73,2.14,1.68,9.0,12.0,2.0,4.0,6.0,3.0
2014-02-15,Lorient,Toulouse,1.0,3.0,2.0,3.2,4.0,2.15,1.66,8.0,14.0,4.0,6.0,9.0,3.0
2014-02-15,Nice,Nantes,0.0,0.0,2.2,3.1,3.5,2.43,1.52,10.0,11.0,2.0,0.0,4.0,3.0
2014-02-15,Reims,Bordeaux,1.0,0.0,2.63,3.1,2.75,2.3,1.58,9.0,18.0,6.0,6.0,4.0,9.0
2014-02-15,Rennes,Montpellier,2.0,2.0,2.5,3.1,2.9,2.31,1.56,12.0,16.0,4.0,5.0,4.0,12.0
2014-02-15,Sochaux,Guingamp,1.0,0.0,2.45,3.0,3.1,2.3,1.57,21.0,15.0,5.0,1.0,12.0,3.0
2014-02-16,Evian Thonon Gaillard,Lille,2.0,2.0,3.8,3.1,2.1,2.37,1.55,7.0,10.0,4.0,5.0,1.0,3.0
2014-02-16,Lyon,Ajaccio,3.0,1.0,1.33,4.75,10.0,1.82,1.95,16.0,10.0,9.0,2.0,7.0,1.0
2014-02-16,St Etienne,Marseille,1.0,1.0,2.0,3.3,3.8,2.16,1.65,16.0,9.0,4.0,2.0,6.0,4.0
2014-02-21,Monaco,Reims,3.0,2.0,1.3,5.0,10.0,1.93,1.85,18.0,6.0,7.0,3.0,6.0,2.0
2014-02-22,Bastia,St Etienne,0.0,2.0,3.5,3.1,2.2,2.3,1.56,8.0,10.0,3.0,5.0,3.0,5.0
2014-02-22,Bordeaux,Evian Thonon Gaillard,2.0,1.0,1.7,3.5,5.25,2.11,1.7,14.0,6.0,5.0,5.0,5.0,5.0
2014-02-22,Guingamp,Nice,1.0,0.0,2.0,3.2,4.0,2.39,1.53,20.0,1.0,6.0,0.0,7.0,4.0
2014-02-22,Marseille,Lorient,1.0,0.0,1.75,3.4,5.0,1.92,1.85,12.0,10.0,5.0,3.0,2.0,6.0
2014-02-22,Montpellier,Ajaccio,2.0,0.0,1.44,4.0,8.0,1.92,1.85,17.0,6.0,7.0,1.0,3.0,1.0
2014-02-22,Valenciennes,Sochaux,2.0,2.0,1.91,3.4,4.0,2.2,1.64,11.0,9.0,5.0,4.0,6.0,2.0
2014-02-23,Lille,Lyon,0.0,0.0,2.05,3.2,3.8,2.22,1.62,16.0,9.0,4.0,5.0,6.0,7.0
2014-02-23,Nantes,Rennes,0.0,3.0,2.2,3.1,3.5,2.34,1.55,5.0,15.0,0.0,6.0,5.0,4.0
2014-02-23,Toulouse,Paris SG,2.0,4.0,7.5,4.2,1.44,1.79,1.99,9.0,13.0,7.0,8.0,2.0,6.0
2014-02-25,Bordeaux,Lorient,3.0,2.0,1.91,3.25,4.33,2.27,1.61,12.0,9.0,7.0,4.0,8.0,4.0
2014-02-28,Evian Thonon Gaillard,Nantes,2.0,0.0,2.2,3.1,3.5,2.5,1.51,6.0,7.0,3.0,2.0,5.0,2.0
2014-03-01,Lorient,Bastia,1.0,1.0,1.75,3.4,5.0,2.0,1.79,17.0,13.0,3.0,4.0,5.0,4.0
2014-03-01,Nice,Toulouse,0.0,2.0,2.4,3.1,3.1,2.33,1.56,6.0,13.0,1.0,6.0,1.0,3.0
2014-03-01,Reims,Valenciennes,3.0,1.0,2.2,3.1,3.5,2.29,1.58,12.0,13.0,6.0,4.0,3.0,5.0
2014-03-01,Rennes,Guingamp,0.0,2.0,1.95,3.2,4.2,2.34,1.56,11.0,14.0,3.0,7.0,11.0,5.0
2014-03-01,Sochaux,Bordeaux,2.0,0.0,3.25,3.0,2.38,2.43,1.52,9.0,17.0,5.0,3.0,3.0,6.0
2014-03-01,St Etienne,Monaco,2.0,0.0,2.7,3.0,2.8,2.34,1.56,12.0,10.0,4.0,4.0,3.0,3.0
2014-03-02,Ajaccio,Lille,2.0,3.0,5.0,3.5,1.73,2.27,1.6,11.0,11.0,3.0,6.0,3.0,2.0
2014-03-02,Lyon,Montpellier,0.0,0.0,1.91,3.3,4.2,2.12,1.7,20.0,6.0,6.0,2.0,8.0,3.0
2014-03-02,Paris SG,Marseille,2.0,0.0,1.33,5.0,9.0,1.73,2.07,11.0,12.0,4.0,3.0,4.0,5.0
2014-03-07,Marseille,Nice,0.0,1.0,1.5,4.0,7.0,2.16,1.67,16.0,5.0,7.0,1.0,3.0,4.0
2014-03-08,Bastia,Paris SG,0.0,3.0,10.0,5.25,1.29,1.71,2.1,12.0,12.0,3.0,8.0,5.0,4.0
2014-03-08,Guingamp,Evian Thonon Gaillard,0.0,1.0,1.85,3.3,4.5,2.32,1.57,15.0,3.0,5.0,2.0,8.0,1.0
2014-03-08,Monaco,Sochaux,2.0,1.0,1.22,6.0,13.0,1.72,2.09,15.0,11.0,4.0,7.0,3.0,6.0
2014-03-08,Nantes,Ajaccio,2.0,2.0,1.57,3.75,6.0,2.13,1.69,20.0,10.0,6.0,3.0,3.0,2.0
2014-03-08,Toulouse,Reims,3.0,2.0,1.85,3.25,4.6,2.24,1.61,17.0,14.0,8.0,2.0,5.0,1.0
2014-03-08,Valenciennes,Rennes,2.0,1.0,2.25,3.1,3.4,2.32,1.56,13.0,13.0,3.0,5.0,1.0,1.0
2014-03-09,Bordeaux,Lyon,1.0,2.0,2.38,3.1,3.1,2.3,1.58,8.0,12.0,3.0,4.0,5.0,5.0
2014-03-09,Lille,Montpellier,2.0,0.0,2.0,3.2,4.0,2.26,1.6,19.0,6.0,7.0,2.0,10.0,3.0
2014-03-09,Lorient,St Etienne,1.0,0.0,2.75,3.2,2.6,2.27,1.58,15.0,9.0,8.0,1.0,10.0,5.0
2014-03-14,Reims,Marseille,1.0,1.0,3.25,3.1,2.3,2.11,1.71,11.0,14.0,4.0,4.0,5.0,5.0
2014-03-15,Ajaccio,Guingamp,1.0,2.0,3.0,2.88,2.63,2.4,1.53,16.0,14.0,3.0,3.0,4.0,7.0
2014-03-15,Evian Thonon Gaillard,Valenciennes,0.0,1.0,2.15,3.1,3.6,2.21,1.61,8.0,11.0,2.0,3.0,2.0,4.0
2014-03-15,Lille,Nantes,0.0,0.0,1.44,4.0,8.0,2.25,1.61,9.0,11.0,2.0,2.0,8.0,4.0
2014-03-15,Nice,Bastia,2.0,0.0,2.15,3.1,3.6,2.25,1.59,11.0,7.0,4.0,0.0,6.0,6.0
2014-03-15,Rennes,Toulouse,2.0,3.0,2.63,3.0,2.88,2.12,1.66,17.0,12.0,6.0,5.0,8.0,6.0
2014-03-15,Sochaux,Lorient,2.0,0.0,2.63,3.1,2.75,2.14,1.67,17.0,15.0,7.0,3.0,4.0,1.0
2014-03-16,Lyon,Monaco,2.0,3.0,2.6,3.0,2.9,2.28,1.59,16.0,11.0,3.0,4.0,7.0,4.0
2014-03-16,Montpellier,Bordeaux,1.0,1.0,2.0,3.1,4.2,2.36,1.54,12.0,10.0,3.0,4.0,2.0,3.0
2014-03-16,Paris SG,St Etienne,2.0,0.0,1.36,4.5,9.5,1.73,2.06,15.0,14.0,4.0,6.0,4.0,6.0
2014-03-21,Lorient,Paris SG,0.0,1.0,8.0,4.4,1.4,1.7,2.12,6.0,11.0,1.0,6.0,5.0,4.0
2014-03-22,Bastia,Reims,2.0,0.0,2.2,3.1,3.5,2.27,1.59,7.0,13.0,3.0,0.0,3.0,6.0
2014-03-22,Bordeaux,Nice,1.0,1.0,1.8,3.4,4.75,2.23,1.62,16.0,8.0,7.0,3.0,5.0,2.0
2014-03-22,Marseille,Rennes,0.0,1.0,1.7,3.6,5.0,1.99,1.78,17.0,9.0,4.0,4.0,6.0,5.0
2014-03-22,Nantes,Montpellier,2.0,1.0,2.8,3.0,2.7,2.44,1.52,11.0,10.0,7.0,2.0,4.0,9.0
2014-03-22,Toulouse,Evian Thonon Gaillard,1.0,1.0,1.73,3.5,5.0,2.09,1.71,13.0,10.0,4.0,2.0,2.0,3.0
2014-03-22,Valenciennes,Ajaccio,2.0,3.0,1.57,3.6,6.5,2.01,1.77,13.0,6.0,3.0,3.0,9.0,4.0
2014-03-23,Guingamp,Lyon,0.0,1.0,2.7,3.0,2.75,2.3,1.58,12.0,10.0,4.0,4.0,10.0,11.0
2014-03-23,Monaco,Lille,1.0,1.0,1.85,3.4,4.33,2.13,1.69,6.0,8.0,2.0,4.0,4.0,4.0
2014-03-23,St Etienne,Sochaux,3.0,1.0,1.5,4.0,7.0,1.94,1.84,22.0,11.0,11.0,2.0,8.0,3.0
2014-03-28,Nice,Paris SG,0.0,1.0,8.5,4.6,1.36,1.84,1.94,9.0,16.0,4.0,5.0,3.0,4.0
2014-03-29,Ajaccio,Toulouse,2.0,2.0,3.9,3.4,1.95,2.02,1.76,14.0,18.0,4.0,11.0,2.0,3.0
2014-03-29,Evian Thonon Gaillard,Monaco,1.0,0.0,4.2,3.2,1.95,2.26,1.6,14.0,11.0,5.0,1.0,1.0,6.0
2014-03-29,Montpellier,Valenciennes,0.0,0.0,1.85,3.4,4.33,2.13,1.68,18.0,3.0,5.0,0.0,9.0,0.0
2014-03-29,Nantes,Bordeaux,0.0,0.0,2.5,3.1,2.9,2.49,1.5,9.0,10.0,3.0,0.0,4.0,8.0
2014-03-29,Reims,Lorient,1.0,1.0,2.38,3.1,3.1,2.15,1.67,13.0,9.0,3.0,4.0,0.0,4.0
2014-03-29,Sochaux,Marseille,1.0,1.0,3.4,3.2,2.2,2.19,1.64,7.0,15.0,2.0,7.0,5.0,6.0
2014-03-30,Lille,Guingamp,1.0,0.0,1.62,3.6,6.0,2.31,1.57,17.0,11.0,6.0,4.0,7.0,2.0
2014-03-30,Lyon,St Etienne,1.0,2.0,2.45,3.1,3.0,2.33,1.56,12.0,6.0,2.0,6.0,10.0,2.0
2014-03-30,Rennes,Bastia,3.0,0.0,1.95,3.2,4.2,2.16,1.66,16.0,13.0,7.0,2.0,4.0,4.0
2014-04-04,Marseille,Ajaccio,3.0,1.0,1.33,4.75,9.5,1.69,2.14,15.0,5.0,6.0,2.0,7.0,5.0
2014-04-05,Bastia,Sochaux,2.0,2.0,2.25,3.1,3.4,2.07,1.73,14.0,15.0,3.0,7.0,5.0,6.0
2014-04-05,Bordeaux,Rennes,2.0,2.0,2.1,3.1,3.75,2.25,1.6,14.0,5.0,5.0,2.0,9.0,1.0
2014-04-05,Guingamp,Montpellier,1.0,2.0,2.5,3.0,3.0,2.46,1.52,24.0,11.0,9.0,5.0,10.0,3.0
2014-04-05,Lorient,Evian Thonon Gaillard,1.0,1.0,1.85,3.4,4.33,2.19,1.65,12.0,17.0,4.0,6.0,4.0,8.0
2014-04-05,Paris SG,Reims,3.0,0.0,1.25,5.75,11.0,1.67,2.13,13.0,13.0,3.0,1.0,2.0,4.0
2014-04-05,Toulouse,Lille,1.0,2.0,2.6,3.0,2.88,2.27,1.6,10.0,13.0,6.0,5.0,7.0,5.0
2014-04-06,Monaco,Nantes,3.0,1.0,1.44,4.0,8.5,2.05,1.74,12.0,12.0,5.0,4.0,7.0,8.0
2014-04-06,St Etienne,Nice,1.0,1.0,1.5,3.75,7.5,2.18,1.66,16.0,5.0,6.0,3.0,3.0,3.0
2014-04-06,Valenciennes,Lyon,1.0,2.0,2.8,3.1,2.6,2.11,1.69,8.0,9.0,3.0,2.0,3.0,3.0
2014-04-11,Montpellier,Marseille,2.0,3.0,2.3,3.0,3.3,2.28,1.61,10.0,20.0,5.0,8.0,5.0,6.0
2014-04-12,Ajaccio,Bordeaux,1.0,1.0,3.8,3.3,2.0,2.13,1.68,15.0,14.0,6.0,5.0,6.0,5.0
2014-04-12,Evian Thonon Gaillard,Bastia,2.0,1.0,1.91,3.25,4.2,2.2,1.62,17.0,11.0,7.0,3.0,3.0,5.0
2014-04-12,Lille,Valenciennes,1.0,0.0,1.57,3.6,6.5,2.0,1.79,13.0,9.0,5.0,3.0,6.0,8.0
2014-04-12,Nice,Lorient,1.0,2.0,2.5,3.1,2.9,2.33,1.57,9.0,10.0,3.0,5.0,6.0,3.0
2014-04-12,Rennes,Monaco,0.0,1.0,3.2,3.1,2.3,2.09,1.71,7.0,12.0,1.0,5.0,5.0,5.0
2014-04-12,Sochaux,Toulouse,2.0,0.0,2.5,3.2,2.8,2.01,1.77,18.0,5.0,4.0,3.0,4.0,2.0
2014-04-13,Lyon,Paris SG,1.0,0.0,4.33,3.5,1.83,1.91,1.86,8.0,11.0,4.0,6.0,3.0,5.0
2014-04-13,Nantes,Guingamp,1.0,0.0,2.4,3.0,3.2,2.61,1.46,14.0,6.0,5.0,3.0,1.0,3.0
2014-04-13,Reims,St Etienne,2.0,2.0,3.75,3.1,2.1,2.3,1.58,5.0,24.0,2.0,8.0,0.0,4.0
2014-04-18,St Etienne,Rennes,0.0,0.0,1.62,3.75,5.5,2.1,1.72,16.0,4.0,2.0,0.0,11.0,1.0
2014-04-20,Bastia,Ajaccio,2.0,1.0,1.75,3.6,4.75,1.92,1.85,13.0,9.0,6.0,2.0,7.0,0.0
2014-04-20,Bordeaux,Guingamp,5.0,1.0,2.05,3.2,3.8,2.33,1.57,10.0,8.0,9.0,3.0,5.0,5.0
2014-04-20,Lorient,Montpellier,4.0,4.0,2.25,3.2,3.25,2.21,1.63,12.0,12.0,6.0,5.0,6.0,1.0
2014-04-20,Marseille,Lille,0.0,0.0,2.2,3.2,3.4,2.2,1.63,9.0,5.0,2.0,2.0,10.0,1.0
2014-04-20,Monaco,Nice,1.0,0.0,1.36,4.5,9.0,1.86,1.91,12.0,11.0,4.0,4.0,2.0,10.0
2014-04-20,Reims,Sochaux,0.0,1.0,2.3,3.2,3.1,2.13,1.69,18.0,7.0,5.0,3.0,7.0,6.0
2014-04-20,Valenciennes,Nantes,2.0,6.0,1.85,3.3,4.5,2.26,1.6,19.0,9.0,10.0,7.0,11.0,3.0
2014-04-23,Paris SG,Evian Thonon Gaillard,1.0,0.0,1.2,6.5,13.0,1.58,2.3,19.0,5.0,3.0,3.0,5.0,1.0
2014-04-23,Toulouse,Lyon,0.0,0.0,2.6,3.25,2.7,1.92,1.87,12.0,8.0,2.0,3.0,5.0,4.0
2014-04-25,Nantes,Marseille,1.0,1.0,3.4,3.1,2.25,2.36,1.56,12.0,16.0,2.0,5.0,3.0,10.0
2014-04-26,Ajaccio,Monaco,1.0,4.0,8.5,4.25,1.4,1.77,2.02,11.0,14.0,4.0,6.0,4.0,6.0
2014-04-26,Evian Thonon Gaillard,St Etienne,1.0,2.0,3.5,3.2,2.15,2.3,1.59,9.0,17.0,2.0,6.0,3.0,4.0
2014-04-26,Guingamp,Valenciennes,1.0,0.0,1.91,3.4,4.0,2.12,1.68,14.0,11.0,5.0,3.0,6.0,3.0
2014-04-26,Montpellier,Toulouse,2.0,1.0,2.05,3.3,3.6,1.84,1.93,15.0,13.0,5.0,4.0,8.0,3.0
2014-04-26,Nice,Reims,1.0,0.0,1.85,3.3,4.5,2.34,1.56,15.0,11.0,5.0,3.0,4.0,4.0
2014-04-26,Rennes,Lorient,1.0,1.0,2.0,3.4,3.75,1.93,1.85,11.0,15.0,3.0,3.0,4.0,5.0
2014-04-27,Lille,Bordeaux,2.0,1.0,1.8,3.4,4.6,2.19,1.65,16.0,8.0,9.0,2.0,8.0,4.0
2014-04-27,Lyon,Bastia,4.0,1.0,1.44,4.2,7.5,1.7,2.1,17.0,8.0,7.0,2.0,5.0,7.0
2014-04-27,Sochaux,Paris SG,1.0,1.0,7.0,4.33,1.44,1.64,2.19,14.0,15.0,2.0,7.0,4.0,5.0
2014-05-02,Bastia,Lille,1.0,1.0,5.0,3.6,1.7,2.04,1.76,11.0,11.0,2.0,4.0,6.0,1.0
2014-05-04,Lorient,Ajaccio,1.0,0.0,1.4,4.33,8.5,1.7,2.11,10.0,7.0,1.0,2.0,6.0,1.0
2014-05-04,Marseille,Lyon,4.0,2.0,2.25,3.2,3.2,1.97,1.81,19.0,11.0,9.0,2.0,4.0,6.0
2014-05-04,Reims,Evian Thonon Gaillard,1.0,0.0,2.55,3.1,2.88,2.08,1.72,15.0,11.0,4.0,4.0,4.0,3.0
2014-05-04,Sochaux,Nice,2.0,0.0,1.91,3.4,4.0,1.97,1.8,17.0,11.0,7.0,1.0,4.0,2.0
2014-05-04,St Etienne,Montpellier,2.0,0.0,1.57,3.8,6.0,1.85,1.92,7.0,7.0,3.0,0.0,7.0,1.0
2014-05-04,Toulouse,Nantes,1.0,1.0,1.95,3.4,3.9,1.92,1.86,21.0,5.0,7.0,3.0,10.0,1.0
2014-05-04,Valenciennes,Bordeaux,0.0,1.0,2.8,3.25,2.5,1.88,1.9,12.0,13.0,5.0,5.0,3.0,2.0
2014-05-07,Monaco,Guingamp,1.0,1.0,1.55,3.9,6.0,1.82,1.97,16.0,4.0,3.0,2.0,9.0,1.0
2014-05-07,Paris SG,Rennes,1.0,2.0,1.22,6.25,11.0,1.52,2.46,25.0,6.0,7.0,4.0,13.0,0.0
2014-05-10,Ajaccio,Reims,2.0,1.0,3.4,3.3,2.15,1.83,1.94,11.0,13.0,5.0,8.0,4.0,5.0
2014-05-10,Bordeaux,Marseille,1.0,1.0,2.8,3.25,2.5,1.97,1.81,12.0,5.0,3.0,2.0,3.0,0.0
2014-05-10,Evian Thonon Gaillard,Nice,2.0,0.0,1.73,3.5,5.0,2.05,1.75,9.0,4.0,3.0,1.0,5.0,4.0
2014-05-10,Guingamp,Toulouse,2.0,0.0,1.73,3.6,4.75,1.87,1.91,7.0,16.0,3.0,9.0,0.0,9.0
2014-05-10,Lille,Paris SG,1.0,3.0,2.63,3.3,2.63,1.87,1.9,20.0,9.0,6.0,5.0,11.0,2.0
2014-05-10,Lyon,Lorient,0.0,1.0,1.57,3.8,6.0,1.71,2.1,16.0,11.0,5.0,3.0,8.0,3.0
2014-05-10,Montpellier,Bastia,0.0,2.0,1.67,3.75,5.0,1.74,2.06,12.0,15.0,3.0,7.0,2.0,4.0
2014-05-10,Nantes,St Etienne,1.0,3.0,4.33,3.5,1.83,1.93,1.85,19.0,5.0,8.0,3.0,11.0,1.0
2014-05-10,Rennes,Sochaux,1.0,2.0,2.88,3.3,2.4,1.9,1.88,10.0,14.0,4.0,7.0,4.0,7.0
2014-05-10,Valenciennes,Monaco,1.0,2.0,3.6,3.5,2.0,1.87,1.91,9.0,9.0,2.0,6.0,10.0,3.0
2014-05-17,Bastia,Nantes,0.0,0.0,2.3,3.4,3.0,1.82,1.96,6.0,9.0,4.0,3.0,11.0,3.0
2014-05-17,Lorient,Lille,1.0,4.0,5.5,3.75,1.62,2.08,1.72,11.0,14.0,4.0,6.0,3.0,2.0
2014-05-17,Marseille,Guingamp,1.0,0.0,1.44,4.2,7.5,1.79,1.99,21.0,9.0,4.0,0.0,13.0,5.0
2014-05-17,Monaco,Bordeaux,1.0,1.0,1.73,3.75,4.5,1.77,2.01,15.0,12.0,3.0,5.0,8.0,10.0
2014-05-17,Nice,Lyon,0.0,1.0,4.75,3.6,1.75,1.86,1.91,12.0,12.0,2.0,7.0,5.0,2.0
2014-05-17,Paris SG,Montpellier,4.0,0.0,1.25,5.5,12.0,1.49,2.53,18.0,15.0,12.0,1.0,2.0,8.0
2014-05-17,Reims,Rennes,1.0,3.0,2.1,3.4,3.4,1.85,1.92,16.0,14.0,4.0,3.0,7.0,6.0
2014-05-17,Sochaux,Evian Thonon Gaillard,0.0,3.0,1.83,3.6,4.2,1.88,1.9,20.0,9.0,5.0,6.0,7.0,2.0
2014-05-17,St Etienne,Ajaccio,3.0,1.0,1.17,7.5,13.0,1.41,2.74,14.0,8.0,8.0,3.0,2.0,3.0
2014-05-17,Toulouse,Valenciennes,3.0,1.0,1.62,3.9,5.25,1.6,2.27,9.0,15.0,4.0,5.0,6.0,4.0
2014-08-08,Reims,Paris SG,2.0,2.0,9.5,4.5,1.36,1.79,2.02,9.0,16.0,3.0,6.0,1.0,5.0
2014-08-09,Bastia,Marseille,3.0,3.0,3.9,3.1,2.05,2.16,1.66,13.0,9.0,4.0,4.0,1.0,4.0
2014-08-09,Evian Thonon Gaillard,Caen,0.0,3.0,2.38,3.2,3.0,2.24,1.62,10.0,12.0,2.0,7.0,5.0,6.0
2014-08-09,Guingamp,St Etienne,0.0,2.0,3.3,3.1,2.3,2.45,1.52,6.0,7.0,3.0,2.0,4.0,5.0
2014-08-09,Lille,Metz,0.0,0.0,1.5,4.1,6.5,2.2,1.65,14.0,2.0,3.0,1.0,8.0,3.0
2014-08-09,Montpellier,Bordeaux,0.0,1.0,2.3,3.1,3.2,2.37,1.56,15.0,7.0,3.0,3.0,5.0,1.0
2014-08-09,Nantes,Lens,1.0,0.0,2.0,3.25,3.9,2.32,1.58,14.0,5.0,4.0,2.0,3.0,2.0
2014-08-09,Nice,Toulouse,3.0,2.0,2.63,3.1,2.75,2.44,1.53,22.0,11.0,8.0,3.0,12.0,7.0
2014-08-10,Lyon,Rennes,2.0,0.0,1.8,3.4,4.75,2.13,1.7,19.0,7.0,6.0,1.0,5.0,1.0
2014-08-10,Monaco,Lorient,1.0,2.0,1.4,4.33,8.5,1.87,1.91,12.0,9.0,7.0,3.0,10.0,4.0
2014-08-15,Caen,Lille,0.0,1.0,3.6,3.1,2.15,2.42,1.54,11.0,8.0,3.0,1.0,3.0,9.0
2014-08-16,Lens,Guingamp,0.0,1.0,2.88,3.0,2.63,2.41,1.54,14.0,10.0,4.0,4.0,7.0,2.0
2014-08-16,Lorient,Nice,0.0,0.0,1.75,3.4,5.0,2.21,1.63,13.0,9.0,6.0,2.0,8.0,2.0
2014-08-16,Metz,Nantes,1.0,1.0,2.38,3.0,3.2,2.63,1.46,12.0,6.0,5.0,2.0,4.0,7.0
2014-08-16,Paris SG,Bastia,2.0,0.0,1.13,8.0,19.0,1.44,2.69,15.0,5.0,5.0,1.0,4.0,4.0
2014-08-16,Rennes,Evian Thonon Gaillard,6.0,2.0,1.73,3.5,5.0,2.2,1.65,9.0,9.0,7.0,3.0,6.0,1.0
2014-08-16,Toulouse,Lyon,2.0,1.0,2.5,3.25,2.8,2.11,1.7,10.0,18.0,6.0,3.0,6.0,4.0
2014-08-17,Bordeaux,Monaco,4.0,1.0,2.8,3.2,2.55,2.19,1.66,9.0,9.0,5.0,3.0,3.0,4.0
2014-08-17,Marseille,Montpellier,0.0,2.0,1.55,3.75,6.5,2.01,1.79,22.0,10.0,5.0,3.0,6.0,1.0
2014-08-17,St Etienne,Reims,3.0,1.0,1.5,3.75,7.5,2.1,1.71,19.0,7.0,9.0,2.0,6.0,3.0
2014-08-22,Evian Thonon Gaillard,Paris SG,0.0,0.0,9.0,4.6,1.36,1.73,2.09,9.0,7.0,2.0,3.0,5.0,0.0
2014-08-23,Bastia,Toulouse,1.0,0.0,2.9,3.1,2.5,2.04,1.76,8.0,14.0,3.0,3.0,3.0,0.0
2014-08-23,Guingamp,Marseille,0.0,1.0,2.9,3.1,2.5,2.29,1.6,4.0,16.0,2.0,3.0,4.0,6.0
2014-08-23,Lille,Lorient,2.0,0.0,1.75,3.4,5.0,2.25,1.62,13.0,7.0,6.0,1.0,2.0,3.0
2014-08-23,Montpellier,Metz,2.0,0.0,1.85,3.5,4.2,2.36,1.56,12.0,12.0,5.0,3.0,5.0,5.0
2014-08-23,Nice,Bordeaux,1.0,3.0,3.2,3.2,2.3,2.34,1.57,11.0,12.0,2.0,7.0,7.0,1.0
2014-08-23,Reims,Caen,0.0,2.0,2.38,3.25,3.0,2.21,1.64,12.0,16.0,4.0,6.0,5.0,3.0
2014-08-24,Lyon,Lens,0.0,1.0,1.44,4.33,7.0,1.94,1.84,16.0,7.0,4.0,2.0,5.0,1.0
2014-08-24,Nantes,Monaco,0.0,1.0,3.5,3.3,2.1,2.35,1.56,15.0,6.0,5.0,2.0,5.0,9.0
2014-08-24,St Etienne,Rennes,0.0,0.0,1.73,3.3,5.5,2.12,1.7,11.0,5.0,2.0,0.0,8.0,3.0
2014-08-29,Marseille,Nice,4.0,0.0,1.5,4.0,7.0,2.04,1.76,20.0,8.0,8.0,3.0,11.0,4.0
2014-08-30,Caen,Rennes,0.0,1.0,2.63,3.1,2.75,2.29,1.59,13.0,10.0,4.0,1.0,6.0,1.0
2014-08-30,Lens,Reims,4.0,2.0,2.1,3.2,3.6,2.24,1.62,17.0,10.0,6.0,2.0,4.0,7.0
2014-08-30,Lorient,Guingamp,4.0,0.0,2.1,3.2,3.6,2.48,1.52,11.0,8.0,6.0,2.0,7.0,8.0
2014-08-30,Monaco,Lille,1.0,1.0,1.95,3.2,4.2,2.4,1.54,13.0,4.0,2.0,2.0,7.0,2.0
2014-08-30,Nantes,Montpellier,1.0,0.0,2.25,3.1,3.4,2.42,1.53,14.0,7.0,5.0,0.0,7.0,4.0
2014-08-30,Toulouse,Evian Thonon Gaillard,1.0,0.0,1.75,3.4,5.0,2.03,1.77,10.0,7.0,5.0,2.0,2.0,7.0
2014-08-31,Bordeaux,Bastia,1.0,1.0,1.62,3.6,6.0,2.07,1.73,23.0,8.0,4.0,4.0,4.0,0.0
2014-08-31,Metz,Lyon,2.0,1.0,2.8,3.1,2.6,1.45,2.65,7.0,17.0,3.0,5.0,7.0,4.0
2014-08-31,Paris SG,St Etienne,5.0,0.0,1.53,3.8,6.5,1.93,1.85,13.0,8.0,8.0,2.0,4.0,7.0
2014-09-12,Lyon,Monaco,2.0,1.0,2.5,3.1,2.9,2.26,1.62,11.0,16.0,3.0,9.0,6.0,7.0
2014-09-13,Bastia,Lens,1.0,1.0,1.95,3.2,4.2,2.2,1.63,9.0,6.0,4.0,2.0,8.0,2.0
2014-09-13,Montpellier,Lorient,1.0,0.0,2.05,3.1,3.9,2.38,1.54,11.0,11.0,1.0,4.0,3.0,3.0
2014-09-13,Nice,Metz,1.0,0.0,2.25,3.1,3.4,2.45,1.52,9.0,12.0,2.0,1.0,8.0,3.0
2014-09-13,Reims,Toulouse,2.0,0.0,2.88,3.3,2.4,2.1,1.71,6.0,14.0,3.0,1.0,3.0,5.0
2014-09-13,Rennes,Paris SG,1.0,1.0,7.0,4.0,1.5,1.8,1.97,5.0,8.0,2.0,5.0,1.0,2.0
2014-09-13,St Etienne,Caen,1.0,0.0,1.65,3.6,5.5,1.98,1.79,12.0,5.0,3.0,1.0,6.0,2.0
2014-09-14,Evian Thonon Gaillard,Marseille,1.0,3.0,3.8,3.1,2.1,2.08,1.72,10.0,6.0,1.0,4.0,5.0,3.0
2014-09-14,Guingamp,Bordeaux,2.0,1.0,2.75,2.88,2.8,2.58,1.47,11.0,7.0,6.0,2.0,2.0,4.0
2014-09-14,Lille,Nantes,2.0,0.0,1.73,3.4,5.25,2.53,1.49,13.0,10.0,5.0,3.0,5.0,5.0
2014-09-19,Bordeaux,Evian Thonon Gaillard,2.0,1.0,1.53,3.8,6.5,2.01,1.78,7.0,8.0,2.0,2.0,4.0,7.0
2014-09-20,Lorient,Reims,0.0,1.0,1.75,3.4,5.0,2.07,1.73,6.0,7.0,0.0,3.0,3.0,1.0
2014-09-20,Marseille,Rennes,3.0,0.0,1.57,3.75,6.0,1.97,1.81,16.0,13.0,7.0,5.0,7.0,5.0
2014-09-20,Metz,Bastia,3.0,1.0,2.2,3.2,3.4,2.36,1.56,19.0,10.0,9.0,1.0,4.0,4.0
2014-09-20,Nantes,Nice,2.0,1.0,1.83,3.25,4.75,2.39,1.55,19.0,4.0,4.0,2.0,10.0,4.0
2014-09-20,Toulouse,Caen,3.0,3.0,2.25,3.1,3.4,2.21,1.63,23.0,12.0,7.0,5.0,4.0,6.0
2014-09-21,Lens,St Etienne,0.0,1.0,3.4,3.25,2.15,2.23,1.62,9.0,15.0,4.0,3.0,5.0,7.0
2014-09-21,Lille,Montpellier,0.0,0.0,1.8,3.4,4.75,2.39,1.55,13.0,5.0,2.0,0.0,7.0,4.0
2014-09-21,Monaco,Guingamp,1.0,0.0,1.57,3.7,6.5,2.05,1.74,19.0,3.0,7.0,2.0,6.0,2.0
2014-09-21,Paris SG,Lyon,1.0,1.0,1.33,5.0,9.0,1.66,2.17,12.0,9.0,3.0,5.0,4.0,2.0
2014-09-23,Reims,Marseille,0.0,5.0,4.0,3.3,1.95,2.03,1.76,10.0,21.0,3.0,11.0,3.0,6.0
2014-09-23,Rennes,Toulouse,0.0,3.0,2.25,3.25,3.25,2.1,1.72,16.0,9.0,4.0,5.0,6.0,7.0
2014-09-24,Bastia,Nantes,0.0,0.0,2.4,3.2,3.0,2.42,1.53,4.0,14.0,0.0,2.0,4.0,6.0
2014-09-24,Caen,Paris SG,0.0,2.0,6.5,4.2,1.5,1.86,1.92,14.0,16.0,3.0,8.0,2.0,3.0
2014-09-24,Evian Thonon Gaillard,Lens,2.0,1.0,2.1,3.25,3.6,2.17,1.67,14.0,9.0,3.0,4.0,4.0,2.0
2014-09-24,Guingamp,Metz,0.0,1.0,2.05,3.3,3.6,2.42,1.53,12.0,9.0,1.0,4.0,7.0,8.0
2014-09-24,Lyon,Lorient,4.0,0.0,1.73,3.4,5.25,2.1,1.71,14.0,13.0,9.0,2.0,5.0,7.0
2014-09-24,Montpellier,Monaco,0.0,1.0,3.0,3.2,2.38,2.29,1.59,9.0,13.0,3.0,7.0,4.0,4.0
2014-09-24,Nice,Lille,1.0,0.0,3.6,3.2,2.1,2.42,1.53,9.0,6.0,3.0,3.0,11.0,2.0
2014-09-25,St Etienne,Bordeaux,1.0,1.0,2.05,3.3,3.6,2.25,1.61,22.0,3.0,7.0,2.0,11.0,1.0
2014-09-27,Lille,Bastia,1.0,0.0,1.53,3.8,6.5,2.35,1.56,19.0,8.0,7.0,2.0,5.0,1.0
2014-09-27,Lorient,Evian Thonon Gaillard,0.0,2.0,1.85,3.4,4.33,2.09,1.72,16.0,5.0,4.0,3.0,9.0,3.0
2014-09-27,Metz,Reims,3.0,0.0,2.0,3.2,4.0,2.32,1.58,17.0,4.0,9.0,1.0,4.0,3.0
2014-09-27,Monaco,Nice,0.0,1.0,1.5,4.0,7.0,2.02,1.77,8.0,8.0,1.0,2.0,5.0,2.0
2014-09-27,Montpellier,Guingamp,2.0,1.0,2.0,3.2,4.0,2.38,1.56,9.0,11.0,5.0,6.0,5.0,4.0
2014-09-27,Toulouse,Paris SG,1.0,1.0,5.25,3.6,1.67,1.89,1.9,11.0,8.0,5.0,2.0,4.0,5.0
2014-09-28,Bordeaux,Rennes,2.0,1.0,1.73,3.5,5.0,2.04,1.75,14.0,12.0,4.0,6.0,3.0,3.0
2014-09-28,Lens,Caen,0.0,0.0,2.8,3.2,2.5,2.16,1.66,9.0,13.0,2.0,2.0,1.0,0.0
2014-09-28,Marseille,St Etienne,2.0,1.0,1.85,3.5,4.2,2.02,1.77,14.0,11.0,8.0,5.0,6.0,1.0
2014-09-28,Nantes,Lyon,1.0,1.0,2.75,3.1,2.63,2.32,1.57,14.0,10.0,4.0,5.0,5.0,3.0
2014-10-03,Reims,Bordeaux,1.0,0.0,3.8,3.2,2.05,2.22,1.64,7.0,12.0,0.0,3.0,6.0,4.0
2014-10-04,Bastia,Lorient,0.0,2.0,2.15,3.1,3.6,2.22,1.62,6.0,14.0,3.0,6.0,3.0,3.0
2014-10-04,Caen,Marseille,1.0,2.0,4.0,3.3,1.95,2.06,1.73,11.0,22.0,4.0,9.0,4.0,9.0
2014-10-04,Evian Thonon Gaillard,Metz,3.0,0.0,2.38,3.1,3.1,2.27,1.59,8.0,8.0,2.0,3.0,2.0,3.0
2014-10-04,Nice,Montpellier,1.0,1.0,2.3,3.1,3.2,2.41,1.53,10.0,7.0,2.0,2.0,4.0,3.0
2014-10-04,Rennes,Lens,2.0,0.0,1.83,3.4,4.5,2.14,1.68,16.0,8.0,7.0,1.0,6.0,7.0
2014-10-05,Guingamp,Nantes,0.0,1.0,2.5,3.0,3.0,2.66,1.44,16.0,12.0,4.0,3.0,6.0,5.0
2014-10-05,Lyon,Lille,3.0,0.0,2.1,3.1,3.8,2.44,1.52,14.0,12.0,6.0,2.0,3.0,1.0
2014-10-05,Paris SG,Monaco,1.0,1.0,1.44,4.2,7.5,1.87,1.9,7.0,15.0,2.0,5.0,2.0,7.0
2014-10-05,St Etienne,Toulouse,0.0,1.0,1.8,3.4,4.75,2.11,1.69,21.0,7.0,1.0,1.0,10.0,2.0
2014-10-17,Lens,Paris SG,1.0,3.0,10.0,4.6,1.33,1.8,1.98,12.0,15.0,4.0,8.0,3.0,0.0
2014-10-18,Lille,Guingamp,1.0,2.0,1.65,3.6,5.5,2.65,1.46,29.0,6.0,10.0,4.0,9.0,1.0
2014-10-18,Lorient,St Etienne,0.0,1.0,3.1,3.1,2.38,2.29,1.6,3.0,15.0,1.0,6.0,3.0,7.0
2014-10-18,Metz,Rennes,0.0,0.0,2.38,3.1,3.1,2.32,1.58,13.0,14.0,3.0,3.0,6.0,7.0
2014-10-18,Monaco,Evian Thonon Gaillard,2.0,0.0,1.44,4.33,7.0,1.93,1.85,9.0,11.0,4.0,3.0,0.0,4.0
2014-10-18,Nantes,Reims,1.0,1.0,1.62,3.4,6.5,2.32,1.58,10.0,12.0,4.0,6.0,3.0,2.0
2014-10-18,Nice,Bastia,0.0,1.0,2.05,3.2,3.8,2.4,1.54,19.0,3.0,4.0,1.0,7.0,1.0
2014-10-19,Bordeaux,Caen,1.0,1.0,1.95,3.3,4.0,2.11,1.7,12.0,11.0,1.0,4.0,5.0,6.0
2014-10-19,Lyon,Montpellier,5.0,1.0,1.73,3.5,5.0,2.09,1.72,20.0,10.0,11.0,2.0,7.0,6.0
2014-10-19,Marseille,Toulouse,2.0,0.0,1.67,3.6,5.25,1.85,1.93,15.0,7.0,5.0,1.0,9.0,3.0
2014-10-24,Toulouse,Lens,0.0,2.0,1.57,3.6,6.5,1.87,1.91,16.0,7.0,4.0,2.0,15.0,2.0
2014-10-25,Bastia,Monaco,1.0,3.0,3.6,3.25,2.1,2.3,1.59,9.0,17.0,5.0,8.0,4.0,5.0
2014-10-25,Caen,Lorient,2.0,1.0,1.91,3.4,4.0,2.26,1.61,14.0,8.0,5.0,2.0,3.0,4.0
2014-10-25,Evian Thonon Gaillard,Nantes,0.0,2.0,2.5,3.2,2.88,2.54,1.49,9.0,14.0,0.0,7.0,2.0,4.0
2014-10-25,Paris SG,Bordeaux,3.0,0.0,1.4,4.6,7.5,1.89,1.89,11.0,8.0,5.0,1.0,5.0,4.0
2014-10-25,Reims,Montpellier,1.0,0.0,2.63,3.1,2.8,2.32,1.57,12.0,13.0,1.0,5.0,5.0,6.0
2014-10-26,Guingamp,Nice,2.0,7.0,2.2,3.1,3.5,2.54,1.48,14.0,13.0,5.0,10.0,5.0,7.0
2014-10-26,Lyon,Marseille,1.0,0.0,2.4,3.3,2.88,1.83,1.95,10.0,11.0,5.0,4.0,3.0,3.0
2014-10-26,Rennes,Lille,2.0,0.0,2.5,3.2,2.8,2.6,1.47,12.0,7.0,6.0,3.0,5.0,4.0
2014-10-26,St Etienne,Metz,1.0,0.0,1.57,3.6,6.5,2.33,1.57,12.0,10.0,5.0,1.0,12.0,1.0
2014-10-31,Monaco,Reims,1.0,1.0,1.44,4.2,7.5,1.93,1.85,12.0,7.0,5.0,1.0,6.0,5.0
2014-11-01,Guingamp,Bastia,1.0,0.0,2.05,3.2,3.75,2.32,1.58,9.0,7.0,2.0,3.0,4.0,5.0
2014-11-01,Lille,St Etienne,1.0,1.0,2.5,3.0,3.0,2.72,1.43,17.0,7.0,8.0,3.0,6.0,7.0
2014-11-01,Lorient,Paris SG,1.0,2.0,7.0,4.33,1.44,1.95,1.83,17.0,12.0,5.0,8.0,2.0,4.0
2014-11-01,Metz,Caen,3.0,2.0,2.5,3.2,2.88,2.32,1.57,11.0,12.0,4.0,3.0,0.0,5.0
2014-11-01,Montpellier,Evian Thonon Gaillard,2.0,0.0,2.0,3.2,4.0,2.26,1.61,14.0,7.0,6.0,1.0,4.0,5.0
2014-11-01,Nice,Lyon,1.0,3.0,3.3,3.1,2.3,2.03,1.76,9.0,16.0,3.0,8.0,5.0,5.0
2014-11-02,Bordeaux,Toulouse,2.0,1.0,2.25,3.25,3.2,2.11,1.71,13.0,10.0,3.0,2.0,4.0,9.0
2014-11-02,Marseille,Lens,2.0,1.0,1.25,5.25,13.0,1.62,2.21,14.0,15.0,5.0,4.0,9.0,2.0
2014-11-02,Nantes,Rennes,1.0,1.0,2.05,3.2,3.75,2.53,1.49,12.0,2.0,3.0,1.0,6.0,2.0
2014-11-07,Rennes,Lorient,1.0,0.0,2.0,3.2,4.0,2.22,1.64,8.0,6.0,3.0,2.0,1.0,3.0
2014-11-08,Bastia,Montpellier,2.0,0.0,2.5,3.0,3.0,2.34,1.57,10.0,7.0,5.0,1.0,2.0,5.0
2014-11-08,Caen,Nantes,1.0,2.0,2.38,3.1,3.1,2.47,1.51,13.0,7.0,5.0,3.0,10.0,1.0
2014-11-08,Evian Thonon Gaillard,Nice,1.0,0.0,2.4,3.1,3.1,2.41,1.54,10.0,8.0,2.0,4.0,3.0,5.0
2014-11-08,Lens,Bordeaux,1.0,2.0,3.5,3.25,2.1,2.2,1.63,8.0,12.0,2.0,3.0,6.0,2.0
2014-11-08,Toulouse,Metz,3.0,0.0,1.65,3.6,5.5,2.1,1.72,11.0,12.0,4.0,2.0,6.0,2.0
2014-11-09,Lyon,Guingamp,3.0,1.0,1.5,4.0,7.0,1.9,1.88,13.0,11.0,6.0,5.0,8.0,3.0
2014-11-09,Paris SG,Marseille,2.0,0.0,1.62,3.75,5.5,1.82,1.97,21.0,17.0,10.0,2.0,6.0,8.0
2014-11-09,Reims,Lille,2.0,0.0,3.75,3.1,2.1,2.61,1.46,18.0,9.0,11.0,2.0,9.0,3.0
2014-11-09,St Etienne,Monaco,1.0,1.0,2.25,3.2,3.2,2.56,1.48,11.0,6.0,3.0,2.0,5.0,1.0
2014-11-21,Metz,Paris SG,2.0,3.0,7.5,4.2,1.44,1.96,1.82,14.0,14.0,4.0,9.0,3.0,3.0
2014-11-22,Bastia,Lyon,0.0,0.0,3.6,3.3,2.05,2.05,1.75,9.0,7.0,2.0,1.0,4.0,6.0
2014-11-22,Guingamp,Rennes,0.0,1.0,2.5,3.1,2.9,2.38,1.55,16.0,13.0,2.0,5.0,7.0,4.0
2014-11-22,Lorient,Lens,1.0,0.0,1.8,3.3,4.75,2.13,1.7,24.0,5.0,13.0,1.0,8.0,1.0
2014-11-22,Monaco,Caen,2.0,2.0,1.62,3.6,6.0,2.13,1.69,25.0,13.0,9.0,3.0,7.0,4.0
2014-11-22,Nice,Reims,0.0,0.0,1.91,3.4,4.0,2.25,1.62,13.0,10.0,3.0,2.0,6.0,5.0
2014-11-23,Marseille,Bordeaux,3.0,1.0,1.62,3.6,6.0,1.93,1.86,26.0,12.0,12.0,4.0,4.0,7.0
2014-11-23,Montpellier,Toulouse,2.0,0.0,2.5,3.1,2.9,2.35,1.56,19.0,7.0,7.0,1.0,2.0,5.0
2014-11-23,Nantes,St Etienne,0.0,0.0,2.7,3.1,2.7,2.65,1.45,11.0,13.0,7.0,5.0,7.0,3.0
2014-11-28,Marseille,Nantes,2.0,0.0,1.53,3.75,7.5,1.99,1.8,15.0,13.0,4.0,4.0,5.0,8.0
2014-11-29,Caen,Montpellier,1.0,1.0,2.3,3.1,3.4,2.32,1.57,21.0,8.0,8.0,4.0,7.0,6.0
2014-11-29,Lens,Metz,2.0,0.0,2.6,3.1,2.9,2.4,1.54,15.0,6.0,4.0,1.0,5.0,1.0
2014-11-29,Paris SG,Nice,1.0,0.0,1.22,6.5,13.0,1.58,2.31,10.0,9.0,2.0,4.0,4.0,5.0
2014-11-29,Reims,Bastia,2.0,1.0,2.15,3.25,3.6,2.42,1.53,11.0,7.0,4.0,3.0,6.0,3.0
2014-11-29,Rennes,Monaco,2.0,0.0,2.9,3.1,2.6,2.34,1.57,6.0,9.0,3.0,3.0,5.0,7.0
2014-11-29,Toulouse,Lorient,2.0,3.0,1.83,3.5,4.5,2.16,1.67,14.0,15.0,4.0,9.0,1.0,4.0
2014-11-30,Bordeaux,Lille,1.0,0.0,2.25,3.1,3.5,2.5,1.5,13.0,7.0,2.0,1.0,5.0,2.0
2014-11-30,Evian Thonon Gaillard,Guingamp,2.0,0.0,2.2,3.1,3.6,2.41,1.54,9.0,12.0,3.0,5.0,4.0,5.0
2014-11-30,St Etienne,Lyon,3.0,0.0,2.4,3.2,3.1,2.22,1.63,11.0,12.0,5.0,3.0,4.0,6.0
2014-12-02,Lorient,Marseille,1.0,1.0,4.2,3.5,1.91,1.92,1.87,11.0,16.0,3.0,8.0,4.0,5.0
2014-12-02,Monaco,Lens,2.0,0.0,1.4,4.5,9.0,1.99,1.79,8.0,14.0,5.0,3.0,5.0,2.0
2014-12-02,Nantes,Toulouse,1.0,2.0,2.1,3.1,3.8,2.41,1.54,17.0,8.0,4.0,2.0,3.0,4.0
2014-12-03,Bastia,Evian Thonon Gaillard,1.0,2.0,2.3,3.2,3.25,2.33,1.58,10.0,8.0,3.0,4.0,10.0,2.0
2014-12-03,Guingamp,Caen,5.0,1.0,2.6,3.2,2.8,2.22,1.64,17.0,5.0,9.0,2.0,6.0,4.0
2014-12-03,Lille,Paris SG,1.0,1.0,5.75,3.5,1.7,2.31,1.58,18.0,15.0,5.0,8.0,2.0,7.0
2014-12-03,Metz,Bordeaux,0.0,0.0,2.75,3.0,2.8,2.39,1.55,10.0,13.0,4.0,1.0,4.0,3.0
2014-12-03,Montpellier,St Etienne,0.0,2.0,3.2,3.0,2.5,2.47,1.52,9.0,9.0,3.0,6.0,6.0,3.0
2014-12-03,Nice,Rennes,1.0,2.0,2.63,3.0,2.9,2.47,1.52,10.0,4.0,3.0,2.0,7.0,0.0
2014-12-04,Lyon,Reims,2.0,1.0,1.5,4.2,7.0,1.95,1.83,17.0,12.0,5.0,5.0,4.0,3.0
2014-12-05,Toulouse,Monaco,0.0,2.0,2.63,3.2,2.8,2.29,1.6,11.0,10.0,1.0,5.0,6.0,7.0
2014-12-06,Bordeaux,Lorient,3.0,2.0,1.85,3.5,4.5,2.16,1.68,23.0,15.0,11.0,4.0,13.0,5.0
2014-12-06,Caen,Nice,2.0,3.0,2.0,3.3,4.0,2.19,1.65,15.0,18.0,5.0,10.0,7.0,5.0
2014-12-06,Paris SG,Nantes,2.0,1.0,1.29,5.5,11.0,1.73,2.07,12.0,3.0,4.0,2.0,5.0,2.0
2014-12-06,Rennes,Montpellier,0.0,4.0,2.05,3.2,4.0,2.3,1.6,15.0,11.0,3.0,10.0,7.0,2.0
2014-12-06,St Etienne,Bastia,1.0,0.0,1.45,4.2,8.0,2.2,1.64,14.0,12.0,2.0,3.0,5.0,3.0
2014-12-07,Evian Thonon Gaillard,Lyon,2.0,3.0,3.5,3.3,2.15,2.09,1.72,6.0,20.0,2.0,8.0,1.0,6.0
2014-12-07,Lens,Lille,1.0,1.0,4.2,3.2,2.0,2.49,1.51,14.0,5.0,3.0,2.0,10.0,2.0
2014-12-07,Marseille,Metz,3.0,1.0,1.4,4.75,8.0,1.76,2.04,16.0,14.0,7.0,5.0,4.0,5.0
2014-12-07,Reims,Guingamp,2.0,3.0,2.15,3.0,3.8,2.38,1.55,14.0,7.0,5.0,5.0,7.0,3.0
2014-12-12,Lyon,Caen,3.0,0.0,1.45,4.33,7.5,1.76,2.03,23.0,9.0,12.0,2.0,7.0,2.0
2014-12-13,Bastia,Rennes,2.0,0.0,3.0,3.2,2.5,2.42,1.54,16.0,5.0,6.0,1.0,6.0,2.0
2014-12-13,Lorient,Metz,3.0,1.0,1.91,3.4,4.33,2.24,1.62,21.0,11.0,8.0,2.0,3.0,7.0
2014-12-13,Montpellier,Lens,3.0,3.0,1.8,3.5,4.75,2.19,1.66,12.0,16.0,5.0,7.0,5.0,3.0
2014-12-13,Nantes,Bordeaux,2.0,1.0,2.2,3.1,3.6,2.47,1.52,6.0,11.0,1.0,5.0,3.0,4.0
2014-12-13,Reims,Evian Thonon Gaillard,3.0,2.0,2.2,3.2,3.5,2.3,1.59,14.0,9.0,5.0,5.0,5.0,3.0
2014-12-14,Guingamp,Paris SG,1.0,0.0,7.5,4.5,1.44,1.91,1.87,7.0,15.0,2.0,3.0,4.0,5.0
2014-12-14,Lille,Toulouse,3.0,0.0,2.05,3.2,4.0,2.5,1.51,15.0,3.0,7.0,1.0,4.0,1.0
2014-12-14,Monaco,Marseille,1.0,0.0,2.6,3.2,2.8,2.17,1.67,12.0,10.0,3.0,3.0,6.0,8.0
2014-12-14,Nice,St Etienne,0.0,0.0,3.4,3.1,2.3,2.49,1.51,5.0,11.0,3.0,2.0,7.0,6.0
2014-12-19,Lens,Nice,2.0,0.0,2.4,3.2,3.1,2.38,1.56,10.0,5.0,5.0,1.0,5.0,4.0
2014-12-20,Caen,Bastia,1.0,1.0,1.95,3.3,4.33,2.17,1.67,13.0,9.0,1.0,3.0,2.0,1.0
2014-12-20,Lorient,Nantes,1.0,2.0,2.38,3.1,3.3,2.28,1.6,20.0,14.0,10.0,7.0,7.0,4.0
2014-12-20,Metz,Monaco,0.0,1.0,3.75,3.25,2.1,2.26,1.61,18.0,10.0,7.0,3.0,7.0,4.0
2014-12-20,Paris SG,Montpellier,0.0,0.0,1.25,5.75,13.0,1.69,2.13,12.0,1.0,4.0,0.0,8.0,5.0
2014-12-20,Rennes,Reims,1.0,3.0,1.83,3.4,4.75,2.19,1.65,7.0,12.0,2.0,5.0,2.0,4.0
2014-12-20,Toulouse,Guingamp,1.0,1.0,1.91,3.4,4.33,2.13,1.69,11.0,10.0,5.0,3.0,7.0,5.0
2014-12-21,Bordeaux,Lyon,0.0,5.0,2.6,3.2,2.88,2.11,1.71,11.0,18.0,4.0,9.0,3.0,2.0
2014-12-21,Marseille,Lille,2.0,1.0,1.67,3.8,5.5,2.12,1.7,13.0,10.0,1.0,2.0,10.0,1.0
2014-12-21,St Etienne,Evian Thonon Gaillard,3.0,0.0,1.5,4.0,7.5,2.22,1.64,7.0,6.0,4.0,1.0,7.0,2.0
2015-01-07,Lille,Evian Thonon Gaillard,1.0,0.0,1.67,3.5,6.0,2.29,1.59,11.0,6.0,3.0,2.0,3.0,6.0
2015-01-09,Montpellier,Marseille,2.0,1.0,4.33,3.4,1.91,2.13,1.69,12.0,12.0,4.0,4.0,3.0,2.0
2015-01-10,Bastia,Paris SG,4.0,2.0,8.0,4.75,1.4,1.88,1.9,6.0,10.0,4.0,4.0,2.0,0.0
2015-01-10,Evian Thonon Gaillard,Rennes,1.0,1.0,2.7,3.1,2.8,2.24,1.62,9.0,11.0,3.0,7.0,6.0,5.0
2015-01-10,Guingamp,Lens,2.0,0.0,2.0,3.3,4.0,2.29,1.59,14.0,10.0,3.0,2.0,8.0,8.0
2015-01-10,Lille,Caen,1.0,0.0,1.8,3.5,4.75,2.29,1.59,14.0,5.0,4.0,2.0,7.0,6.0
2015-01-10,Nice,Lorient,3.0,1.0,2.3,3.2,3.3,2.21,1.65,20.0,5.0,9.0,1.0,8.0,1.0
2015-01-10,Reims,St Etienne,1.0,2.0,3.75,3.25,2.1,2.4,1.54,25.0,14.0,7.0,6.0,9.0,5.0
2015-01-11,Lyon,Toulouse,3.0,0.0,1.57,4.0,6.0,1.81,1.98,8.0,9.0,5.0,2.0,2.0,5.0
2015-01-11,Monaco,Bordeaux,0.0,0.0,1.75,3.5,5.0,2.21,1.64,14.0,9.0,4.0,5.0,13.0,2.0
2015-01-11,Nantes,Metz,0.0,0.0,1.75,3.6,5.0,2.34,1.57,11.0,9.0,1.0,3.0,4.0,4.0
2015-01-16,Bordeaux,Nice,1.0,2.0,1.91,3.3,4.5,2.18,1.66,8.0,9.0,3.0,2.0,1.0,6.0
2015-01-17,Caen,Reims,4.0,1.0,2.2,3.3,3.4,2.04,1.76,15.0,12.0,7.0,2.0,6.0,8.0
2015-01-17,Lens,Lyon,0.0,2.0,4.5,3.5,1.85,2.06,1.74,12.0,8.0,4.0,4.0,7.0,1.0
2015-01-17,Lorient,Lille,1.0,0.0,2.75,3.0,2.88,2.47,1.51,15.0,13.0,6.0,4.0,6.0,7.0
2015-01-17,Metz,Montpellier,2.0,3.0,2.4,3.1,3.2,2.39,1.54,7.0,14.0,3.0,5.0,5.0,6.0
2015-01-17,Monaco,Nantes,1.0,0.0,1.62,3.6,6.5,2.29,1.59,11.0,13.0,4.0,2.0,3.0,5.0
2015-01-17,Toulouse,Bastia,1.0,1.0,1.91,3.3,4.5,2.18,1.66,13.0,3.0,4.0,1.0,7.0,2.0
2015-01-18,Marseille,Guingamp,2.0,1.0,1.44,4.5,7.5,1.8,1.99,16.0,11.0,7.0,4.0,5.0,4.0
2015-01-18,Paris SG,Evian Thonon Gaillard,4.0,2.0,1.18,7.0,17.0,1.54,2.42,10.0,5.0,8.0,1.0,7.0,4.0
2015-01-18,Rennes,St Etienne,0.0,0.0,3.0,3.0,2.6,2.6,1.47,6.0,5.0,1.0,1.0,3.0,8.0
2015-01-23,Nice,Marseille,2.0,1.0,3.5,3.3,2.15,1.97,1.81,10.0,18.0,3.0,3.0,4.0,5.0
2015-01-24,Bastia,Bordeaux,0.0,0.0,2.5,3.1,3.1,2.42,1.53,11.0,13.0,4.0,4.0,5.0,5.0
2015-01-24,Guingamp,Lorient,3.0,2.0,2.25,3.2,3.4,2.25,1.61,11.0,17.0,6.0,5.0,5.0,2.0
2015-01-24,Lille,Monaco,0.0,1.0,2.8,3.1,2.7,2.76,1.42,11.0,9.0,1.0,2.0,5.0,4.0
2015-01-24,Montpellier,Nantes,4.0,0.0,2.3,3.1,3.4,2.43,1.53,9.0,14.0,6.0,6.0,2.0,2.0
2015-01-25,Evian Thonon Gaillard,Toulouse,1.0,0.0,2.5,3.2,2.9,2.26,1.61,7.0,9.0,3.0,4.0,5.0,4.0
2015-01-25,Lyon,Metz,2.0,0.0,1.36,4.75,9.0,1.76,2.03,21.0,5.0,6.0,2.0,6.0,2.0
2015-01-25,Reims,Lens,0.0,0.0,2.3,3.2,3.3,2.16,1.67,12.0,20.0,3.0,7.0,4.0,6.0
2015-01-25,Rennes,Caen,1.0,4.0,2.0,3.3,4.0,2.16,1.67,14.0,11.0,5.0,5.0,4.0,3.0
2015-01-25,St Etienne,Paris SG,0.0,1.0,3.6,3.4,2.1,2.19,1.65,10.0,11.0,1.0,3.0,8.0,3.0
2015-01-30,Paris SG,Rennes,1.0,0.0,1.22,6.0,15.0,1.62,2.25,8.0,7.0,2.0,2.0,5.0,6.0
2015-01-31,Lens,Bastia,1.0,1.0,2.1,3.2,3.8,2.29,1.58,20.0,4.0,5.0,1.0,5.0,2.0
2015-01-31,Lorient,Montpellier,0.0,0.0,2.38,3.2,3.2,2.19,1.64,13.0,7.0,5.0,1.0,9.0,3.0
2015-01-31,Marseille,Evian Thonon Gaillard,1.0,0.0,1.33,5.0,10.0,1.73,2.07,18.0,3.0,1.0,1.0,3.0,0.0
2015-01-31,Metz,Nice,0.0,0.0,2.6,3.0,3.0,2.32,1.57,10.0,4.0,3.0,0.0,4.0,1.0
2015-01-31,Nantes,Lille,1.0,1.0,2.4,3.0,3.3,2.78,1.41,14.0,14.0,7.0,3.0,13.0,1.0
2015-01-31,Toulouse,Reims,1.0,0.0,1.83,3.5,4.5,2.11,1.7,16.0,5.0,3.0,2.0,8.0,0.0
2015-02-01,Bordeaux,Guingamp,1.0,1.0,1.95,3.3,4.2,2.12,1.69,14.0,9.0,3.0,5.0,7.0,4.0
2015-02-01,Caen,St Etienne,1.0,0.0,3.5,3.1,2.25,2.24,1.6,14.0,11.0,5.0,1.0,4.0,12.0
2015-02-01,Monaco,Lyon,0.0,0.0,2.1,3.2,3.8,2.3,1.58,9.0,6.0,1.0,3.0,5.0,2.0
2015-02-06,St Etienne,Lens,3.0,3.0,1.57,3.75,7.0,2.31,1.59,14.0,13.0,6.0,8.0,3.0,4.0
2015-02-07,Bastia,Metz,2.0,0.0,2.2,3.1,3.6,2.57,1.48,14.0,8.0,8.0,5.0,2.0,2.0
2015-02-07,Caen,Toulouse,2.0,0.0,2.25,3.2,3.4,2.08,1.73,12.0,13.0,4.0,1.0,3.0,8.0
2015-02-07,Evian Thonon Gaillard,Bordeaux,0.0,1.0,2.9,3.1,2.6,2.36,1.56,8.0,4.0,4.0,1.0,5.0,1.0
2015-02-07,Montpellier,Lille,1.0,2.0,2.2,3.2,3.6,2.6,1.47,13.0,9.0,8.0,5.0,9.0,1.0
2015-02-07,Reims,Lorient,1.0,3.0,2.5,3.2,3.0,2.13,1.69,10.0,12.0,4.0,4.0,7.0,6.0
2015-02-07,Rennes,Marseille,1.0,1.0,3.3,3.2,2.3,2.17,1.67,11.0,10.0,2.0,2.0,4.0,4.0
2015-02-08,Guingamp,Monaco,1.0,0.0,3.5,3.1,2.25,2.5,1.5,7.0,19.0,2.0,5.0,2.0,7.0
2015-02-08,Lyon,Paris SG,1.0,1.0,3.4,3.3,2.2,2.12,1.7,7.0,14.0,2.0,6.0,3.0,3.0
2015-02-08,Nice,Nantes,0.0,0.0,2.2,3.1,3.7,2.44,1.52,19.0,8.0,7.0,2.0,5.0,1.0
2015-02-13,Marseille,Reims,2.0,2.0,1.33,5.0,9.5,1.64,2.2,21.0,14.0,5.0,5.0,14.0,4.0
2015-02-14,Lens,Evian Thonon Gaillard,0.0,2.0,1.95,3.4,4.2,2.25,1.61,13.0,8.0,3.0,3.0,5.0,2.0
2015-02-14,Lille,Nice,0.0,0.0,2.0,3.2,4.2,2.58,1.48,8.0,5.0,1.0,1.0,5.0,3.0
2015-02-14,Nantes,Bastia,0.0,2.0,1.91,3.3,4.5,2.62,1.46,11.0,6.0,3.0,2.0,0.0,3.0
2015-02-14,Paris SG,Caen,2.0,2.0,1.25,6.0,12.0,1.64,2.19,13.0,14.0,6.0,7.0,5.0,5.0
2015-02-14,Toulouse,Rennes,2.0,1.0,2.25,3.2,3.4,2.3,1.58,18.0,11.0,6.0,3.0,5.0,5.0
2015-02-15,Bordeaux,St Etienne,1.0,0.0,2.6,3.1,2.9,2.43,1.53,13.0,11.0,4.0,4.0,5.0,3.0
2015-02-15,Lorient,Lyon,1.0,1.0,3.25,3.25,2.3,1.99,1.79,13.0,9.0,3.0,6.0,3.0,5.0
2015-02-15,Metz,Guingamp,0.0,2.0,2.6,3.1,2.9,2.59,1.47,14.0,13.0,2.0,5.0,7.0,3.0
2015-02-20,Nice,Monaco,0.0,1.0,3.2,3.0,2.38,2.7,1.44,10.0,10.0,3.0,2.0,7.0,3.0
2015-02-21,Bastia,Lille,2.0,1.0,2.8,3.0,2.75,2.84,1.4,7.0,10.0,5.0,3.0,4.0,8.0
2015-02-21,Caen,Lens,4.0,1.0,2.0,3.4,3.9,2.06,1.73,8.0,14.0,4.0,3.0,3.0,7.0
2015-02-21,Paris SG,Toulouse,3.0,1.0,1.25,6.0,12.0,1.62,2.24,8.0,8.0,4.0,3.0,7.0,3.0
2015-02-21,Rennes,Bordeaux,1.0,1.0,2.4,3.1,3.2,2.36,1.56,8.0,20.0,3.0,6.0,4.0,9.0
2015-02-22,Guingamp,Montpellier,0.0,2.0,2.25,3.2,3.4,2.29,1.59,4.0,16.0,2.0,9.0,1.0,4.0
2015-02-22,Lyon,Nantes,1.0,0.0,1.57,3.8,6.5,2.03,1.76,15.0,5.0,3.0,0.0,5.0,4.0
2015-02-22,Reims,Metz,0.0,0.0,2.15,3.1,3.8,2.34,1.57,13.0,12.0,3.0,6.0,7.0,6.0
2015-02-22,St Etienne,Marseille,2.0,2.0,2.55,3.2,2.9,2.22,1.62,16.0,13.0,6.0,4.0,3.0,5.0
2015-02-27,Marseille,Caen,2.0,3.0,1.44,4.5,7.5,1.63,2.24,21.0,15.0,9.0,10.0,4.0,6.0
2015-02-28,Bordeaux,Reims,1.0,1.0,1.7,3.6,5.5,2.03,1.76,14.0,7.0,6.0,3.0,6.0,3.0
2015-02-28,Lens,Rennes,0.0,1.0,2.3,3.2,3.3,2.33,1.57,13.0,8.0,2.0,2.0,1.0,2.0
2015-02-28,Lille,Lyon,2.0,1.0,2.8,3.1,2.7,2.51,1.5,13.0,10.0,3.0,4.0,0.0,5.0
2015-02-28,Lorient,Bastia,2.0,0.0,1.95,3.3,4.33,2.22,1.62,18.0,8.0,6.0,4.0,7.0,8.0
2015-02-28,Metz,Evian Thonon Gaillard,1.0,2.0,2.15,3.25,3.6,2.41,1.53,13.0,5.0,5.0,2.0,3.0,8.0
2015-02-28,Toulouse,St Etienne,1.0,1.0,2.88,3.1,2.63,2.47,1.51,11.0,7.0,4.0,4.0,6.0,1.0
2015-03-01,Monaco,Paris SG,0.0,0.0,3.25,3.1,2.38,2.45,1.52,6.0,12.0,1.0,2.0,1.0,7.0
2015-03-01,Montpellier,Nice,2.0,1.0,2.1,3.2,3.8,2.43,1.53,12.0,15.0,5.0,7.0,1.0,1.0
2015-03-01,Nantes,Guingamp,1.0,0.0,2.2,3.1,3.6,2.52,1.5,9.0,3.0,3.0,2.0,1.0,2.0
2015-03-04,Evian Thonon Gaillard,Lorient,1.0,0.0,2.63,3.25,2.75,2.22,1.64,7.0,17.0,2.0,7.0,4.0,5.0
2015-03-06,Toulouse,Marseille,1.0,6.0,3.1,3.2,2.4,2.0,1.78,16.0,11.0,2.0,8.0,4.0,4.0
2015-03-07,Bastia,Nice,2.0,1.0,2.3,3.1,3.4,2.44,1.52,14.0,5.0,7.0,1.0,10.0,2.0
2015-03-07,Caen,Bordeaux,1.0,2.0,2.7,3.0,2.88,2.11,1.69,8.0,15.0,1.0,5.0,3.0,4.0
2015-03-07,Evian Thonon Gaillard,Monaco,1.0,3.0,4.2,3.1,2.05,2.5,1.5,11.0,11.0,6.0,5.0,6.0,3.0
2015-03-07,Paris SG,Lens,4.0,1.0,1.2,6.25,15.0,1.6,2.27,27.0,8.0,14.0,3.0,7.0,3.0
2015-03-07,Reims,Nantes,3.0,1.0,2.5,3.1,3.1,2.38,1.54,22.0,7.0,9.0,4.0,8.0,4.0
2015-03-07,Rennes,Metz,1.0,0.0,1.85,3.4,4.75,2.3,1.58,7.0,16.0,4.0,4.0,3.0,3.0
2015-03-08,Guingamp,Lille,0.0,1.0,2.63,3.1,2.88,2.59,1.47,4.0,15.0,2.0,4.0,3.0,8.0
2015-03-08,Montpellier,Lyon,1.0,5.0,2.9,3.1,2.5,2.16,1.66,10.0,15.0,4.0,8.0,1.0,1.0
2015-03-08,St Etienne,Lorient,2.0,0.0,1.65,3.6,6.0,2.1,1.71,15.0,5.0,4.0,2.0,3.0,4.0
2015-03-13,Monaco,Bastia,3.0,0.0,1.57,3.7,7.0,2.37,1.56,15.0,6.0,9.0,0.0,8.0,1.0
2015-03-13,Nice,Guingamp,1.0,2.0,2.4,3.0,3.3,2.5,1.5,12.0,10.0,2.0,5.0,4.0,4.0
2015-03-14,Lens,Toulouse,1.0,0.0,2.5,3.1,3.1,2.19,1.65,11.0,12.0,4.0,2.0,6.0,6.0
2015-03-14,Lorient,Caen,2.0,1.0,1.91,3.5,4.2,1.89,1.88,27.0,9.0,8.0,3.0,9.0,3.0
2015-03-14,Metz,St Etienne,2.0,3.0,3.8,3.2,2.1,2.47,1.51,13.0,7.0,4.0,4.0,8.0,4.0
2015-03-14,Montpellier,Reims,3.0,1.0,1.85,3.3,4.75,2.0,1.78,14.0,14.0,7.0,5.0,2.0,5.0
2015-03-14,Nantes,Evian Thonon Gaillard,2.0,1.0,2.0,3.2,4.2,2.55,1.49,10.0,12.0,4.0,4.0,2.0,3.0
2015-03-15,Bordeaux,Paris SG,3.0,2.0,4.2,3.4,1.95,2.13,1.69,22.0,7.0,6.0,5.0,6.0,3.0
2015-03-15,Lille,Rennes,3.0,0.0,1.91,3.2,4.75,2.55,1.48,16.0,9.0,4.0,2.0,5.0,7.0
2015-03-15,Marseille,Lyon,0.0,0.0,2.05,3.3,3.8,1.8,1.98,17.0,11.0,5.0,7.0,5.0,7.0
2015-03-20,Paris SG,Lorient,3.0,1.0,1.25,6.0,12.0,1.56,2.35,17.0,10.0,10.0,4.0,10.0,5.0
2015-03-21,Bastia,Guingamp,0.0,0.0,2.9,3.1,2.6,2.43,1.53,15.0,12.0,5.0,4.0,3.0,7.0
2015-03-21,Caen,Metz,0.0,0.0,1.91,3.5,4.2,2.02,1.77,15.0,9.0,4.0,2.0,8.0,2.0
2015-03-21,Evian Thonon Gaillard,Montpellier,1.0,0.0,3.0,3.1,2.55,2.37,1.55,10.0,7.0,1.0,3.0,1.0,5.0
2015-03-21,Lyon,Nice,1.0,2.0,1.53,4.0,7.0,1.92,1.85,21.0,10.0,8.0,4.0,4.0,4.0
2015-03-21,Rennes,Nantes,0.0,0.0,2.2,3.25,3.5,2.57,1.48,8.0,9.0,2.0,0.0,5.0,2.0
2015-03-21,Toulouse,Bordeaux,2.0,1.0,2.6,3.0,3.0,2.29,1.59,10.0,14.0,5.0,7.0,8.0,9.0
2015-03-22,Lens,Marseille,0.0,4.0,4.5,3.6,1.8,1.96,1.8,16.0,15.0,3.0,6.0,9.0,3.0
2015-03-22,Reims,Monaco,1.0,3.0,4.5,3.3,1.91,2.44,1.53,16.0,12.0,3.0,5.0,5.0,3.0
2015-03-22,St Etienne,Lille,2.0,0.0,2.0,3.2,4.2,2.61,1.46,12.0,6.0,6.0,1.0,6.0,3.0
2015-04-03,Monaco,St Etienne,1.0,1.0,1.91,3.2,4.75,2.65,1.45,7.0,11.0,1.0,3.0,6.0,1.0
2015-04-04,Guingamp,Lyon,1.0,3.0,3.6,3.25,2.15,2.15,1.68,4.0,10.0,1.0,6.0,0.0,3.0
2015-04-04,Lille,Reims,3.0,1.0,1.67,3.5,6.0,2.35,1.56,14.0,10.0,8.0,3.0,0.0,2.0
2015-04-04,Lorient,Rennes,0.0,3.0,2.05,3.3,3.8,2.22,1.63,24.0,10.0,8.0,5.0,5.0,2.0
2015-04-04,Metz,Toulouse,3.0,2.0,2.8,3.1,2.7,2.3,1.58,21.0,5.0,8.0,3.0,7.0,3.0
2015-04-04,Montpellier,Bastia,3.0,1.0,1.85,3.5,4.5,2.11,1.71,11.0,6.0,5.0,1.0,8.0,1.0
2015-04-04,Nice,Evian Thonon Gaillard,2.0,2.0,1.95,3.25,4.33,2.49,1.51,10.0,8.0,3.0,3.0,6.0,2.0
2015-04-05,Bordeaux,Lens,2.0,1.0,1.62,3.8,6.0,1.96,1.82,17.0,9.0,8.0,2.0,3.0,8.0
2015-04-05,Marseille,Paris SG,2.0,3.0,3.1,3.25,2.38,1.93,1.85,17.0,13.0,5.0,7.0,3.0,2.0
2015-04-05,Nantes,Caen,1.0,2.0,2.2,3.2,3.5,2.24,1.62,8.0,11.0,4.0,3.0,3.0,12.0
2015-04-07,Monaco,Montpellier,0.0,0.0,1.73,3.5,5.5,2.26,1.61,10.0,4.0,2.0,1.0,9.0,5.0
2015-04-10,Caen,Monaco,0.0,3.0,3.3,3.3,2.25,2.22,1.63,7.0,11.0,2.0,4.0,5.0,3.0
2015-04-12,Bordeaux,Marseille,1.0,0.0,2.6,3.3,2.75,1.88,1.9,11.0,15.0,1.0,3.0,5.0,6.0
2015-04-12,Evian Thonon Gaillard,Lille,0.0,1.0,3.25,3.1,2.4,2.58,1.48,9.0,9.0,3.0,1.0,8.0,1.0
2015-04-12,Lens,Lorient,0.0,0.0,2.7,3.2,2.75,2.04,1.76,9.0,7.0,2.0,3.0,3.0,5.0
2015-04-12,Reims,Nice,0.0,1.0,2.3,3.2,3.3,2.26,1.61,17.0,11.0,3.0,5.0,7.0,4.0
2015-04-12,Rennes,Guingamp,1.0,0.0,2.2,3.1,3.6,2.35,1.56,11.0,6.0,5.0,1.0,7.0,4.0
2015-04-12,St Etienne,Nantes,1.0,0.0,1.62,3.6,6.5,2.42,1.53,6.0,9.0,2.0,2.0,7.0,7.0
2015-04-12,Toulouse,Montpellier,1.0,0.0,2.38,3.3,3.1,2.13,1.7,10.0,9.0,3.0,2.0,4.0,6.0
2015-04-15,Lyon,Bastia,2.0,0.0,1.4,4.5,8.0,1.85,1.94,15.0,6.0,7.0,3.0,9.0,4.0
2015-04-17,Nantes,Marseille,1.0,0.0,4.2,3.3,1.95,2.1,1.72,8.0,6.0,2.0,2.0,4.0,7.0
2015-04-18,Bastia,Reims,1.0,2.0,2.15,3.25,3.6,2.15,1.68,5.0,6.0,1.0,5.0,4.0,5.0
2015-04-18,Guingamp,Evian Thonon Gaillard,1.0,1.0,1.95,3.3,4.33,2.28,1.59,11.0,7.0,6.0,3.0,5.0,0.0
2015-04-18,Lorient,Toulouse,0.0,1.0,2.15,3.25,3.6,2.08,1.74,13.0,9.0,1.0,3.0,9.0,3.0
2015-04-18,Metz,Lens,3.0,1.0,2.2,3.3,3.4,2.18,1.67,18.0,6.0,7.0,2.0,5.0,4.0
2015-04-18,Monaco,Rennes,1.0,1.0,1.67,3.6,6.0,2.28,1.6,9.0,9.0,1.0,3.0,6.0,1.0
2015-04-18,Nice,Paris SG,1.0,3.0,6.0,3.8,1.62,2.04,1.76,17.0,14.0,4.0,8.0,3.0,8.0
2015-04-19,Lille,Bordeaux,2.0,0.0,2.15,3.1,3.8,2.55,1.49,6.0,8.0,4.0,4.0,3.0,10.0
2015-04-19,Lyon,St Etienne,2.0,2.0,1.95,3.4,4.2,2.08,1.73,21.0,11.0,6.0,6.0,7.0,4.0
2015-04-19,Montpellier,Caen,1.0,0.0,1.95,3.5,4.0,1.96,1.83,12.0,6.0,6.0,2.0,7.0,3.0
2015-04-24,Marseille,Lorient,3.0,5.0,1.36,4.8,9.0,1.63,2.22,12.0,11.0,5.0,6.0,5.0,1.0
2015-04-25,Bordeaux,Metz,1.0,1.0,1.62,3.75,6.0,1.97,1.82,18.0,7.0,4.0,3.0,13.0,2.0
2015-04-25,Caen,Guingamp,0.0,2.0,2.2,3.1,3.6,2.31,1.58,12.0,7.0,0.0,3.0,13.0,2.0
2015-04-25,Evian Thonon Gaillard,Bastia,1.0,2.0,2.0,3.2,4.0,2.33,1.58,12.0,13.0,2.0,4.0,6.0,3.0
2015-04-25,Paris SG,Lille,6.0,1.0,1.36,4.6,10.0,1.96,1.83,11.0,9.0,7.0,1.0,1.0,7.0
2015-04-25,Rennes,Nice,2.0,1.0,2.0,3.2,4.2,2.31,1.58,11.0,9.0,5.0,3.0,2.0,1.0
2015-04-25,Toulouse,Nantes,1.0,1.0,2.05,3.2,4.0,2.5,1.51,11.0,12.0,3.0,3.0,6.0,6.0
2015-04-26,Lens,Monaco,0.0,3.0,5.75,3.4,1.73,2.06,1.75,8.0,13.0,1.0,6.0,3.0,4.0
2015-04-26,Reims,Lyon,2.0,4.0,5.0,3.6,1.75,1.86,1.92,17.0,14.0,5.0,10.0,4.0,4.0
2015-04-26,St Etienne,Montpellier,1.0,0.0,1.75,3.4,5.5,2.14,1.7,8.0,10.0,3.0,3.0,3.0,8.0
2015-04-28,Paris SG,Metz,3.0,1.0,1.13,9.0,19.0,1.43,2.76,11.0,8.0,5.0,2.0,11.0,3.0
2015-05-01,Metz,Marseille,0.0,2.0,4.6,3.8,1.75,1.69,2.13,17.0,11.0,6.0,8.0,5.0,7.0
2015-05-02,Bastia,St Etienne,1.0,0.0,3.6,3.1,2.25,2.46,1.52,11.0,7.0,4.0,1.0,2.0,5.0
2015-05-02,Guingamp,Reims,2.0,0.0,2.05,3.4,3.75,2.06,1.74,9.0,6.0,3.0,1.0,3.0,5.0
2015-05-02,Lorient,Bordeaux,0.0,0.0,2.5,3.2,3.0,2.12,1.71,6.0,14.0,2.0,4.0,6.0,11.0
2015-05-02,Lyon,Evian Thonon Gaillard,2.0,0.0,1.25,5.75,13.0,1.59,2.3,16.0,8.0,6.0,3.0,6.0,3.0
2015-05-02,Montpellier,Rennes,0.0,0.0,2.05,3.3,3.8,2.13,1.69,11.0,4.0,1.0,1.0,9.0,4.0
2015-05-02,Nice,Caen,1.0,1.0,2.1,3.3,3.7,2.01,1.78,16.0,16.0,1.0,5.0,5.0,10.0
2015-05-03,Lille,Lens,3.0,1.0,1.53,3.8,7.5,2.13,1.69,14.0,3.0,8.0,1.0,7.0,3.0
2015-05-03,Monaco,Toulouse,4.0,1.0,1.44,4.33,8.0,2.11,1.71,6.0,11.0,6.0,4.0,2.0,5.0
2015-05-03,Nantes,Paris SG,0.0,2.0,10.0,5.0,1.33,2.01,1.79,12.0,14.0,3.0,7.0,5.0,4.0
2015-05-08,Paris SG,Guingamp,6.0,0.0,1.13,8.5,23.0,1.41,2.81,14.0,6.0,10.0,2.0,3.0,2.0
2015-05-09,Bordeaux,Nantes,2.0,1.0,1.57,3.6,7.0,2.19,1.64,14.0,7.0,7.0,4.0,6.0,1.0
2015-05-09,Caen,Lyon,3.0,0.0,5.0,3.75,1.73,1.65,2.19,18.0,13.0,9.0,8.0,4.0,6.0
2015-05-09,Evian Thonon Gaillard,Reims,2.0,3.0,2.1,3.3,3.75,2.06,1.74,9.0,14.0,4.0,3.0,2.0,6.0
2015-05-09,Metz,Lorient,0.0,4.0,2.6,3.25,2.8,2.06,1.74,18.0,18.0,7.0,11.0,3.0,11.0
2015-05-09,Rennes,Bastia,0.0,1.0,2.05,3.25,4.0,2.17,1.67,16.0,6.0,6.0,5.0,7.0,1.0
2015-05-09,Toulouse,Lille,3.0,2.0,2.5,3.2,3.0,2.29,1.59,16.0,17.0,4.0,7.0,2.0,8.0
2015-05-10,Lens,Montpellier,0.0,1.0,4.33,3.4,1.91,1.99,1.79,6.0,18.0,4.0,4.0,2.0,8.0
2015-05-10,Marseille,Monaco,2.0,1.0,2.2,3.3,3.4,1.91,1.88,14.0,13.0,6.0,4.0,2.0,5.0
2015-05-10,St Etienne,Nice,5.0,0.0,1.62,3.75,6.0,2.13,1.69,15.0,7.0,9.0,2.0,3.0,7.0
2015-05-16,Bastia,Caen,1.0,1.0,2.3,3.3,3.2,1.97,1.82,8.0,9.0,3.0,4.0,8.0,4.0
2015-05-16,Evian Thonon Gaillard,St Etienne,1.0,2.0,4.2,3.5,1.91,2.12,1.7,14.0,19.0,3.0,4.0,8.0,3.0
2015-05-16,Guingamp,Toulouse,2.0,1.0,2.5,3.2,3.0,2.1,1.71,12.0,15.0,4.0,6.0,4.0,9.0
2015-05-16,Lille,Marseille,0.0,4.0,3.2,3.3,2.3,1.86,1.91,13.0,16.0,2.0,5.0,5.0,2.0
2015-05-16,Lyon,Bordeaux,1.0,1.0,1.8,3.8,4.33,1.77,2.02,10.0,14.0,4.0,5.0,5.0,5.0
2015-05-16,Monaco,Metz,2.0,0.0,1.22,6.0,15.0,1.78,2.01,19.0,9.0,5.0,2.0,10.0,2.0
2015-05-16,Montpellier,Paris SG,1.0,2.0,7.5,4.5,1.44,1.74,2.05,9.0,13.0,2.0,4.0,4.0,4.0
2015-05-16,Nantes,Lorient,1.0,1.0,2.7,3.2,2.7,2.2,1.65,11.0,3.0,6.0,1.0,8.0,3.0
2015-05-16,Nice,Lens,2.0,1.0,1.62,3.8,6.0,1.97,1.8,18.0,9.0,7.0,4.0,7.0,1.0
2015-05-16,Reims,Rennes,1.0,0.0,2.15,3.3,3.5,2.07,1.74,12.0,10.0,1.0,3.0,0.0,5.0
2015-05-23,Bordeaux,Montpellier,2.0,1.0,2.05,3.4,3.8,1.9,1.88,22.0,7.0,9.0,1.0,7.0,2.0
2015-05-23,Caen,Evian Thonon Gaillard,3.0,2.0,1.75,3.8,4.5,1.8,1.98,21.0,15.0,6.0,8.0,13.0,8.0
2015-05-23,Lens,Nantes,1.0,0.0,3.4,3.3,2.2,2.07,1.73,7.0,16.0,4.0,5.0,1.0,3.0
2015-05-23,Lorient,Monaco,0.0,1.0,7.0,4.2,1.5,1.81,1.97,7.0,18.0,1.0,8.0,4.0,10.0
2015-05-23,Marseille,Bastia,3.0,0.0,1.22,6.5,13.0,1.45,2.67,16.0,7.0,5.0,1.0,5.0,0.0
2015-05-23,Metz,Lille,1.0,4.0,3.3,3.3,2.25,1.9,1.88,16.0,20.0,4.0,10.0,4.0,7.0
2015-05-23,Paris SG,Reims,3.0,2.0,1.14,9.0,17.0,1.3,3.33,14.0,10.0,6.0,4.0,5.0,8.0
2015-05-23,Rennes,Lyon,0.0,1.0,3.1,3.4,2.3,1.65,2.17,10.0,9.0,2.0,2.0,5.0,1.0
2015-05-23,St Etienne,Guingamp,2.0,1.0,1.25,6.0,12.0,1.7,2.11,10.0,11.0,6.0,3.0,5.0,4.0
2015-05-23,Toulouse,Nice,2.0,3.0,1.91,3.6,4.0,1.78,2.0,9.0,8.0,4.0,4.0,3.0,3.0
2015-08-07,Lille,Paris SG,0.0,1.0,6.5,3.6,1.57,2.24,1.63,12.0,7.0,2.0,2.0,3.0,2.0
2015-08-08,Bastia,Rennes,2.0,1.0,2.6,3.1,2.8,2.51,1.5,11.0,6.0,3.0,3.0,6.0,2.0
2015-08-08,Marseille,Caen,0.0,1.0,1.57,4.0,6.0,1.67,2.15,17.0,8.0,4.0,4.0,14.0,2.0
2015-08-08,Montpellier,Angers,0.0,2.0,1.83,3.4,4.75,2.41,1.54,11.0,16.0,4.0,6.0,5.0,9.0
2015-08-08,Nantes,Guingamp,1.0,0.0,2.2,3.1,3.6,2.69,1.44,9.0,10.0,4.0,4.0,6.0,2.0
2015-08-08,Nice,Monaco,1.0,2.0,4.0,3.1,2.05,2.35,1.57,5.0,19.0,2.0,6.0,2.0,10.0
2015-08-08,Troyes,Ajaccio GFCO,0.0,0.0,2.05,3.2,3.75,2.38,1.56,12.0,6.0,4.0,1.0,9.0,3.0
2015-08-09,Bordeaux,Reims,1.0,2.0,1.67,3.75,5.5,1.98,1.8,14.0,14.0,4.0,6.0,4.0,3.0
2015-08-09,Lyon,Lorient,0.0,0.0,1.57,4.0,6.0,1.82,1.97,21.0,10.0,6.0,5.0,7.0,2.0
2015-08-09,Toulouse,St Etienne,2.0,1.0,3.1,3.1,2.4,2.37,1.56,9.0,11.0,3.0,2.0,3.0,4.0
2015-08-14,Monaco,Lille,0.0,0.0,1.62,3.6,6.5,2.37,1.56,9.0,9.0,3.0,2.0,4.0,6.0
2015-08-15,Angers,Nantes,0.0,0.0,2.5,3.1,3.1,2.78,1.42,10.0,2.0,3.0,1.0,4.0,2.0
2015-08-15,Caen,Toulouse,1.0,0.0,2.2,3.4,3.25,2.09,1.73,9.0,13.0,3.0,4.0,3.0,3.0
2015-08-15,Guingamp,Lyon,0.0,1.0,3.6,3.25,2.15,2.18,1.66,11.0,11.0,3.0,3.0,9.0,2.0
2015-08-15,Rennes,Montpellier,1.0,0.0,2.25,3.1,3.5,2.46,1.52,10.0,4.0,2.0,0.0,3.0,4.0
2015-08-15,St Etienne,Bordeaux,1.0,1.0,1.95,3.4,4.2,2.39,1.55,7.0,17.0,2.0,3.0,1.0,8.0
2015-08-15,Troyes,Nice,3.0,3.0,2.15,3.25,3.6,2.31,1.59,11.0,18.0,7.0,6.0,11.0,3.0
2015-08-16,Lorient,Bastia,1.0,1.0,1.85,3.4,4.75,2.33,1.59,12.0,7.0,4.0,2.0,4.0,2.0
2015-08-16,Paris SG,Ajaccio GFCO,2.0,0.0,1.11,10.0,21.0,1.46,2.66,18.0,8.0,6.0,2.0,4.0,1.0
2015-08-16,Reims,Marseille,1.0,0.0,3.5,3.25,2.2,2.03,1.77,15.0,13.0,5.0,4.0,8.0,7.0
2015-08-21,Montpellier,Paris SG,0.0,1.0,8.0,4.2,1.45,2.11,1.71,10.0,9.0,3.0,5.0,2.0,1.0
2015-08-22,Ajaccio GFCO,Angers,0.0,2.0,2.3,3.0,3.6,2.86,1.4,8.0,9.0,3.0,5.0,9.0,3.0
2015-08-22,Bastia,Guingamp,3.0,0.0,2.3,3.0,3.4,2.78,1.42,10.0,15.0,5.0,4.0,3.0,5.0
2015-08-22,Lyon,Rennes,1.0,2.0,1.57,3.75,7.0,2.17,1.67,15.0,6.0,4.0,3.0,6.0,1.0
2015-08-22,Nantes,Reims,1.0,0.0,2.2,3.1,3.6,2.73,1.43,13.0,2.0,6.0,1.0,1.0,2.0
2015-08-22,Nice,Caen,2.0,1.0,2.2,3.3,3.4,2.04,1.76,7.0,12.0,4.0,6.0,2.0,3.0
2015-08-22,Toulouse,Monaco,1.0,1.0,3.1,3.1,2.5,2.28,1.59,13.0,14.0,4.0,3.0,4.0,5.0
2015-08-23,Lille,Bordeaux,0.0,0.0,2.1,3.2,3.8,2.43,1.53,15.0,12.0,5.0,4.0,12.0,10.0
2015-08-23,Lorient,St Etienne,0.0,1.0,2.63,3.0,3.0,2.59,1.48,10.0,12.0,2.0,5.0,3.0,4.0
2015-08-23,Marseille,Troyes,6.0,0.0,1.62,3.8,6.0,1.94,1.86,16.0,6.0,7.0,1.0,6.0,5.0
2015-08-28,Guingamp,Marseille,2.0,0.0,4.0,3.3,2.0,2.32,1.59,12.0,14.0,5.0,6.0,4.0,8.0
2015-08-29,Angers,Nice,1.0,1.0,2.3,3.1,3.4,2.51,1.5,5.0,11.0,2.0,5.0,3.0,6.0
2015-08-29,Caen,Lyon,0.0,4.0,3.3,3.3,2.25,1.97,1.83,14.0,13.0,6.0,5.0,8.0,3.0
2015-08-29,Lille,Ajaccio GFCO,1.0,0.0,1.4,4.0,10.0,2.39,1.55,13.0,12.0,5.0,6.0,7.0,4.0
2015-08-29,Reims,Lorient,4.0,1.0,2.25,3.1,3.5,2.29,1.59,14.0,13.0,10.0,4.0,5.0,5.0
2015-08-29,Rennes,Toulouse,3.0,1.0,2.15,3.25,3.6,2.42,1.53,13.0,8.0,5.0,3.0,7.0,3.0
2015-08-29,Troyes,Montpellier,0.0,0.0,2.5,3.1,3.0,2.36,1.56,8.0,13.0,1.0,4.0,4.0,5.0
2015-08-30,Bordeaux,Nantes,2.0,0.0,2.0,3.25,4.2,2.6,1.47,19.0,11.0,4.0,1.0,7.0,5.0
2015-08-30,Monaco,Paris SG,0.0,3.0,4.2,3.25,2.0,2.38,1.55,3.0,19.0,2.0,8.0,3.0,2.0
2015-08-30,St Etienne,Bastia,2.0,1.0,1.73,3.4,5.75,2.47,1.51,23.0,6.0,6.0,1.0,12.0,0.0
2015-09-11,Paris SG,Bordeaux,2.0,2.0,1.25,5.75,13.0,1.77,2.03,19.0,10.0,5.0,3.0,11.0,6.0
2015-09-12,Lorient,Angers,3.0,1.0,1.91,3.3,4.5,2.39,1.55,14.0,7.0,6.0,1.0,6.0,2.0
2015-09-12,Lyon,Lille,0.0,0.0,1.83,3.4,4.75,2.41,1.54,13.0,9.0,6.0,3.0,7.0,1.0
2015-09-12,Montpellier,St Etienne,1.0,2.0,2.5,3.1,3.1,2.55,1.49,16.0,12.0,8.0,3.0,9.0,5.0
2015-09-12,Nice,Guingamp,0.0,1.0,2.25,3.1,3.5,2.36,1.56,16.0,8.0,1.0,3.0,1.0,1.0
2015-09-12,Toulouse,Reims,2.0,2.0,2.0,3.5,3.75,2.09,1.73,15.0,9.0,6.0,4.0,2.0,4.0
2015-09-12,Troyes,Caen,1.0,3.0,2.25,3.2,3.4,2.05,1.75,14.0,15.0,6.0,8.0,6.0,5.0
2015-09-13,Ajaccio GFCO,Monaco,0.0,1.0,4.5,3.3,1.91,2.59,1.48,24.0,13.0,4.0,8.0,14.0,4.0
2015-09-13,Marseille,Bastia,4.0,1.0,1.44,4.2,8.5,1.91,1.89,12.0,6.0,7.0,2.0,5.0,0.0
2015-09-13,Nantes,Rennes,0.0,2.0,2.6,2.88,3.1,2.99,1.37,10.0,16.0,3.0,6.0,1.0,6.0
2015-09-18,Rennes,Lille,1.0,1.0,2.38,3.0,3.4,2.71,1.44,9.0,15.0,3.0,5.0,8.0,2.0
2015-09-19,Angers,Troyes,1.0,0.0,2.1,3.1,4.0,2.38,1.55,16.0,14.0,4.0,0.0,6.0,5.0
2015-09-19,Bastia,Nice,1.0,3.0,2.25,3.1,3.5,2.34,1.56,8.0,9.0,2.0,6.0,7.0,3.0
2015-09-19,Caen,Montpellier,2.0,1.0,2.15,3.1,3.75,2.14,1.69,16.0,3.0,6.0,2.0,3.0,5.0
2015-09-19,Guingamp,Ajaccio GFCO,2.0,1.0,1.85,3.3,4.75,2.64,1.47,14.0,7.0,4.0,3.0,10.0,1.0
2015-09-19,Reims,Paris SG,1.0,1.0,8.0,4.75,1.4,1.85,1.94,7.0,17.0,3.0,6.0,3.0,9.0
2015-09-20,Bordeaux,Toulouse,1.0,1.0,2.1,3.1,4.0,2.16,1.68,17.0,9.0,5.0,5.0,6.0,3.0
2015-09-20,Marseille,Lyon,1.0,1.0,2.05,3.3,3.8,1.99,1.81,14.0,12.0,4.0,5.0,1.0,5.0
2015-09-20,Monaco,Lorient,2.0,3.0,1.7,3.6,5.5,2.08,1.73,13.0,16.0,6.0,7.0,3.0,3.0
2015-09-20,St Etienne,Nantes,2.0,0.0,1.67,3.5,6.0,2.65,1.46,12.0,11.0,3.0,2.0,3.0,9.0
2015-09-22,Angers,Reims,0.0,0.0,2.5,3.0,3.2,2.55,1.49,8.0,3.0,3.0,1.0,1.0,3.0
2015-09-22,Paris SG,Guingamp,3.0,0.0,1.2,6.5,17.0,1.7,2.14,18.0,10.0,10.0,4.0,9.0,4.0
2015-09-23,Ajaccio GFCO,Rennes,1.0,1.0,3.5,3.0,2.3,2.7,1.4,13.0,16.0,2.0,8.0,3.0,3.0
2015-09-23,Lorient,Caen,2.0,0.0,2.2,3.2,3.5,2.1,1.72,8.0,14.0,4.0,2.0,4.0,11.0
2015-09-23,Lyon,Bastia,2.0,0.0,1.5,4.0,7.5,2.02,1.78,14.0,4.0,7.0,2.0,3.0,2.0
2015-09-23,Nice,Bordeaux,6.0,1.0,2.7,3.0,2.88,2.29,1.61,17.0,6.0,10.0,3.0,4.0,4.0
2015-09-23,Toulouse,Marseille,1.0,1.0,2.9,3.1,2.6,2.03,1.77,11.0,8.0,3.0,1.0,3.0,5.0
2015-09-23,Troyes,St Etienne,0.0,1.0,3.4,3.1,2.3,2.38,1.56,14.0,13.0,4.0,6.0,7.0,6.0
2015-09-24,Montpellier,Monaco,2.0,3.0,3.2,3.1,2.4,2.54,1.49,16.0,13.0,5.0,5.0,2.0,7.0
2015-09-25,Reims,Lille,1.0,0.0,2.7,3.1,2.8,2.46,1.52,10.0,10.0,5.0,3.0,4.0,6.0
2015-09-26,Bastia,Toulouse,3.0,0.0,2.88,3.1,2.63,2.32,1.59,9.0,16.0,6.0,5.0,1.0,18.0
2015-09-26,Bordeaux,Lyon,3.0,1.0,2.75,3.0,2.8,2.24,1.62,10.0,10.0,4.0,4.0,3.0,5.0
2015-09-26,Caen,Ajaccio GFCO,2.0,0.0,1.75,3.6,5.0,2.17,1.67,16.0,8.0,9.0,2.0,8.0,7.0
2015-09-26,Nantes,Paris SG,1.0,4.0,10.0,4.33,1.4,2.09,1.72,7.0,14.0,2.0,7.0,4.0,7.0
2015-09-26,Rennes,Troyes,1.0,1.0,1.73,3.5,5.5,2.33,1.57,19.0,12.0,5.0,6.0,8.0,3.0
2015-09-27,Guingamp,Monaco,3.0,3.0,3.25,3.1,2.38,2.49,1.51,16.0,9.0,7.0,4.0,4.0,1.0
2015-09-27,Marseille,Angers,1.0,2.0,1.4,4.5,8.5,2.0,1.79,18.0,6.0,4.0,3.0,6.0,4.0
2015-09-27,Montpellier,Lorient,2.0,1.0,2.2,3.25,3.5,2.19,1.66,11.0,10.0,4.0,3.0,9.0,3.0
2015-09-27,St Etienne,Nice,1.0,4.0,1.73,3.6,5.25,2.12,1.7,13.0,8.0,5.0,6.0,8.0,2.0
2015-09-29,Lille,Nantes,0.0,1.0,1.85,3.2,5.0,2.68,1.45,20.0,9.0,4.0,2.0,11.0,2.0
2015-10-02,Lille,Montpellier,2.0,0.0,2.0,3.1,4.33,2.54,1.5,22.0,9.0,5.0,3.0,9.0,2.0
2015-10-03,Ajaccio GFCO,Toulouse,2.0,2.0,3.1,3.2,2.4,2.35,1.57,7.0,12.0,3.0,5.0,6.0,7.0
2015-10-03,Angers,Bastia,1.0,0.0,2.1,3.1,4.0,2.44,1.53,17.0,8.0,6.0,2.0,7.0,5.0
2015-10-03,Lyon,Reims,1.0,0.0,1.62,3.75,6.0,1.88,1.91,17.0,8.0,6.0,3.0,5.0,1.0
2015-10-03,Troyes,Guingamp,0.0,1.0,2.63,3.1,2.88,2.24,1.63,12.0,18.0,2.0,7.0,5.0,4.0
2015-10-04,Caen,St Etienne,1.0,0.0,2.45,3.2,2.88,2.09,1.73,14.0,10.0,7.0,3.0,5.0,7.0
2015-10-04,Lorient,Bordeaux,3.0,2.0,2.6,3.2,2.8,2.14,1.69,7.0,9.0,4.0,5.0,3.0,5.0
2015-10-04,Monaco,Rennes,1.0,1.0,1.85,3.4,4.75,2.23,1.64,14.0,8.0,6.0,3.0,8.0,3.0
2015-10-04,Paris SG,Marseille,2.0,1.0,1.33,5.0,10.0,1.71,2.11,16.0,13.0,8.0,8.0,4.0,6.0
2015-10-16,Monaco,Lyon,1.0,1.0,2.55,3.2,2.9,2.18,1.67,12.0,18.0,4.0,6.0,3.0,4.0
2015-10-17,Bastia,Paris SG,0.0,2.0,10.0,5.0,1.33,1.78,2.02,6.0,13.0,2.0,5.0,2.0,3.0
2015-10-17,Guingamp,Lille,1.0,1.0,2.6,3.1,2.9,2.6,1.48,10.0,10.0,2.0,2.0,3.0,3.0
2015-10-17,Nantes,Troyes,3.0,0.0,1.95,3.3,4.2,2.54,1.49,17.0,14.0,4.0,2.0,5.0,4.0
2015-10-17,Reims,Caen,0.0,1.0,2.5,3.2,2.9,2.05,1.75,12.0,11.0,2.0,4.0,4.0,6.0
2015-10-17,St Etienne,Ajaccio GFCO,2.0,0.0,1.5,3.8,8.0,2.14,1.69,13.0,4.0,6.0,0.0,5.0,3.0
2015-10-17,Toulouse,Angers,1.0,2.0,2.05,3.3,3.8,2.28,1.6,21.0,7.0,6.0,5.0,9.0,1.0
2015-10-18,Bordeaux,Montpellier,0.0,0.0,1.75,3.6,5.0,2.15,1.68,16.0,6.0,3.0,0.0,7.0,2.0
2015-10-18,Marseille,Lorient,1.0,1.0,1.57,4.0,6.0,1.77,2.02,21.0,6.0,8.0,2.0,11.0,4.0
2015-10-18,Rennes,Nice,1.0,4.0,2.1,3.25,3.75,2.12,1.7,15.0,12.0,3.0,7.0,4.0,3.0
2015-10-23,Caen,Nantes,0.0,2.0,1.91,3.3,4.5,2.44,1.53,16.0,10.0,4.0,3.0,7.0,6.0
2015-10-23,Lyon,Toulouse,3.0,0.0,1.73,3.6,5.25,1.93,1.87,20.0,7.0,8.0,3.0,4.0,5.0
2015-10-24,Ajaccio GFCO,Nice,3.0,1.0,3.4,3.3,2.2,2.16,1.67,13.0,9.0,6.0,2.0,5.0,3.0
2015-10-24,Angers,Guingamp,0.0,0.0,2.4,3.0,3.3,2.59,1.48,10.0,11.0,2.0,2.0,7.0,7.0
2015-10-24,Lorient,Rennes,1.0,1.0,2.4,3.1,3.2,2.33,1.58,10.0,11.0,5.0,3.0,3.0,8.0
2015-10-24,Montpellier,Bastia,2.0,0.0,1.95,3.3,4.2,2.39,1.55,10.0,13.0,3.0,1.0,5.0,4.0
2015-10-25,Bordeaux,Troyes,1.0,0.0,1.5,3.8,7.5,1.98,1.82,16.0,11.0,4.0,2.0,5.0,4.0
2015-10-25,Lille,Marseille,1.0,2.0,2.6,3.1,2.9,2.31,1.59,10.0,12.0,4.0,6.0,3.0,5.0
2015-10-25,Paris SG,St Etienne,4.0,1.0,1.25,6.0,12.0,1.7,2.11,21.0,14.0,10.0,6.0,5.0,0.0
2015-10-25,Reims,Monaco,0.0,1.0,3.0,3.1,2.5,2.25,1.62,13.0,16.0,6.0,4.0,3.0,5.0
2015-10-30,Rennes,Paris SG,0.0,1.0,7.5,4.0,1.5,1.93,1.86,5.0,13.0,2.0,5.0,1.0,3.0
2015-10-31,Ajaccio GFCO,Bordeaux,2.0,0.0,4.2,3.4,1.95,2.25,1.63,7.0,7.0,4.0,0.0,2.0,5.0
2015-10-31,Bastia,Caen,1.0,0.0,2.9,3.1,2.6,2.25,1.61,11.0,5.0,6.0,3.0,8.0,2.0
2015-10-31,Guingamp,Lorient,2.0,2.0,2.0,3.3,4.0,2.18,1.67,13.0,12.0,4.0,4.0,4.0,3.0
2015-10-31,St Etienne,Reims,3.0,0.0,1.62,3.8,6.0,2.07,1.74,20.0,8.0,8.0,5.0,7.0,12.0
2015-10-31,Toulouse,Montpellier,1.0,1.0,2.1,3.25,3.75,2.21,1.64,10.0,7.0,5.0,1.0,3.0,7.0
2015-10-31,Troyes,Lyon,0.0,1.0,5.5,3.6,1.7,1.96,1.84,8.0,31.0,2.0,6.0,3.0,10.0
2015-11-01,Monaco,Angers,1.0,0.0,1.6,3.75,6.5,2.31,1.59,13.0,15.0,2.0,5.0,2.0,4.0
2015-11-01,Nantes,Marseille,0.0,1.0,4.0,3.1,2.1,2.37,1.55,12.0,12.0,4.0,3.0,5.0,2.0
2015-11-01,Nice,Lille,0.0,0.0,2.38,3.2,3.2,2.18,1.66,9.0,9.0,4.0,1.0,7.0,5.0
2015-11-04,Nice,Nantes,1.0,2.0,2.0,3.25,4.2,2.22,1.64,9.0,12.0,3.0,6.0,3.0,6.0
2015-11-06,Angers,Rennes,0.0,2.0,2.88,3.0,2.7,2.8,1.42,18.0,10.0,3.0,2.0,5.0,2.0
2015-11-07,Caen,Guingamp,2.0,1.0,2.2,3.2,3.5,2.25,1.63,16.0,13.0,5.0,6.0,11.0,6.0
2015-11-07,Lille,Bastia,1.0,1.0,1.67,3.5,6.0,2.46,1.53,10.0,9.0,1.0,2.0,5.0,5.0
2015-11-07,Lorient,Troyes,4.0,1.0,1.67,3.75,5.5,2.02,1.78,29.0,13.0,10.0,6.0,10.0,5.0
2015-11-07,Montpellier,Nantes,2.0,1.0,2.2,3.1,3.6,2.66,1.46,10.0,10.0,4.0,2.0,2.0,6.0
2015-11-07,Paris SG,Toulouse,5.0,0.0,1.18,7.0,17.0,1.46,2.66,15.0,7.0,9.0,0.0,5.0,0.0
2015-11-07,Reims,Ajaccio GFCO,1.0,2.0,1.91,3.2,4.75,2.34,1.58,13.0,11.0,2.0,4.0,7.0,1.0
2015-11-08,Bordeaux,Monaco,3.0,1.0,2.3,3.1,3.4,2.3,1.59,9.0,13.0,4.0,6.0,5.0,10.0
2015-11-08,Lyon,St Etienne,3.0,0.0,1.95,3.5,4.0,1.99,1.8,17.0,6.0,8.0,1.0,5.0,3.0
2015-11-08,Marseille,Nice,0.0,1.0,1.67,4.0,5.0,1.76,2.04,14.0,9.0,3.0,4.0,7.0,5.0
2015-11-20,Nice,Lyon,3.0,0.0,3.4,3.4,2.15,2.01,1.8,13.0,13.0,8.0,1.0,3.0,2.0
2015-11-21,Guingamp,Toulouse,2.0,0.0,2.1,3.4,3.6,2.08,1.74,7.0,13.0,5.0,3.0,3.0,7.0
2015-11-21,Lorient,Paris SG,1.0,2.0,7.5,4.5,1.44,1.72,2.1,13.0,8.0,6.0,3.0,3.0,2.0
2015-11-21,Monaco,Nantes,1.0,0.0,1.7,3.6,5.5,2.31,1.59,8.0,12.0,4.0,2.0,6.0,3.0
2015-11-21,Montpellier,Reims,3.0,1.0,2.1,3.25,3.75,2.32,1.58,11.0,11.0,4.0,4.0,3.0,4.0
2015-11-21,Troyes,Lille,1.0,1.0,3.6,3.2,2.15,2.45,1.53,10.0,16.0,5.0,6.0,6.0,12.0
2015-11-22,Bastia,Ajaccio GFCO,1.0,2.0,2.1,3.2,3.8,2.53,1.5,9.0,15.0,5.0,4.0,2.0,4.0
2015-11-22,Caen,Angers,0.0,0.0,1.8,3.4,5.0,2.42,1.54,13.0,11.0,2.0,4.0,4.0,8.0
2015-11-22,Rennes,Bordeaux,2.0,2.0,2.3,3.2,3.3,2.47,1.52,8.0,8.0,4.0,5.0,5.0,2.0
2015-11-22,St Etienne,Marseille,0.0,2.0,2.45,3.25,3.0,2.0,1.8,12.0,14.0,4.0,6.0,5.0,7.0
2015-11-27,Lyon,Montpellier,2.0,4.0,1.57,3.8,6.5,2.02,1.78,12.0,15.0,5.0,9.0,5.0,2.0
2015-11-28,Ajaccio GFCO,Lorient,1.0,1.0,2.8,3.2,2.6,2.14,1.69,17.0,5.0,3.0,2.0,4.0,3.0
2015-11-28,Angers,Lille,2.0,0.0,2.9,2.9,2.8,3.04,1.37,9.0,8.0,5.0,0.0,1.0,4.0
2015-11-28,Nantes,Bastia,0.0,0.0,1.91,3.2,4.75,2.62,1.47,14.0,6.0,3.0,1.0,7.0,1.0
2015-11-28,Paris SG,Troyes,4.0,1.0,1.08,10.0,34.0,1.34,3.19,22.0,11.0,9.0,3.0,7.0,2.0
2015-11-28,Reims,Rennes,2.0,2.0,3.0,3.0,2.6,2.41,1.55,12.0,11.0,4.0,6.0,3.0,2.0
2015-11-28,Toulouse,Nice,2.0,0.0,2.38,3.4,3.0,1.97,1.83,10.0,8.0,6.0,3.0,3.0,3.0
2015-11-29,Bordeaux,Caen,1.0,4.0,1.95,3.5,4.0,2.12,1.7,10.0,13.0,3.0,10.0,4.0,6.0
2015-11-29,Marseille,Monaco,3.0,3.0,1.95,3.5,4.0,2.08,1.73,12.0,10.0,6.0,5.0,3.0,4.0
2015-11-29,St Etienne,Guingamp,3.0,0.0,1.83,3.3,5.0,2.16,1.67,10.0,14.0,7.0,4.0,4.0,3.0
2015-12-01,Angers,Paris SG,0.0,0.0,10.0,5.0,1.33,1.97,1.81,8.0,12.0,1.0,3.0,3.0,12.0
2015-12-01,Lorient,Nice,0.0,0.0,2.25,3.3,3.3,1.94,1.84,10.0,12.0,3.0,7.0,7.0,2.0
2015-12-01,Nantes,Lyon,0.0,0.0,3.6,3.25,2.15,2.32,1.59,9.0,10.0,3.0,5.0,3.0,1.0
2015-12-02,Bastia,Bordeaux,1.0,0.0,3.0,3.2,2.5,2.36,1.56,8.0,6.0,4.0,2.0,7.0,6.0
2015-12-02,Guingamp,Reims,1.0,2.0,1.91,3.3,4.5,2.2,1.66,8.0,6.0,2.0,4.0,4.0,0.0
2015-12-02,Lille,St Etienne,1.0,0.0,2.5,3.1,3.1,2.63,1.47,13.0,9.0,5.0,0.0,6.0,4.0
2015-12-02,Monaco,Caen,1.0,1.0,1.85,3.5,4.33,2.08,1.73,10.0,8.0,4.0,3.0,4.0,4.0
2015-12-02,Montpellier,Ajaccio GFCO,0.0,2.0,1.83,3.5,4.5,2.23,1.63,16.0,6.0,6.0,3.0,9.0,0.0
2015-12-02,Troyes,Toulouse,0.0,3.0,3.0,3.3,2.4,2.1,1.72,18.0,11.0,7.0,8.0,10.0,6.0
2015-12-03,Rennes,Marseille,0.0,1.0,3.1,3.1,2.5,2.32,1.58,10.0,11.0,1.0,5.0,5.0,3.0
2015-12-04,Nice,Paris SG,0.0,3.0,6.5,4.33,1.5,1.79,2.01,7.0,15.0,2.0,6.0,3.0,2.0
2015-12-05,Ajaccio GFCO,Nantes,1.0,1.0,2.5,3.0,3.1,2.67,1.45,25.0,12.0,6.0,3.0,5.0,2.0
2015-12-05,Bastia,Monaco,1.0,2.0,3.5,3.3,2.15,2.4,1.55,5.0,7.0,2.0,2.0,2.0,3.0
2015-12-05,Caen,Lille,1.0,2.0,2.4,3.1,3.25,2.45,1.52,15.0,12.0,5.0,5.0,14.0,2.0
2015-12-05,Lyon,Angers,0.0,2.0,1.53,3.75,7.5,2.15,1.68,13.0,9.0,1.0,6.0,7.0,1.0
2015-12-05,Reims,Troyes,1.0,1.0,1.67,3.75,5.5,1.96,1.82,11.0,14.0,3.0,4.0,7.0,2.0
2015-12-05,Toulouse,Lorient,2.0,3.0,2.0,3.4,3.8,2.01,1.79,20.0,5.0,3.0,4.0,10.0,2.0
2015-12-06,Bordeaux,Guingamp,1.0,0.0,2.0,3.2,4.2,2.29,1.6,13.0,8.0,4.0,2.0,4.0,2.0
2015-12-06,Marseille,Montpellier,2.0,2.0,1.65,3.75,5.5,1.88,1.89,14.0,6.0,8.0,2.0,6.0,3.0
2015-12-06,St Etienne,Rennes,1.0,1.0,2.05,3.1,4.2,2.38,1.56,14.0,5.0,4.0,3.0,12.0,3.0
2015-12-11,Rennes,Caen,1.0,1.0,2.38,3.25,3.2,2.34,1.58,22.0,12.0,8.0,3.0,12.0,7.0
2015-12-12,Lille,Lorient,3.0,0.0,1.75,3.5,5.25,2.37,1.56,16.0,11.0,7.0,3.0,3.0,6.0
2015-12-12,Montpellier,Guingamp,2.0,1.0,2.0,3.3,4.0,2.27,1.6,10.0,9.0,6.0,4.0,1.0,5.0
2015-12-12,Nantes,Toulouse,1.0,1.0,2.38,3.1,3.3,2.36,1.56,15.0,5.0,2.0,3.0,4.0,1.0
2015-12-12,Reims,Nice,1.0,1.0,2.6,3.1,2.9,2.05,1.76,17.0,7.0,7.0,3.0,3.0,2.0
2015-12-12,Troyes,Bastia,1.0,1.0,2.38,3.1,3.3,2.26,1.61,17.0,11.0,4.0,3.0,10.0,5.0
2015-12-13,Angers,Bordeaux,1.0,1.0,2.4,3.0,3.3,2.66,1.45,7.0,3.0,3.0,2.0,5.0,4.0
2015-12-13,Marseille,Ajaccio GFCO,1.0,1.0,1.4,4.75,8.0,1.81,1.97,9.0,9.0,3.0,2.0,2.0,3.0
2015-12-13,Monaco,St Etienne,1.0,0.0,2.05,3.25,4.0,2.29,1.6,10.0,5.0,4.0,0.0,10.0,5.0
2015-12-13,Paris SG,Lyon,5.0,1.0,1.25,5.5,13.0,1.6,2.28,11.0,9.0,8.0,3.0,6.0,1.0
2015-12-18,Nice,Montpellier,1.0,0.0,2.3,3.25,3.2,2.17,1.67,9.0,10.0,4.0,6.0,9.0,8.0
2015-12-19,Bastia,Reims,2.0,0.0,2.45,3.1,3.1,2.39,1.54,7.0,11.0,2.0,2.0,4.0,5.0
2015-12-19,Caen,Paris SG,0.0,3.0,7.0,4.2,1.5,1.79,2.0,8.0,18.0,1.0,10.0,7.0,7.0
2015-12-19,Guingamp,Rennes,0.0,2.0,2.5,3.0,3.2,2.59,1.47,13.0,9.0,4.0,5.0,10.0,3.0
2015-12-19,Lorient,Nantes,0.0,0.0,2.15,3.1,3.75,2.38,1.55,18.0,13.0,2.0,6.0,9.0,7.0
2015-12-19,Toulouse,Lille,1.0,1.0,2.55,3.1,3.0,2.39,1.55,7.0,24.0,4.0,6.0,2.0,8.0
2015-12-19,Troyes,Monaco,0.0,0.0,4.2,3.5,1.91,2.06,1.74,11.0,16.0,2.0,5.0,6.0,15.0
2015-12-20,Ajaccio GFCO,Lyon,2.0,1.0,3.25,3.3,2.3,2.13,1.7,12.0,9.0,8.0,2.0,5.0,2.0
2015-12-20,Bordeaux,Marseille,1.0,1.0,2.8,3.2,2.63,2.18,1.67,11.0,7.0,3.0,4.0,3.0,6.0
2015-12-20,St Etienne,Angers,1.0,0.0,1.91,3.3,4.5,2.58,1.48,15.0,11.0,1.0,2.0,9.0,5.0
2016-01-08,Paris SG,Bastia,2.0,0.0,1.1,10.0,26.0,1.43,2.72,14.0,5.0,3.0,0.0,8.0,0.0
2016-01-09,Angers,Caen,2.0,0.0,2.5,3.0,3.2,2.57,1.48,13.0,15.0,5.0,3.0,7.0,8.0
2016-01-09,Lyon,Troyes,4.0,1.0,1.33,5.0,9.0,1.61,2.27,22.0,9.0,8.0,3.0,4.0,1.0
2016-01-09,Monaco,Ajaccio GFCO,2.0,2.0,1.62,3.75,6.0,2.16,1.68,11.0,10.0,4.0,2.0,6.0,1.0
2016-01-09,Montpellier,Bordeaux,0.0,1.0,2.4,3.1,3.25,2.41,1.54,12.0,13.0,4.0,3.0,8.0,5.0
2016-01-09,Reims,Toulouse,1.0,3.0,2.6,3.1,2.9,2.01,1.78,8.0,8.0,3.0,3.0,2.0,1.0
2016-01-09,Rennes,Lorient,2.0,2.0,2.0,3.25,4.2,2.11,1.71,12.0,6.0,4.0,2.0,5.0,3.0
2016-01-10,Lille,Nice,1.0,1.0,1.85,3.4,4.75,2.32,1.58,10.0,9.0,3.0,3.0,2.0,6.0
2016-01-10,Marseille,Guingamp,0.0,0.0,1.62,3.75,6.0,2.05,1.75,15.0,7.0,3.0,1.0,8.0,0.0
2016-01-10,Nantes,St Etienne,2.0,1.0,2.5,3.0,3.1,2.63,1.47,18.0,10.0,6.0,2.0,6.0,6.0
2016-01-15,Nice,Angers,2.0,1.0,2.05,3.1,4.0,2.62,1.47,11.0,9.0,5.0,4.0,6.0,3.0
2016-01-16,Ajaccio GFCO,Reims,2.0,2.0,2.05,3.2,4.0,2.36,1.56,18.0,10.0,4.0,6.0,4.0,2.0
2016-01-16,Bastia,Montpellier,1.0,0.0,2.75,3.0,2.8,2.62,1.47,2.0,7.0,1.0,1.0,1.0,5.0
2016-01-16,Bordeaux,Lille,1.0,0.0,2.4,3.0,3.3,2.58,1.48,14.0,10.0,3.0,7.0,8.0,1.0
2016-01-16,Guingamp,Nantes,2.0,2.0,2.4,3.0,3.3,2.62,1.47,8.0,8.0,4.0,1.0,7.0,7.0
2016-01-16,Toulouse,Paris SG,0.0,1.0,8.0,4.75,1.4,1.73,2.08,9.0,12.0,3.0,4.0,2.0,7.0
2016-01-16,Troyes,Rennes,2.0,4.0,3.75,3.3,2.1,2.04,1.76,12.0,19.0,5.0,13.0,8.0,7.0
2016-01-17,Caen,Marseille,1.0,3.0,2.9,3.2,2.55,2.12,1.7,7.0,15.0,3.0,9.0,0.0,4.0
2016-01-17,Lorient,Monaco,0.0,2.0,3.0,3.0,2.6,2.14,1.67,8.0,6.0,2.0,4.0,3.0,5.0
2016-01-17,St Etienne,Lyon,1.0,0.0,2.88,3.1,2.63,2.04,1.76,9.0,18.0,2.0,5.0,2.0,8.0
2016-01-22,Rennes,Ajaccio GFCO,1.0,0.0,1.91,3.3,4.5,2.15,1.69,10.0,8.0,3.0,2.0,8.0,2.0
2016-01-23,Guingamp,Bastia,1.0,0.0,1.85,3.25,5.0,2.56,1.49,16.0,4.0,3.0,1.0,5.0,0.0
2016-01-23,Lille,Troyes,1.0,3.0,1.36,4.75,9.5,1.89,1.9,20.0,7.0,5.0,4.0,9.0,3.0
2016-01-23,Montpellier,Caen,1.0,2.0,2.25,3.2,3.4,2.21,1.64,15.0,10.0,2.0,4.0,5.0,4.0
2016-01-23,Nantes,Bordeaux,2.0,2.0,2.38,3.1,3.3,2.43,1.53,8.0,8.0,2.0,5.0,4.0,3.0
2016-01-23,Nice,Lorient,2.0,1.0,1.91,3.4,4.33,2.07,1.74,8.0,12.0,2.0,4.0,4.0,3.0
2016-01-23,Paris SG,Angers,5.0,1.0,1.17,7.0,19.0,1.71,2.09,16.0,11.0,10.0,4.0,3.0,1.0
2016-01-24,Lyon,Marseille,1.0,1.0,2.25,3.3,3.3,1.97,1.82,22.0,7.0,9.0,4.0,8.0,2.0
2016-01-24,Monaco,Toulouse,4.0,0.0,1.91,3.3,4.5,2.07,1.73,14.0,9.0,5.0,3.0,6.0,3.0
2016-01-24,Reims,St Etienne,1.0,1.0,2.7,3.1,2.8,2.36,1.56,12.0,5.0,3.0,1.0,5.0,1.0
2016-01-29,Marseille,Lille,1.0,1.0,1.95,3.3,4.33,2.11,1.71,16.0,12.0,3.0,4.0,7.0,1.0
2016-01-30,Ajaccio GFCO,Montpellier,0.0,4.0,2.4,3.2,3.1,2.48,1.51,16.0,8.0,3.0,4.0,5.0,4.0
2016-01-30,Angers,Monaco,3.0,0.0,3.4,3.0,2.38,2.62,1.47,19.0,9.0,10.0,4.0,5.0,5.0
2016-01-30,Bastia,Lyon,1.0,0.0,5.5,3.5,1.73,2.31,1.58,7.0,9.0,3.0,2.0,1.0,6.0
2016-01-30,Lorient,Reims,2.0,0.0,2.05,3.3,3.8,2.12,1.71,8.0,12.0,4.0,3.0,6.0,6.0
2016-01-30,Toulouse,Guingamp,1.0,2.0,2.15,3.3,3.6,2.31,1.58,14.0,7.0,6.0,3.0,6.0,5.0
2016-01-30,Troyes,Nantes,0.0,1.0,3.2,3.3,2.3,2.04,1.76,13.0,10.0,5.0,3.0,6.0,4.0
2016-01-31,Bordeaux,Rennes,4.0,0.0,2.3,3.2,3.3,2.21,1.65,21.0,8.0,7.0,3.0,3.0,5.0
2016-01-31,Caen,Nice,2.0,0.0,2.3,3.2,3.1,2.09,1.73,9.0,15.0,5.0,6.0,3.0,15.0
2016-01-31,St Etienne,Paris SG,0.0,2.0,7.5,3.8,1.53,1.94,1.85,12.0,12.0,3.0,5.0,7.0,6.0
2016-02-02,Monaco,Bastia,2.0,0.0,1.44,4.0,9.0,2.21,1.65,8.0,11.0,4.0,3.0,4.0,1.0
2016-02-02,Montpellier,Marseille,0.0,1.0,2.6,3.2,2.88,2.14,1.69,11.0,4.0,3.0,1.0,6.0,5.0
2016-02-03,Guingamp,Troyes,4.0,0.0,1.62,3.8,6.0,2.03,1.77,12.0,15.0,5.0,4.0,3.0,8.0
2016-02-03,Lille,Caen,1.0,0.0,1.75,3.5,5.0,2.32,1.58,12.0,10.0,6.0,2.0,9.0,4.0
2016-02-03,Lyon,Bordeaux,3.0,0.0,1.67,3.75,5.5,2.02,1.78,17.0,12.0,5.0,4.0,3.0,8.0
2016-02-03,Nantes,Ajaccio GFCO,3.0,1.0,1.91,3.3,4.5,2.47,1.51,16.0,4.0,8.0,2.0,4.0,1.0
2016-02-03,Nice,Toulouse,1.0,0.0,2.2,3.25,3.5,2.01,1.78,10.0,7.0,2.0,1.0,7.0,4.0
2016-02-03,Paris SG,Lorient,3.0,1.0,1.18,6.5,21.0,1.51,2.46,16.0,11.0,7.0,4.0,4.0,8.0
2016-02-03,Reims,Angers,2.0,1.0,2.4,3.0,3.3,2.66,1.45,13.0,11.0,4.0,5.0,8.0,5.0
2016-02-04,Rennes,St Etienne,0.0,1.0,2.25,3.1,3.5,2.36,1.56,5.0,13.0,0.0,4.0,4.0,8.0
2016-02-06,Ajaccio GFCO,Guingamp,0.0,0.0,2.6,3.1,2.9,2.41,1.53,17.0,3.0,2.0,0.0,4.0,2.0
2016-02-06,Angers,Lyon,0.0,3.0,3.6,3.1,2.2,2.36,1.56,5.0,8.0,0.0,3.0,2.0,6.0
2016-02-06,Bastia,Troyes,2.0,0.0,1.83,3.5,4.5,2.11,1.71,11.0,11.0,5.0,1.0,8.0,6.0
2016-02-06,Caen,Reims,0.0,2.0,2.05,3.3,3.8,2.11,1.7,12.0,12.0,4.0,5.0,6.0,2.0
2016-02-06,Lorient,Montpellier,1.0,1.0,2.4,3.2,3.1,2.25,1.61,6.0,11.0,4.0,5.0,7.0,1.0
2016-02-06,Monaco,Nice,1.0,0.0,1.8,3.5,4.75,2.19,1.65,8.0,12.0,4.0,3.0,5.0,7.0
2016-02-06,Toulouse,Nantes,0.0,0.0,2.25,3.1,3.5,2.41,1.54,9.0,15.0,2.0,7.0,5.0,7.0
2016-02-07,Bordeaux,St Etienne,1.0,4.0,2.25,3.2,3.4,2.39,1.55,10.0,14.0,3.0,8.0,3.0,4.0
2016-02-07,Lille,Rennes,1.0,1.0,2.0,3.2,4.2,2.46,1.52,17.0,10.0,6.0,3.0,4.0,4.0
2016-02-07,Marseille,Paris SG,1.0,2.0,5.25,3.6,1.73,1.97,1.81,18.0,11.0,7.0,3.0,6.0,2.0
2016-02-12,Rennes,Angers,1.0,0.0,1.91,3.25,4.5,2.52,1.5,10.0,9.0,2.0,0.0,7.0,3.0
2016-02-13,Ajaccio GFCO,Troyes,2.0,3.0,1.67,3.6,5.75,2.03,1.76,18.0,6.0,6.0,3.0,11.0,1.0
2016-02-13,Guingamp,Bordeaux,2.0,4.0,2.25,3.2,3.4,2.28,1.59,10.0,13.0,2.0,7.0,5.0,4.0
2016-02-13,Montpellier,Toulouse,2.0,0.0,2.1,3.2,3.8,2.15,1.68,7.0,9.0,2.0,3.0,4.0,4.0
2016-02-13,Nantes,Lorient,2.0,1.0,2.1,3.1,4.0,2.38,1.55,9.0,4.0,2.0,1.0,5.0,5.0
2016-02-13,Paris SG,Lille,0.0,0.0,1.4,4.75,8.0,2.03,1.76,12.0,5.0,4.0,0.0,3.0,2.0
2016-02-13,Reims,Bastia,0.0,1.0,1.85,3.25,5.0,2.43,1.53,13.0,13.0,5.0,3.0,3.0,5.0
2016-02-14,Lyon,Caen,4.0,1.0,1.57,3.8,6.5,1.87,1.91,20.0,15.0,8.0,6.0,5.0,7.0
2016-02-14,Nice,Marseille,1.0,1.0,3.1,3.2,2.4,2.12,1.7,9.0,11.0,3.0,6.0,0.0,6.0
2016-02-14,St Etienne,Monaco,1.0,1.0,2.55,3.1,3.0,2.28,1.59,19.0,8.0,6.0,2.0,12.0,6.0
2016-02-19,Bordeaux,Nice,0.0,0.0,2.0,3.3,4.0,2.07,1.73,15.0,10.0,2.0,2.0,7.0,5.0
2016-02-20,Angers,Montpellier,2.0,3.0,2.9,3.0,2.65,2.7,1.44,13.0,12.0,4.0,5.0,1.0,6.0
2016-02-20,Lorient,Guingamp,4.0,3.0,2.2,3.1,3.6,2.23,1.63,26.0,14.0,9.0,7.0,6.0,5.0
2016-02-20,Monaco,Troyes,3.0,1.0,1.36,4.75,9.5,1.6,2.3,16.0,14.0,8.0,7.0,5.0,7.0
2016-02-20,Paris SG,Reims,4.0,1.0,1.18,7.0,17.0,1.55,2.38,15.0,10.0,6.0,3.0,9.0,5.0
2016-02-20,Toulouse,Ajaccio GFCO,1.0,1.0,1.8,3.3,4.75,2.24,1.62,13.0,9.0,3.0,2.0,5.0,3.0
2016-02-21,Caen,Rennes,1.0,0.0,2.7,3.1,2.8,2.25,1.62,10.0,7.0,5.0,1.0,8.0,2.0
2016-02-21,Lille,Lyon,1.0,0.0,2.63,3.1,2.8,2.38,1.55,9.0,11.0,2.0,3.0,8.0,7.0
2016-02-21,Marseille,St Etienne,1.0,1.0,1.91,3.3,4.5,2.26,1.61,8.0,15.0,2.0,1.0,9.0,6.0
2016-02-26,Nice,Bastia,0.0,2.0,1.83,3.4,4.75,2.5,1.51,10.0,10.0,5.0,4.0,5.0,1.0
2016-02-27,Guingamp,Angers,2.0,2.0,2.05,3.1,4.2,2.62,1.46,15.0,8.0,3.0,2.0,8.0,0.0
2016-02-27,Montpellier,Lille,3.0,0.0,2.4,3.0,3.3,2.63,1.46,10.0,6.0,5.0,2.0,3.0,3.0
2016-02-27,Reims,Bordeaux,4.0,1.0,2.45,3.1,3.1,2.11,1.7,15.0,6.0,7.0,1.0,7.0,1.0
2016-02-27,Toulouse,Rennes,1.0,2.0,2.3,3.1,3.4,2.21,1.64,6.0,18.0,1.0,5.0,4.0,5.0
2016-02-27,Troyes,Lorient,0.0,1.0,3.3,3.3,2.2,1.69,2.13,12.0,19.0,6.0,7.0,5.0,7.0
2016-02-28,Lyon,Paris SG,2.0,1.0,5.0,3.6,1.75,1.94,1.84,14.0,6.0,7.0,3.0,6.0,2.0
2016-02-28,Nantes,Monaco,0.0,0.0,2.45,3.0,3.2,2.44,1.52,14.0,4.0,4.0,1.0,8.0,3.0
2016-02-28,St Etienne,Caen,1.0,2.0,1.73,3.6,5.25,2.12,1.69,16.0,16.0,4.0,6.0,4.0,3.0
2016-03-04,Caen,Monaco,2.0,2.0,3.25,3.2,2.38,2.36,1.56,14.0,9.0,6.0,3.0,4.0,2.0
2016-03-05,Angers,St Etienne,0.0,0.0,3.1,3.0,2.55,2.78,1.42,7.0,7.0,1.0,1.0,4.0,5.0
2016-03-05,Bastia,Lorient,0.0,0.0,2.3,3.1,3.4,2.32,1.57,24.0,2.0,7.0,1.0,8.0,2.0
2016-03-05,Bordeaux,Ajaccio GFCO,1.0,1.0,1.67,3.75,5.5,2.15,1.68,12.0,4.0,3.0,2.0,3.0,2.0
2016-03-05,Lille,Reims,2.0,0.0,1.83,3.3,5.0,2.32,1.57,8.0,9.0,5.0,5.0,2.0,6.0
2016-03-05,Nice,Troyes,2.0,1.0,1.53,4.0,6.5,1.68,2.15,18.0,10.0,7.0,4.0,7.0,4.0
2016-03-05,Paris SG,Montpellier,0.0,0.0,1.44,4.0,9.0,2.05,1.75,7.0,6.0,5.0,0.0,5.0,4.0
2016-03-06,Lyon,Guingamp,5.0,1.0,1.45,4.0,9.0,1.75,2.04,16.0,11.0,9.0,5.0,6.0,3.0
2016-03-06,Marseille,Toulouse,1.0,1.0,1.7,3.6,5.5,1.93,1.86,20.0,18.0,8.0,7.0,9.0,3.0
2016-03-06,Rennes,Nantes,4.0,1.0,2.2,3.0,3.6,2.6,1.47,11.0,11.0,7.0,6.0,2.0,3.0
2016-03-09,Ajaccio GFCO,Marseille,1.0,1.0,3.6,3.25,2.15,2.16,1.67,17.0,6.0,6.0,5.0,7.0,3.0
2016-03-09,Bastia,Nantes,0.0,0.0,2.88,2.9,2.8,2.87,1.4,5.0,8.0,1.0,2.0,6.0,1.0
2016-03-11,Monaco,Reims,2.0,2.0,1.62,3.8,6.0,2.05,1.74,12.0,9.0,7.0,4.0,10.0,7.0
2016-03-12,Ajaccio GFCO,Caen,1.0,0.0,2.45,3.1,3.2,2.29,1.59,19.0,9.0,4.0,4.0,4.0,4.0
2016-03-12,Bastia,Lille,1.0,2.0,3.1,2.9,2.6,2.82,1.41,10.0,9.0,1.0,4.0,5.0,4.0
2016-03-12,Guingamp,St Etienne,2.0,0.0,3.0,3.1,2.55,2.33,1.58,8.0,13.0,3.0,2.0,4.0,9.0
2016-03-12,Lorient,Marseille,1.0,1.0,3.1,3.3,2.35,1.99,1.8,15.0,10.0,10.0,2.0,7.0,5.0
2016-03-12,Montpellier,Nice,0.0,2.0,2.0,3.3,4.0,2.25,1.62,11.0,10.0,6.0,3.0,4.0,4.0
2016-03-12,Toulouse,Bordeaux,4.0,0.0,2.3,3.3,3.2,2.07,1.74,20.0,13.0,11.0,2.0,3.0,3.0
2016-03-13,Nantes,Angers,2.0,0.0,1.85,3.25,5.0,2.72,1.44,11.0,6.0,7.0,0.0,6.0,0.0
2016-03-13,Rennes,Lyon,2.0,2.0,3.2,3.2,2.38,2.14,1.69,13.0,17.0,4.0,7.0,2.0,8.0
2016-03-13,Troyes,Paris SG,0.0,9.0,12.0,6.0,1.25,1.49,2.55,16.0,22.0,3.0,15.0,5.0,8.0
2016-03-18,Marseille,Rennes,2.0,5.0,1.91,3.5,4.2,2.01,1.78,14.0,12.0,5.0,8.0,11.0,3.0
2016-03-19,Angers,Lorient,5.0,1.0,2.6,3.0,3.0,2.41,1.53,23.0,6.0,10.0,2.0,6.0,2.0
2016-03-19,Caen,Troyes,2.0,1.0,1.5,4.33,6.5,1.53,2.41,23.0,4.0,6.0,2.0,7.0,2.0
2016-03-19,Lille,Toulouse,1.0,0.0,1.91,3.3,4.5,2.27,1.6,6.0,10.0,2.0,3.0,3.0,3.0
2016-03-19,Lyon,Nantes,2.0,0.0,1.62,3.75,6.0,2.11,1.7,8.0,7.0,4.0,1.0,3.0,2.0
2016-03-19,Reims,Guingamp,0.0,1.0,2.2,3.2,3.5,2.11,1.71,19.0,2.0,3.0,2.0,7.0,1.0
2016-03-19,St Etienne,Montpellier,3.0,0.0,2.0,3.2,4.2,2.36,1.56,9.0,7.0,4.0,1.0,5.0,7.0
2016-03-20,Bordeaux,Bastia,1.0,1.0,1.75,3.3,5.5,2.34,1.56,12.0,8.0,4.0,4.0,6.0,3.0
2016-03-20,Nice,Ajaccio GFCO,3.0,0.0,1.8,3.5,4.75,2.23,1.64,10.0,12.0,5.0,2.0,3.0,5.0
2016-03-20,Paris SG,Monaco,0.0,2.0,1.33,5.0,10.0,1.82,1.96,23.0,12.0,4.0,5.0,10.0,2.0
2016-04-01,Monaco,Bordeaux,1.0,2.0,1.73,3.6,4.75,2.04,1.76,15.0,10.0,5.0,4.0,8.0,3.0
2016-04-02,Ajaccio GFCO,St Etienne,0.0,2.0,3.3,3.0,2.4,2.54,1.49,17.0,7.0,5.0,4.0,7.0,6.0
2016-04-02,Guingamp,Montpellier,2.0,2.0,2.3,3.0,3.5,2.43,1.54,10.0,12.0,3.0,4.0,6.0,5.0
2016-04-02,Paris SG,Nice,4.0,1.0,1.57,3.75,6.5,1.81,1.97,13.0,6.0,7.0,4.0,7.0,6.0
2016-04-02,Rennes,Reims,3.0,1.0,1.95,3.2,4.5,1.97,1.81,10.0,10.0,5.0,4.0,2.0,6.0
2016-04-02,Toulouse,Caen,2.0,0.0,2.0,3.3,4.0,1.95,1.84,7.0,6.0,1.0,1.0,4.0,5.0
2016-04-02,Troyes,Angers,0.0,1.0,3.4,3.1,2.3,2.01,1.78,12.0,17.0,7.0,3.0,5.0,4.0
2016-04-03,Bastia,Marseille,2.0,1.0,3.25,3.1,2.38,2.27,1.61,6.0,7.0,1.0,2.0,6.0,2.0
2016-04-03,Lorient,Lyon,1.0,3.0,3.8,3.5,2.0,1.74,2.07,8.0,17.0,2.0,7.0,6.0,3.0
2016-04-03,Nantes,Lille,0.0,3.0,2.3,2.9,3.75,2.96,1.37,13.0,11.0,6.0,7.0,8.0,4.0
2016-04-08,Montpellier,Lyon,0.0,2.0,3.5,3.4,2.1,1.96,1.82,7.0,14.0,2.0,8.0,4.0,1.0
2016-04-09,Angers,Ajaccio GFCO,0.0,0.0,2.15,3.2,3.5,2.53,1.5,7.0,2.0,1.0,1.0,2.0,6.0
2016-04-09,Caen,Lorient,1.0,2.0,2.15,3.4,3.3,1.88,1.9,18.0,17.0,4.0,7.0,6.0,5.0
2016-04-09,Guingamp,Paris SG,0.0,2.0,3.75,3.2,2.05,2.01,1.79,8.0,13.0,2.0,6.0,9.0,4.0
2016-04-09,Reims,Nantes,2.0,1.0,2.4,3.0,3.2,2.54,1.49,10.0,14.0,4.0,5.0,5.0,4.0
2016-04-09,St Etienne,Troyes,1.0,0.0,1.29,5.25,10.0,1.53,2.42,16.0,9.0,7.0,1.0,10.0,5.0
2016-04-09,Toulouse,Bastia,4.0,0.0,1.75,3.6,4.75,2.28,1.59,11.0,4.0,7.0,1.0,2.0,2.0
2016-04-10,Lille,Monaco,4.0,1.0,2.25,3.0,3.5,2.52,1.5,8.0,7.0,4.0,4.0,3.0,4.0
2016-04-10,Marseille,Bordeaux,0.0,0.0,1.83,3.5,4.33,1.9,1.87,7.0,9.0,4.0,3.0,9.0,5.0
2016-04-10,Nice,Rennes,3.0,0.0,2.3,3.25,3.1,2.01,1.78,12.0,8.0,8.0,3.0,2.0,7.0
2016-04-15,Lyon,Nice,1.0,1.0,1.55,4.2,6.0,1.64,2.23,14.0,6.0,3.0,2.0,5.0,3.0
2016-04-16,Ajaccio GFCO,Lille,2.0,4.0,3.2,3.2,2.38,2.47,1.52,13.0,13.0,4.0,5.0,1.0,6.0
2016-04-16,Bastia,St Etienne,0.0,1.0,4.0,3.2,2.0,2.6,1.47,16.0,9.0,2.0,4.0,3.0,4.0
2016-04-16,Bordeaux,Angers,1.0,3.0,1.85,3.3,4.75,2.39,1.55,16.0,4.0,4.0,4.0,9.0,0.0
2016-04-16,Lorient,Toulouse,1.0,1.0,2.8,3.4,2.5,1.82,1.95,11.0,11.0,4.0,2.0,2.0,2.0
2016-04-16,Paris SG,Caen,6.0,0.0,1.36,5.0,8.5,1.57,2.36,22.0,15.0,10.0,8.0,4.0,3.0
2016-04-16,Troyes,Reims,2.0,1.0,5.0,4.0,1.67,1.66,2.17,21.0,15.0,12.0,4.0,10.0,7.0
2016-04-17,Monaco,Marseille,2.0,1.0,2.1,3.4,3.6,1.96,1.82,14.0,7.0,4.0,2.0,7.0,1.0
2016-04-17,Nantes,Montpellier,0.0,2.0,2.4,3.1,3.2,2.51,1.5,9.0,11.0,0.0,5.0,6.0,7.0
2016-04-17,Rennes,Guingamp,0.0,3.0,1.91,3.6,4.0,1.92,1.86,9.0,12.0,3.0,7.0,6.0,3.0
2016-04-22,Nice,Reims,2.0,0.0,1.65,3.8,5.5,1.87,1.91,10.0,10.0,5.0,4.0,10.0,4.0
2016-04-23,Toulouse,Lyon,2.0,3.0,3.5,3.4,2.1,1.82,1.96,9.0,11.0,5.0,3.0,5.0,2.0
2016-04-24,Ajaccio GFCO,Bastia,3.0,2.0,1.91,3.2,4.75,2.45,1.52,8.0,17.0,5.0,7.0,2.0,4.0
2016-04-24,Guingamp,Caen,1.0,1.0,1.95,3.3,4.2,1.95,1.83,11.0,12.0,2.0,5.0,9.0,0.0
2016-04-24,Marseille,Nantes,1.0,1.0,,,,2.26,1.6,7.0,7.0,3.0,3.0,4.0,2.0
2016-04-24,Montpellier,Troyes,4.0,1.0,1.25,5.5,12.0,1.5,2.48,15.0,17.0,7.0,7.0,4.0,7.0
2016-04-24,Rennes,Monaco,1.0,1.0,2.7,3.1,2.8,2.04,1.75,11.0,10.0,3.0,6.0,9.0,6.0
2016-04-24,St Etienne,Lorient,2.0,0.0,1.44,4.33,8.0,1.78,2.01,12.0,9.0,5.0,1.0,4.0,5.0
2016-04-27,Lille,Angers,0.0,0.0,1.62,3.6,6.5,2.34,1.57,12.0,7.0,3.0,4.0,9.0,3.0
2016-04-29,Paris SG,Rennes,4.0,0.0,1.3,5.5,10.0,1.45,2.66,27.0,9.0,12.0,2.0,5.0,2.0
2016-04-30,Caen,Bastia,0.0,0.0,1.95,3.25,4.33,2.13,1.69,14.0,7.0,5.0,2.0,4.0,3.0
2016-04-30,Lorient,Lille,0.0,1.0,3.5,3.25,2.2,1.98,1.8,13.0,14.0,3.0,5.0,5.0,6.0
2016-04-30,Lyon,Ajaccio GFCO,2.0,1.0,1.3,5.25,11.0,1.6,2.28,6.0,5.0,2.0,2.0,5.0,0.0
2016-04-30,Monaco,Guingamp,3.0,2.0,1.44,4.33,8.0,1.83,1.95,16.0,8.0,8.0,4.0,5.0,4.0
2016-04-30,Nantes,Nice,1.0,0.0,3.0,3.2,2.5,2.14,1.68,18.0,5.0,4.0,2.0,7.0,6.0
2016-04-30,Reims,Montpellier,2.0,3.0,2.0,3.3,4.0,2.0,1.79,15.0,10.0,7.0,5.0,9.0,9.0
2016-04-30,St Etienne,Toulouse,0.0,0.0,2.0,3.3,4.0,1.87,1.91,9.0,9.0,0.0,7.0,2.0,6.0
2016-04-30,Troyes,Bordeaux,2.0,4.0,4.5,4.0,1.73,1.56,2.37,18.0,13.0,7.0,9.0,9.0,3.0
2016-05-01,Angers,Marseille,0.0,1.0,3.4,3.2,2.25,2.18,1.66,12.0,12.0,1.0,4.0,2.0,3.0
2016-05-07,Ajaccio GFCO,Paris SG,0.0,4.0,7.5,4.33,1.45,1.66,2.17,7.0,9.0,1.0,6.0,3.0,3.0
2016-05-07,Bastia,Angers,1.0,0.0,2.5,3.1,3.1,2.42,1.53,9.0,11.0,6.0,2.0,6.0,5.0
2016-05-07,Bordeaux,Lorient,3.0,0.0,1.7,3.8,4.75,1.7,2.13,11.0,10.0,7.0,2.0,7.0,4.0
2016-05-07,Lille,Guingamp,0.0,0.0,1.44,4.33,8.0,1.92,1.86,28.0,2.0,7.0,0.0,11.0,3.0
2016-05-07,Lyon,Monaco,6.0,1.0,1.7,3.8,4.75,1.77,2.02,23.0,11.0,15.0,1.0,7.0,4.0
2016-05-07,Marseille,Reims,1.0,0.0,1.91,3.3,4.2,1.6,2.27,21.0,14.0,8.0,2.0,7.0,4.0
2016-05-07,Montpellier,Rennes,2.0,0.0,2.38,3.3,3.1,1.92,1.87,17.0,10.0,5.0,2.0,8.0,3.0
2016-05-07,Nantes,Caen,1.0,2.0,1.83,3.4,4.75,2.06,1.74,15.0,9.0,5.0,3.0,6.0,1.0
2016-05-07,Nice,St Etienne,2.0,0.0,2.2,3.25,3.5,2.05,1.75,11.0,2.0,4.0,1.0,5.0,3.0
2016-05-07,Toulouse,Troyes,1.0,0.0,1.22,6.5,13.0,1.35,3.05,14.0,3.0,4.0,1.0,9.0,2.0
2016-05-11,Bordeaux,Paris SG,1.0,1.0,5.5,4.33,1.57,1.53,2.41,8.0,9.0,3.0,2.0,5.0,3.0
2016-05-14,Angers,Toulouse,2.0,3.0,4.75,3.4,1.85,1.98,1.79,6.0,14.0,2.0,7.0,2.0,8.0
2016-05-14,Caen,Bordeaux,1.0,0.0,2.38,3.5,2.9,1.7,2.12,10.0,11.0,4.0,5.0,4.0,6.0
2016-05-14,Guingamp,Nice,2.0,3.0,4.2,3.75,1.85,1.78,2.0,15.0,10.0,3.0,3.0,4.0,2.0
2016-05-14,Lorient,Ajaccio GFCO,1.0,0.0,3.1,3.6,2.2,1.74,2.05,8.0,18.0,4.0,3.0,1.0,5.0
2016-05-14,Monaco,Montpellier,2.0,0.0,1.4,4.33,8.5,1.61,2.26,15.0,10.0,7.0,4.0,5.0,7.0
2016-05-14,Paris SG,Nantes,4.0,0.0,1.29,6.0,9.5,1.39,2.87,20.0,13.0,13.0,3.0,10.0,4.0
2016-05-14,Reims,Lyon,4.0,1.0,3.3,3.75,2.05,1.54,2.41,14.0,9.0,6.0,3.0,0.0,4.0
2016-05-14,Rennes,Bastia,1.0,2.0,1.83,3.6,4.33,1.87,1.91,17.0,9.0,8.0,5.0,8.0,2.0
2016-05-14,St Etienne,Lille,0.0,1.0,2.38,3.2,3.1,2.29,1.59,12.0,12.0,3.0,6.0,7.0,3.0
2016-05-14,Troyes,Marseille,1.0,1.0,5.0,4.2,1.65,1.45,2.62,9.0,19.0,4.0,6.0,5.0,13.0
2016-08-12,Bastia,Paris SG,0.0,1.0,13.0,4.75,1.29,1.83,1.95,10.0,9.0,0.0,6.0,2.0,6.0
2016-08-12,Monaco,Guingamp,2.0,2.0,1.62,3.8,5.25,2.04,1.75,18.0,9.0,4.0,5.0,8.0,2.0
2016-08-13,Bordeaux,St Etienne,3.0,2.0,2.5,3.1,3.1,2.42,1.53,10.0,14.0,6.0,5.0,3.0,6.0
2016-08-13,Caen,Lorient,3.0,2.0,2.2,3.25,3.5,2.09,1.72,15.0,8.0,6.0,2.0,10.0,2.0
2016-08-13,Dijon,Nantes,0.0,1.0,2.5,3.1,3.1,2.61,1.46,6.0,10.0,2.0,3.0,3.0,4.0
2016-08-13,Metz,Lille,3.0,2.0,3.4,3.2,2.2,2.56,1.48,7.0,13.0,3.0,4.0,4.0,5.0
2016-08-13,Montpellier,Angers,1.0,0.0,2.1,3.1,4.0,2.6,1.47,14.0,12.0,3.0,2.0,7.0,2.0
2016-08-14,Marseille,Toulouse,0.0,0.0,2.0,3.3,4.0,2.15,1.69,10.0,6.0,2.0,2.0,9.0,6.0
2016-08-14,Nancy,Lyon,0.0,3.0,3.5,3.3,2.15,2.11,1.7,11.0,9.0,1.0,7.0,4.0,4.0
2016-08-14,Nice,Rennes,1.0,0.0,2.38,3.1,3.25,2.34,1.57,7.0,19.0,1.0,4.0,4.0,8.0
2016-08-19,Lyon,Caen,2.0,0.0,1.33,4.75,9.5,1.57,2.35,21.0,7.0,7.0,1.0,13.0,3.0
2016-08-20,Angers,Nice,0.0,1.0,2.5,3.0,3.2,2.82,1.41,21.0,14.0,6.0,8.0,10.0,3.0
2016-08-20,Lille,Dijon,1.0,0.0,1.67,3.5,6.0,2.32,1.58,10.0,7.0,3.0,2.0,6.0,5.0
2016-08-20,Lorient,Bastia,0.0,3.0,1.85,3.5,4.5,2.35,1.56,10.0,16.0,3.0,7.0,2.0,5.0
2016-08-20,Nantes,Monaco,0.0,1.0,2.5,3.0,3.0,2.51,1.5,8.0,8.0,2.0,3.0,10.0,3.0
2016-08-20,Rennes,Nancy,2.0,0.0,2.1,3.25,3.8,2.31,1.58,9.0,8.0,3.0,1.0,3.0,7.0
2016-08-20,Toulouse,Bordeaux,4.0,1.0,2.3,3.2,3.25,2.28,1.59,11.0,9.0,5.0,2.0,3.0,6.0
2016-08-21,Guingamp,Marseille,2.0,1.0,2.7,3.1,2.8,2.24,1.62,14.0,8.0,4.0,3.0,4.0,6.0
2016-08-21,Paris SG,Metz,3.0,0.0,1.13,8.0,26.0,1.44,2.69,29.0,11.0,8.0,6.0,15.0,2.0
2016-08-21,St Etienne,Montpellier,3.0,1.0,2.05,3.25,3.75,2.38,1.55,14.0,13.0,5.0,3.0,4.0,6.0
2016-08-26,Marseille,Lorient,2.0,0.0,1.75,3.6,5.0,1.89,1.88,13.0,10.0,8.0,5.0,3.0,4.0
2016-08-27,Caen,Bastia,2.0,0.0,2.1,3.25,3.8,2.3,1.59,17.0,5.0,4.0,1.0,5.0,2.0
2016-08-27,Dijon,Lyon,4.0,2.0,4.33,3.6,1.83,1.9,1.87,8.0,25.0,5.0,9.0,2.0,10.0
2016-08-27,Metz,Angers,2.0,0.0,2.5,3.0,3.2,2.67,1.45,7.0,23.0,2.0,7.0,5.0,9.0
2016-08-27,Montpellier,Rennes,1.0,1.0,2.38,3.1,3.2,2.3,1.59,11.0,12.0,5.0,2.0,4.0,4.0
2016-08-27,Nancy,Guingamp,0.0,2.0,2.15,3.25,3.6,2.3,1.59,19.0,14.0,3.0,6.0,5.0,3.0
2016-08-27,Nice,Lille,1.0,1.0,2.5,3.0,3.0,2.78,1.41,13.0,8.0,6.0,3.0,4.0,6.0
2016-08-28,Bordeaux,Nantes,1.0,0.0,2.05,3.1,4.2,2.38,1.55,9.0,16.0,7.0,6.0,4.0,8.0
2016-08-28,Monaco,Paris SG,3.0,1.0,4.75,3.5,1.8,1.9,1.87,9.0,6.0,2.0,2.0,2.0,7.0
2016-08-28,St Etienne,Toulouse,0.0,0.0,2.15,3.25,3.6,2.24,1.62,16.0,9.0,3.0,2.0,7.0,4.0
2016-09-09,Paris SG,St Etienne,1.0,1.0,1.33,5.25,9.5,1.65,2.2,15.0,5.0,4.0,2.0,4.0,1.0
2016-09-10,Angers,Dijon,3.0,1.0,2.25,3.1,3.5,2.61,1.47,13.0,7.0,7.0,2.0,6.0,1.0
2016-09-10,Bastia,Toulouse,2.0,1.0,2.75,3.0,2.75,2.58,1.48,5.0,8.0,4.0,3.0,5.0,1.0
2016-09-10,Guingamp,Montpellier,1.0,1.0,2.3,3.1,3.5,2.27,1.6,12.0,5.0,4.0,2.0,7.0,3.0
2016-09-10,Lille,Monaco,1.0,4.0,2.6,2.9,3.1,2.53,1.49,6.0,9.0,3.0,6.0,8.0,1.0
2016-09-10,Lorient,Nancy,0.0,2.0,2.38,3.1,3.3,2.11,1.7,9.0,7.0,2.0,3.0,8.0,3.0
2016-09-10,Lyon,Bordeaux,1.0,3.0,1.62,3.8,5.5,1.72,2.08,11.0,10.0,4.0,6.0,4.0,4.0
2016-09-11,Nantes,Metz,0.0,3.0,1.73,3.4,5.5,2.5,1.51,13.0,10.0,3.0,4.0,8.0,3.0
2016-09-11,Nice,Marseille,3.0,2.0,2.3,3.2,3.4,2.19,1.65,18.0,14.0,7.0,5.0,6.0,3.0
2016-09-11,Rennes,Caen,2.0,0.0,2.0,3.3,4.0,2.13,1.68,5.0,8.0,4.0,4.0,2.0,8.0
2016-09-16,Caen,Paris SG,0.0,6.0,7.0,4.5,1.4,1.7,2.13,13.0,21.0,1.0,7.0,4.0,3.0
2016-09-17,Bordeaux,Angers,0.0,1.0,1.8,3.5,4.75,2.33,1.58,10.0,5.0,4.0,5.0,3.0,5.0
2016-09-17,Dijon,Metz,0.0,0.0,2.15,3.1,3.75,2.24,1.63,16.0,7.0,6.0,3.0,8.0,3.0
2016-09-17,Lorient,Lille,1.0,0.0,3.1,3.1,2.5,2.29,1.59,9.0,10.0,4.0,0.0,4.0,2.0
2016-09-17,Monaco,Rennes,3.0,0.0,1.73,3.5,5.0,2.04,1.76,17.0,5.0,7.0,3.0,3.0,4.0
2016-09-17,Nancy,Nantes,1.0,1.0,2.6,2.9,3.1,2.6,1.47,9.0,14.0,2.0,5.0,2.0,2.0
2016-09-17,Toulouse,Guingamp,2.0,1.0,2.0,3.25,4.0,2.22,1.64,13.0,5.0,5.0,3.0,8.0,1.0
2016-09-18,Marseille,Lyon,0.0,0.0,2.7,3.4,2.6,1.81,1.97,13.0,14.0,2.0,1.0,6.0,1.0
2016-09-18,Montpellier,Nice,1.0,1.0,2.3,3.2,3.3,2.3,1.59,15.0,9.0,5.0,4.0,6.0,3.0
2016-09-18,St Etienne,Bastia,1.0,0.0,1.65,3.6,6.0,2.37,1.56,13.0,9.0,3.0,3.0,4.0,4.0
2016-09-20,Lille,Toulouse,1.0,2.0,2.05,3.1,4.0,2.43,1.53,19.0,7.0,5.0,2.0,5.0,3.0
2016-09-20,Paris SG,Dijon,3.0,0.0,1.11,9.0,23.0,1.31,3.39,8.0,8.0,4.0,4.0,5.0,4.0
2016-09-21,Angers,Caen,2.0,1.0,2.25,3.2,3.4,2.36,1.57,13.0,6.0,5.0,1.0,1.0,4.0
2016-09-21,Bastia,Nancy,0.0,0.0,2.4,3.0,3.3,2.67,1.45,10.0,4.0,5.0,2.0,5.0,3.0
2016-09-21,Guingamp,Lorient,1.0,0.0,2.05,3.2,4.0,2.0,1.79,8.0,13.0,4.0,3.0,4.0,7.0
2016-09-21,Lyon,Montpellier,5.0,1.0,1.57,4.0,6.0,1.7,2.12,16.0,8.0,8.0,2.0,11.0,1.0
2016-09-21,Metz,Bordeaux,0.0,3.0,3.2,3.1,2.4,2.09,1.72,12.0,20.0,4.0,7.0,1.0,6.0
2016-09-21,Nantes,St Etienne,0.0,0.0,2.5,2.9,3.1,2.68,1.45,17.0,6.0,6.0,0.0,6.0,2.0
2016-09-21,Nice,Monaco,4.0,0.0,3.1,3.2,2.4,2.02,1.77,9.0,17.0,7.0,7.0,2.0,6.0
2016-09-21,Rennes,Marseille,3.0,2.0,2.3,3.3,3.2,2.03,1.77,13.0,8.0,5.0,4.0,4.0,4.0
2016-09-23,Toulouse,Paris SG,2.0,0.0,7.0,4.2,1.5,1.84,1.94,11.0,12.0,3.0,3.0,3.0,7.0
2016-09-24,Bastia,Guingamp,1.0,0.0,2.4,3.0,3.3,2.54,1.49,11.0,3.0,6.0,3.0,5.0,1.0
2016-09-24,Bordeaux,Caen,0.0,0.0,1.85,3.6,4.33,1.89,1.88,12.0,13.0,2.0,4.0,4.0,5.0
2016-09-24,Dijon,Rennes,3.0,0.0,2.8,3.2,2.6,2.22,1.64,15.0,19.0,5.0,4.0,7.0,3.0
2016-09-24,Lorient,Lyon,1.0,0.0,4.2,3.5,1.91,1.82,1.96,11.0,18.0,2.0,8.0,3.0,8.0
2016-09-24,Monaco,Angers,2.0,1.0,1.62,3.75,6.0,2.09,1.72,13.0,11.0,4.0,4.0,12.0,7.0
2016-09-24,Montpellier,Metz,0.0,1.0,1.67,3.6,5.75,1.88,1.9,16.0,4.0,2.0,3.0,7.0,5.0
2016-09-25,Marseille,Nantes,2.0,1.0,2.0,3.1,4.33,2.34,1.57,14.0,13.0,5.0,4.0,5.0,5.0
2016-09-25,Nancy,Nice,0.0,1.0,2.5,3.1,3.1,2.26,1.61,15.0,13.0,0.0,4.0,6.0,2.0
2016-09-25,St Etienne,Lille,3.0,1.0,2.3,3.0,3.5,2.58,1.48,9.0,12.0,3.0,3.0,4.0,5.0
2016-09-30,Rennes,Guingamp,1.0,0.0,2.05,3.2,4.0,2.26,1.62,13.0,6.0,3.0,1.0,6.0,2.0
2016-10-01,Caen,Toulouse,1.0,0.0,2.5,3.1,3.0,2.25,1.63,12.0,9.0,3.0,1.0,4.0,2.0
2016-10-01,Dijon,Montpellier,3.0,3.0,2.6,3.0,3.0,2.35,1.57,8.0,15.0,6.0,6.0,5.0,4.0
2016-10-01,Lille,Nancy,1.0,0.0,1.85,3.2,5.0,2.59,1.48,14.0,5.0,4.0,3.0,8.0,4.0
2016-10-01,Metz,Monaco,0.0,7.0,4.5,3.6,1.8,1.9,1.88,14.0,14.0,2.0,9.0,7.0,4.0
2016-10-01,Nantes,Bastia,1.0,0.0,1.95,3.2,4.5,2.75,1.43,20.0,12.0,8.0,6.0,3.0,2.0
2016-10-01,Paris SG,Bordeaux,2.0,0.0,1.25,5.75,13.0,1.53,2.43,14.0,6.0,7.0,2.0,11.0,2.0
2016-10-02,Angers,Marseille,1.0,1.0,2.63,3.0,3.0,2.38,1.56,17.0,9.0,5.0,2.0,3.0,7.0
2016-10-02,Lyon,St Etienne,2.0,0.0,1.73,3.6,5.0,1.87,1.91,14.0,11.0,7.0,3.0,7.0,7.0
2016-10-02,Nice,Lorient,2.0,1.0,1.8,3.5,4.75,1.86,1.92,8.0,17.0,2.0,4.0,3.0,5.0
2016-10-14,Nice,Lyon,2.0,0.0,2.9,3.4,2.38,1.73,2.09,16.0,4.0,6.0,3.0,1.0,4.0
2016-10-14,Toulouse,Monaco,3.0,1.0,3.0,3.2,2.5,2.03,1.77,17.0,4.0,6.0,1.0,6.0,1.0
2016-10-15,Bastia,Angers,1.0,2.0,2.5,2.8,3.25,3.04,1.38,12.0,7.0,3.0,3.0,6.0,4.0
2016-10-15,Guingamp,Lille,1.0,0.0,2.45,3.1,3.1,2.56,1.51,13.0,12.0,4.0,3.0,7.0,0.0
2016-10-15,Lorient,Nantes,1.0,2.0,2.5,3.2,3.0,2.36,1.57,15.0,5.0,5.0,3.0,6.0,1.0
2016-10-15,Montpellier,Caen,3.0,2.0,1.85,3.4,4.5,2.05,1.75,11.0,12.0,7.0,5.0,5.0,2.0
2016-10-15,Nancy,Paris SG,1.0,2.0,10.0,5.0,1.33,1.85,1.94,6.0,7.0,3.0,3.0,4.0,1.0
2016-10-16,Marseille,Metz,1.0,0.0,1.44,4.33,7.5,1.54,2.41,16.0,11.0,6.0,1.0,2.0,6.0
2016-10-16,Rennes,Bordeaux,1.0,1.0,2.38,3.3,3.1,2.27,1.62,15.0,7.0,4.0,1.0,8.0,3.0
2016-10-16,St Etienne,Dijon,1.0,1.0,1.73,3.6,5.0,2.12,1.7,17.0,11.0,3.0,3.0,10.0,4.0
2016-10-21,Monaco,Montpellier,6.0,2.0,1.67,3.75,5.5,1.8,1.98,14.0,9.0,9.0,3.0,6.0,2.0
2016-10-22,Angers,Toulouse,0.0,0.0,2.5,3.1,3.1,2.53,1.48,11.0,6.0,3.0,2.0,4.0,2.0
2016-10-22,Bordeaux,Nancy,1.0,1.0,1.8,3.4,5.0,2.34,1.56,12.0,11.0,2.0,3.0,5.0,4.0
2016-10-22,Dijon,Lorient,1.0,0.0,2.15,3.3,3.6,2.06,1.73,13.0,15.0,3.0,5.0,5.0,5.0
2016-10-22,Lille,Bastia,2.0,1.0,1.73,3.4,5.25,2.61,1.46,17.0,5.0,8.0,1.0,8.0,4.0
2016-10-22,Lyon,Guingamp,1.0,3.0,1.53,4.1,6.5,1.76,2.01,18.0,6.0,6.0,5.0,9.0,5.0
2016-10-22,Nantes,Rennes,1.0,2.0,2.25,3.1,3.6,2.55,1.47,9.0,7.0,4.0,3.0,3.0,0.0
2016-10-23,Caen,St Etienne,0.0,2.0,2.55,3.1,2.88,2.31,1.57,9.0,13.0,1.0,6.0,4.0,5.0
2016-10-23,Metz,Nice,2.0,4.0,3.75,3.4,2.05,1.88,1.88,9.0,17.0,5.0,8.0,4.0,3.0
2016-10-23,Paris SG,Marseille,0.0,0.0,1.29,5.5,11.0,1.46,2.58,17.0,0.0,3.0,0.0,9.0,0.0
2016-10-28,Lille,Paris SG,0.0,1.0,6.5,4.0,1.55,2.06,1.74,10.0,17.0,1.0,7.0,2.0,4.0
2016-10-29,Bastia,Dijon,0.0,0.0,2.3,3.1,3.4,2.5,1.5,19.0,8.0,11.0,2.0,13.0,5.0
2016-10-29,Guingamp,Angers,1.0,0.0,2.3,3.2,3.3,2.48,1.51,13.0,15.0,5.0,3.0,7.0,5.0
2016-10-29,Lorient,Montpellier,2.0,2.0,2.3,3.1,3.4,2.02,1.76,17.0,8.0,3.0,4.0,5.0,5.0
2016-10-29,Nancy,Caen,2.0,0.0,2.15,3.1,3.8,2.41,1.54,11.0,14.0,3.0,5.0,4.0,3.0
2016-10-29,St Etienne,Monaco,1.0,1.0,2.75,3.0,2.8,2.2,1.63,8.0,13.0,2.0,6.0,4.0,9.0
2016-10-29,Toulouse,Lyon,1.0,2.0,2.8,3.25,2.6,1.96,1.81,12.0,7.0,1.0,3.0,3.0,2.0
2016-10-30,Marseille,Bordeaux,0.0,0.0,2.1,3.2,3.8,2.04,1.75,10.0,5.0,3.0,1.0,3.0,0.0
2016-10-30,Nice,Nantes,4.0,1.0,1.91,3.3,4.5,2.15,1.67,12.0,16.0,7.0,4.0,2.0,4.0
2016-10-30,Rennes,Metz,1.0,0.0,1.57,4.0,6.0,1.87,1.89,10.0,8.0,4.0,2.0,3.0,4.0
2016-11-04,Montpellier,Marseille,3.0,1.0,2.55,3.2,2.88,2.07,1.73,13.0,10.0,4.0,2.0,1.0,5.0
2016-11-05,Angers,Lille,1.0,0.0,2.4,3.0,3.3,2.72,1.43,9.0,6.0,1.0,1.0,2.0,3.0
2016-11-05,Bordeaux,Lorient,2.0,1.0,1.75,3.5,5.0,1.99,1.8,12.0,9.0,6.0,1.0,4.0,7.0
2016-11-05,Dijon,Guingamp,3.0,3.0,2.5,3.0,3.2,2.31,1.58,13.0,14.0,7.0,6.0,6.0,3.0
2016-11-05,Lyon,Bastia,2.0,1.0,1.44,4.2,8.5,1.81,1.96,23.0,10.0,7.0,4.0,9.0,3.0
2016-11-05,Monaco,Nancy,6.0,0.0,1.5,4.0,7.5,1.92,1.85,16.0,8.0,8.0,1.0,4.0,6.0
2016-11-05,Nantes,Toulouse,1.0,1.0,2.3,3.0,3.5,2.59,1.46,13.0,4.0,2.0,4.0,6.0,2.0
2016-11-06,Caen,Nice,1.0,0.0,3.25,3.25,2.3,2.03,1.76,12.0,4.0,7.0,1.0,4.0,4.0
2016-11-06,Metz,St Etienne,0.0,0.0,3.8,3.2,2.1,2.14,1.68,14.0,8.0,2.0,2.0,2.0,1.0
2016-11-06,Paris SG,Rennes,4.0,0.0,1.22,6.5,13.0,1.54,2.4,18.0,4.0,6.0,1.0,9.0,2.0
2016-11-18,Lille,Lyon,0.0,1.0,3.1,3.1,2.45,2.01,1.78,14.0,17.0,3.0,3.0,5.0,5.0
2016-11-18,Lorient,Monaco,0.0,3.0,4.33,3.6,1.8,1.73,2.07,15.0,11.0,3.0,6.0,2.0,4.0
2016-11-19,Bastia,Montpellier,1.0,1.0,2.8,3.0,2.8,2.39,1.55,16.0,11.0,3.0,4.0,5.0,6.0
2016-11-19,Nancy,Dijon,1.0,0.0,2.1,3.1,4.0,2.29,1.59,13.0,12.0,4.0,5.0,7.0,8.0
2016-11-19,Paris SG,Nantes,2.0,0.0,1.2,6.5,15.0,1.55,2.36,10.0,12.0,5.0,1.0,4.0,5.0
2016-11-19,Rennes,Angers,1.0,1.0,2.25,3.0,3.5,2.66,1.45,11.0,7.0,2.0,4.0,6.0,2.0
2016-11-19,Toulouse,Metz,1.0,2.0,1.5,4.2,7.0,1.99,1.79,15.0,4.0,4.0,2.0,3.0,0.0
2016-11-20,Guingamp,Bordeaux,1.0,1.0,2.45,3.2,3.0,2.22,1.63,15.0,8.0,4.0,3.0,7.0,2.0
2016-11-20,Marseille,Caen,1.0,0.0,1.7,3.75,5.0,1.86,1.92,14.0,3.0,1.0,0.0,8.0,2.0
2016-11-20,St Etienne,Nice,0.0,1.0,2.1,3.4,3.6,2.15,1.68,8.0,15.0,1.0,5.0,1.0,4.0
2016-11-25,Rennes,Toulouse,1.0,0.0,2.4,3.1,3.1,2.35,1.58,11.0,12.0,3.0,3.0,4.0,4.0
2016-11-26,Bordeaux,Dijon,3.0,2.0,1.73,3.6,5.25,2.06,1.74,14.0,9.0,6.0,6.0,6.0,4.0
2016-11-26,Caen,Guingamp,1.0,1.0,2.38,3.1,3.3,2.29,1.59,18.0,11.0,4.0,4.0,5.0,2.0
2016-11-26,Metz,Lorient,3.0,3.0,2.7,3.25,2.7,1.99,1.8,11.0,10.0,6.0,6.0,6.0,3.0
2016-11-26,Monaco,Marseille,4.0,0.0,1.67,3.75,5.5,1.75,2.05,15.0,9.0,9.0,3.0,3.0,4.0
2016-11-26,Montpellier,Nancy,0.0,0.0,1.91,3.4,4.2,2.12,1.69,12.0,5.0,4.0,2.0,5.0,0.0
2016-11-26,Nantes,Lille,0.0,0.0,2.25,3.0,3.6,2.79,1.41,8.0,9.0,1.0,3.0,4.0,3.0
2016-11-27,Angers,St Etienne,1.0,2.0,2.5,3.0,3.2,2.68,1.44,14.0,8.0,6.0,5.0,6.0,5.0
2016-11-27,Lyon,Paris SG,1.0,2.0,3.6,3.4,2.1,1.75,2.04,14.0,11.0,3.0,5.0,6.0,8.0
2016-11-27,Nice,Bastia,1.0,1.0,1.62,3.75,6.0,2.14,1.68,12.0,11.0,7.0,2.0,5.0,4.0
2016-11-29,Dijon,Monaco,1.0,1.0,5.5,4.0,1.62,1.65,2.2,12.0,9.0,2.0,4.0,6.0,4.0
2016-11-29,Lille,Caen,4.0,2.0,1.8,3.4,5.0,2.39,1.55,19.0,13.0,8.0,2.0,3.0,2.0
2016-11-29,Lorient,Rennes,2.0,1.0,2.38,3.25,3.1,2.06,1.74,10.0,15.0,3.0,8.0,2.0,3.0
2016-11-30,Bastia,Bordeaux,1.0,1.0,2.9,3.0,2.7,2.51,1.5,13.0,8.0,6.0,3.0,6.0,4.0
2016-11-30,Guingamp,Nice,0.0,1.0,2.45,3.2,3.0,2.09,1.72,11.0,12.0,5.0,4.0,9.0,3.0
2016-11-30,Nancy,Metz,4.0,0.0,1.91,3.5,4.2,2.18,1.66,17.0,8.0,7.0,4.0,6.0,3.0
2016-11-30,Nantes,Lyon,0.0,6.0,3.75,3.25,2.1,2.26,1.61,12.0,20.0,1.0,9.0,5.0,10.0
2016-11-30,Paris SG,Angers,2.0,0.0,1.2,7.0,15.0,1.6,2.29,15.0,14.0,4.0,3.0,10.0,4.0
2016-11-30,St Etienne,Marseille,0.0,0.0,2.15,3.25,3.6,2.34,1.57,7.0,13.0,3.0,7.0,2.0,2.0
2016-11-30,Toulouse,Montpellier,1.0,0.0,2.05,3.4,3.75,2.03,1.76,5.0,12.0,3.0,2.0,1.0,6.0
2016-12-02,Caen,Dijon,3.0,3.0,2.1,3.3,3.6,2.05,1.75,16.0,13.0,9.0,4.0,6.0,1.0
2016-12-03,Angers,Lorient,2.0,2.0,2.0,3.3,4.0,2.22,1.63,19.0,13.0,5.0,5.0,6.0,11.0
2016-12-03,Bordeaux,Lille,0.0,1.0,2.15,3.1,3.8,2.49,1.51,8.0,16.0,1.0,9.0,5.0,5.0
2016-12-03,Guingamp,Nantes,2.0,0.0,2.1,3.25,3.75,2.37,1.56,15.0,8.0,6.0,2.0,9.0,1.0
2016-12-03,Monaco,Bastia,5.0,0.0,1.36,4.5,11.0,1.72,2.09,12.0,7.0,7.0,0.0,6.0,5.0
2016-12-03,Montpellier,Paris SG,3.0,0.0,6.5,4.2,1.53,1.76,2.04,6.0,10.0,3.0,3.0,3.0,2.0
2016-12-04,Marseille,Nancy,3.0,0.0,1.8,3.4,5.0,2.18,1.65,19.0,7.0,9.0,2.0,6.0,1.0
2016-12-04,Nice,Toulouse,3.0,0.0,2.1,3.2,3.8,2.22,1.63,11.0,12.0,6.0,0.0,2.0,2.0
2016-12-04,Rennes,St Etienne,2.0,0.0,2.4,3.0,3.3,2.45,1.53,14.0,4.0,5.0,0.0,7.0,4.0
2016-12-10,Bastia,Metz,2.0,0.0,1.83,3.4,4.75,2.23,1.63,16.0,8.0,6.0,1.0,5.0,5.0
2016-12-10,Bordeaux,Monaco,0.0,4.0,3.75,3.3,2.1,1.81,1.99,9.0,16.0,2.0,6.0,9.0,9.0
2016-12-10,Dijon,Marseille,1.0,2.0,3.2,3.25,2.3,1.8,2.01,14.0,12.0,5.0,7.0,7.0,4.0
2016-12-10,Lille,Montpellier,2.0,1.0,2.0,3.1,4.33,2.31,1.59,12.0,17.0,4.0,6.0,1.0,3.0
2016-12-10,Nancy,Angers,2.0,0.0,2.5,2.9,3.25,2.76,1.42,12.0,10.0,6.0,2.0,2.0,12.0
2016-12-10,Toulouse,Lorient,3.0,2.0,2.0,3.3,4.0,2.02,1.78,10.0,17.0,5.0,8.0,3.0,8.0
2016-12-11,Lyon,Rennes,1.0,0.0,1.57,3.75,7.0,1.72,2.08,5.0,13.0,4.0,5.0,4.0,6.0
2016-12-11,Paris SG,Nice,2.0,2.0,1.36,5.0,8.5,1.53,2.41,22.0,5.0,10.0,3.0,9.0,0.0
2016-12-11,St Etienne,Guingamp,1.0,0.0,2.0,3.25,4.2,2.41,1.54,7.0,18.0,2.0,8.0,4.0,4.0
2016-12-16,Angers,Nantes,0.0,2.0,2.4,3.0,3.2,2.62,1.47,15.0,11.0,2.0,4.0,6.0,1.0
2016-12-17,Guingamp,Paris SG,2.0,1.0,7.0,4.33,1.44,1.8,2.0,11.0,15.0,2.0,7.0,4.0,7.0
2016-12-17,Lorient,St Etienne,2.0,1.0,2.4,3.2,3.0,2.18,1.66,21.0,9.0,9.0,3.0,6.0,3.0
2016-12-17,Montpellier,Bordeaux,4.0,0.0,2.25,3.3,3.2,2.1,1.72,22.0,12.0,8.0,3.0,5.0,1.0
2016-12-17,Rennes,Bastia,1.0,2.0,1.8,3.4,4.75,2.35,1.57,12.0,14.0,4.0,4.0,6.0,6.0
2016-12-17,Toulouse,Nancy,1.0,1.0,1.91,3.2,4.33,2.39,1.56,5.0,10.0,2.0,3.0,3.0,3.0
2016-12-18,Caen,Metz,3.0,0.0,1.75,3.5,4.75,1.95,1.84,17.0,16.0,8.0,3.0,4.0,6.0
2016-12-18,Marseille,Lille,2.0,0.0,2.05,3.2,3.75,2.37,1.57,13.0,13.0,5.0,4.0,6.0,2.0
2016-12-18,Monaco,Lyon,1.0,3.0,1.83,3.75,4.0,1.64,2.22,13.0,17.0,4.0,10.0,6.0,9.0
2016-12-18,Nice,Dijon,2.0,1.0,1.53,4.2,5.75,1.71,2.12,8.0,11.0,3.0,4.0,3.0,3.0
2016-12-21,Bastia,Marseille,1.0,2.0,3.2,3.1,2.4,2.36,1.57,17.0,7.0,4.0,3.0,6.0,4.0
2016-12-21,Bordeaux,Nice,0.0,0.0,2.7,3.1,2.8,2.08,1.74,15.0,15.0,3.0,4.0,8.0,0.0
2016-12-21,Dijon,Toulouse,2.0,0.0,2.5,3.2,3.0,2.12,1.71,11.0,6.0,6.0,3.0,3.0,5.0
2016-12-21,Lille,Rennes,1.0,1.0,2.05,3.2,4.0,2.41,1.55,18.0,10.0,6.0,4.0,2.0,1.0
2016-12-21,Lyon,Angers,2.0,0.0,1.44,4.5,7.5,1.82,1.97,14.0,11.0,3.0,3.0,7.0,3.0
2016-12-21,Metz,Guingamp,2.0,2.0,3.4,3.1,2.3,2.13,1.7,9.0,9.0,4.0,4.0,5.0,2.0
2016-12-21,Monaco,Caen,2.0,1.0,1.25,6.0,12.0,1.5,2.51,21.0,16.0,6.0,5.0,5.0,2.0
2016-12-21,Nantes,Montpellier,1.0,0.0,2.25,3.2,3.4,2.23,1.64,5.0,18.0,2.0,4.0,2.0,8.0
2016-12-21,Paris SG,Lorient,5.0,0.0,1.18,7.5,15.0,1.37,3.0,19.0,4.0,7.0,1.0,13.0,3.0
2016-12-21,St Etienne,Nancy,0.0,0.0,2.0,3.1,4.33,2.47,1.53,18.0,5.0,3.0,3.0,12.0,2.0
2017-01-13,Lille,St Etienne,1.0,1.0,2.05,3.1,4.2,2.58,1.49,22.0,8.0,8.0,3.0,6.0,4.0
2017-01-14,Angers,Bordeaux,1.0,1.0,2.8,3.0,2.75,2.4,1.56,7.0,9.0,3.0,0.0,2.0,3.0
2017-01-14,Lorient,Guingamp,3.0,1.0,2.45,3.2,3.0,1.97,1.82,16.0,12.0,5.0,7.0,3.0,6.0
2017-01-14,Montpellier,Dijon,1.0,1.0,1.8,3.5,4.75,1.84,1.96,24.0,6.0,3.0,2.0,14.0,5.0
2017-01-14,Nancy,Bastia,1.0,0.0,1.95,3.1,4.75,2.55,1.5,15.0,11.0,4.0,2.0,6.0,5.0
2017-01-14,Rennes,Paris SG,0.0,1.0,7.0,4.0,1.53,1.9,1.89,12.0,9.0,1.0,4.0,5.0,2.0
2017-01-14,Toulouse,Nantes,0.0,1.0,2.05,3.1,4.1,2.48,1.52,15.0,8.0,4.0,1.0,7.0,3.0
2017-01-15,Caen,Lyon,3.0,2.0,4.75,3.75,1.75,1.73,2.08,12.0,16.0,5.0,5.0,7.0,5.0
2017-01-15,Marseille,Monaco,1.0,4.0,3.0,3.3,2.4,1.77,2.03,8.0,14.0,3.0,9.0,11.0,6.0
2017-01-15,Nice,Metz,0.0,0.0,1.5,4.2,7.0,1.76,2.05,12.0,15.0,2.0,3.0,3.0,4.0
2017-01-18,Nantes,Caen,1.0,0.0,2.0,3.4,4.0,2.23,1.63,16.0,9.0,6.0,3.0,5.0,4.0
2017-01-20,Bastia,Nice,1.0,1.0,3.0,3.1,2.55,2.51,1.52,11.0,17.0,2.0,5.0,0.0,4.0
2017-01-21,Bordeaux,Toulouse,1.0,0.0,2.1,3.25,3.8,2.37,1.57,22.0,8.0,10.0,6.0,6.0,4.0
2017-01-21,Dijon,Lille,0.0,0.0,3.0,3.1,2.55,2.21,1.65,19.0,11.0,4.0,3.0,10.0,7.0
2017-01-21,Guingamp,Rennes,1.0,1.0,2.3,3.1,3.4,2.28,1.61,15.0,7.0,4.0,3.0,4.0,1.0
2017-01-21,Metz,Montpellier,2.0,0.0,3.1,3.2,2.4,1.99,1.81,6.0,15.0,4.0,4.0,4.0,8.0
2017-01-21,Nantes,Paris SG,0.0,2.0,10.0,4.33,1.4,1.85,1.94,7.0,15.0,0.0,5.0,6.0,5.0
2017-01-22,Lyon,Marseille,3.0,1.0,1.73,3.75,5.0,1.66,2.19,19.0,11.0,8.0,4.0,6.0,8.0
2017-01-22,Monaco,Lorient,4.0,0.0,1.33,5.0,10.0,1.42,2.79,16.0,6.0,7.0,3.0,3.0,6.0
2017-01-22,St Etienne,Angers,2.0,1.0,1.85,3.4,4.75,2.58,1.49,12.0,16.0,4.0,5.0,6.0,3.0
2017-01-27,Marseille,Montpellier,5.0,1.0,1.67,3.75,5.5,1.94,1.85,17.0,19.0,9.0,9.0,7.0,5.0
2017-01-28,Angers,Metz,2.0,1.0,2.0,3.2,4.2,2.3,1.6,19.0,3.0,10.0,0.0,10.0,1.0
2017-01-28,Bastia,Caen,1.0,1.0,2.25,3.1,3.5,2.4,1.56,11.0,18.0,3.0,5.0,4.0,9.0
2017-01-28,Lorient,Dijon,2.0,3.0,2.05,3.5,3.6,1.8,2.0,15.0,5.0,6.0,4.0,2.0,2.0
2017-01-28,Lyon,Lille,1.0,2.0,1.45,4.33,7.5,1.74,2.07,13.0,9.0,6.0,4.0,4.0,1.0
2017-01-28,Nancy,Bordeaux,0.0,2.0,2.63,3.0,3.0,2.5,1.52,11.0,9.0,1.0,3.0,6.0,8.0
2017-01-28,Rennes,Nantes,1.0,1.0,2.2,3.1,3.6,2.47,1.53,7.0,10.0,1.0,3.0,3.0,2.0
2017-01-29,Nice,Guingamp,3.0,1.0,1.95,3.4,4.2,2.06,1.75,9.0,13.0,4.0,4.0,3.0,7.0
2017-01-29,Paris SG,Monaco,1.0,1.0,1.67,4.0,5.0,1.64,2.23,11.0,14.0,4.0,7.0,4.0,13.0
2017-01-29,Toulouse,St Etienne,0.0,3.0,2.3,3.0,3.6,2.64,1.47,13.0,20.0,3.0,6.0,3.0,3.0
2017-02-03,Metz,Marseille,1.0,0.0,4.33,3.6,1.85,1.79,2.03,9.0,11.0,3.0,2.0,0.0,7.0
2017-02-04,Bordeaux,Rennes,1.0,1.0,1.91,3.4,4.33,2.35,1.58,9.0,17.0,2.0,5.0,1.0,7.0
2017-02-04,Dijon,Paris SG,1.0,3.0,11.0,5.5,1.3,1.56,2.39,7.0,21.0,1.0,8.0,2.0,9.0
2017-02-04,Guingamp,Caen,0.0,1.0,1.95,3.5,4.0,1.91,1.88,13.0,10.0,4.0,2.0,9.0,1.0
2017-02-04,Lille,Lorient,0.0,1.0,1.73,3.8,4.75,1.89,1.91,15.0,12.0,3.0,5.0,5.0,3.0
2017-02-04,Monaco,Nice,3.0,0.0,1.53,4.0,6.5,1.62,2.27,14.0,11.0,7.0,1.0,4.0,4.0
2017-02-04,Montpellier,Bastia,2.0,1.0,1.8,3.6,4.5,2.12,1.71,13.0,15.0,5.0,2.0,2.0,4.0
2017-02-05,Nantes,Nancy,0.0,2.0,2.05,3.1,4.2,2.74,1.44,14.0,8.0,3.0,3.0,9.0,5.0
2017-02-05,St Etienne,Lyon,2.0,0.0,3.6,3.4,2.1,1.93,1.87,13.0,12.0,6.0,4.0,8.0,3.0
2017-02-05,Toulouse,Angers,4.0,0.0,2.1,3.2,3.8,2.6,1.48,15.0,12.0,8.0,3.0,4.0,5.0
2017-02-07,Caen,Bordeaux,0.0,4.0,2.5,3.2,3.0,2.11,1.73,4.0,13.0,1.0,4.0,3.0,2.0
2017-02-07,Montpellier,Monaco,1.0,2.0,4.6,3.8,1.75,1.58,2.36,11.0,11.0,2.0,5.0,6.0,3.0
2017-02-07,Paris SG,Lille,2.0,1.0,1.2,6.5,15.0,1.61,2.29,20.0,4.0,7.0,3.0,9.0,1.0
2017-02-08,Angers,Rennes,0.0,0.0,2.5,3.0,3.2,2.59,1.49,12.0,9.0,2.0,3.0,6.0,9.0
2017-02-08,Lorient,Toulouse,1.0,1.0,2.3,3.2,3.3,2.01,1.8,10.0,12.0,5.0,4.0,9.0,4.0
2017-02-08,Lyon,Nancy,4.0,0.0,1.4,4.75,8.0,1.69,2.16,18.0,7.0,6.0,2.0,8.0,3.0
2017-02-08,Marseille,Guingamp,2.0,0.0,1.7,3.75,5.25,1.85,1.94,20.0,6.0,5.0,1.0,4.0,4.0
2017-02-08,Metz,Dijon,2.0,1.0,2.5,3.2,3.0,2.01,1.79,13.0,12.0,3.0,5.0,3.0,1.0
2017-02-08,Nice,St Etienne,1.0,0.0,2.05,3.4,3.8,2.23,1.64,14.0,10.0,5.0,2.0,2.0,6.0
2017-02-10,Bordeaux,Paris SG,0.0,3.0,5.5,4.0,1.62,1.84,1.97,14.0,8.0,4.0,5.0,3.0,2.0
2017-02-11,Dijon,Caen,2.0,0.0,2.38,3.3,3.1,1.91,1.9,8.0,11.0,3.0,5.0,2.0,5.0
2017-02-11,Guingamp,Lyon,2.0,1.0,3.7,3.6,2.0,1.78,2.04,7.0,14.0,2.0,5.0,1.0,11.0
2017-02-11,Lille,Angers,1.0,2.0,1.91,3.2,4.75,2.53,1.51,16.0,14.0,3.0,5.0,4.0,3.0
2017-02-11,Monaco,Metz,5.0,0.0,1.22,6.5,13.0,1.37,3.02,26.0,5.0,13.0,1.0,8.0,3.0
2017-02-11,Nancy,Montpellier,0.0,3.0,2.5,3.1,3.1,2.38,1.57,14.0,10.0,3.0,5.0,5.0,2.0
2017-02-11,Toulouse,Bastia,4.0,1.0,1.83,3.3,5.0,2.47,1.53,18.0,12.0,7.0,4.0,7.0,3.0
2017-02-12,Nantes,Marseille,3.0,2.0,3.25,3.1,2.38,2.17,1.69,15.0,11.0,7.0,3.0,8.0,7.0
2017-02-12,Rennes,Nice,2.0,2.0,2.63,3.1,2.88,2.38,1.57,14.0,6.0,6.0,3.0,6.0,0.0
2017-02-12,St Etienne,Lorient,4.0,0.0,1.91,3.5,4.2,2.01,1.8,11.0,5.0,5.0,2.0,4.0,2.0
2017-02-17,Bastia,Monaco,1.0,1.0,7.0,4.2,1.5,1.76,2.04,9.0,16.0,3.0,4.0,3.0,8.0
2017-02-18,Angers,Nancy,1.0,0.0,2.05,3.1,4.2,2.63,1.47,14.0,8.0,5.0,1.0,7.0,3.0
2017-02-18,Caen,Lille,0.0,1.0,2.5,3.0,3.2,2.3,1.6,15.0,7.0,3.0,3.0,3.0,3.0
2017-02-18,Lorient,Nice,0.0,1.0,2.9,3.25,2.5,1.97,1.83,16.0,5.0,5.0,4.0,5.0,1.0
2017-02-18,Marseille,Rennes,2.0,0.0,1.67,3.75,5.5,1.92,1.87,11.0,8.0,5.0,1.0,3.0,5.0
2017-02-18,Metz,Nantes,1.0,1.0,3.25,3.0,2.45,2.39,1.56,10.0,9.0,1.0,4.0,4.0,8.0
2017-02-19,Bordeaux,Guingamp,3.0,0.0,1.91,3.5,4.2,2.17,1.68,21.0,14.0,7.0,4.0,5.0,6.0
2017-02-19,Lyon,Dijon,4.0,2.0,1.36,4.75,9.5,1.51,2.52,33.0,8.0,13.0,3.0,9.0,2.0
2017-02-19,Montpellier,St Etienne,2.0,1.0,2.25,3.2,3.4,2.17,1.67,17.0,7.0,4.0,4.0,4.0,5.0
2017-02-19,Paris SG,Toulouse,0.0,0.0,1.2,6.5,15.0,1.6,2.3,14.0,3.0,3.0,1.0,7.0,2.0
2017-02-21,Caen,Nancy,1.0,0.0,2.15,3.2,3.75,2.36,1.58,15.0,6.0,6.0,2.0,5.0,6.0
2017-02-24,Nantes,Dijon,3.0,1.0,1.73,3.6,5.25,2.1,1.73,20.0,9.0,6.0,3.0,3.0,1.0
2017-02-24,Nice,Montpellier,2.0,1.0,2.05,3.3,3.8,2.0,1.8,12.0,11.0,4.0,1.0,1.0,3.0
2017-02-25,Angers,Bastia,3.0,0.0,1.85,3.2,5.0,2.55,1.5,24.0,12.0,15.0,3.0,5.0,7.0
2017-02-25,Guingamp,Monaco,1.0,2.0,5.0,3.75,1.73,1.68,2.17,5.0,14.0,2.0,5.0,4.0,4.0
2017-02-25,Lille,Bordeaux,2.0,3.0,2.4,3.1,3.25,2.43,1.54,7.0,14.0,2.0,9.0,3.0,3.0
2017-02-25,Nancy,Toulouse,0.0,0.0,2.7,3.0,2.88,2.61,1.47,9.0,10.0,2.0,4.0,5.0,6.0
2017-02-25,Rennes,Lorient,1.0,0.0,2.05,3.4,3.75,2.06,1.75,14.0,6.0,9.0,2.0,2.0,3.0
2017-02-26,Lyon,Metz,5.0,0.0,1.22,7.0,12.0,1.38,2.96,27.0,9.0,7.0,2.0,10.0,1.0
2017-02-26,Marseille,Paris SG,1.0,5.0,5.5,3.75,1.67,1.73,2.1,9.0,17.0,0.0,11.0,4.0,7.0
2017-02-26,St Etienne,Caen,0.0,1.0,1.75,3.4,5.25,2.1,1.73,11.0,10.0,1.0,3.0,5.0,2.0
2017-03-01,Bastia,Nantes,2.0,2.0,3.3,2.9,2.5,2.71,1.45,6.0,13.0,2.0,3.0,3.0,7.0
2017-03-03,Bordeaux,Lyon,1.0,1.0,3.2,3.4,2.25,1.59,2.34,16.0,13.0,4.0,2.0,5.0,4.0
2017-03-04,Bastia,St Etienne,0.0,0.0,3.3,3.1,2.38,2.54,1.51,5.0,11.0,1.0,2.0,4.0,4.0
2017-03-04,Caen,Angers,2.0,3.0,2.38,3.1,3.3,2.35,1.58,16.0,9.0,3.0,4.0,4.0,3.0
2017-03-04,Dijon,Nice,0.0,1.0,3.25,3.4,2.2,2.13,1.7,13.0,11.0,2.0,5.0,6.0,4.0
2017-03-04,Metz,Rennes,1.0,1.0,3.2,3.0,2.5,2.29,1.61,10.0,17.0,4.0,8.0,3.0,4.0
2017-03-04,Montpellier,Guingamp,1.0,1.0,2.0,3.5,3.8,1.94,1.85,11.0,6.0,2.0,3.0,9.0,7.0
2017-03-04,Paris SG,Nancy,1.0,0.0,1.14,8.0,21.0,1.48,2.6,23.0,10.0,7.0,3.0,13.0,2.0
2017-03-05,Lorient,Marseille,1.0,4.0,3.1,3.4,2.25,1.77,2.03,11.0,15.0,4.0,7.0,5.0,8.0
2017-03-05,Monaco,Nantes,4.0,0.0,1.4,5.0,7.5,1.67,2.18,13.0,10.0,7.0,3.0,5.0,7.0
2017-03-05,Toulouse,Lille,1.0,1.0,2.05,3.3,4.0,2.56,1.49,10.0,14.0,5.0,5.0,3.0,3.0
2017-03-10,Marseille,Angers,3.0,0.0,1.67,3.75,5.5,1.86,1.94,11.0,14.0,4.0,7.0,2.0,4.0
2017-03-10,Nice,Caen,2.0,2.0,1.67,3.6,5.75,2.01,1.8,14.0,6.0,4.0,2.0,6.0,0.0
2017-03-11,Guingamp,Bastia,5.0,0.0,1.73,3.6,5.25,2.27,1.62,21.0,2.0,8.0,1.0,5.0,8.0
2017-03-11,Monaco,Bordeaux,2.0,1.0,1.45,4.5,7.5,1.61,2.3,11.0,9.0,6.0,2.0,10.0,3.0
2017-03-11,Montpellier,Nantes,2.0,3.0,2.1,3.25,3.8,2.15,1.69,14.0,14.0,8.0,7.0,3.0,5.0
2017-03-11,Nancy,Lille,1.0,2.0,2.6,3.1,2.9,2.77,1.43,16.0,10.0,3.0,6.0,5.0,4.0
2017-03-11,Rennes,Dijon,1.0,1.0,1.8,3.5,4.75,2.13,1.7,14.0,11.0,4.0,8.0,1.0,4.0
2017-03-12,Lorient,Paris SG,1.0,2.0,9.5,5.25,1.33,1.53,2.47,6.0,12.0,2.0,6.0,3.0,9.0
2017-03-12,Lyon,Toulouse,4.0,0.0,1.44,4.5,7.5,1.52,2.49,12.0,10.0,7.0,4.0,4.0,3.0
2017-03-12,St Etienne,Metz,2.0,2.0,1.62,3.8,6.0,2.06,1.76,14.0,12.0,7.0,6.0,4.0,3.0
2017-03-17,Lille,Marseille,0.0,0.0,3.1,3.2,2.38,2.06,1.76,9.0,7.0,2.0,4.0,7.0,8.0
2017-03-17,Metz,Bastia,1.0,0.0,1.8,3.4,4.75,2.15,1.7,9.0,6.0,2.0,0.0,4.0,4.0
2017-03-18,Angers,Guingamp,3.0,0.0,2.2,3.1,3.6,2.34,1.58,15.0,10.0,5.0,1.0,8.0,3.0
2017-03-18,Bordeaux,Montpellier,5.0,1.0,2.0,3.5,3.8,1.9,1.9,13.0,13.0,7.0,4.0,5.0,8.0
2017-03-18,Nancy,Lorient,2.0,3.0,2.15,3.3,3.6,2.13,1.7,14.0,7.0,7.0,5.0,8.0,3.0
2017-03-18,Nantes,Nice,1.0,1.0,2.4,3.1,3.25,2.47,1.53,18.0,5.0,5.0,2.0,5.0,4.0
2017-03-18,Toulouse,Rennes,0.0,0.0,2.2,3.0,3.75,2.43,1.55,6.0,17.0,0.0,3.0,5.0,9.0
2017-03-19,Caen,Monaco,0.0,3.0,5.25,3.8,1.67,1.69,2.14,5.0,16.0,1.0,7.0,2.0,7.0
2017-03-19,Dijon,St Etienne,0.0,1.0,3.0,3.1,2.55,2.3,1.61,17.0,16.0,0.0,4.0,3.0,6.0
2017-03-19,Paris SG,Lyon,2.0,1.0,1.44,4.75,6.75,1.41,2.83,12.0,11.0,4.0,2.0,8.0,10.0
2017-03-31,Guingamp,Nancy,1.0,0.0,1.8,3.6,4.75,2.22,1.65,17.0,4.0,3.0,1.0,12.0,1.0
2017-04-01,Bastia,Lille,0.0,1.0,3.4,3.0,2.38,2.61,1.48,14.0,9.0,2.0,3.0,5.0,0.0
2017-04-01,Marseille,Dijon,1.0,1.0,1.4,4.75,8.0,1.49,2.55,19.0,8.0,5.0,5.0,4.0,3.0
2017-04-02,Lorient,Caen,1.0,0.0,2.2,3.4,3.3,1.86,1.93,13.0,16.0,2.0,3.0,8.0,3.0
2017-04-02,Montpellier,Toulouse,0.0,1.0,2.1,3.4,3.6,2.03,1.78,18.0,9.0,2.0,4.0,5.0,8.0
2017-04-02,Nantes,Angers,2.0,1.0,2.15,3.3,3.6,2.41,1.54,13.0,18.0,3.0,3.0,4.0,3.0
2017-04-02,Nice,Bordeaux,2.0,1.0,2.25,3.3,3.3,1.98,1.81,10.0,18.0,4.0,4.0,3.0,6.0
2017-04-02,Rennes,Lyon,1.0,1.0,4.2,3.75,1.85,1.69,2.14,7.0,20.0,2.0,6.0,4.0,8.0
2017-04-05,Metz,Lyon,0.0,3.0,6.0,4.0,1.57,1.64,2.2,15.0,18.0,3.0,6.0,7.0,6.0
2017-04-07,Lille,Nice,1.0,2.0,2.63,3.0,3.0,2.36,1.58,11.0,12.0,3.0,7.0,5.0,3.0
2017-04-08,Angers,Monaco,0.0,1.0,4.8,3.8,1.73,1.77,2.04,16.0,11.0,4.0,6.0,4.0,6.0
2017-04-08,Bordeaux,Metz,3.0,0.0,1.45,4.2,8.0,1.69,2.16,17.0,9.0,6.0,5.0,4.0,2.0
2017-04-08,Caen,Montpellier,0.0,2.0,2.38,3.25,3.1,1.93,1.87,14.0,15.0,4.0,6.0,2.0,5.0
2017-04-08,Dijon,Bastia,1.0,2.0,1.95,3.3,4.2,2.08,1.74,14.0,13.0,6.0,7.0,8.0,2.0
2017-04-08,Lyon,Lorient,1.0,4.0,1.29,6.0,9.5,1.3,3.42,16.0,14.0,5.0,6.0,5.0,4.0
2017-04-08,Nancy,Rennes,3.0,0.0,2.8,3.0,2.8,2.61,1.48,14.0,9.0,5.0,5.0,4.0,4.0
2017-04-09,Paris SG,Guingamp,4.0,0.0,1.14,8.0,19.0,1.33,3.25,17.0,12.0,7.0,4.0,7.0,4.0
2017-04-09,St Etienne,Nantes,1.0,1.0,2.05,3.2,4.0,2.36,1.58,11.0,10.0,4.0,3.0,8.0,2.0
2017-04-09,Toulouse,Marseille,0.0,0.0,3.0,3.2,2.5,2.04,1.77,11.0,15.0,4.0,3.0,7.0,7.0
2017-04-14,Angers,Paris SG,0.0,2.0,11.0,5.5,1.3,1.6,2.29,17.0,10.0,4.0,2.0,5.0,1.0
2017-04-15,Guingamp,Toulouse,2.0,1.0,2.1,3.3,3.5,2.13,1.7,20.0,9.0,8.0,2.0,11.0,2.0
2017-04-15,Metz,Caen,2.0,2.0,2.38,3.25,3.0,2.04,1.76,8.0,13.0,2.0,3.0,1.0,2.0
2017-04-15,Monaco,Dijon,2.0,1.0,1.22,6.5,11.0,1.32,3.26,20.0,8.0,7.0,4.0,15.0,4.0
2017-04-15,Montpellier,Lorient,2.0,0.0,1.91,3.5,4.0,1.65,2.22,10.0,11.0,5.0,3.0,3.0,8.0
2017-04-15,Nice,Nancy,3.0,1.0,1.65,3.6,5.5,2.15,1.69,14.0,8.0,4.0,3.0,1.0,7.0
2017-04-15,Rennes,Lille,2.0,0.0,2.3,3.1,3.25,2.48,1.53,10.0,22.0,3.0,5.0,1.0,10.0
2017-04-16,Bastia,Lyon,0.0,3.0,5.5,4.0,1.57,1.59,2.33,,,,,,
2017-04-16,Marseille,St Etienne,4.0,0.0,1.8,3.5,4.5,2.03,1.78,12.0,7.0,7.0,3.0,3.0,3.0
2017-04-16,Nantes,Bordeaux,0.0,1.0,2.5,3.2,2.88,2.03,1.77,10.0,12.0,0.0,5.0,6.0,3.0
2017-04-18,Metz,Paris SG,2.0,3.0,17.0,7.5,1.17,1.37,3.0,6.0,18.0,2.0,6.0,1.0,8.0
2017-04-21,Nancy,Marseille,0.0,0.0,3.75,3.4,2.05,1.95,1.84,9.0,18.0,2.0,3.0,3.0,7.0
2017-04-22,Bordeaux,Bastia,2.0,0.0,1.36,5.25,8.0,1.78,2.02,14.0,13.0,6.0,1.0,5.0,7.0
2017-04-22,Caen,Nantes,0.0,2.0,2.5,3.25,2.9,2.26,1.62,13.0,16.0,2.0,8.0,8.0,2.0
2017-04-22,Dijon,Angers,3.0,2.0,2.2,3.3,3.4,2.14,1.69,15.0,9.0,6.0,5.0,4.0,5.0
2017-04-22,Lille,Guingamp,3.0,0.0,1.95,3.5,4.0,2.13,1.7,25.0,10.0,9.0,7.0,4.0,8.0
2017-04-22,Lorient,Metz,5.0,1.0,1.73,4.0,4.5,1.62,2.25,19.0,7.0,9.0,3.0,8.0,4.0
2017-04-22,Paris SG,Montpellier,2.0,0.0,1.17,8.0,15.0,1.27,3.64,19.0,15.0,9.0,4.0,6.0,6.0
2017-04-23,Lyon,Monaco,1.0,2.0,2.6,3.6,2.6,1.45,2.66,8.0,14.0,3.0,6.0,7.0,6.0
2017-04-23,St Etienne,Rennes,1.0,1.0,2.1,3.1,4.0,2.39,1.56,7.0,7.0,2.0,2.0,6.0,4.0
2017-04-23,Toulouse,Nice,1.0,1.0,2.6,3.2,2.88,2.22,1.65,4.0,14.0,3.0,3.0,6.0,5.0
2017-04-28,Angers,Lyon,1.0,2.0,3.3,3.4,2.2,1.67,2.17,23.0,8.0,7.0,3.0,8.0,8.0
2017-04-29,Bastia,Rennes,1.0,0.0,3.6,3.2,2.2,2.46,1.52,4.0,12.0,3.0,4.0,2.0,7.0
2017-04-29,Guingamp,St Etienne,0.0,2.0,2.4,3.1,3.2,2.1,1.72,12.0,11.0,4.0,8.0,2.0,3.0
2017-04-29,Metz,Nancy,2.0,1.0,2.63,3.1,2.9,2.05,1.75,12.0,8.0,7.0,4.0,8.0,5.0
2017-04-29,Monaco,Toulouse,3.0,1.0,1.22,6.5,13.0,1.4,2.69,28.0,7.0,11.0,3.0,11.0,2.0
2017-04-29,Montpellier,Lille,0.0,3.0,2.15,3.3,3.6,1.91,1.87,18.0,11.0,7.0,5.0,8.0,3.0
2017-04-29,Nantes,Lorient,1.0,0.0,2.05,3.4,3.75,1.84,1.95,15.0,4.0,7.0,0.0,5.0,6.0
2017-04-30,Caen,Marseille,1.0,5.0,3.6,3.4,2.1,1.78,2.02,14.0,13.0,5.0,8.0,11.0,2.0
2017-04-30,Dijon,Bordeaux,0.0,0.0,3.4,3.4,2.2,1.79,2.0,16.0,13.0,6.0,1.0,5.0,7.0
2017-04-30,Nice,Paris SG,3.0,1.0,6.0,4.33,1.53,1.59,1.52,6.0,16.0,3.0,5.0,2.0,8.0
2017-05-05,St Etienne,Bordeaux,2.0,2.0,2.7,3.1,2.8,2.18,1.68,15.0,11.0,5.0,5.0,7.0,7.0
2017-05-06,Guingamp,Dijon,4.0,0.0,2.15,3.4,3.4,1.78,2.02,14.0,20.0,8.0,5.0,9.0,15.0
2017-05-06,Lille,Metz,0.0,2.0,1.67,4.0,5.0,1.72,2.09,12.0,7.0,0.0,3.0,11.0,2.0
2017-05-06,Lorient,Angers,1.0,1.0,2.25,3.4,3.25,1.76,2.03,6.0,9.0,3.0,4.0,2.0,7.0
2017-05-06,Nancy,Monaco,0.0,3.0,7.0,4.5,1.45,1.69,2.13,6.0,18.0,2.0,8.0,5.0,5.0
2017-05-06,Paris SG,Bastia,5.0,0.0,1.13,9.0,21.0,1.33,3.2,27.0,6.0,12.0,0.0,11.0,4.0
2017-05-06,Toulouse,Caen,0.0,1.0,2.2,3.3,3.4,2.02,1.77,9.0,11.0,5.0,4.0,5.0,5.0
2017-05-07,Lyon,Nantes,3.0,2.0,1.67,4.0,5.0,1.63,2.24,16.0,5.0,7.0,2.0,9.0,5.0
2017-05-07,Marseille,Nice,2.0,1.0,1.95,3.5,3.75,1.68,2.15,18.0,17.0,7.0,5.0,4.0,5.0
2017-05-07,Rennes,Montpellier,1.0,0.0,2.3,3.25,3.1,1.95,1.84,10.0,6.0,4.0,1.0,2.0,6.0
2017-05-14,Bastia,Lorient,2.0,0.0,3.2,3.2,2.3,1.84,1.94,11.0,9.0,6.0,1.0,5.0,9.0
2017-05-14,Bordeaux,Marseille,1.0,1.0,2.45,3.4,2.88,1.66,2.2,11.0,14.0,5.0,3.0,3.0,4.0
2017-05-14,Caen,Rennes,0.0,1.0,1.8,3.6,4.6,1.92,1.87,10.0,10.0,2.0,7.0,11.0,1.0
2017-05-14,Dijon,Nancy,2.0,0.0,2.0,3.5,3.75,1.89,1.9,20.0,9.0,5.0,2.0,4.0,6.0
2017-05-14,Metz,Toulouse,1.0,1.0,2.6,3.25,2.8,1.91,1.87,14.0,17.0,6.0,6.0,6.0,3.0
2017-05-14,Monaco,Lille,4.0,0.0,1.17,8.0,15.0,1.3,3.36,11.0,14.0,3.0,4.0,6.0,7.0
2017-05-14,Montpellier,Lyon,1.0,3.0,3.1,3.6,2.25,1.52,2.48,15.0,14.0,4.0,6.0,4.0,1.0
2017-05-14,Nantes,Guingamp,4.0,1.0,2.05,3.5,3.6,1.78,2.02,14.0,8.0,5.0,2.0,9.0,6.0
2017-05-14,Nice,Angers,0.0,2.0,1.73,3.6,5.25,1.8,2.0,12.0,14.0,5.0,6.0,7.0,4.0
2017-05-14,St Etienne,Paris SG,0.0,5.0,9.0,5.0,1.33,1.52,2.45,9.0,21.0,2.0,11.0,5.0,8.0
2017-05-17,Monaco,St Etienne,2.0,0.0,1.2,7.0,13.0,1.34,3.21,14.0,5.0,5.0,3.0,10.0,4.0
2017-05-20,Angers,Montpellier,2.0,0.0,2.1,3.5,3.5,1.71,2.11,18.0,12.0,5.0,5.0,6.0,4.0
2017-05-20,Guingamp,Metz,1.0,0.0,1.6,4.2,5.5,1.57,2.37,21.0,8.0,6.0,0.0,7.0,3.0
2017-05-20,Lille,Nantes,3.0,0.0,2.5,3.3,2.9,1.85,1.95,17.0,9.0,6.0,2.0,2.0,10.0
2017-05-20,Lorient,Bordeaux,1.0,1.0,2.5,3.5,2.75,1.59,2.3,9.0,10.0,4.0,4.0,7.0,3.0
2017-05-20,Lyon,Nice,3.0,3.0,1.53,4.75,5.25,1.37,2.99,15.0,14.0,4.0,7.0,8.0,2.0
2017-05-20,Marseille,Bastia,1.0,0.0,1.29,5.5,11.0,1.46,2.61,12.0,4.0,3.0,0.0,6.0,1.0
2017-05-20,Nancy,St Etienne,3.0,1.0,2.05,3.5,3.6,1.94,1.85,14.0,8.0,5.0,2.0,7.0,5.0
2017-05-20,Paris SG,Caen,1.0,1.0,1.18,7.5,13.0,1.28,3.54,18.0,16.0,5.0,6.0,8.0,5.0
2017-05-20,Rennes,Monaco,2.0,3.0,3.5,3.6,2.05,1.52,2.47,18.0,23.0,5.0,12.0,3.0,5.0
2017-05-20,Toulouse,Dijon,0.0,0.0,2.5,3.4,2.8,1.74,2.07,16.0,8.0,2.0,5.0,8.0,4.0
2017-08-04,Monaco,Toulouse,3.0,2.0,1.3,5.5,10.0,1.63,2.29,17.0,6.0,7.0,3.0,8.0,2.0
2017-08-05,Lyon,Strasbourg,4.0,0.0,1.36,5.0,8.5,1.54,2.43,12.0,7.0,7.0,1.0,3.0,4.0
2017-08-05,Metz,Guingamp,1.0,3.0,2.8,3.2,2.63,2.14,1.7,6.0,13.0,4.0,5.0,3.0,3.0
2017-08-05,Montpellier,Caen,1.0,0.0,1.91,3.5,4.2,2.07,1.74,10.0,8.0,2.0,1.0,9.0,3.0
2017-08-05,Paris SG,Amiens,2.0,0.0,1.11,9.0,25.0,1.35,3.11,16.0,7.0,5.0,1.0,8.0,3.0
2017-08-05,St Etienne,Nice,1.0,0.0,2.2,3.2,3.5,2.31,1.6,8.0,6.0,3.0,2.0,2.0,7.0
2017-08-05,Troyes,Rennes,1.0,1.0,2.6,3.1,2.9,2.3,1.6,11.0,16.0,4.0,4.0,6.0,7.0
2017-08-06,Angers,Bordeaux,2.0,2.0,2.5,3.1,3.1,2.42,1.54,9.0,7.0,5.0,4.0,0.0,5.0
2017-08-06,Lille,Nantes,3.0,0.0,2.0,3.2,4.1,2.36,1.57,14.0,9.0,5.0,4.0,15.0,3.0
2017-08-06,Marseille,Dijon,3.0,0.0,1.4,4.75,8.0,1.65,2.2,18.0,12.0,5.0,1.0,7.0,3.0
2017-08-11,Nice,Troyes,1.0,2.0,1.53,4.0,7.0,1.84,1.97,20.0,10.0,6.0,4.0,10.0,4.0
2017-08-11,Rennes,Lyon,1.0,2.0,3.6,3.5,2.0,1.78,2.04,17.0,17.0,5.0,8.0,14.0,2.0
2017-08-12,Amiens,Angers,0.0,2.0,2.9,3.1,2.63,2.46,1.53,10.0,12.0,1.0,6.0,5.0,5.0
2017-08-12,Bordeaux,Metz,2.0,0.0,1.44,4.2,8.5,1.7,2.13,12.0,6.0,5.0,1.0,5.0,1.0
2017-08-12,Caen,St Etienne,0.0,1.0,3.0,3.1,2.5,2.42,1.54,10.0,6.0,4.0,4.0,8.0,2.0
2017-08-12,Nantes,Marseille,0.0,1.0,3.5,3.4,2.15,2.02,1.79,14.0,13.0,3.0,10.0,6.0,9.0
2017-08-12,Toulouse,Montpellier,1.0,0.0,2.2,3.2,3.5,2.22,1.65,8.0,14.0,4.0,1.0,5.0,3.0
2017-08-13,Dijon,Monaco,1.0,4.0,7.0,4.2,1.5,1.6,2.3,15.0,16.0,3.0,6.0,6.0,10.0
2017-08-13,Guingamp,Paris SG,0.0,3.0,15.0,6.0,1.22,1.54,2.43,4.0,21.0,0.0,8.0,4.0,6.0
2017-08-13,Strasbourg,Lille,3.0,0.0,3.75,3.3,2.1,2.08,1.74,22.0,12.0,9.0,2.0,7.0,5.0
2017-08-18,Metz,Monaco,0.0,1.0,10.0,5.0,1.3,1.45,2.7,9.0,22.0,5.0,5.0,6.0,6.0
2017-08-19,Lyon,Bordeaux,3.0,3.0,1.57,4.33,5.5,1.57,2.37,8.0,16.0,5.0,6.0,0.0,8.0
2017-08-19,Montpellier,Strasbourg,1.0,1.0,1.85,3.5,4.5,1.86,1.94,16.0,7.0,5.0,1.0,9.0,2.0
2017-08-19,Nice,Guingamp,2.0,0.0,2.0,3.3,4.0,2.0,1.81,14.0,13.0,8.0,1.0,4.0,5.0
2017-08-19,Rennes,Dijon,2.0,2.0,1.6,3.9,6.0,1.94,1.86,14.0,12.0,7.0,4.0,7.0,0.0
2017-08-19,St Etienne,Amiens,3.0,0.0,1.53,4.0,7.0,2.13,1.7,13.0,16.0,5.0,1.0,3.0,11.0
2017-08-19,Troyes,Nantes,0.0,1.0,2.5,3.1,3.1,2.26,1.63,8.0,11.0,1.0,4.0,2.0,10.0
2017-08-20,Lille,Caen,0.0,2.0,1.6,3.8,6.0,1.82,1.98,15.0,11.0,4.0,3.0,5.0,3.0
2017-08-20,Marseille,Angers,1.0,1.0,1.6,3.9,5.75,1.82,1.98,12.0,11.0,2.0,4.0,11.0,2.0
2017-08-20,Paris SG,Toulouse,6.0,2.0,1.08,11.0,34.0,1.32,3.31,24.0,7.0,15.0,1.0,7.0,1.0
2017-08-25,Paris SG,St Etienne,3.0,0.0,1.08,11.0,29.0,1.24,3.98,14.0,12.0,4.0,2.0,8.0,3.0
2017-08-26,Amiens,Nice,3.0,0.0,3.3,3.2,2.3,2.18,1.67,12.0,12.0,4.0,3.0,3.0,4.0
2017-08-26,Bordeaux,Troyes,2.0,1.0,1.44,4.5,7.5,1.71,2.13,12.0,5.0,8.0,2.0,4.0,4.0
2017-08-26,Caen,Metz,1.0,0.0,1.85,3.4,4.75,1.99,1.81,16.0,9.0,4.0,2.0,9.0,3.0
2017-08-26,Dijon,Montpellier,2.0,1.0,2.55,3.2,2.88,2.07,1.75,7.0,11.0,2.0,2.0,2.0,4.0
2017-08-26,Nantes,Lyon,0.0,0.0,3.6,3.4,2.1,1.82,1.97,6.0,16.0,2.0,3.0,1.0,8.0
2017-08-26,Toulouse,Rennes,3.0,2.0,2.3,3.1,3.4,2.28,1.61,11.0,14.0,7.0,3.0,3.0,4.0
2017-08-27,Angers,Lille,1.0,1.0,2.25,3.1,3.5,2.2,1.66,11.0,13.0,2.0,3.0,7.0,1.0
2017-08-27,Guingamp,Strasbourg,2.0,0.0,1.91,3.4,4.33,2.1,1.73,14.0,15.0,6.0,3.0,2.0,7.0
2017-08-27,Monaco,Marseille,6.0,1.0,1.62,4.0,5.5,1.6,2.32,14.0,10.0,8.0,3.0,1.0,1.0
2017-09-08,Lille,Bordeaux,0.0,0.0,3.0,3.3,2.45,1.99,1.82,8.0,17.0,2.0,1.0,5.0,3.0
2017-09-08,Metz,Paris SG,1.0,5.0,19.0,10.0,1.13,1.34,3.22,8.0,23.0,1.0,12.0,6.0,7.0
2017-09-09,Caen,Dijon,2.0,1.0,2.05,3.2,4.0,1.98,1.82,12.0,9.0,3.0,4.0,8.0,3.0
2017-09-09,Montpellier,Nantes,0.0,1.0,2.15,3.2,3.8,2.45,1.54,11.0,12.0,3.0,4.0,8.0,3.0
2017-09-09,Nice,Monaco,4.0,0.0,4.75,3.6,1.8,1.66,2.21,9.0,11.0,5.0,1.0,2.0,11.0
2017-09-09,Strasbourg,Amiens,0.0,1.0,2.0,3.2,4.2,2.22,1.65,10.0,8.0,3.0,3.0,6.0,0.0
2017-09-09,Troyes,Toulouse,0.0,0.0,2.88,3.2,2.6,2.14,1.7,11.0,7.0,3.0,0.0,4.0,1.0
2017-09-10,Lyon,Guingamp,2.0,1.0,1.4,4.75,8.5,1.5,2.55,12.0,13.0,4.0,6.0,3.0,6.0
2017-09-10,Marseille,Rennes,1.0,3.0,1.67,4.0,5.0,1.77,2.04,10.0,17.0,4.0,4.0,5.0,2.0
2017-09-10,St Etienne,Angers,1.0,1.0,2.15,3.2,3.75,2.48,1.53,8.0,15.0,4.0,6.0,1.0,3.0
2017-09-15,Toulouse,Bordeaux,0.0,1.0,2.9,3.1,2.5,2.2,1.66,16.0,14.0,5.0,4.0,3.0,9.0
2017-09-16,Dijon,St Etienne,0.0,1.0,3.0,3.2,2.5,2.32,1.59,18.0,16.0,7.0,6.0,1.0,4.0
2017-09-16,Guingamp,Lille,1.0,0.0,2.15,3.3,3.5,2.06,1.75,20.0,10.0,4.0,5.0,8.0,8.0
2017-09-16,Monaco,Strasbourg,3.0,0.0,1.18,7.5,15.0,1.4,2.86,14.0,10.0,5.0,1.0,5.0,5.0
2017-09-16,Nantes,Caen,1.0,0.0,1.95,3.25,4.33,2.41,1.55,8.0,8.0,4.0,1.0,4.0,3.0
2017-09-16,Troyes,Montpellier,0.0,1.0,2.8,3.2,2.7,2.07,1.74,7.0,9.0,0.0,3.0,2.0,6.0
2017-09-17,Amiens,Marseille,0.0,2.0,4.0,3.2,2.05,2.05,1.76,8.0,22.0,3.0,6.0,6.0,3.0
2017-09-17,Angers,Metz,0.0,1.0,1.5,4.0,7.5,1.96,1.84,18.0,10.0,5.0,5.0,4.0,5.0
2017-09-17,Paris SG,Lyon,2.0,0.0,1.17,7.5,17.0,1.19,4.55,14.0,12.0,5.0,5.0,9.0,4.0
2017-09-17,Rennes,Nice,0.0,1.0,2.3,3.2,3.3,2.03,1.77,17.0,6.0,4.0,3.0,6.0,5.0
2017-09-22,Lille,Monaco,0.0,4.0,4.75,3.8,1.7,1.77,2.04,11.0,12.0,2.0,7.0,1.0,1.0
2017-09-22,Nice,Angers,2.0,2.0,1.8,3.5,4.5,2.13,1.71,17.0,15.0,3.0,6.0,8.0,1.0
2017-09-23,Bordeaux,Guingamp,3.0,1.0,1.73,3.5,5.5,1.95,1.85,21.0,10.0,8.0,4.0,5.0,2.0
2017-09-23,Caen,Amiens,1.0,0.0,1.85,3.3,4.75,2.32,1.59,17.0,2.0,4.0,0.0,7.0,3.0
2017-09-23,Lyon,Dijon,3.0,3.0,1.29,5.75,10.0,1.41,2.83,20.0,11.0,6.0,6.0,8.0,1.0
2017-09-23,Metz,Troyes,0.0,1.0,2.0,3.3,4.0,2.03,1.78,15.0,9.0,7.0,2.0,5.0,4.0
2017-09-23,Montpellier,Paris SG,0.0,0.0,17.0,7.5,1.17,1.5,2.54,5.0,10.0,2.0,1.0,2.0,11.0
2017-09-24,Marseille,Toulouse,2.0,0.0,1.53,4.2,6.5,1.74,2.07,22.0,8.0,6.0,1.0,12.0,5.0
2017-09-24,St Etienne,Rennes,2.0,2.0,2.05,3.2,4.0,2.22,1.64,9.0,9.0,4.0,4.0,9.0,5.0
2017-09-24,Strasbourg,Nantes,1.0,2.0,2.55,3.0,3.1,2.56,1.5,21.0,12.0,6.0,5.0,12.0,3.0
2017-09-29,Monaco,Montpellier,1.0,1.0,1.36,5.0,8.5,1.59,2.31,8.0,15.0,1.0,3.0,3.0,4.0
2017-09-30,Dijon,Strasbourg,1.0,1.0,2.05,3.2,4.0,2.04,1.77,13.0,7.0,6.0,1.0,7.0,4.0
2017-09-30,Guingamp,Toulouse,1.0,1.0,1.91,3.4,4.33,2.16,1.69,6.0,11.0,4.0,2.0,6.0,4.0
2017-09-30,Nantes,Metz,1.0,0.0,1.67,3.5,6.0,2.18,1.66,15.0,9.0,6.0,1.0,4.0,4.0
2017-09-30,Paris SG,Bordeaux,6.0,2.0,1.14,9.0,15.0,1.33,3.26,11.0,17.0,9.0,6.0,1.0,5.0
2017-09-30,Rennes,Caen,0.0,1.0,1.91,3.25,4.5,2.11,1.71,9.0,10.0,2.0,3.0,8.0,3.0
2017-10-01,Angers,Lyon,3.0,3.0,3.25,3.25,2.3,1.81,1.99,15.0,13.0,4.0,6.0,9.0,4.0
2017-10-01,Nice,Marseille,2.0,4.0,2.38,3.4,3.0,1.79,2.01,19.0,17.0,10.0,9.0,9.0,5.0
2017-10-01,Troyes,St Etienne,2.0,1.0,3.3,3.2,2.3,2.33,1.59,11.0,14.0,7.0,4.0,5.0,8.0
2017-10-13,Lyon,Monaco,3.0,2.0,2.1,3.75,3.3,1.45,2.66,22.0,14.0,7.0,7.0,7.0,5.0
2017-10-14,Caen,Angers,0.0,2.0,2.5,3.1,3.1,2.41,1.54,22.0,12.0,5.0,4.0,4.0,4.0
2017-10-14,Dijon,Paris SG,1.0,2.0,21.0,9.0,1.13,1.34,3.14,15.0,18.0,5.0,8.0,5.0,9.0
2017-10-14,Guingamp,Rennes,2.0,0.0,2.15,3.3,3.5,2.05,1.74,16.0,11.0,9.0,0.0,6.0,5.0
2017-10-14,Lille,Troyes,2.0,2.0,1.55,3.8,6.5,2.02,1.78,16.0,10.0,6.0,2.0,3.0,1.0
2017-10-14,St Etienne,Metz,3.0,1.0,1.53,4.0,7.0,1.9,1.87,20.0,10.0,5.0,2.0,12.0,5.0
2017-10-14,Toulouse,Amiens,1.0,0.0,1.73,3.5,5.0,2.4,1.55,16.0,7.0,6.0,2.0,3.0,0.0
2017-10-15,Bordeaux,Nantes,1.0,1.0,1.67,3.5,6.0,2.13,1.69,18.0,14.0,3.0,4.0,6.0,2.0
2017-10-15,Montpellier,Nice,2.0,0.0,2.4,3.2,3.1,2.13,1.68,14.0,15.0,4.0,8.0,4.0,7.0
2017-10-15,Strasbourg,Marseille,3.0,3.0,4.2,3.4,1.91,1.76,2.03,19.0,20.0,9.0,7.0,4.0,4.0
2017-10-20,St Etienne,Montpellier,0.0,1.0,2.14,3.25,3.6,2.48,1.52,21.0,15.0,4.0,4.0,6.0,2.0
2017-10-21,Amiens,Bordeaux,1.0,0.0,5.5,3.79,1.64,2.14,1.69,13.0,14.0,4.0,4.0,4.0,3.0
2017-10-21,Angers,Toulouse,0.0,1.0,2.0,3.39,4.0,2.3,1.59,14.0,3.0,4.0,1.0,4.0,2.0
2017-10-21,Metz,Dijon,1.0,2.0,2.75,3.29,2.62,2.0,1.79,15.0,8.0,5.0,6.0,2.0,5.0
2017-10-21,Monaco,Caen,2.0,0.0,1.33,5.0,10.0,1.54,2.43,15.0,8.0,6.0,1.0,7.0,7.0
2017-10-21,Nantes,Guingamp,2.0,1.0,2.1,3.29,3.75,2.35,1.57,9.0,10.0,3.0,4.0,3.0,6.0
2017-10-21,Rennes,Lille,1.0,0.0,2.14,3.29,3.5,2.13,1.7,9.0,7.0,6.0,1.0,2.0,6.0
2017-10-22,Marseille,Paris SG,2.0,2.0,6.5,5.0,1.44,1.34,3.15,11.0,7.0,3.0,3.0,3.0,4.0
2017-10-22,Nice,Strasbourg,1.0,2.0,1.57,4.0,6.0,1.78,2.01,14.0,15.0,9.0,6.0,9.0,1.0
2017-10-22,Troyes,Lyon,0.0,5.0,5.0,4.0,1.66,1.6,2.27,9.0,14.0,3.0,10.0,4.0,3.0
2017-10-27,Paris SG,Nice,3.0,0.0,1.14,9.0,17.0,1.25,3.74,16.0,8.0,8.0,1.0,8.0,2.0
2017-10-28,Bordeaux,Monaco,0.0,2.0,2.5,3.39,2.79,1.71,2.1,12.0,12.0,4.0,5.0,6.0,2.0
2017-10-28,Caen,Troyes,1.0,0.0,1.66,3.6,5.75,2.12,1.7,16.0,8.0,3.0,3.0,6.0,6.0
2017-10-28,Dijon,Nantes,1.0,0.0,2.6,3.1,2.89,2.27,1.61,6.0,10.0,1.0,0.0,1.0,5.0
2017-10-28,Guingamp,Amiens,1.0,1.0,1.66,3.5,6.0,2.13,1.69,12.0,7.0,4.0,2.0,5.0,5.0
2017-10-28,Montpellier,Rennes,0.0,1.0,2.04,3.1,4.09,2.39,1.55,9.0,7.0,4.0,2.0,4.0,1.0
2017-10-28,Strasbourg,Angers,2.0,2.0,2.7,3.1,2.79,2.15,1.68,14.0,5.0,6.0,2.0,4.0,2.0
2017-10-29,Lille,Marseille,0.0,1.0,3.39,3.25,2.25,1.78,2.02,18.0,10.0,7.0,3.0,11.0,4.0
2017-10-29,Lyon,Metz,2.0,0.0,1.18,7.5,15.0,1.3,2.02,12.0,7.0,4.0,4.0,3.0,2.0
2017-10-29,Toulouse,St Etienne,0.0,0.0,2.2,3.1,3.6,2.35,1.56,11.0,4.0,4.0,2.0,7.0,1.0
2017-11-03,Rennes,Bordeaux,1.0,0.0,3.25,3.25,2.29,2.26,1.62,6.0,6.0,2.0,0.0,8.0,0.0
2017-11-04,Angers,Paris SG,0.0,5.0,15.0,7.0,1.19,1.4,2.83,9.0,15.0,3.0,7.0,2.0,4.0
2017-11-04,Monaco,Guingamp,6.0,0.0,1.44,4.75,7.0,1.55,2.4,18.0,12.0,9.0,3.0,4.0,1.0
2017-11-04,Montpellier,Amiens,1.0,1.0,1.75,3.39,5.5,2.48,1.52,10.0,12.0,3.0,1.0,3.0,2.0
2017-11-04,Nantes,Toulouse,2.0,1.0,2.0,3.1,4.33,2.69,1.44,11.0,10.0,6.0,3.0,9.0,4.0
2017-11-04,Troyes,Strasbourg,3.0,0.0,2.75,3.29,2.62,1.98,1.8,13.0,10.0,6.0,2.0,4.0,1.0
2017-11-05,Marseille,Caen,5.0,0.0,1.53,4.0,7.0,1.73,2.07,28.0,11.0,11.0,3.0,13.0,6.0
2017-11-05,Metz,Lille,0.0,3.0,3.29,3.2,2.29,2.12,1.7,19.0,14.0,5.0,7.0,9.0,0.0
2017-11-05,Nice,Dijon,1.0,0.0,1.72,3.6,5.25,1.82,1.97,11.0,13.0,4.0,4.0,6.0,4.0
2017-11-05,St Etienne,Lyon,0.0,5.0,4.2,3.39,1.95,1.7,2.11,13.0,13.0,2.0,10.0,5.0,1.0
2017-11-17,Amiens,Monaco,1.0,1.0,5.25,3.79,1.66,1.83,1.96,10.0,15.0,2.0,4.0,4.0,4.0
2017-11-17,Lille,St Etienne,3.0,1.0,2.1,3.25,3.75,2.3,1.6,12.0,8.0,5.0,3.0,8.0,10.0
2017-11-18,Dijon,Troyes,3.0,1.0,1.9,3.39,4.33,1.97,1.82,15.0,11.0,8.0,4.0,4.0,4.0
2017-11-18,Guingamp,Angers,1.0,1.0,2.29,3.2,3.29,2.04,1.76,9.0,10.0,2.0,2.0,1.0,7.0
2017-11-18,Paris SG,Nantes,4.0,1.0,1.11,10.0,21.0,1.29,3.46,23.0,8.0,10.0,1.0,9.0,2.0
2017-11-18,Strasbourg,Rennes,2.0,1.0,2.29,3.2,3.29,2.2,1.66,11.0,13.0,5.0,4.0,6.0,7.0
2017-11-18,Toulouse,Metz,0.0,0.0,1.72,3.6,5.25,2.12,1.7,21.0,12.0,3.0,5.0,9.0,4.0
2017-11-19,Bordeaux,Marseille,1.0,1.0,2.29,3.39,3.1,1.76,2.04,9.0,14.0,3.0,3.0,3.0,6.0
2017-11-19,Caen,Nice,1.0,1.0,2.6,3.1,2.89,2.22,1.64,18.0,12.0,4.0,7.0,12.0,3.0
2017-11-19,Lyon,Montpellier,0.0,0.0,1.39,4.5,9.0,1.63,2.24,15.0,15.0,3.0,2.0,9.0,6.0
2017-11-20,Amiens,Lille,3.0,0.0,2.7,3.1,2.7,2.26,1.64,8.0,12.0,4.0,1.0,4.0,6.0
2017-11-24,St Etienne,Strasbourg,2.0,2.0,2.0,3.5,3.75,2.02,1.78,12.0,10.0,6.0,4.0,7.0,4.0
2017-11-25,Caen,Bordeaux,1.0,0.0,3.39,3.1,2.29,2.28,1.6,12.0,10.0,2.0,2.0,4.0,8.0
2017-11-25,Dijon,Toulouse,3.0,1.0,2.25,3.2,3.39,2.17,1.67,13.0,12.0,5.0,4.0,6.0,2.0
2017-11-25,Metz,Amiens,0.0,2.0,2.37,3.2,3.2,2.32,1.59,21.0,11.0,6.0,2.0,8.0,1.0
2017-11-25,Montpellier,Lille,3.0,0.0,2.14,3.2,3.7,2.34,1.57,18.0,10.0,6.0,4.0,6.0,7.0
2017-11-25,Rennes,Nantes,2.0,1.0,2.39,3.1,3.2,2.65,1.46,15.0,10.0,5.0,1.0,8.0,2.0
2017-11-25,Troyes,Angers,3.0,0.0,3.2,3.2,2.37,2.14,1.69,9.0,7.0,3.0,3.0,4.0,3.0
2017-11-26,Marseille,Guingamp,1.0,0.0,1.5,4.33,6.5,1.62,2.26,21.0,4.0,7.0,1.0,6.0,2.0
2017-11-26,Monaco,Paris SG,1.0,2.0,5.25,4.75,1.53,1.36,3.04,8.0,18.0,2.0,5.0,1.0,4.0
2017-11-26,Nice,Lyon,0.0,5.0,3.29,3.39,2.2,1.58,2.33,10.0,11.0,3.0,7.0,2.0,2.0
2017-11-28,Amiens,Dijon,2.0,1.0,2.37,3.1,3.25,2.23,1.64,8.0,16.0,5.0,6.0,3.0,6.0
2017-11-28,Bordeaux,St Etienne,3.0,0.0,1.83,3.39,4.75,2.19,1.66,12.0,11.0,6.0,5.0,2.0,6.0
2017-11-28,Strasbourg,Caen,0.0,0.0,1.95,3.25,4.2,2.06,1.75,6.0,15.0,3.0,1.0,2.0,3.0
2017-11-29,Angers,Rennes,1.0,2.0,2.1,3.2,3.79,2.19,1.65,10.0,8.0,4.0,3.0,7.0,4.0
2017-11-29,Guingamp,Montpellier,0.0,0.0,2.39,3.1,3.25,2.36,1.56,10.0,6.0,1.0,4.0,8.0,3.0
2017-11-29,Lyon,Lille,1.0,2.0,1.33,5.0,10.0,1.49,2.53,21.0,7.0,5.0,3.0,4.0,2.0
2017-11-29,Metz,Marseille,0.0,3.0,6.5,4.33,1.5,1.66,2.17,9.0,21.0,4.0,8.0,0.0,9.0
2017-11-29,Nantes,Monaco,1.0,0.0,3.75,3.39,2.04,2.02,1.78,16.0,9.0,5.0,1.0,11.0,5.0
2017-11-29,Paris SG,Troyes,2.0,0.0,1.04,17.0,34.0,1.17,4.8,19.0,6.0,6.0,3.0,11.0,1.0
2017-11-29,Toulouse,Nice,1.0,2.0,2.62,3.0,2.89,2.34,1.57,14.0,8.0,3.0,4.0,6.0,4.0
2017-12-01,Dijon,Bordeaux,3.0,2.0,3.1,3.1,2.5,2.11,1.72,17.0,14.0,5.0,6.0,6.0,4.0
2017-12-02,Lille,Toulouse,1.0,0.0,2.04,3.29,3.89,2.24,1.63,10.0,10.0,3.0,3.0,3.0,6.0
2017-12-02,Monaco,Angers,1.0,0.0,1.39,4.75,8.0,1.53,2.42,5.0,8.0,3.0,3.0,5.0,3.0
2017-12-02,Nice,Metz,3.0,1.0,1.44,4.0,8.5,1.8,1.99,15.0,13.0,7.0,5.0,1.0,5.0
2017-12-02,Rennes,Amiens,2.0,0.0,2.0,3.0,4.75,2.5,1.5,25.0,6.0,5.0,2.0,16.0,0.0
2017-12-02,Strasbourg,Paris SG,2.0,1.0,15.0,8.0,1.16,1.33,3.23,5.0,29.0,2.0,5.0,0.0,13.0
2017-12-02,Troyes,Guingamp,0.0,1.0,2.62,3.1,2.89,2.12,1.71,14.0,11.0,3.0,5.0,5.0,3.0
2017-12-03,Caen,Lyon,1.0,2.0,4.33,3.6,1.85,1.82,1.97,19.0,11.0,4.0,4.0,9.0,4.0
2017-12-03,Montpellier,Marseille,1.0,1.0,3.39,3.29,2.2,2.05,1.75,13.0,6.0,4.0,2.0,1.0,3.0
2017-12-03,St Etienne,Nantes,1.0,1.0,2.29,3.0,3.6,2.66,1.45,13.0,22.0,4.0,6.0,5.0,9.0
2017-12-08,Bordeaux,Strasbourg,0.0,3.0,1.64,3.75,5.75,1.86,1.93,12.0,10.0,2.0,4.0,10.0,5.0
2017-12-09,Angers,Montpellier,1.0,1.0,2.39,3.1,3.25,2.41,1.54,13.0,10.0,4.0,6.0,5.0,4.0
2017-12-09,Guingamp,Dijon,4.0,0.0,2.1,3.29,3.75,2.0,1.8,17.0,8.0,9.0,1.0,18.0,2.0
2017-12-09,Metz,Rennes,1.0,1.0,3.7,3.0,2.25,2.33,1.58,13.0,5.0,6.0,4.0,5.0,6.0
2017-12-09,Monaco,Troyes,3.0,2.0,1.3,5.5,10.0,1.52,2.47,19.0,5.0,6.0,3.0,16.0,1.0
2017-12-09,Paris SG,Lille,3.0,1.0,1.12,9.0,21.0,1.24,3.81,14.0,7.0,5.0,2.0,5.0,4.0
2017-12-09,Toulouse,Caen,2.0,0.0,2.25,2.89,3.79,2.51,1.51,10.0,11.0,3.0,3.0,4.0,5.0
2017-12-10,Amiens,Lyon,1.0,2.0,5.5,4.0,1.61,1.66,2.18,14.0,12.0,6.0,3.0,2.0,2.0
2017-12-10,Marseille,St Etienne,3.0,0.0,1.5,4.2,7.0,1.62,2.25,18.0,5.0,7.0,1.0,7.0,2.0
2017-12-10,Nantes,Nice,1.0,2.0,2.1,3.1,3.89,2.43,1.54,22.0,12.0,4.0,5.0,5.0,3.0
2017-12-15,St Etienne,Monaco,0.0,4.0,4.75,3.75,1.75,1.83,1.98,5.0,22.0,3.0,9.0,4.0,4.0
2017-12-16,Caen,Guingamp,0.0,0.0,2.14,3.25,3.6,2.19,1.67,11.0,8.0,2.0,5.0,5.0,4.0
2017-12-16,Dijon,Lille,3.0,0.0,2.25,3.2,3.39,2.15,1.7,13.0,9.0,8.0,5.0,3.0,4.0
2017-12-16,Montpellier,Metz,1.0,3.0,1.44,4.2,8.0,2.07,1.75,9.0,6.0,3.0,4.0,3.0,2.0
2017-12-16,Rennes,Paris SG,1.0,4.0,11.0,7.0,1.22,1.45,2.69,14.0,21.0,2.0,10.0,4.0,11.0
2017-12-16,Strasbourg,Toulouse,2.0,1.0,2.1,3.2,3.7,2.14,1.7,9.0,11.0,5.0,3.0,5.0,5.0
2017-12-16,Troyes,Amiens,1.0,0.0,2.29,3.1,3.39,2.38,1.57,19.0,11.0,7.0,3.0,9.0,0.0
2017-12-17,Lyon,Marseille,2.0,0.0,2.04,3.6,3.5,1.5,2.54,8.0,19.0,5.0,5.0,5.0,10.0
2017-12-17,Nantes,Angers,1.0,0.0,2.04,3.2,4.0,2.48,1.53,10.0,7.0,4.0,0.0,3.0,6.0
2017-12-17,Nice,Bordeaux,1.0,0.0,2.29,3.25,3.2,2.06,1.76,11.0,10.0,3.0,1.0,2.0,4.0
2017-12-20,Amiens,Nantes,0.0,1.0,2.79,3.1,2.7,2.41,1.55,12.0,14.0,5.0,5.0,5.0,2.0
2017-12-20,Angers,Dijon,2.0,1.0,2.14,3.25,3.6,2.08,1.74,24.0,16.0,11.0,3.0,7.0,3.0
2017-12-20,Bordeaux,Montpellier,0.0,2.0,2.1,3.2,3.79,2.22,1.65,8.0,14.0,1.0,6.0,4.0,2.0
2017-12-20,Guingamp,St Etienne,2.0,1.0,1.9,3.25,4.5,2.35,1.58,27.0,3.0,6.0,3.0,10.0,0.0
2017-12-20,Lille,Nice,1.0,1.0,2.54,3.2,2.89,2.08,1.75,5.0,8.0,1.0,3.0,3.0,4.0
2017-12-20,Marseille,Troyes,3.0,1.0,1.3,5.5,10.0,1.55,2.41,20.0,8.0,8.0,3.0,8.0,2.0
2017-12-20,Metz,Strasbourg,3.0,0.0,3.0,3.29,2.45,2.04,1.77,26.0,7.0,9.0,2.0,10.0,8.0
2017-12-20,Monaco,Rennes,2.0,1.0,1.39,4.75,8.0,1.61,2.29,14.0,8.0,4.0,2.0,8.0,1.0
2017-12-20,Paris SG,Caen,3.0,1.0,1.07,12.0,29.0,1.24,3.93,21.0,9.0,7.0,4.0,5.0,6.0
2017-12-20,Toulouse,Lyon,1.0,2.0,4.33,3.79,1.8,1.72,2.12,17.0,14.0,5.0,10.0,8.0,4.0
2018-01-12,Strasbourg,Guingamp,0.0,2.0,2.5,3.25,2.87,2.07,1.75,14.0,10.0,3.0,5.0,7.0,7.0
2018-01-13,Caen,Lille,0.0,1.0,2.6,2.89,3.1,2.55,1.5,15.0,12.0,7.0,5.0,5.0,3.0
2018-01-13,Dijon,Metz,1.0,1.0,1.85,3.5,4.33,1.89,1.91,12.0,12.0,7.0,6.0,6.0,7.0
2018-01-13,Montpellier,Monaco,0.0,0.0,3.5,3.25,2.2,2.13,1.71,16.0,13.0,4.0,6.0,10.0,6.0
2018-01-13,Nice,Amiens,1.0,0.0,1.6,3.6,6.5,2.04,1.78,20.0,9.0,7.0,3.0,7.0,1.0
2018-01-13,Rennes,Marseille,0.0,3.0,4.0,3.29,2.0,2.01,1.8,13.0,18.0,3.0,5.0,3.0,2.0
2018-01-13,Troyes,Bordeaux,0.0,1.0,3.25,3.1,2.37,2.24,1.64,8.0,10.0,3.0,4.0,2.0,2.0
2018-01-14,Lyon,Angers,1.0,1.0,1.44,4.5,7.5,1.65,2.2,19.0,9.0,7.0,2.0,12.0,1.0
2018-01-14,Nantes,Paris SG,0.0,1.0,12.0,6.0,1.25,1.55,2.39,13.0,20.0,3.0,3.0,2.0,5.0
2018-01-14,St Etienne,Toulouse,2.0,0.0,2.1,3.0,4.0,2.32,1.6,11.0,19.0,5.0,8.0,4.0,10.0
2018-01-16,Bordeaux,Caen,0.0,2.0,1.8,3.39,5.0,2.17,1.69,13.0,10.0,5.0,3.0,7.0,2.0
2018-01-16,Marseille,Strasbourg,2.0,0.0,1.28,5.5,11.0,1.43,2.75,15.0,4.0,7.0,2.0,7.0,4.0
2018-01-16,Monaco,Nice,2.0,2.0,1.7,3.79,5.0,1.68,2.17,6.0,9.0,3.0,5.0,6.0,3.0
2018-01-17,Amiens,Montpellier,1.0,1.0,3.75,3.0,2.25,2.71,1.45,13.0,16.0,3.0,5.0,2.0,3.0
2018-01-17,Angers,Troyes,3.0,1.0,1.8,3.5,4.75,2.15,1.69,12.0,8.0,5.0,2.0,8.0,2.0
2018-01-17,Guingamp,Lyon,0.0,2.0,3.39,3.29,2.2,1.81,2.0,8.0,21.0,3.0,13.0,3.0,11.0
2018-01-17,Lille,Rennes,1.0,2.0,2.14,3.29,3.6,2.32,1.6,11.0,22.0,3.0,12.0,2.0,9.0
2018-01-17,Metz,St Etienne,3.0,0.0,2.5,3.2,3.0,2.11,1.72,19.0,7.0,12.0,4.0,6.0,3.0
2018-01-17,Paris SG,Dijon,8.0,0.0,1.07,13.0,25.0,1.2,4.42,23.0,6.0,14.0,1.0,9.0,4.0
2018-01-17,Toulouse,Nantes,1.0,1.0,2.6,3.0,3.0,2.57,1.5,15.0,11.0,3.0,2.0,3.0,2.0
2018-01-19,Caen,Marseille,0.0,2.0,4.75,3.6,1.75,1.92,1.89,5.0,12.0,2.0,4.0,1.0,4.0
2018-01-20,Amiens,Guingamp,3.0,1.0,3.1,3.1,2.45,2.4,1.56,13.0,6.0,6.0,1.0,7.0,3.0
2018-01-20,Montpellier,Toulouse,2.0,1.0,1.72,3.39,5.75,2.43,1.55,22.0,9.0,5.0,3.0,5.0,4.0
2018-01-20,Nantes,Bordeaux,0.0,1.0,1.9,3.29,4.5,2.43,1.54,14.0,9.0,4.0,3.0,3.0,5.0
2018-01-20,Rennes,Angers,1.0,0.0,2.1,3.1,3.89,2.31,1.6,9.0,9.0,2.0,3.0,5.0,4.0
2018-01-20,Strasbourg,Dijon,3.0,2.0,2.0,3.29,4.0,1.93,1.87,16.0,12.0,9.0,5.0,5.0,1.0
2018-01-20,Troyes,Lille,1.0,0.0,2.7,3.0,2.89,2.41,1.55,7.0,9.0,2.0,1.0,5.0,6.0
2018-01-21,Lyon,Paris SG,2.0,1.0,7.5,5.0,1.39,1.33,3.25,11.0,11.0,6.0,3.0,3.0,7.0
2018-01-21,Monaco,Metz,3.0,1.0,1.33,5.25,8.5,1.43,2.76,13.0,3.0,6.0,2.0,6.0,3.0
2018-01-21,Nice,St Etienne,1.0,0.0,1.57,3.79,6.5,1.85,1.95,7.0,9.0,2.0,2.0,4.0,4.0
2018-01-26,Dijon,Rennes,2.0,1.0,2.54,3.39,2.75,1.85,1.96,14.0,13.0,4.0,4.0,3.0,5.0
2018-01-27,Angers,Amiens,1.0,0.0,1.85,3.29,4.75,2.32,1.6,16.0,3.0,7.0,0.0,5.0,4.0
2018-01-27,Guingamp,Nantes,0.0,3.0,2.39,3.1,3.25,2.46,1.53,6.0,13.0,0.0,5.0,3.0,9.0
2018-01-27,Metz,Nice,2.0,1.0,3.39,3.25,2.25,2.02,1.79,15.0,13.0,5.0,5.0,4.0,2.0
2018-01-27,Paris SG,Montpellier,4.0,0.0,1.14,8.5,17.0,1.41,2.83,11.0,16.0,7.0,3.0,2.0,10.0
2018-01-27,St Etienne,Caen,2.0,1.0,2.04,3.29,3.79,2.32,1.59,12.0,14.0,4.0,3.0,3.0,8.0
2018-01-27,Toulouse,Troyes,1.0,0.0,2.0,3.2,4.2,2.3,1.6,20.0,1.0,7.0,0.0,6.0,2.0
2018-01-28,Bordeaux,Lyon,3.0,1.0,3.6,3.5,2.04,1.82,1.99,9.0,9.0,4.0,4.0,2.0,1.0
2018-01-28,Lille,Strasbourg,2.0,1.0,2.14,3.29,3.5,2.15,1.69,8.0,11.0,5.0,2.0,6.0,2.0
2018-01-28,Marseille,Monaco,2.0,2.0,1.95,3.6,3.79,1.67,2.17,17.0,9.0,6.0,3.0,5.0,7.0
2018-02-02,Marseille,Metz,6.0,3.0,1.25,6.0,12.0,1.43,2.75,18.0,18.0,10.0,8.0,3.0,5.0
2018-02-03,Amiens,St Etienne,0.0,2.0,2.5,3.1,3.1,2.43,1.54,8.0,16.0,0.0,8.0,3.0,4.0
2018-02-03,Lille,Paris SG,0.0,3.0,17.0,7.5,1.16,1.46,2.64,10.0,19.0,3.0,9.0,3.0,9.0
2018-02-03,Montpellier,Angers,2.0,1.0,2.0,3.1,4.33,2.55,1.5,8.0,8.0,3.0,2.0,5.0,1.0
2018-02-03,Nice,Toulouse,0.0,1.0,1.95,3.39,4.2,2.03,1.78,14.0,6.0,2.0,1.0,11.0,1.0
2018-02-03,Strasbourg,Bordeaux,0.0,2.0,3.2,3.0,2.5,2.27,1.61,9.0,7.0,0.0,4.0,7.0,2.0
2018-02-04,Caen,Nantes,3.0,2.0,2.79,2.89,2.87,2.61,1.48,16.0,14.0,7.0,4.0,6.0,4.0
2018-02-04,Monaco,Lyon,3.0,2.0,2.29,3.5,3.0,1.58,1.54,12.0,13.0,7.0,4.0,3.0,7.0
2018-02-04,Rennes,Guingamp,0.0,1.0,2.0,3.29,4.0,2.08,1.74,13.0,11.0,5.0,4.0,4.0,4.0
2018-02-09,St Etienne,Marseille,2.0,2.0,4.33,3.6,1.85,1.76,2.05,7.0,12.0,3.0,4.0,2.0,7.0
2018-02-10,Angers,Monaco,0.0,4.0,3.2,3.29,2.29,2.04,1.77,11.0,10.0,1.0,6.0,4.0,3.0
2018-02-10,Bordeaux,Amiens,3.0,2.0,1.5,4.0,7.5,2.13,1.7,14.0,19.0,4.0,6.0,7.0,11.0
2018-02-10,Dijon,Nice,3.0,2.0,2.7,3.29,2.62,1.92,1.87,11.0,14.0,3.0,5.0,4.0,8.0
2018-02-10,Guingamp,Caen,0.0,0.0,2.1,3.29,3.75,2.35,1.58,6.0,12.0,1.0,2.0,1.0,7.0
2018-02-10,Metz,Montpellier,0.0,1.0,3.29,3.1,2.37,2.35,1.58,12.0,16.0,5.0,8.0,11.0,6.0
2018-02-10,Toulouse,Paris SG,0.0,1.0,17.0,7.0,1.18,1.5,2.54,3.0,21.0,1.0,6.0,0.0,10.0
2018-02-11,Lyon,Rennes,0.0,2.0,1.5,4.33,6.5,1.55,2.4,19.0,6.0,6.0,3.0,10.0,1.0
2018-02-11,Nantes,Lille,2.0,2.0,1.85,3.39,4.75,2.49,1.52,20.0,7.0,6.0,4.0,5.0,7.0
2018-02-11,Strasbourg,Troyes,2.0,1.0,1.95,3.39,4.2,2.08,1.74,12.0,12.0,2.0,4.0,4.0,6.0
2018-02-16,Monaco,Dijon,4.0,0.0,1.28,5.75,10.0,1.42,2.79,14.0,7.0,5.0,4.0,5.0,5.0
2018-02-17,Amiens,Toulouse,0.0,0.0,2.7,3.0,2.87,2.45,1.54,6.0,12.0,1.0,5.0,2.0,6.0
2018-02-17,Angers,St Etienne,0.0,1.0,2.5,3.2,3.0,2.32,1.59,19.0,10.0,4.0,3.0,10.0,5.0
2018-02-17,Caen,Rennes,2.0,2.0,2.45,3.1,3.1,2.23,1.64,18.0,11.0,6.0,5.0,12.0,11.0
2018-02-17,Montpellier,Guingamp,1.0,1.0,1.8,3.39,5.0,2.25,1.63,19.0,4.0,5.0,1.0,4.0,2.0
2018-02-17,Paris SG,Strasbourg,5.0,2.0,1.08,11.0,34.0,1.17,4.76,20.0,12.0,11.0,2.0,4.0,6.0
2018-02-17,Troyes,Metz,1.0,0.0,2.2,3.2,3.5,2.09,1.73,18.0,10.0,9.0,4.0,10.0,4.0
2018-02-18,Lille,Lyon,2.0,2.0,4.0,3.5,1.95,1.84,1.95,14.0,13.0,5.0,5.0,7.0,3.0
2018-02-18,Marseille,Bordeaux,1.0,0.0,1.61,4.0,5.5,1.7,2.12,12.0,5.0,8.0,1.0,7.0,4.0
2018-02-18,Nice,Nantes,1.0,1.0,2.25,3.1,3.5,2.37,1.56,12.0,9.0,4.0,3.0,14.0,4.0
2018-02-20,Troyes,Dijon,0.0,0.0,2.39,3.29,3.0,2.0,1.81,9.0,7.0,3.0,1.0,8.0,6.0
2018-02-23,Strasbourg,Montpellier,0.0,0.0,3.2,3.0,2.39,2.35,1.57,11.0,8.0,3.0,2.0,4.0,3.0
2018-02-24,Dijon,Caen,2.0,0.0,2.2,3.29,3.39,2.02,1.79,13.0,13.0,3.0,2.0,5.0,8.0
2018-02-24,Guingamp,Metz,2.0,2.0,2.0,3.5,3.79,2.04,1.77,17.0,5.0,8.0,2.0,5.0,5.0
2018-02-24,Lille,Angers,1.0,2.0,2.2,3.2,3.5,2.43,1.54,14.0,14.0,3.0,9.0,4.0,5.0
2018-02-24,Nantes,Amiens,0.0,1.0,1.66,3.6,5.75,2.27,1.62,27.0,8.0,4.0,1.0,8.0,6.0
2018-02-24,Rennes,Troyes,2.0,0.0,1.72,3.6,5.25,2.02,1.79,11.0,8.0,6.0,0.0,5.0,5.0
2018-02-24,Toulouse,Monaco,3.0,3.0,4.33,3.5,1.85,1.99,1.81,9.0,9.0,6.0,5.0,6.0,6.0
2018-02-25,Bordeaux,Nice,0.0,0.0,2.1,3.29,3.7,2.16,1.68,23.0,3.0,6.0,0.0,6.0,0.0
2018-02-25,Lyon,St Etienne,1.0,1.0,1.44,4.5,7.0,1.53,2.45,9.0,8.0,5.0,2.0,3.0,7.0
2018-02-25,Paris SG,Marseille,3.0,0.0,1.25,6.5,10.0,1.3,3.41,10.0,15.0,3.0,6.0,3.0,6.0
2018-03-02,Monaco,Bordeaux,2.0,1.0,1.61,4.0,5.75,1.82,1.98,18.0,6.0,5.0,1.0,7.0,3.0
2018-03-02,Nice,Lille,2.0,1.0,1.72,3.5,5.5,2.16,1.69,23.0,12.0,10.0,5.0,8.0,4.0
2018-03-03,Amiens,Rennes,0.0,2.0,3.25,3.1,2.39,2.49,1.52,14.0,18.0,3.0,5.0,6.0,3.0
2018-03-03,Angers,Guingamp,3.0,0.0,2.04,3.2,4.0,2.28,1.61,15.0,12.0,6.0,3.0,6.0,3.0
2018-03-03,Metz,Toulouse,1.0,1.0,2.62,3.1,2.87,2.14,1.69,12.0,18.0,1.0,4.0,4.0,9.0
2018-03-03,St Etienne,Dijon,2.0,2.0,1.72,3.6,5.25,1.98,1.82,13.0,9.0,7.0,5.0,8.0,6.0
2018-03-03,Troyes,Paris SG,0.0,2.0,9.5,5.75,1.28,1.56,2.4,10.0,20.0,2.0,13.0,2.0,4.0
2018-03-04,Caen,Strasbourg,2.0,0.0,2.14,3.29,3.6,2.2,1.66,7.0,11.0,4.0,2.0,5.0,3.0
2018-03-04,Marseille,Nantes,1.0,1.0,1.53,4.0,7.0,1.81,1.99,22.0,9.0,5.0,3.0,8.0,4.0
2018-03-04,Montpellier,Lyon,1.0,1.0,2.89,3.2,2.54,2.08,1.74,10.0,19.0,5.0,4.0,4.0,4.0
2018-03-09,Strasbourg,Monaco,1.0,3.0,5.5,3.75,1.66,1.72,2.11,29.0,10.0,5.0,4.0,5.0,3.0
2018-03-10,Bordeaux,Angers,0.0,0.0,1.85,3.39,4.75,2.31,1.6,12.0,9.0,2.0,0.0,3.0,2.0
2018-03-10,Dijon,Amiens,1.0,1.0,1.85,3.39,4.75,2.13,1.71,10.0,10.0,3.0,4.0,5.0,1.0
2018-03-10,Lille,Montpellier,1.0,1.0,3.1,3.0,2.54,2.52,1.51,5.0,13.0,2.0,4.0,3.0,6.0
2018-03-10,Nantes,Troyes,1.0,0.0,1.66,3.5,6.0,2.37,1.57,19.0,8.0,3.0,0.0,5.0,3.0
2018-03-10,Paris SG,Metz,5.0,0.0,1.08,12.0,23.0,1.19,4.49,18.0,6.0,10.0,3.0,9.0,2.0
2018-03-10,Rennes,St Etienne,1.0,1.0,2.25,3.2,3.39,2.22,1.65,18.0,9.0,7.0,3.0,8.0,4.0
2018-03-11,Guingamp,Nice,2.0,5.0,2.79,3.1,2.7,2.2,1.66,12.0,17.0,6.0,5.0,6.0,5.0
2018-03-11,Lyon,Caen,1.0,0.0,1.44,4.75,7.0,1.64,2.23,20.0,6.0,4.0,1.0,4.0,2.0
2018-03-11,Toulouse,Marseille,1.0,2.0,4.0,3.29,2.0,2.05,1.76,9.0,23.0,4.0,9.0,3.0,7.0
2018-03-14,Paris SG,Angers,2.0,1.0,1.07,13.0,25.0,1.19,4.46,14.0,20.0,7.0,8.0,7.0,8.0
2018-03-16,Monaco,Lille,2.0,1.0,1.28,5.75,10.0,1.5,2.54,10.0,14.0,4.0,5.0,4.0,2.0
2018-03-17,Amiens,Troyes,1.0,1.0,2.14,3.2,3.75,2.34,1.58,8.0,11.0,1.0,5.0,4.0,4.0
2018-03-17,Angers,Caen,3.0,0.0,1.85,3.2,4.75,2.34,1.58,13.0,8.0,6.0,2.0,1.0,4.0
2018-03-17,Bordeaux,Rennes,0.0,2.0,2.0,3.2,4.2,2.15,1.69,9.0,6.0,2.0,3.0,4.0,2.0
2018-03-17,Montpellier,Dijon,2.0,2.0,1.61,3.6,6.5,2.07,1.74,18.0,10.0,11.0,7.0,4.0,5.0
2018-03-17,Toulouse,Strasbourg,2.0,2.0,2.04,3.2,4.0,2.34,1.59,11.0,12.0,6.0,4.0,6.0,2.0
2018-03-18,Marseille,Lyon,2.0,3.0,2.0,3.6,3.75,1.7,2.14,10.0,11.0,5.0,6.0,2.0,4.0
2018-03-18,Metz,Nantes,1.0,1.0,3.6,3.0,2.25,2.38,1.57,8.0,15.0,4.0,4.0,3.0,4.0
2018-03-18,Nice,Paris SG,1.0,2.0,10.0,5.25,1.33,1.46,2.63,14.0,19.0,4.0,7.0,5.0,4.0
2018-03-18,St Etienne,Guingamp,2.0,0.0,1.72,3.5,5.5,2.14,1.69,16.0,9.0,6.0,3.0,7.0,5.0
2018-03-31,Dijon,Marseille,1.0,3.0,4.75,3.79,1.7,1.6,2.32,12.0,11.0,2.0,5.0,6.0,6.0
2018-04-01,Caen,Montpellier,1.0,3.0,2.89,3.1,2.5,2.55,1.5,8.0,9.0,5.0,6.0,4.0,4.0
2018-04-01,Guingamp,Bordeaux,2.0,1.0,2.87,3.2,2.5,2.23,1.64,14.0,15.0,6.0,6.0,5.0,5.0
2018-04-01,Lille,Amiens,0.0,1.0,2.04,3.29,3.6,2.44,1.54,15.0,10.0,3.0,2.0,3.0,3.0
2018-04-01,Lyon,Toulouse,2.0,0.0,1.36,4.59,9.0,1.57,2.37,20.0,10.0,5.0,6.0,8.0,3.0
2018-04-01,Nantes,St Etienne,0.0,3.0,2.25,3.1,3.39,2.41,1.56,20.0,15.0,4.0,8.0,6.0,4.0
2018-04-01,Strasbourg,Metz,2.0,2.0,1.85,3.5,4.2,1.87,1.92,18.0,11.0,5.0,5.0,5.0,1.0
2018-04-01,Troyes,Nice,0.0,2.0,3.29,3.25,2.2,2.09,1.73,11.0,15.0,3.0,6.0,8.0,5.0
2018-04-04,Rennes,Monaco,1.0,1.0,3.39,3.39,2.14,1.82,1.97,20.0,8.0,7.0,2.0,8.0,1.0
2018-04-06,St Etienne,Paris SG,1.0,1.0,9.0,5.5,1.33,1.47,2.61,16.0,8.0,5.0,2.0,11.0,3.0
2018-04-07,Amiens,Caen,3.0,0.0,2.37,3.0,3.39,2.58,1.49,11.0,14.0,4.0,7.0,7.0,4.0
2018-04-07,Angers,Strasbourg,1.0,1.0,1.85,3.6,4.33,2.06,1.75,3.0,11.0,2.0,5.0,2.0,9.0
2018-04-07,Bordeaux,Lille,2.0,1.0,1.72,3.5,5.5,2.21,1.65,15.0,7.0,6.0,1.0,7.0,2.0
2018-04-07,Guingamp,Troyes,4.0,0.0,1.85,3.5,4.5,2.15,1.69,15.0,8.0,10.0,4.0,9.0,10.0
2018-04-07,Monaco,Nantes,2.0,1.0,1.5,4.33,6.5,1.76,2.05,6.0,10.0,3.0,4.0,7.0,5.0
2018-04-07,Toulouse,Dijon,0.0,1.0,1.9,3.39,4.33,2.02,1.78,20.0,8.0,5.0,3.0,10.0,3.0
2018-04-08,Marseille,Montpellier,0.0,0.0,1.6,4.0,5.75,1.79,2.01,12.0,6.0,3.0,2.0,6.0,2.0
2018-04-08,Metz,Lyon,0.0,5.0,6.5,4.33,1.5,1.52,2.47,10.0,14.0,5.0,6.0,4.0,3.0
2018-04-08,Nice,Rennes,1.0,1.0,1.9,3.39,4.33,1.96,1.83,10.0,9.0,2.0,3.0,5.0,2.0
2018-04-13,Angers,Nice,1.0,1.0,2.39,3.2,3.1,2.18,1.67,12.0,15.0,3.0,7.0,4.0,8.0
2018-04-14,Lille,Guingamp,2.0,2.0,2.37,3.29,3.1,2.18,1.67,10.0,6.0,3.0,3.0,2.0,3.0
2018-04-14,Lyon,Amiens,3.0,0.0,1.22,6.5,13.0,1.54,2.43,25.0,5.0,8.0,2.0,7.0,5.0
2018-04-14,Nantes,Dijon,1.0,1.0,1.7,3.6,5.5,1.95,1.85,15.0,12.0,2.0,4.0,6.0,4.0
2018-04-14,Rennes,Metz,1.0,2.0,1.44,4.5,7.5,1.68,2.17,14.0,7.0,3.0,6.0,7.0,3.0
2018-04-14,Strasbourg,St Etienne,0.0,1.0,3.2,3.29,2.29,2.06,1.75,16.0,5.0,6.0,1.0,10.0,1.0
2018-04-15,Montpellier,Bordeaux,1.0,3.0,2.04,3.29,3.79,2.47,1.53,19.0,9.0,5.0,4.0,6.0,2.0
2018-04-15,Paris SG,Monaco,7.0,1.0,1.28,5.75,10.0,1.36,3.05,12.0,11.0,7.0,2.0,4.0,2.0
2018-04-15,Troyes,Marseille,2.0,3.0,5.5,4.0,1.61,1.79,2.01,12.0,21.0,7.0,9.0,5.0,8.0
2018-04-20,Dijon,Lyon,2.0,5.0,7.5,5.0,1.39,1.48,2.59,17.0,17.0,5.0,11.0,9.0,5.0
2018-04-20,Nantes,Rennes,1.0,1.0,2.25,3.2,3.39,2.37,1.58,13.0,18.0,7.0,9.0,5.0,8.0
2018-04-21,Amiens,Strasbourg,3.0,1.0,2.6,3.1,3.0,2.24,1.63,7.0,15.0,5.0,2.0,2.0,6.0
2018-04-21,Guingamp,Monaco,3.0,1.0,4.0,3.6,1.85,1.72,2.1,24.0,4.0,12.0,1.0,10.0,1.0
2018-04-21,Marseille,Lille,5.0,1.0,1.33,5.0,10.0,1.59,2.31,19.0,14.0,8.0,3.0,3.0,6.0
2018-04-21,Metz,Caen,1.0,1.0,2.29,3.2,3.29,2.01,1.79,15.0,5.0,3.0,4.0,7.0,2.0
2018-04-21,Toulouse,Angers,2.0,0.0,2.29,3.0,3.5,2.32,1.59,14.0,7.0,8.0,0.0,6.0,2.0
2018-04-22,Bordeaux,Paris SG,0.0,1.0,6.5,4.33,1.5,1.54,2.42,21.0,10.0,8.0,2.0,8.0,5.0
2018-04-22,Nice,Montpellier,1.0,0.0,2.04,3.29,3.79,2.23,1.63,16.0,5.0,4.0,2.0,3.0,3.0
2018-04-22,St Etienne,Troyes,2.0,1.0,1.5,4.0,7.5,1.9,1.88,18.0,6.0,6.0,3.0,7.0,2.0
2018-04-25,Caen,Toulouse,0.0,0.0,2.6,2.87,3.2,2.52,1.5,9.0,5.0,0.0,2.0,1.0,2.0
2018-04-27,Montpellier,St Etienne,0.0,1.0,2.39,3.1,3.1,2.29,1.6,25.0,7.0,5.0,5.0,9.0,1.0
2018-04-28,Bordeaux,Dijon,3.0,1.0,1.5,4.2,7.0,1.78,2.01,10.0,10.0,4.0,3.0,4.0,4.0
2018-04-28,Lille,Metz,3.0,1.0,1.83,3.6,4.5,1.95,1.84,15.0,14.0,9.0,4.0,3.0,5.0
2018-04-28,Lyon,Nantes,2.0,0.0,1.28,5.75,10.0,1.53,2.47,25.0,12.0,11.0,4.0,6.0,4.0
2018-04-28,Monaco,Amiens,0.0,0.0,1.18,7.0,17.0,1.49,2.56,16.0,7.0,1.0,1.0,6.0,6.0
2018-04-28,Strasbourg,Nice,1.0,1.0,3.5,3.25,2.25,2.01,1.79,9.0,11.0,2.0,7.0,3.0,8.0
2018-04-28,Troyes,Caen,3.0,1.0,2.2,3.1,3.6,2.3,1.6,5.0,13.0,3.0,2.0,4.0,5.0
2018-04-29,Angers,Marseille,1.0,1.0,4.2,3.6,1.83,1.8,2.0,14.0,13.0,6.0,5.0,4.0,9.0
2018-04-29,Paris SG,Guingamp,2.0,2.0,1.08,11.0,26.0,1.24,3.93,14.0,22.0,3.0,5.0,7.0,7.0
2018-04-29,Rennes,Toulouse,2.0,1.0,1.9,3.5,4.2,2.08,1.73,6.0,12.0,3.0,2.0,2.0,7.0
2018-05-04,Amiens,Paris SG,2.0,2.0,9.0,6.0,1.3,1.36,3.05,12.0,23.0,5.0,8.0,3.0,13.0
2018-05-06,Caen,Monaco,1.0,2.0,4.2,3.75,1.83,1.81,1.98,16.0,17.0,5.0,4.0,6.0,8.0
2018-05-06,Dijon,Guingamp,3.0,1.0,2.7,3.29,2.62,1.77,2.03,19.0,4.0,9.0,1.0,4.0,3.0
2018-05-06,Lyon,Troyes,3.0,0.0,1.14,8.5,19.0,1.28,3.55,17.0,13.0,5.0,4.0,6.0,8.0
2018-05-06,Marseille,Nice,2.0,1.0,1.7,3.79,5.0,1.59,2.31,18.0,11.0,8.0,2.0,9.0,4.0
2018-05-06,Metz,Angers,1.0,2.0,2.75,3.2,2.7,1.98,1.81,8.0,17.0,4.0,4.0,2.0,7.0
2018-05-06,Nantes,Montpellier,0.0,2.0,2.29,3.2,3.29,2.39,1.55,11.0,12.0,2.0,7.0,7.0,3.0
2018-05-06,Rennes,Strasbourg,2.0,1.0,1.75,3.75,4.75,1.88,1.91,14.0,7.0,2.0,3.0,5.0,5.0
2018-05-06,St Etienne,Bordeaux,1.0,3.0,2.0,3.29,4.0,2.19,1.65,16.0,11.0,3.0,5.0,5.0,2.0
2018-05-06,Toulouse,Lille,2.0,3.0,2.14,3.29,3.5,2.24,1.63,6.0,17.0,4.0,8.0,1.0,3.0
2018-05-11,Guingamp,Marseille,3.0,3.0,5.25,4.33,1.6,1.52,2.49,22.0,16.0,7.0,5.0,6.0,11.0
2018-05-12,Amiens,Metz,2.0,0.0,1.8,3.6,4.5,1.66,2.2,9.0,13.0,2.0,1.0,3.0,8.0
2018-05-12,Angers,Nantes,0.0,2.0,2.29,3.25,3.25,2.03,1.76,14.0,12.0,2.0,2.0,5.0,4.0
2018-05-12,Bordeaux,Toulouse,4.0,2.0,1.83,3.6,4.5,1.89,1.9,15.0,10.0,6.0,4.0,6.0,6.0
2018-05-12,Lille,Dijon,2.0,1.0,1.5,4.0,7.5,1.58,2.34,13.0,12.0,3.0,7.0,4.0,4.0
2018-05-12,Monaco,St Etienne,1.0,0.0,1.61,4.33,5.0,1.62,2.26,18.0,11.0,5.0,3.0,6.0,5.0
2018-05-12,Montpellier,Troyes,1.0,1.0,1.75,3.6,5.0,1.92,1.86,22.0,9.0,3.0,2.0,11.0,1.0
2018-05-12,Nice,Caen,4.0,1.0,1.6,3.79,6.0,1.81,1.98,21.0,12.0,8.0,5.0,4.0,7.0
2018-05-12,Paris SG,Rennes,0.0,2.0,1.25,6.5,10.0,1.28,3.58,14.0,10.0,5.0,2.0,7.0,7.0
2018-05-12,Strasbourg,Lyon,3.0,2.0,6.5,4.5,1.5,1.4,2.89,9.0,8.0,4.0,3.0,2.0,1.0
2018-05-19,Caen,Paris SG,0.0,0.0,5.0,3.75,1.72,1.48,2.58,11.0,7.0,6.0,2.0,2.0,3.0
2018-05-19,Dijon,Angers,2.0,1.0,2.25,3.7,3.0,1.57,2.36,7.0,16.0,1.0,8.0,1.0,9.0
2018-05-19,Lyon,Nice,3.0,2.0,1.44,4.75,6.5,1.39,2.93,23.0,11.0,8.0,4.0,8.0,7.0
2018-05-19,Marseille,Amiens,2.0,1.0,1.22,6.5,13.0,1.4,2.88,27.0,5.0,11.0,2.0,7.0,3.0
2018-05-19,Metz,Bordeaux,0.0,4.0,7.5,4.5,1.44,1.57,2.36,7.0,15.0,0.0,7.0,4.0,6.0
2018-05-19,Nantes,Strasbourg,1.0,0.0,1.85,3.6,4.33,1.8,2.0,9.0,10.0,2.0,2.0,2.0,7.0
2018-05-19,Rennes,Montpellier,1.0,1.0,1.9,3.5,4.2,1.99,1.8,9.0,9.0,1.0,6.0,8.0,4.0
2018-05-19,St Etienne,Lille,5.0,0.0,1.55,4.2,6.0,1.65,2.22,14.0,11.0,7.0,3.0,7.0,4.0
2018-05-19,Toulouse,Guingamp,2.0,1.0,1.57,4.2,5.75,1.64,2.23,17.0,13.0,7.0,6.0,9.0,5.0
2018-05-19,Troyes,Monaco,0.0,3.0,5.75,4.2,1.57,1.57,2.37,12.0,21.0,4.0,14.0,6.0,2.0
2018-08-10,Marseille,Toulouse,4.0,0.0,1.4,4.5,8.0,1.72,2.11,23.0,5.0,10.0,1.0,5.0,1.0
2018-08-11,Angers,Nimes,3.0,4.0,2.3,3.2,3.3,2.2,1.66,21.0,14.0,7.0,5.0,5.0,1.0
2018-08-11,Lille,Rennes,3.0,1.0,2.5,3.1,3.1,2.22,1.64,15.0,8.0,6.0,2.0,2.0,6.0
2018-08-11,Montpellier,Dijon,1.0,2.0,1.72,3.5,5.5,2.12,1.71,16.0,9.0,7.0,4.0,4.0,2.0
2018-08-11,Nantes,Monaco,1.0,3.0,3.2,3.25,2.3,2.07,1.74,16.0,11.0,4.0,6.0,7.0,2.0
2018-08-11,Nice,Reims,0.0,1.0,1.85,3.5,4.5,2.02,1.79,19.0,5.0,1.0,3.0,10.0,2.0
2018-08-11,St Etienne,Guingamp,2.0,1.0,1.8,3.5,4.75,2.03,1.78,11.0,11.0,6.0,5.0,6.0,9.0
2018-08-12,Bordeaux,Strasbourg,0.0,2.0,1.7,3.6,5.0,2.07,1.74,5.0,17.0,2.0,6.0,3.0,10.0
2018-08-12,Lyon,Amiens,2.0,0.0,1.2,7.0,13.0,1.5,2.56,15.0,10.0,7.0,1.0,10.0,1.0
2018-08-12,Paris SG,Caen,3.0,0.0,1.08,12.0,23.0,1.26,3.69,11.0,5.0,8.0,1.0,6.0,3.0
2018-08-17,Reims,Lyon,1.0,0.0,4.75,4.0,1.7,1.71,2.12,7.0,19.0,2.0,5.0,0.0,4.0
2018-08-18,Amiens,Montpellier,1.0,2.0,3.2,3.0,2.5,2.67,1.45,11.0,7.0,2.0,3.0,6.0,2.0
2018-08-18,Caen,Nice,1.0,1.0,2.75,3.1,2.75,2.43,1.54,13.0,16.0,4.0,5.0,5.0,10.0
2018-08-18,Dijon,Nantes,2.0,0.0,2.6,3.25,2.8,2.08,1.73,14.0,7.0,7.0,0.0,3.0,4.0
2018-08-18,Guingamp,Paris SG,1.0,3.0,13.0,7.0,1.2,1.44,2.6,11.0,17.0,3.0,7.0,4.0,7.0
2018-08-18,Monaco,Lille,0.0,0.0,1.5,4.33,6.5,1.62,2.26,10.0,13.0,1.0,4.0,8.0,4.0
2018-08-18,Rennes,Angers,1.0,0.0,1.9,3.3,4.5,2.31,1.59,5.0,7.0,2.0,0.0,3.0,0.0
2018-08-19,Nimes,Marseille,3.0,1.0,4.75,3.8,1.72,1.63,2.25,14.0,10.0,7.0,5.0,6.0,7.0
2018-08-19,Strasbourg,St Etienne,1.0,1.0,2.6,3.2,2.8,2.16,1.68,11.0,9.0,5.0,2.0,7.0,2.0
2018-08-19,Toulouse,Bordeaux,2.0,1.0,2.6,3.1,2.9,2.37,1.57,13.0,15.0,5.0,8.0,1.0,2.0
2018-08-24,Lyon,Strasbourg,2.0,0.0,1.28,5.75,11.0,1.52,2.49,22.0,9.0,10.0,1.0,5.0,4.0
2018-08-25,Amiens,Reims,4.0,1.0,2.6,3.25,2.8,2.46,1.53,14.0,7.0,8.0,3.0,4.0,2.0
2018-08-25,Montpellier,St Etienne,0.0,0.0,2.4,3.1,3.2,2.41,1.55,14.0,9.0,1.0,2.0,6.0,3.0
2018-08-25,Nantes,Caen,1.0,1.0,1.95,3.25,4.33,2.46,1.53,16.0,3.0,3.0,2.0,3.0,1.0
2018-08-25,Nice,Dijon,0.0,4.0,1.9,3.4,4.33,1.85,1.94,16.0,9.0,3.0,5.0,5.0,3.0
2018-08-25,Paris SG,Angers,3.0,1.0,1.07,13.0,26.0,1.25,3.75,13.0,11.0,5.0,6.0,9.0,1.0
2018-08-25,Toulouse,Nimes,1.0,0.0,2.3,3.2,3.3,1.86,1.93,10.0,9.0,5.0,0.0,3.0,3.0
2018-08-26,Bordeaux,Monaco,2.0,1.0,3.1,3.3,2.37,1.96,1.83,14.0,15.0,6.0,5.0,5.0,8.0
2018-08-26,Lille,Guingamp,3.0,0.0,2.0,3.4,3.9,1.98,1.81,13.0,13.0,7.0,4.0,4.0,4.0
2018-08-26,Marseille,Rennes,2.0,2.0,1.5,4.33,6.5,1.67,2.17,8.0,7.0,3.0,2.0,8.0,4.0
2018-08-31,Lyon,Nice,0.0,1.0,1.33,5.25,9.5,1.59,2.32,29.0,8.0,9.0,1.0,10.0,5.0
2018-09-01,Angers,Lille,1.0,0.0,2.45,3.25,3.0,2.17,1.67,6.0,17.0,3.0,4.0,4.0,5.0
2018-09-01,Dijon,Caen,0.0,2.0,1.9,3.4,4.33,2.05,1.76,15.0,9.0,2.0,4.0,9.0,5.0
2018-09-01,Guingamp,Toulouse,1.0,2.0,2.04,3.4,3.75,2.05,1.76,23.0,5.0,5.0,4.0,11.0,4.0
2018-09-01,Nimes,Paris SG,2.0,4.0,11.0,7.0,1.22,1.32,3.25,14.0,7.0,6.0,5.0,3.0,4.0
2018-09-01,Reims,Montpellier,0.0,1.0,2.6,3.1,2.9,2.48,1.52,21.0,9.0,6.0,3.0,5.0,5.0
2018-09-01,Strasbourg,Nantes,2.0,3.0,2.3,3.1,3.4,2.38,1.56,10.0,14.0,5.0,5.0,1.0,3.0
2018-09-02,Monaco,Marseille,2.0,3.0,2.8,3.3,2.54,1.64,2.22,8.0,15.0,4.0,5.0,1.0,5.0
2018-09-02,Rennes,Bordeaux,2.0,0.0,2.1,3.3,3.75,2.28,1.6,16.0,8.0,8.0,1.0,6.0,5.0
2018-09-02,St Etienne,Amiens,0.0,0.0,1.61,3.75,6.0,2.11,1.71,19.0,9.0,5.0,2.0,14.0,1.0
2018-09-14,Nice,Rennes,2.0,1.0,2.5,3.25,2.8,2.27,1.62,13.0,10.0,4.0,3.0,3.0,2.0
2018-09-14,Paris SG,St Etienne,4.0,0.0,1.25,6.0,11.0,1.5,2.55,16.0,11.0,9.0,2.0,7.0,4.0
2018-09-15,Amiens,Lille,2.0,3.0,3.4,3.1,2.3,2.34,1.59,8.0,18.0,4.0,9.0,3.0,3.0
2018-09-15,Caen,Lyon,2.0,2.0,5.5,3.75,1.64,1.97,1.83,18.0,17.0,4.0,6.0,2.0,4.0
2018-09-15,Dijon,Angers,1.0,3.0,2.14,3.4,3.4,2.0,1.8,11.0,13.0,3.0,6.0,4.0,6.0
2018-09-15,Montpellier,Strasbourg,1.0,1.0,1.95,3.4,4.2,2.28,1.62,10.0,7.0,3.0,1.0,5.0,5.0
2018-09-15,Toulouse,Monaco,1.0,1.0,3.0,3.3,2.4,1.88,1.91,13.0,12.0,6.0,2.0,6.0,3.0
2018-09-16,Bordeaux,Nimes,3.0,3.0,1.83,3.4,4.5,1.95,1.85,15.0,14.0,4.0,5.0,8.0,3.0
2018-09-16,Marseille,Guingamp,4.0,0.0,1.28,5.75,10.0,1.47,2.61,17.0,2.0,6.0,0.0,8.0,1.0
2018-09-16,Nantes,Reims,0.0,0.0,1.9,3.25,4.33,2.33,1.59,12.0,7.0,6.0,0.0,7.0,7.0
2018-09-21,Monaco,Nimes,1.0,1.0,1.75,4.0,4.33,1.63,2.24,15.0,9.0,4.0,2.0,5.0,5.0
2018-09-22,Angers,Toulouse,0.0,0.0,2.14,3.2,3.6,2.25,1.62,16.0,7.0,4.0,0.0,4.0,4.0
2018-09-22,Lille,Nantes,2.0,1.0,1.85,3.5,4.5,2.06,1.74,11.0,11.0,8.0,4.0,4.0,1.0
2018-09-22,Montpellier,Nice,1.0,0.0,2.2,3.0,3.75,2.6,1.48,12.0,9.0,5.0,2.0,6.0,5.0
2018-09-22,Reims,Dijon,0.0,0.0,2.04,3.3,3.8,2.11,1.71,11.0,6.0,2.0,0.0,9.0,3.0
2018-09-22,St Etienne,Caen,2.0,1.0,1.64,3.5,6.5,2.22,1.64,23.0,9.0,7.0,2.0,9.0,6.0
2018-09-22,Strasbourg,Amiens,3.0,1.0,1.8,3.3,5.25,2.35,1.57,13.0,8.0,6.0,3.0,1.0,1.0
2018-09-23,Guingamp,Bordeaux,1.0,3.0,2.25,3.1,3.5,2.15,1.69,18.0,11.0,5.0,6.0,6.0,4.0
2018-09-23,Lyon,Marseille,4.0,2.0,1.95,3.5,3.8,1.56,2.36,17.0,9.0,5.0,3.0,3.0,7.0
2018-09-23,Rennes,Paris SG,1.0,3.0,7.5,4.5,1.4,1.52,2.49,14.0,15.0,4.0,6.0,9.0,4.0
2018-09-25,Monaco,Angers,0.0,1.0,1.75,3.8,4.75,1.82,1.97,7.0,6.0,0.0,3.0,5.0,4.0
2018-09-25,Nantes,Nice,1.0,2.0,2.4,3.2,3.1,2.22,1.65,10.0,12.0,3.0,5.0,8.0,8.0
2018-09-25,Toulouse,St Etienne,2.0,3.0,2.6,3.0,3.0,2.33,1.58,20.0,14.0,6.0,8.0,4.0,2.0
2018-09-26,Amiens,Rennes,2.0,1.0,3.25,3.1,2.4,2.34,1.58,12.0,15.0,3.0,2.0,9.0,6.0
2018-09-26,Bordeaux,Lille,1.0,0.0,2.45,3.2,3.0,2.13,1.7,7.0,15.0,3.0,6.0,3.0,4.0
2018-09-26,Caen,Montpellier,2.0,2.0,3.0,3.0,2.6,2.5,1.51,11.0,16.0,3.0,6.0,4.0,6.0
2018-09-26,Dijon,Lyon,0.0,3.0,5.75,4.2,1.57,1.6,2.3,30.0,16.0,6.0,5.0,8.0,2.0
2018-09-26,Marseille,Strasbourg,3.0,2.0,1.44,4.5,7.5,1.58,2.33,13.0,9.0,5.0,5.0,3.0,2.0
2018-09-26,Nimes,Guingamp,0.0,0.0,1.95,3.6,3.8,1.89,1.9,7.0,9.0,2.0,3.0,4.0,3.0
2018-09-26,Paris SG,Reims,4.0,1.0,1.12,9.0,21.0,1.36,3.02,15.0,9.0,7.0,3.0,8.0,4.0
2018-09-28,St Etienne,Monaco,2.0,0.0,1.95,3.4,4.0,1.8,2.01,16.0,20.0,5.0,7.0,6.0,3.0
2018-09-29,Angers,Guingamp,0.0,1.0,2.14,3.2,3.7,2.29,1.61,11.0,11.0,4.0,5.0,1.0,4.0
2018-09-29,Caen,Amiens,1.0,0.0,2.14,3.25,3.6,2.29,1.61,12.0,7.0,4.0,2.0,7.0,4.0
2018-09-29,Lyon,Nantes,1.0,1.0,1.3,5.75,9.5,1.6,2.3,20.0,19.0,7.0,4.0,10.0,10.0
2018-09-29,Nice,Paris SG,0.0,3.0,7.5,5.5,1.36,1.5,2.55,9.0,21.0,1.0,8.0,3.0,7.0
2018-09-29,Reims,Bordeaux,0.0,0.0,2.3,3.25,3.25,2.31,1.6,9.0,7.0,0.0,3.0,7.0,1.0
2018-09-29,Strasbourg,Dijon,3.0,0.0,1.95,3.5,4.0,1.99,1.81,7.0,14.0,5.0,1.0,0.0,5.0
2018-09-30,Lille,Marseille,3.0,0.0,3.1,3.4,2.3,1.68,2.16,16.0,8.0,4.0,3.0,5.0,2.0
2018-09-30,Montpellier,Nimes,3.0,0.0,1.85,3.6,4.33,2.07,1.74,19.0,11.0,6.0,3.0,4.0,1.0
2018-09-30,Rennes,Toulouse,1.0,1.0,1.95,3.5,4.0,2.05,1.76,22.0,5.0,7.0,2.0,7.0,3.0
2018-10-05,Toulouse,Nice,1.0,1.0,2.37,3.3,3.1,2.11,1.72,13.0,11.0,2.0,2.0,3.0,2.0
2018-10-06,Amiens,Dijon,1.0,0.0,2.4,3.25,3.1,2.11,1.72,8.0,10.0,2.0,3.0,6.0,2.0
2018-10-06,Angers,Strasbourg,2.0,2.0,2.37,3.1,3.3,2.28,1.61,24.0,9.0,6.0,4.0,6.0,1.0
2018-10-06,Guingamp,Montpellier,1.0,1.0,2.8,3.1,2.7,2.35,1.58,7.0,11.0,2.0,5.0,3.0,4.0
2018-10-06,Lille,St Etienne,3.0,1.0,2.0,3.4,3.9,2.0,1.8,12.0,6.0,5.0,2.0,1.0,4.0
2018-10-06,Nimes,Reims,0.0,0.0,2.3,3.3,3.2,2.09,1.73,17.0,9.0,5.0,2.0,9.0,1.0
2018-10-07,Bordeaux,Nantes,3.0,0.0,2.25,3.2,3.4,2.24,1.63,16.0,12.0,7.0,2.0,4.0,6.0
2018-10-07,Marseille,Caen,2.0,0.0,1.33,5.25,9.0,1.6,2.3,17.0,7.0,6.0,2.0,4.0,2.0
2018-10-07,Monaco,Rennes,1.0,2.0,2.0,3.5,3.75,1.91,1.87,8.0,11.0,2.0,4.0,2.0,3.0
2018-10-07,Paris SG,Lyon,5.0,0.0,1.33,5.5,8.5,1.33,3.23,14.0,16.0,8.0,6.0,2.0,10.0
2018-10-19,Lyon,Nimes,2.0,0.0,1.3,5.5,9.5,1.41,2.84,13.0,23.0,5.0,6.0,7.0,7.0
2018-10-20,Caen,Guingamp,0.0,0.0,2.1,3.25,3.75,2.39,1.57,4.0,7.0,2.0,2.0,3.0,2.0
2018-10-20,Dijon,Lille,1.0,2.0,3.3,3.5,2.14,1.88,1.92,17.0,8.0,7.0,3.0,10.0,5.0
2018-10-20,Nantes,Toulouse,4.0,0.0,2.0,3.3,4.0,2.18,1.67,18.0,5.0,9.0,2.0,4.0,3.0
2018-10-20,Paris SG,Amiens,5.0,0.0,1.08,11.0,26.0,1.26,3.77,16.0,8.0,8.0,2.0,10.0,5.0
2018-10-20,Reims,Angers,1.0,1.0,2.25,3.1,3.5,2.62,1.48,12.0,16.0,5.0,6.0,8.0,6.0
2018-10-20,Strasbourg,Monaco,2.0,1.0,2.7,3.25,2.7,1.82,1.98,8.0,12.0,5.0,5.0,4.0,6.0
2018-10-21,Montpellier,Bordeaux,2.0,0.0,2.14,3.25,3.6,2.49,1.51,13.0,12.0,4.0,3.0,2.0,3.0
2018-10-21,Nice,Marseille,0.0,1.0,3.5,3.5,2.04,1.75,2.06,14.0,9.0,3.0,1.0,5.0,7.0
2018-10-21,St Etienne,Rennes,1.0,1.0,2.14,3.2,3.75,2.05,1.76,8.0,15.0,2.0,5.0,2.0,4.0
2018-10-26,Nimes,St Etienne,1.0,1.0,2.62,3.3,2.7,2.0,1.79,13.0,13.0,6.0,5.0,7.0,4.0
2018-10-27,Amiens,Nantes,1.0,2.0,3.0,3.2,2.5,2.37,1.58,18.0,12.0,8.0,5.0,10.0,2.0
2018-10-27,Angers,Lyon,1.0,2.0,3.8,3.6,1.95,1.76,2.06,14.0,9.0,4.0,5.0,7.0,0.0
2018-10-27,Guingamp,Strasbourg,1.0,1.0,2.37,3.2,3.2,2.18,1.67,10.0,12.0,4.0,5.0,6.0,5.0
2018-10-27,Lille,Caen,1.0,0.0,1.5,4.0,7.5,2.03,1.78,11.0,5.0,4.0,1.0,9.0,4.0
2018-10-27,Monaco,Dijon,2.0,2.0,1.66,4.0,5.0,1.72,2.11,12.0,11.0,5.0,3.0,6.0,4.0
2018-10-27,Toulouse,Montpellier,0.0,3.0,2.8,3.1,2.7,2.58,1.5,15.0,22.0,4.0,8.0,5.0,7.0
2018-10-28,Bordeaux,Nice,0.0,1.0,2.3,3.3,3.25,2.24,1.64,23.0,13.0,7.0,2.0,5.0,2.0
2018-10-28,Marseille,Paris SG,0.0,2.0,6.0,5.0,1.44,1.4,2.86,12.0,11.0,2.0,5.0,5.0,7.0
2018-10-28,Rennes,Reims,0.0,2.0,1.7,3.4,5.75,2.18,1.67,11.0,6.0,5.0,3.0,11.0,2.0
2018-11-02,Paris SG,Lille,2.0,1.0,1.16,8.0,15.0,1.3,3.42,19.0,6.0,5.0,2.0,8.0,0.0
2018-11-03,Caen,Rennes,1.0,2.0,3.5,3.25,2.2,2.43,1.54,12.0,22.0,3.0,10.0,2.0,4.0
2018-11-03,Dijon,Nimes,0.0,4.0,2.14,3.4,3.4,1.96,1.83,23.0,11.0,7.0,6.0,7.0,3.0
2018-11-03,Lyon,Bordeaux,1.0,1.0,1.44,4.75,7.0,1.55,2.44,6.0,17.0,2.0,3.0,5.0,5.0
2018-11-03,Nice,Amiens,1.0,0.0,1.72,3.6,5.25,2.16,1.69,7.0,13.0,4.0,7.0,1.0,4.0
2018-11-03,Reims,Monaco,1.0,0.0,2.5,3.3,2.87,2.09,1.73,8.0,5.0,4.0,1.0,2.0,4.0
2018-11-03,Strasbourg,Toulouse,1.0,1.0,1.85,3.6,4.33,1.96,1.84,18.0,5.0,2.0,2.0,10.0,3.0
2018-11-04,Montpellier,Marseille,3.0,0.0,3.0,3.2,2.5,2.18,1.68,14.0,11.0,6.0,2.0,2.0,6.0
2018-11-04,Nantes,Guingamp,5.0,0.0,1.83,3.5,4.5,2.16,1.69,19.0,4.0,10.0,0.0,8.0,5.0
2018-11-04,St Etienne,Angers,4.0,3.0,1.95,3.3,4.2,2.04,1.77,18.0,10.0,9.0,6.0,9.0,5.0
2018-11-09,Lille,Strasbourg,0.0,0.0,1.72,3.75,5.0,2.11,1.72,22.0,4.0,8.0,1.0,7.0,0.0
2018-11-10,Angers,Montpellier,1.0,0.0,3.0,3.1,2.6,2.52,1.51,10.0,10.0,3.0,3.0,5.0,3.0
2018-11-10,Guingamp,Lyon,2.0,4.0,5.0,4.0,1.66,1.7,2.14,9.0,19.0,2.0,6.0,6.0,0.0
2018-11-10,Nimes,Nice,0.0,1.0,2.3,3.25,3.25,2.0,1.8,8.0,13.0,3.0,8.0,4.0,6.0
2018-11-10,St Etienne,Reims,2.0,0.0,1.8,3.5,4.75,2.07,1.75,14.0,14.0,5.0,3.0,5.0,6.0
2018-11-10,Toulouse,Amiens,0.0,1.0,2.14,3.2,3.6,2.32,1.6,23.0,7.0,6.0,2.0,7.0,3.0
2018-11-11,Bordeaux,Caen,0.0,0.0,1.85,3.5,4.5,2.26,1.63,16.0,9.0,6.0,1.0,3.0,6.0
2018-11-11,Marseille,Dijon,2.0,0.0,1.33,4.75,11.0,1.54,2.44,16.0,9.0,3.0,3.0,10.0,4.0
2018-11-11,Monaco,Paris SG,0.0,4.0,11.0,6.5,1.25,1.33,3.24,15.0,14.0,2.0,9.0,6.0,9.0
2018-11-11,Rennes,Nantes,1.0,1.0,2.14,3.3,3.6,2.12,1.71,14.0,7.0,4.0,3.0,8.0,4.0
2018-11-23,Lyon,St Etienne,1.0,0.0,1.57,4.2,5.75,1.52,2.49,13.0,16.0,1.0,3.0,6.0,8.0
2018-11-24,Caen,Monaco,0.0,1.0,3.25,3.25,2.3,2.21,1.66,9.0,10.0,1.0,4.0,7.0,4.0
2018-11-24,Dijon,Bordeaux,0.0,0.0,2.87,3.25,2.54,1.95,1.85,14.0,11.0,4.0,0.0,6.0,6.0
2018-11-24,Nantes,Angers,1.0,1.0,2.0,3.2,4.2,2.27,1.62,24.0,7.0,8.0,1.0,8.0,2.0
2018-11-24,Paris SG,Toulouse,1.0,0.0,1.14,9.0,15.0,1.33,3.23,9.0,11.0,2.0,3.0,7.0,6.0
2018-11-24,Reims,Guingamp,2.0,1.0,2.0,3.2,4.2,2.53,1.51,10.0,6.0,3.0,4.0,5.0,2.0
2018-11-24,Strasbourg,Nimes,0.0,1.0,2.1,3.4,3.6,1.99,1.81,12.0,14.0,4.0,3.0,7.0,8.0
2018-11-25,Amiens,Marseille,1.0,3.0,4.6,3.75,1.75,1.97,1.83,9.0,21.0,3.0,9.0,5.0,8.0
2018-11-25,Montpellier,Rennes,2.0,2.0,2.3,3.0,3.6,2.53,1.51,15.0,16.0,4.0,7.0,2.0,5.0
2018-11-25,Nice,Lille,2.0,0.0,2.6,3.1,3.0,2.19,1.66,11.0,9.0,4.0,2.0,4.0,12.0
2018-11-30,St Etienne,Nantes,3.0,0.0,2.04,3.4,3.75,2.15,1.7,16.0,7.0,4.0,1.0,8.0,1.0
2018-12-01,Angers,Caen,1.0,1.0,1.72,3.75,5.0,2.32,1.59,11.0,8.0,4.0,3.0,6.0,2.0
2018-12-01,Guingamp,Nice,0.0,0.0,2.7,3.2,2.75,2.26,1.62,12.0,10.0,2.0,1.0,4.0,1.0
2018-12-01,Lille,Lyon,2.0,2.0,2.75,3.3,2.6,1.8,2.01,13.0,18.0,6.0,5.0,4.0,6.0
2018-12-01,Monaco,Montpellier,1.0,2.0,2.54,3.3,2.8,2.13,1.7,13.0,15.0,2.0,3.0,4.0,3.0
2018-12-01,Nimes,Amiens,3.0,0.0,1.9,3.6,4.2,2.11,1.72,13.0,9.0,7.0,2.0,5.0,2.0
2018-12-02,Bordeaux,Paris SG,2.0,2.0,10.0,5.5,1.28,1.45,2.69,18.0,9.0,4.0,2.0,4.0,4.0
2018-12-02,Marseille,Reims,0.0,0.0,1.4,4.75,7.5,1.76,2.05,16.0,12.0,5.0,4.0,13.0,1.0
2018-12-02,Rennes,Strasbourg,1.0,4.0,1.7,3.75,5.0,1.96,1.83,12.0,14.0,2.0,8.0,10.0,3.0
2018-12-02,Toulouse,Dijon,2.0,2.0,2.0,3.4,3.75,2.07,1.75,12.0,14.0,3.0,5.0,2.0,5.0
2018-12-04,Amiens,Monaco,0.0,2.0,2.9,3.3,2.45,2.19,1.67,15.0,6.0,2.0,4.0,5.0,2.0
2018-12-04,Montpellier,Lille,0.0,1.0,2.1,3.2,3.75,2.35,1.58,16.0,13.0,4.0,6.0,8.0,8.0
2018-12-04,Nice,Angers,0.0,0.0,2.0,3.2,4.2,2.3,1.61,16.0,8.0,5.0,2.0,7.0,2.0
2018-12-05,Bordeaux,St Etienne,3.0,2.0,2.5,3.1,3.1,2.29,1.61,13.0,14.0,5.0,4.0,3.0,7.0
2018-12-05,Caen,Nimes,1.0,2.0,2.8,3.1,2.75,2.17,1.68,11.0,23.0,3.0,7.0,0.0,6.0
2018-12-05,Dijon,Guingamp,2.0,1.0,2.25,3.25,3.4,2.14,1.7,9.0,21.0,3.0,9.0,2.0,9.0
2018-12-05,Lyon,Rennes,0.0,2.0,1.53,4.2,6.5,1.61,2.28,15.0,10.0,8.0,2.0,5.0,2.0
2018-12-05,Nantes,Marseille,3.0,2.0,3.1,3.3,2.35,2.04,1.77,11.0,8.0,4.0,3.0,8.0,7.0
2018-12-05,Reims,Toulouse,0.0,1.0,1.95,3.2,4.5,2.38,1.57,22.0,7.0,7.0,3.0,10.0,3.0
2018-12-05,Strasbourg,Paris SG,1.0,1.0,8.0,5.75,1.33,1.46,2.65,4.0,20.0,2.0,5.0,3.0,11.0
2018-12-08,Guingamp,Amiens,1.0,2.0,2.0,3.2,4.2,2.38,1.57,16.0,11.0,2.0,3.0,12.0,0.0
2018-12-08,Rennes,Dijon,2.0,0.0,1.57,3.8,6.5,1.88,1.91,21.0,7.0,10.0,3.0,8.0,4.0
2018-12-09,Lille,Reims,1.0,1.0,1.8,3.4,5.0,2.33,1.59,12.0,8.0,3.0,3.0,5.0,4.0
2018-12-09,Strasbourg,Caen,2.0,2.0,1.75,3.5,5.25,2.2,1.65,10.0,5.0,4.0,3.0,8.0,4.0
2018-12-15,Reims,Strasbourg,2.0,1.0,2.25,3.1,3.5,2.43,1.55,12.0,5.0,5.0,3.0,6.0,3.0
2018-12-16,Lyon,Monaco,3.0,0.0,1.44,4.75,7.0,1.51,2.51,21.0,4.0,11.0,1.0,7.0,1.0
2018-12-16,Nice,St Etienne,1.0,1.0,2.25,3.1,3.5,2.26,1.63,23.0,11.0,7.0,4.0,7.0,6.0
2018-12-16,Nimes,Lille,2.0,3.0,2.5,3.0,3.2,2.04,1.77,17.0,7.0,6.0,6.0,6.0,2.0
2018-12-18,Caen,Toulouse,2.0,1.0,2.5,3.1,3.1,2.47,1.53,13.0,7.0,7.0,2.0,2.0,3.0
2018-12-22,Angers,Marseille,1.0,1.0,3.75,3.4,2.04,2.02,1.79,15.0,14.0,4.0,2.0,6.0,4.0
2018-12-22,Lille,Toulouse,1.0,2.0,1.72,3.5,5.5,2.05,1.77,17.0,6.0,5.0,3.0,6.0,7.0
2018-12-22,Monaco,Guingamp,0.0,2.0,1.9,3.5,4.33,2.14,1.7,5.0,9.0,2.0,3.0,8.0,6.0
2018-12-22,Montpellier,Lyon,1.0,1.0,3.3,3.3,2.25,2.03,1.78,13.0,10.0,4.0,3.0,6.0,2.0
2018-12-22,Paris SG,Nantes,1.0,0.0,1.14,9.0,15.0,1.31,3.38,23.0,11.0,3.0,2.0,9.0,1.0
2018-12-22,Reims,Caen,2.0,2.0,1.8,3.5,4.75,2.53,1.51,19.0,7.0,11.0,2.0,10.0,2.0
2018-12-22,Rennes,Nimes,4.0,0.0,1.83,3.5,4.5,1.92,1.88,13.0,18.0,7.0,6.0,2.0,7.0
2018-12-22,St Etienne,Dijon,3.0,0.0,1.53,4.33,6.0,1.72,2.11,18.0,7.0,9.0,2.0,5.0,3.0
2018-12-22,Strasbourg,Nice,2.0,0.0,2.37,3.2,3.1,2.33,1.6,11.0,9.0,5.0,4.0,2.0,4.0
2018-12-23,Bordeaux,Amiens,1.0,1.0,1.61,3.75,6.0,2.18,1.68,9.0,8.0,4.0,4.0,6.0,6.0
2019-01-08,Amiens,Angers,0.0,0.0,3.2,3.0,2.4,2.57,1.49,21.0,7.0,5.0,2.0,4.0,7.0
2019-01-08,Nantes,Montpellier,2.0,0.0,2.6,3.1,2.9,2.41,1.56,16.0,9.0,5.0,2.0,4.0,3.0
2019-01-11,Caen,Lille,1.0,3.0,3.8,3.25,2.1,2.44,1.54,9.0,12.0,3.0,7.0,4.0,2.0
2019-01-11,Lyon,Reims,1.0,1.0,1.45,4.5,7.5,1.79,2.02,15.0,9.0,5.0,5.0,8.0,0.0
2019-01-12,Amiens,Paris SG,0.0,3.0,17.0,7.5,1.16,1.45,2.69,4.0,20.0,1.0,9.0,1.0,8.0
2019-01-12,Guingamp,St Etienne,0.0,1.0,2.87,3.2,2.5,2.19,1.67,11.0,4.0,2.0,2.0,9.0,4.0
2019-01-12,Nice,Bordeaux,1.0,0.0,2.2,3.2,3.6,2.46,1.54,9.0,18.0,3.0,4.0,5.0,5.0
2019-01-13,Dijon,Montpellier,1.0,1.0,3.25,3.3,2.3,2.19,1.67,13.0,13.0,7.0,6.0,3.0,7.0
2019-01-13,Marseille,Monaco,1.0,1.0,1.57,4.0,6.0,1.66,2.21,14.0,8.0,3.0,3.0,6.0,3.0
2019-01-13,Nantes,Rennes,0.0,1.0,2.55,3.3,2.8,2.12,1.73,24.0,6.0,3.0,1.0,4.0,3.0
2019-01-13,Toulouse,Strasbourg,1.0,2.0,2.5,3.2,3.0,2.29,1.62,17.0,12.0,4.0,5.0,7.0,4.0
2019-01-15,Angers,Bordeaux,1.0,2.0,2.5,3.0,3.0,2.5,1.53,19.0,9.0,8.0,4.0,9.0,7.0
2019-01-16,Guingamp,Rennes,2.0,1.0,2.87,3.2,2.55,2.28,1.62,7.0,17.0,2.0,3.0,7.0,4.0
2019-01-16,Monaco,Nice,1.0,1.0,2.3,3.2,3.3,2.23,1.65,13.0,6.0,5.0,2.0,10.0,2.0
2019-01-16,Nimes,Nantes,1.0,0.0,2.37,3.25,3.1,2.12,1.72,10.0,11.0,2.0,3.0,5.0,4.0
2019-01-16,St Etienne,Marseille,2.0,1.0,2.25,3.5,3.1,1.83,1.97,11.0,15.0,5.0,4.0,4.0,2.0
2019-01-16,Toulouse,Lyon,2.0,2.0,5.25,3.75,1.66,1.83,1.98,6.0,22.0,4.0,5.0,4.0,10.0
2019-01-18,Lille,Amiens,2.0,1.0,1.65,3.6,5.75,2.12,1.72,17.0,2.0,3.0,1.0,4.0,3.0
2019-01-19,Monaco,Strasbourg,1.0,5.0,1.9,3.5,4.0,2.09,1.74,9.0,16.0,5.0,6.0,3.0,7.0
2019-01-19,Nimes,Toulouse,0.0,1.0,1.95,3.6,3.8,1.96,1.85,18.0,11.0,6.0,4.0,8.0,2.0
2019-01-19,Paris SG,Guingamp,9.0,0.0,1.1,10.0,26.0,1.26,3.78,26.0,2.0,12.0,0.0,8.0,1.0
2019-01-19,Reims,Nice,1.0,1.0,2.25,3.0,3.7,2.52,1.52,10.0,9.0,2.0,5.0,2.0,7.0
2019-01-20,Angers,Nantes,1.0,0.0,2.45,3.1,3.1,2.42,1.56,4.0,13.0,3.0,4.0,3.0,6.0
2019-01-20,Bordeaux,Dijon,1.0,0.0,1.66,3.6,5.75,2.02,1.8,13.0,10.0,5.0,3.0,2.0,2.0
2019-01-20,Caen,Marseille,0.0,1.0,4.33,3.6,1.85,1.95,1.86,9.0,9.0,4.0,1.0,5.0,4.0
2019-01-20,Rennes,Montpellier,0.0,0.0,2.05,3.4,3.8,2.38,1.58,16.0,13.0,1.0,3.0,6.0,0.0
2019-01-20,St Etienne,Lyon,1.0,2.0,3.1,3.5,2.25,1.7,2.15,15.0,23.0,9.0,7.0,4.0,4.0
2019-01-23,Nimes,Angers,3.0,1.0,2.05,3.4,3.8,2.07,1.76,15.0,11.0,6.0,4.0,9.0,2.0
2019-01-25,Marseille,Lille,1.0,2.0,2.3,3.25,3.2,2.02,1.8,15.0,9.0,5.0,3.0,9.0,6.0
2019-01-26,Dijon,Monaco,2.0,0.0,2.9,3.3,2.37,1.89,1.92,13.0,18.0,7.0,5.0,3.0,5.0
2019-01-26,Guingamp,Reims,0.0,1.0,2.5,3.1,3.1,2.47,1.54,6.0,7.0,2.0,3.0,4.0,4.0
2019-01-26,Nice,Nimes,2.0,0.0,2.1,3.2,3.75,2.27,1.63,15.0,14.0,7.0,7.0,6.0,4.0
2019-01-26,Strasbourg,Bordeaux,1.0,0.0,2.4,3.2,3.1,2.28,1.62,10.0,11.0,5.0,1.0,5.0,4.0
2019-01-27,Amiens,Lyon,0.0,1.0,6.5,4.2,1.53,1.76,2.06,12.0,18.0,2.0,11.0,3.0,4.0
2019-01-27,Montpellier,Caen,2.0,0.0,1.72,3.5,5.5,2.32,1.61,11.0,9.0,6.0,1.0,4.0,3.0
2019-01-27,Paris SG,Rennes,4.0,1.0,1.22,6.5,12.0,1.37,3.03,16.0,10.0,7.0,3.0,2.0,1.0
2019-01-27,Toulouse,Angers,0.0,0.0,2.2,3.2,3.5,2.27,1.63,14.0,13.0,4.0,3.0,4.0,5.0
2019-01-30,Nantes,St Etienne,1.0,1.0,2.75,3.1,2.75,2.25,1.64,13.0,10.0,3.0,4.0,7.0,6.0
2019-02-01,Lille,Nice,4.0,0.0,1.8,3.6,4.75,2.33,1.6,15.0,5.0,7.0,2.0,4.0,1.0
2019-02-02,Angers,Dijon,1.0,0.0,2.0,3.3,4.0,2.09,1.74,12.0,7.0,5.0,2.0,4.0,8.0
2019-02-02,Monaco,Toulouse,2.0,1.0,1.72,3.6,5.25,1.94,1.87,13.0,10.0,3.0,3.0,6.0,5.0
2019-02-02,Reims,Marseille,2.0,1.0,2.7,3.25,2.7,2.41,1.56,9.0,13.0,4.0,5.0,6.0,5.0
2019-02-02,Rennes,Amiens,1.0,0.0,1.6,3.75,6.5,2.08,1.74,15.0,8.0,4.0,1.0,7.0,4.0
2019-02-03,Lyon,Paris SG,2.0,1.0,3.8,3.8,1.85,1.46,2.66,14.0,16.0,10.0,9.0,6.0,8.0
2019-02-03,Nimes,Montpellier,1.0,1.0,2.6,3.1,2.9,2.25,1.64,12.0,11.0,5.0,4.0,5.0,3.0
2019-02-05,Marseille,Bordeaux,1.0,0.0,2.25,3.2,3.4,2.18,1.68,24.0,6.0,7.0,1.0,4.0,2.0
2019-02-08,Dijon,Marseille,1.0,2.0,4.33,3.5,1.85,1.88,1.92,10.0,18.0,4.0,8.0,3.0,12.0
2019-02-09,Amiens,Caen,1.0,0.0,2.1,3.1,4.0,2.51,1.52,10.0,11.0,1.0,4.0,4.0,2.0
2019-02-09,Paris SG,Bordeaux,1.0,0.0,1.25,6.5,11.0,1.42,2.81,10.0,8.0,3.0,3.0,4.0,8.0
2019-02-09,Strasbourg,Angers,1.0,2.0,2.05,3.2,4.0,2.46,1.54,16.0,8.0,7.0,3.0,5.0,3.0
2019-02-10,Guingamp,Lille,0.0,2.0,3.4,3.3,2.2,2.1,1.73,7.0,9.0,1.0,3.0,7.0,4.0
2019-02-10,Montpellier,Monaco,2.0,2.0,2.45,3.1,3.1,2.31,1.6,12.0,10.0,3.0,5.0,5.0,3.0
2019-02-10,Nantes,Nimes,2.0,4.0,1.9,3.3,4.2,2.22,1.65,15.0,13.0,4.0,4.0,9.0,4.0
2019-02-10,Nice,Lyon,1.0,0.0,4.75,4.0,1.7,1.76,2.05,11.0,23.0,4.0,5.0,4.0,14.0
2019-02-10,Rennes,St Etienne,3.0,0.0,2.15,3.4,3.4,2.06,1.76,15.0,15.0,5.0,3.0,6.0,8.0
2019-02-10,Toulouse,Reims,1.0,1.0,2.75,3.0,2.8,2.5,1.52,9.0,9.0,3.0,3.0,3.0,3.0
2019-02-13,Caen,Nantes,0.0,1.0,3.0,3.1,2.5,2.49,1.53,14.0,13.0,1.0,4.0,4.0,8.0
2019-02-13,St Etienne,Strasbourg,2.0,1.0,1.95,3.3,4.0,2.03,1.78,11.0,9.0,6.0,2.0,3.0,4.0
2019-02-15,Lyon,Guingamp,2.0,1.0,1.3,5.25,10.0,1.47,2.65,18.0,14.0,9.0,3.0,7.0,2.0
2019-02-15,Nimes,Dijon,2.0,0.0,1.75,3.8,4.5,1.78,2.02,14.0,12.0,6.0,2.0,5.0,4.0
2019-02-16,Angers,Nice,3.0,0.0,2.4,3.0,3.3,2.61,1.49,12.0,13.0,4.0,4.0,8.0,5.0
2019-02-16,Marseille,Amiens,2.0,0.0,1.4,4.5,9.0,1.86,1.93,16.0,10.0,5.0,2.0,3.0,6.0
2019-02-16,Monaco,Nantes,1.0,0.0,1.8,3.6,4.5,2.03,1.78,11.0,6.0,6.0,2.0,2.0,3.0
2019-02-17,Bordeaux,Toulouse,2.0,1.0,1.83,3.5,4.75,2.39,1.57,8.0,20.0,4.0,5.0,7.0,5.0
2019-02-17,Caen,Strasbourg,0.0,0.0,3.5,3.1,2.3,2.6,1.49,11.0,15.0,2.0,3.0,8.0,6.0
2019-02-17,Lille,Montpellier,0.0,0.0,1.85,3.3,4.75,2.35,1.58,12.0,8.0,3.0,2.0,1.0,4.0
2019-02-17,Reims,Rennes,2.0,0.0,2.5,3.1,3.1,2.44,1.54,7.0,10.0,4.0,1.0,2.0,4.0
2019-02-17,St Etienne,Paris SG,0.0,1.0,5.25,4.33,1.6,1.52,2.5,11.0,11.0,2.0,3.0,4.0,5.0
2019-02-20,Bordeaux,Guingamp,0.0,0.0,1.9,3.4,4.33,2.27,1.64,11.0,13.0,4.0,1.0,8.0,7.0
2019-02-20,Paris SG,Montpellier,5.0,1.0,1.25,6.0,12.0,1.6,2.32,18.0,15.0,9.0,7.0,8.0,3.0
2019-02-22,Dijon,St Etienne,0.0,1.0,3.5,3.3,2.15,1.98,1.82,11.0,16.0,2.0,6.0,4.0,5.0
2019-02-22,Strasbourg,Lille,1.0,1.0,2.75,3.1,2.7,2.31,1.6,9.0,15.0,2.0,5.0,6.0,2.0
2019-02-23,Amiens,Nice,1.0,0.0,2.7,2.9,3.0,2.73,1.44,11.0,7.0,4.0,0.0,4.0,4.0
2019-02-23,Guingamp,Angers,1.0,0.0,2.5,3.2,3.0,2.48,1.53,8.0,8.0,3.0,1.0,6.0,2.0
2019-02-23,Paris SG,Nimes,3.0,0.0,1.25,6.5,11.0,1.34,3.22,21.0,8.0,7.0,3.0,9.0,7.0
2019-02-24,Monaco,Lyon,2.0,0.0,3.4,3.5,2.1,1.64,2.25,11.0,9.0,5.0,3.0,3.0,6.0
2019-02-24,Montpellier,Reims,2.0,4.0,2.2,3.2,3.5,2.78,1.42,19.0,15.0,4.0,8.0,5.0,2.0
2019-02-24,Nantes,Bordeaux,1.0,0.0,1.95,3.4,4.2,2.42,1.55,19.0,7.0,8.0,2.0,11.0,1.0
2019-02-24,Rennes,Marseille,1.0,1.0,2.9,3.3,2.45,1.94,1.86,16.0,9.0,3.0,2.0,7.0,2.0
2019-02-24,Toulouse,Caen,1.0,1.0,1.85,3.5,4.5,2.45,1.55,12.0,13.0,8.0,4.0,6.0,2.0
2019-03-02,Angers,Monaco,2.0,2.0,3.3,3.3,2.25,2.24,1.65,13.0,12.0,4.0,5.0,2.0,3.0
2019-03-02,Caen,Paris SG,1.0,2.0,12.0,6.0,1.22,1.47,2.64,7.0,25.0,2.0,7.0,2.0,8.0
2019-03-02,Reims,Amiens,2.0,2.0,1.75,3.4,5.25,2.63,1.48,10.0,8.0,4.0,2.0,6.0,3.0
2019-03-03,Guingamp,Nantes,0.0,0.0,2.8,3.0,2.8,2.54,1.51,7.0,9.0,1.0,3.0,3.0,1.0
2019-03-03,Lille,Dijon,1.0,0.0,1.53,3.8,7.5,1.87,1.93,14.0,6.0,1.0,1.0,9.0,5.0
2019-03-03,Lyon,Toulouse,5.0,1.0,1.28,5.5,10.0,1.5,2.56,21.0,5.0,10.0,2.0,8.0,1.0
2019-03-03,Marseille,St Etienne,2.0,0.0,1.75,3.75,4.5,1.83,1.98,12.0,7.0,7.0,2.0,3.0,5.0
2019-03-03,Nice,Strasbourg,1.0,0.0,2.3,2.9,3.6,2.7,1.45,9.0,10.0,2.0,1.0,5.0,3.0
2019-03-05,Bordeaux,Montpellier,1.0,2.0,2.5,2.9,3.3,2.71,1.45,15.0,8.0,4.0,5.0,12.0,2.0
2019-03-09,Amiens,Nimes,2.0,1.0,2.45,3.2,3.1,2.31,1.61,21.0,14.0,6.0,2.0,4.0,5.0
2019-03-09,Dijon,Reims,1.0,1.0,3.1,3.1,2.45,2.41,1.56,5.0,26.0,1.0,5.0,4.0,6.0
2019-03-09,Monaco,Bordeaux,1.0,1.0,1.61,4.0,5.25,1.92,1.89,16.0,9.0,9.0,3.0,4.0,3.0
2019-03-09,Strasbourg,Lyon,2.0,2.0,4.75,3.8,1.75,1.8,2.01,17.0,21.0,7.0,8.0,5.0,6.0
2019-03-10,Marseille,Nice,1.0,0.0,1.5,4.5,6.0,1.98,1.82,12.0,6.0,6.0,1.0,9.0,0.0
2019-03-10,Montpellier,Angers,2.0,2.0,2.1,3.1,4.0,2.55,1.51,8.0,12.0,4.0,6.0,5.0,8.0
2019-03-10,Rennes,Caen,3.0,1.0,1.61,3.6,6.5,2.19,1.67,11.0,6.0,6.0,1.0,5.0,4.0
2019-03-10,St Etienne,Lille,0.0,1.0,2.45,3.3,3.0,2.06,1.76,7.0,14.0,1.0,8.0,9.0,4.0
2019-03-10,Toulouse,Guingamp,1.0,0.0,2.15,3.2,3.5,2.45,1.55,19.0,4.0,4.0,0.0,8.0,2.0
2019-03-12,Dijon,Paris SG,0.0,4.0,13.0,7.0,1.2,1.37,3.06,9.0,16.0,2.0,7.0,3.0,5.0
2019-03-15,Lille,Monaco,0.0,1.0,2.1,3.2,3.8,2.1,1.74,12.0,12.0,3.0,8.0,5.0,3.0
2019-03-15,Nice,Toulouse,1.0,1.0,2.05,3.1,4.0,2.32,1.61,10.0,18.0,2.0,3.0,2.0,6.0
2019-03-16,Angers,Amiens,0.0,0.0,2.1,3.1,4.0,2.56,1.5,11.0,8.0,3.0,4.0,2.0,1.0
2019-03-16,Caen,St Etienne,0.0,5.0,3.7,3.1,2.2,2.35,1.59,2.0,13.0,1.0,7.0,0.0,8.0
2019-03-16,Guingamp,Dijon,1.0,0.0,2.1,3.1,4.0,2.54,1.51,14.0,12.0,2.0,4.0,6.0,4.0
2019-03-16,Nimes,Strasbourg,2.0,2.0,2.37,3.2,3.2,2.16,1.7,15.0,6.0,4.0,2.0,7.0,1.0
2019-03-17,Bordeaux,Rennes,1.0,1.0,2.62,3.0,2.9,2.46,1.54,14.0,10.0,4.0,3.0,3.0,9.0
2019-03-17,Lyon,Montpellier,3.0,2.0,1.4,4.33,8.5,1.62,2.28,23.0,10.0,13.0,4.0,8.0,6.0
2019-03-17,Paris SG,Marseille,3.0,1.0,1.28,6.0,9.5,1.4,2.87,8.0,3.0,6.0,2.0,7.0,3.0
2019-03-17,Reims,Nantes,1.0,0.0,2.15,3.0,4.0,2.62,1.48,10.0,7.0,2.0,1.0,7.0,3.0
2019-03-29,Rennes,Lyon,0.0,1.0,4.0,3.6,1.9,1.64,2.26,12.0,18.0,2.0,5.0,2.0,6.0
2019-03-30,Marseille,Angers,2.0,2.0,1.53,3.75,7.5,2.0,1.82,11.0,14.0,5.0,4.0,3.0,7.0
2019-03-31,Amiens,Bordeaux,0.0,0.0,2.5,3.1,3.1,2.62,1.48,12.0,5.0,3.0,0.0,7.0,1.0
2019-03-31,Dijon,Nice,0.0,1.0,2.4,3.1,3.2,2.51,1.52,14.0,12.0,1.0,6.0,8.0,5.0
2019-03-31,Monaco,Caen,0.0,1.0,1.36,4.75,9.5,1.8,2.02,24.0,7.0,6.0,2.0,13.0,0.0
2019-03-31,Nantes,Lille,2.0,3.0,3.0,3.1,2.55,2.49,1.53,8.0,10.0,2.0,3.0,3.0,6.0
2019-03-31,Toulouse,Paris SG,0.0,1.0,10.0,6.5,1.25,1.47,2.64,9.0,10.0,3.0,4.0,6.0,6.0
2019-04-01,St Etienne,Nimes,2.0,1.0,1.75,3.75,4.75,1.79,2.02,14.0,15.0,9.0,6.0,5.0,7.0
2019-04-03,Montpellier,Guingamp,2.0,0.0,1.75,3.4,5.25,2.3,1.61,17.0,8.0,7.0,3.0,5.0,8.0
2019-04-03,Strasbourg,Reims,4.0,0.0,2.62,3.1,2.9,2.51,1.52,13.0,10.0,9.0,3.0,4.0,9.0
2019-04-05,Bordeaux,Marseille,2.0,0.0,3.6,3.4,2.1,2.19,1.68,7.0,20.0,7.0,5.0,1.0,11.0
2019-04-06,Amiens,St Etienne,2.0,2.0,3.0,3.1,2.55,2.37,1.58,5.0,26.0,4.0,6.0,1.0,7.0
2019-04-06,Angers,Rennes,3.0,3.0,2.7,3.2,2.7,2.35,1.59,17.0,7.0,9.0,5.0,4.0,2.0
2019-04-06,Guingamp,Monaco,1.0,1.0,3.75,3.4,2.05,2.28,1.63,11.0,18.0,2.0,5.0,3.0,9.0
2019-04-06,Lyon,Dijon,1.0,3.0,1.22,7.0,11.0,1.39,2.94,27.0,8.0,6.0,4.0,8.0,3.0
2019-04-06,Nimes,Caen,2.0,0.0,1.65,3.8,5.5,2.03,1.79,12.0,5.0,7.0,1.0,4.0,2.0
2019-04-07,Nice,Montpellier,1.0,0.0,2.62,3.0,3.0,2.65,1.47,15.0,16.0,5.0,4.0,6.0,3.0
2019-04-07,Paris SG,Strasbourg,2.0,2.0,1.1,11.0,21.0,1.25,3.86,21.0,9.0,6.0,4.0,10.0,5.0
2019-04-07,Reims,Lille,1.0,1.0,2.9,3.1,2.62,2.51,1.52,10.0,11.0,3.0,4.0,6.0,4.0
2019-04-07,Toulouse,Nantes,1.0,0.0,2.4,3.1,3.2,2.43,1.55,14.0,19.0,5.0,1.0,4.0,5.0
2019-04-09,Nimes,Rennes,3.0,1.0,2.7,3.25,2.7,1.91,1.89,19.0,8.0,8.0,3.0,5.0,3.0
2019-04-12,Dijon,Amiens,0.0,0.0,2.3,3.1,3.4,2.45,1.55,18.0,4.0,5.0,1.0,8.0,1.0
2019-04-12,Nantes,Lyon,2.0,1.0,3.75,4.0,1.83,1.75,2.08,14.0,11.0,5.0,4.0,6.0,7.0
2019-04-13,Caen,Angers,0.0,1.0,3.1,3.0,2.55,2.56,1.51,8.0,13.0,2.0,5.0,1.0,3.0
2019-04-13,Marseille,Nimes,2.0,1.0,1.57,4.33,5.5,1.64,2.25,14.0,8.0,4.0,3.0,4.0,6.0
2019-04-13,Monaco,Reims,0.0,0.0,1.9,3.4,4.0,2.24,1.65,27.0,10.0,6.0,3.0,18.0,3.0
2019-04-13,Strasbourg,Guingamp,3.0,3.0,2.0,3.25,4.2,2.44,1.55,11.0,15.0,6.0,5.0,1.0,4.0
2019-04-14,Lille,Paris SG,5.0,1.0,4.33,4.0,1.72,1.64,2.25,15.0,10.0,6.0,5.0,2.0,2.0
2019-04-14,Montpellier,Toulouse,2.0,1.0,1.85,3.4,4.75,2.29,1.62,16.0,6.0,5.0,2.0,4.0,3.0
2019-04-14,Rennes,Nice,0.0,0.0,1.8,3.6,4.5,2.28,1.63,14.0,7.0,7.0,2.0,4.0,2.0
2019-04-14,St Etienne,Bordeaux,3.0,0.0,1.72,3.6,5.25,2.02,1.79,14.0,5.0,6.0,1.0,8.0,4.0
2019-04-17,Nantes,Paris SG,3.0,2.0,4.5,4.2,1.7,1.5,2.53,15.0,9.0,8.0,6.0,4.0,4.0
2019-04-19,Dijon,Rennes,3.0,2.0,2.87,3.3,2.5,2.08,1.74,12.0,10.0,10.0,4.0,6.0,6.0
2019-04-19,Lyon,Angers,2.0,1.0,1.3,5.5,10.0,1.52,2.48,24.0,11.0,11.0,3.0,7.0,7.0
2019-04-20,Guingamp,Marseille,1.0,3.0,4.0,3.6,1.9,2.2,1.67,9.0,15.0,3.0,6.0,3.0,5.0
2019-04-20,Nice,Caen,0.0,1.0,1.83,3.3,5.0,2.6,1.49,21.0,7.0,8.0,2.0,11.0,4.0
2019-04-20,Nimes,Bordeaux,2.0,1.0,2.15,3.4,3.4,2.14,1.71,8.0,11.0,2.0,2.0,3.0,6.0
2019-04-20,Strasbourg,Montpellier,1.0,3.0,2.6,3.1,3.0,2.22,1.65,6.0,20.0,1.0,7.0,3.0,5.0
2019-04-21,Nantes,Amiens,3.0,2.0,1.95,3.25,4.33,2.52,1.52,10.0,8.0,4.0,4.0,4.0,1.0
2019-04-21,Paris SG,Monaco,3.0,1.0,1.5,4.5,6.5,1.41,2.83,10.0,15.0,5.0,4.0,3.0,4.0
2019-04-21,Reims,St Etienne,0.0,2.0,2.5,3.1,3.1,2.4,1.56,8.0,14.0,1.0,3.0,1.0,6.0
2019-04-21,Toulouse,Lille,0.0,0.0,3.75,3.1,2.15,2.15,1.7,10.0,16.0,2.0,4.0,2.0,3.0
2019-04-26,Bordeaux,Lyon,2.0,3.0,5.25,3.75,1.7,1.7,2.15,10.0,18.0,2.0,5.0,2.0,3.0
2019-04-28,Amiens,Strasbourg,0.0,0.0,2.1,3.1,3.75,2.2,1.67,8.0,7.0,1.0,1.0,3.0,1.0
2019-04-28,Angers,Reims,1.0,1.0,2.5,3.1,2.9,2.36,1.58,10.0,5.0,5.0,4.0,4.0,0.0
2019-04-28,Caen,Dijon,1.0,0.0,2.8,3.1,2.62,2.36,1.58,14.0,12.0,2.0,3.0,5.0,3.0
2019-04-28,Lille,Nimes,5.0,0.0,1.5,4.0,6.5,1.76,2.06,14.0,8.0,8.0,3.0,1.0,4.0
2019-04-28,Marseille,Nantes,1.0,2.0,1.5,3.8,7.5,1.94,1.87,17.0,14.0,2.0,6.0,7.0,4.0
2019-04-28,Nice,Guingamp,3.0,0.0,2.0,3.2,4.0,2.52,1.52,15.0,14.0,5.0,3.0,2.0,4.0
2019-04-28,St Etienne,Toulouse,2.0,0.0,1.5,4.0,6.5,1.77,2.05,14.0,12.0,7.0,3.0,5.0,6.0
2019-04-30,Montpellier,Paris SG,3.0,2.0,4.33,3.6,1.83,1.64,2.25,15.0,8.0,9.0,3.0,9.0,3.0
2019-05-01,Rennes,Monaco,2.0,2.0,3.5,3.3,2.15,1.94,1.87,10.0,16.0,4.0,5.0,5.0,9.0
2019-05-03,Strasbourg,Marseille,1.0,1.0,3.8,3.5,2.0,1.85,1.97,7.0,13.0,4.0,2.0,0.0,4.0
2019-05-04,Bordeaux,Angers,0.0,1.0,2.25,3.1,3.5,2.25,1.64,10.0,9.0,2.0,1.0,5.0,1.0
2019-05-04,Guingamp,Caen,0.0,0.0,1.9,3.3,4.5,2.53,1.51,10.0,1.0,1.0,0.0,5.0,0.0
2019-05-04,Paris SG,Nice,1.0,1.0,1.25,6.0,11.0,1.28,3.55,17.0,8.0,5.0,2.0,9.0,1.0
2019-05-04,Reims,Nimes,0.0,3.0,1.95,3.5,4.0,1.96,1.84,8.0,15.0,2.0,5.0,3.0,5.0
2019-05-05,Lyon,Lille,2.0,2.0,1.66,4.0,5.0,1.54,2.44,20.0,13.0,8.0,6.0,5.0,4.0
2019-05-05,Monaco,St Etienne,2.0,3.0,2.4,3.5,2.87,1.75,2.07,13.0,8.0,5.0,3.0,2.0,8.0
2019-05-05,Montpellier,Amiens,1.0,1.0,1.72,3.75,5.0,2.13,1.71,13.0,4.0,4.0,1.0,5.0,0.0
2019-05-05,Nantes,Dijon,3.0,0.0,1.9,3.5,4.2,2.09,1.74,22.0,8.0,5.0,3.0,3.0,2.0
2019-05-05,Toulouse,Rennes,2.0,2.0,2.3,3.3,3.25,1.99,1.82,19.0,11.0,4.0,3.0,6.0,6.0
2019-05-10,St Etienne,Montpellier,0.0,1.0,1.75,3.8,4.75,1.71,2.14,16.0,11.0,5.0,4.0,11.0,1.0
2019-05-11,Amiens,Toulouse,0.0,0.0,2.3,3.2,3.3,2.46,1.54,19.0,7.0,3.0,2.0,3.0,3.0
2019-05-11,Angers,Paris SG,1.0,2.0,6.0,4.33,1.53,1.45,2.55,14.0,9.0,4.0,4.0,2.0,3.0
2019-05-11,Caen,Reims,3.0,2.0,2.4,3.1,3.1,2.59,1.49,14.0,15.0,10.0,4.0,4.0,9.0
2019-05-11,Dijon,Strasbourg,2.0,1.0,2.05,3.5,3.6,2.02,1.79,13.0,17.0,6.0,8.0,2.0,7.0
2019-05-11,Nice,Nantes,1.0,1.0,2.5,3.1,3.1,2.19,1.67,8.0,13.0,2.0,3.0,4.0,1.0
2019-05-11,Nimes,Monaco,1.0,0.0,3.4,3.8,2.05,1.65,2.24,12.0,12.0,4.0,5.0,5.0,9.0
2019-05-12,Lille,Bordeaux,1.0,0.0,1.4,4.75,8.0,1.65,2.23,6.0,5.0,4.0,1.0,3.0,4.0
2019-05-12,Marseille,Lyon,0.0,3.0,3.0,3.8,2.2,1.54,2.44,17.0,15.0,6.0,5.0,4.0,1.0
2019-05-12,Rennes,Guingamp,1.0,1.0,1.95,3.5,4.0,1.86,1.94,7.0,23.0,4.0,9.0,6.0,8.0
2019-05-18,Bordeaux,Reims,0.0,1.0,2.37,3.1,3.3,2.26,1.62,13.0,9.0,4.0,2.0,10.0,0.0
2019-05-18,Guingamp,Nimes,2.0,2.0,2.8,3.4,2.5,1.75,2.07,18.0,21.0,9.0,4.0,5.0,5.0
2019-05-18,Lille,Angers,5.0,0.0,1.53,4.0,7.0,1.8,2.0,18.0,13.0,12.0,3.0,3.0,6.0
2019-05-18,Lyon,Caen,4.0,0.0,1.2,7.0,13.0,1.39,2.91,16.0,7.0,8.0,2.0,4.0,4.0
2019-05-18,Monaco,Amiens,2.0,0.0,1.61,3.8,6.0,2.02,1.79,10.0,9.0,3.0,3.0,4.0,5.0
2019-05-18,Montpellier,Nantes,1.0,1.0,1.8,3.8,4.33,1.79,2.02,16.0,10.0,2.0,2.0,4.0,3.0
2019-05-18,Paris SG,Dijon,4.0,0.0,1.3,5.5,10.0,1.36,3.08,17.0,13.0,7.0,3.0,2.0,5.0
2019-05-18,St Etienne,Nice,3.0,0.0,1.57,4.0,6.0,1.74,2.07,11.0,19.0,5.0,5.0,2.0,9.0
2019-05-18,Strasbourg,Rennes,0.0,2.0,2.3,3.3,3.25,1.73,2.09,19.0,11.0,6.0,6.0,11.0,1.0
2019-05-18,Toulouse,Marseille,2.0,5.0,3.4,3.3,2.2,1.89,1.9,19.0,21.0,5.0,8.0,5.0,9.0
2019-05-24,Amiens,Guingamp,2.0,1.0,1.53,4.0,6.5,1.98,1.82,19.0,16.0,9.0,4.0,3.0,3.0
2019-05-24,Angers,St Etienne,1.0,1.0,2.62,3.4,2.62,1.58,2.33,14.0,15.0,5.0,4.0,7.0,8.0
2019-05-24,Caen,Bordeaux,0.0,1.0,1.72,3.6,5.25,2.19,1.67,14.0,12.0,1.0,5.0,6.0,3.0
2019-05-24,Dijon,Toulouse,2.0,1.0,1.5,4.5,6.0,1.53,2.48,12.0,13.0,6.0,3.0,4.0,5.0
2019-05-24,Marseille,Montpellier,1.0,0.0,1.85,4.2,3.75,1.55,2.44,10.0,14.0,3.0,4.0,7.0,13.0
2019-05-24,Nantes,Strasbourg,0.0,1.0,1.65,3.8,5.5,1.62,2.27,21.0,5.0,1.0,1.0,4.0,4.0
2019-05-24,Nice,Monaco,2.0,0.0,3.1,3.5,2.25,1.95,1.84,8.0,11.0,2.0,4.0,3.0,4.0
2019-05-24,Nimes,Lyon,2.0,3.0,3.4,3.8,2.0,1.27,3.67,17.0,19.0,8.0,8.0,11.0,9.0
2019-05-24,Reims,Paris SG,3.0,1.0,6.5,5.0,1.45,1.33,3.19,10.0,13.0,6.0,2.0,4.0,5.0
2019-05-24,Rennes,Lille,3.0,1.0,2.62,3.6,2.5,1.54,2.44,13.0,14.0,8.0,7.0,4.0,7.0
2019-08-09,Monaco,Lyon,0.0,3.0,2.89,3.4,2.43,1.9,1.9,7.0,13.0,1.0,3.0,2.0,5.0
2019-08-10,Marseille,Reims,0.0,2.0,1.65,3.71,5.67,2.07,1.76,10.0,8.0,2.0,5.0,5.0,3.0
2019-08-10,Angers,Bordeaux,3.0,1.0,2.35,3.14,3.24,2.42,1.56,14.0,8.0,4.0,3.0,4.0,3.0
2019-08-10,Brest,Toulouse,1.0,1.0,2.38,3.23,3.09,2.14,1.71,16.0,13.0,5.0,3.0,4.0,7.0
2019-08-10,Dijon,St Etienne,1.0,2.0,3.57,3.34,2.11,2.05,1.77,15.0,12.0,7.0,4.0,12.0,5.0
2019-08-10,Montpellier,Rennes,0.0,1.0,2.3,3.18,3.3,2.28,1.62,24.0,9.0,5.0,3.0,7.0,1.0
2019-08-10,Nice,Amiens,2.0,1.0,2.18,2.98,3.87,2.56,1.5,17.0,8.0,6.0,2.0,7.0,3.0
2019-08-11,Lille,Nantes,2.0,1.0,1.95,3.19,4.43,2.35,1.58,13.0,13.0,3.0,3.0,5.0,11.0
2019-08-11,Strasbourg,Metz,1.0,1.0,2.05,3.23,3.9,2.29,1.61,13.0,7.0,2.0,3.0,3.0,4.0
2019-08-11,Paris SG,Nimes,3.0,0.0,1.1,9.77,23.32,1.31,3.4,12.0,5.0,5.0,1.0,2.0,6.0
2019-08-16,Lyon,Angers,6.0,0.0,1.5,4.45,6.4,1.6,2.34,11.0,10.0,9.0,3.0,2.0,5.0
2019-08-17,Nantes,Marseille,0.0,0.0,2.58,3.16,2.88,2.11,1.73,13.0,9.0,6.0,2.0,7.0,3.0
2019-08-17,Amiens,Lille,1.0,0.0,3.25,3.09,2.38,2.52,1.52,8.0,10.0,3.0,1.0,3.0,10.0
2019-08-17,Bordeaux,Montpellier,1.0,1.0,2.7,2.98,2.9,2.52,1.52,13.0,10.0,4.0,4.0,3.0,5.0
2019-08-17,Metz,Monaco,3.0,0.0,2.98,3.1,2.55,2.4,1.56,18.0,12.0,10.0,6.0,6.0,4.0
2019-08-17,Nimes,Nice,1.0,2.0,2.16,3.33,3.46,2.07,1.76,18.0,6.0,5.0,3.0,2.0,1.0
2019-08-17,Toulouse,Dijon,1.0,0.0,2.0,3.42,3.87,2.09,1.75,18.0,18.0,7.0,5.0,7.0,5.0
2019-08-18,St Etienne,Brest,1.0,1.0,1.63,3.9,5.49,1.81,2.0,19.0,9.0,5.0,4.0,4.0,2.0
2019-08-18,Reims,Strasbourg,0.0,0.0,2.04,3.22,4.0,2.42,1.56,11.0,4.0,1.0,1.0,2.0,4.0
2019-08-18,Rennes,Paris SG,2.0,1.0,7.83,5.35,1.36,1.42,2.8,11.0,9.0,4.0,2.0,4.0,7.0
2019-08-24,Amiens,Nantes,1.0,2.0,2.7,3.0,2.86,2.66,1.47,3.0,25.0,1.0,6.0,2.0,5.0
2019-08-24,Angers,Metz,3.0,0.0,2.12,3.18,3.78,2.38,1.58,15.0,4.0,5.0,2.0,2.0,1.0
2019-08-24,Brest,Reims,1.0,0.0,2.67,3.05,2.85,2.38,1.58,8.0,10.0,4.0,2.0,6.0,5.0
2019-08-24,Dijon,Bordeaux,0.0,2.0,2.64,3.21,2.76,2.24,1.65,10.0,10.0,1.0,3.0,3.0,7.0
2019-08-25,Monaco,Nimes,2.0,2.0,1.62,4.0,5.42,1.84,1.97,16.0,14.0,6.0,4.0,6.0,7.0
2019-08-25,Strasbourg,Rennes,0.0,2.0,2.67,3.1,2.81,2.31,1.62,19.0,7.0,3.0,4.0,6.0,0.0
2019-08-25,Paris SG,Toulouse,4.0,0.0,1.1,10.12,22.7,1.24,3.93,21.0,3.0,11.0,0.0,12.0,1.0
2019-08-27,Montpellier,Lyon,1.0,0.0,3.56,3.47,2.07,1.89,1.91,19.0,14.0,5.0,4.0,8.0,2.0
2019-08-28,Lille,St Etienne,3.0,0.0,2.24,3.35,3.25,1.97,1.83,16.0,9.0,7.0,4.0,3.0,3.0
2019-08-28,Nice,Marseille,1.0,2.0,3.0,3.22,2.44,2.09,1.73,12.0,12.0,3.0,5.0,4.0,3.0
2019-08-30,Metz,Paris SG,0.0,2.0,7.6,4.65,1.43,1.75,2.09,7.0,10.0,2.0,4.0,4.0,7.0
2019-08-31,Lyon,Bordeaux,1.0,1.0,1.39,4.88,8.01,1.6,2.33,10.0,18.0,3.0,6.0,4.0,5.0
2019-08-31,Angers,Dijon,2.0,0.0,1.71,3.74,5.04,2.1,1.74,12.0,5.0,3.0,2.0,5.0,3.0
2019-08-31,Nantes,Montpellier,1.0,0.0,2.23,3.1,3.57,2.38,1.58,14.0,8.0,7.0,1.0,6.0,2.0
2019-08-31,Nimes,Brest,3.0,0.0,2.08,3.32,3.71,1.91,1.9,21.0,7.0,8.0,3.0,8.0,2.0
2019-08-31,Toulouse,Amiens,2.0,0.0,2.14,3.15,3.75,2.45,1.55,13.0,10.0,4.0,1.0,4.0,3.0
2019-09-01,Reims,Lille,2.0,0.0,2.88,2.98,2.71,2.64,1.48,12.0,11.0,5.0,3.0,5.0,1.0
2019-09-01,Rennes,Nice,1.0,2.0,1.71,3.56,5.42,2.31,1.61,11.0,11.0,3.0,7.0,8.0,6.0
2019-09-01,Strasbourg,Monaco,2.0,2.0,2.64,3.21,2.77,2.15,1.7,14.0,16.0,5.0,6.0,6.0,4.0
2019-09-01,Marseille,St Etienne,1.0,0.0,1.99,3.5,3.82,1.91,1.9,9.0,12.0,2.0,3.0,5.0,6.0
2019-09-13,Lille,Angers,2.0,1.0,1.96,3.3,4.27,2.2,1.67,13.0,8.0,4.0,4.0,4.0,4.0
2019-09-13,Amiens,Lyon,2.0,2.0,5.07,3.74,1.71,1.93,1.88,11.0,12.0,2.0,6.0,4.0,1.0
2019-09-14,Paris SG,Strasbourg,1.0,0.0,1.2,7.14,13.3,1.46,2.7,16.0,6.0,7.0,3.0,5.0,2.0
2019-09-14,Bordeaux,Metz,2.0,0.0,1.85,3.37,4.71,2.51,1.53,15.0,15.0,6.0,3.0,4.0,6.0
2019-09-14,Brest,Rennes,0.0,0.0,3.2,3.21,2.34,2.09,1.75,10.0,9.0,2.0,2.0,2.0,4.0
2019-09-14,Dijon,Nimes,0.0,0.0,2.72,3.35,2.6,1.92,1.89,16.0,7.0,2.0,3.0,6.0,0.0
2019-09-14,Montpellier,Nice,2.0,1.0,1.94,3.28,4.37,2.43,1.56,17.0,13.0,8.0,5.0,8.0,1.0
2019-09-15,Nantes,Reims,1.0,0.0,2.16,3.0,3.91,2.63,1.49,8.0,9.0,4.0,1.0,7.0,5.0
2019-09-15,St Etienne,Toulouse,2.0,2.0,1.65,3.93,5.21,1.87,1.94,14.0,10.0,4.0,7.0,9.0,7.0
2019-09-15,Monaco,Marseille,3.0,4.0,2.41,3.53,2.83,1.86,1.95,12.0,13.0,8.0,6.0,6.0,4.0
2019-09-20,Strasbourg,Nantes,2.0,1.0,2.56,3.02,3.05,2.55,1.51,17.0,10.0,5.0,3.0,9.0,2.0
2019-09-21,Marseille,Montpellier,1.0,1.0,1.98,3.27,4.14,2.13,1.72,24.0,3.0,5.0,2.0,15.0,1.0
2019-09-21,Bordeaux,Brest,2.0,2.0,1.77,3.48,5.03,2.17,1.69,18.0,13.0,5.0,3.0,5.0,9.0
2019-09-21,Metz,Amiens,1.0,2.0,2.09,3.08,4.04,2.65,1.48,13.0,9.0,4.0,5.0,4.0,6.0
2019-09-21,Nice,Dijon,2.0,1.0,1.75,3.64,4.91,2.07,1.76,16.0,13.0,6.0,7.0,6.0,3.0
2019-09-21,Nimes,Toulouse,1.0,0.0,2.03,3.45,3.73,1.92,1.89,19.0,9.0,4.0,2.0,5.0,7.0
2019-09-21,Reims,Monaco,0.0,0.0,2.6,3.18,2.84,2.23,1.66,16.0,12.0,4.0,4.0,6.0,3.0
2019-09-22,Rennes,Lille,1.0,1.0,2.51,3.09,3.03,2.3,1.62,11.0,15.0,3.0,6.0,4.0,8.0
2019-09-22,Angers,St Etienne,4.0,1.0,2.16,3.28,3.55,2.06,1.77,14.0,6.0,5.0,2.0,5.0,4.0
2019-09-22,Lyon,Paris SG,0.0,1.0,3.79,4.06,1.85,1.42,2.85,12.0,21.0,0.0,7.0,2.0,11.0
2019-09-24,Dijon,Marseille,0.0,0.0,3.61,3.4,2.09,2.02,1.81,18.0,9.0,6.0,2.0,8.0,3.0
2019-09-24,Monaco,Nice,3.0,1.0,1.98,3.54,3.83,1.85,1.96,17.0,10.0,5.0,3.0,5.0,7.0
2019-09-25,Amiens,Bordeaux,1.0,3.0,2.51,3.0,3.12,2.67,1.48,11.0,15.0,3.0,6.0,3.0,3.0
2019-09-25,Brest,Lyon,2.0,2.0,4.57,3.86,1.74,1.8,2.02,13.0,11.0,5.0,5.0,2.0,6.0
2019-09-25,Lille,Strasbourg,2.0,0.0,1.81,3.45,4.75,2.22,1.67,12.0,5.0,5.0,1.0,4.0,2.0
2019-09-25,Montpellier,Nimes,1.0,0.0,1.89,3.52,4.18,2.09,1.75,12.0,15.0,4.0,3.0,4.0,8.0
2019-09-25,Nantes,Rennes,1.0,0.0,2.29,3.13,3.38,2.37,1.59,8.0,6.0,2.0,2.0,2.0,4.0
2019-09-25,St Etienne,Metz,0.0,1.0,1.79,3.59,4.67,2.04,1.79,15.0,12.0,3.0,1.0,8.0,5.0
2019-09-25,Toulouse,Angers,0.0,2.0,2.68,3.21,2.73,2.13,1.72,6.0,22.0,1.0,6.0,5.0,11.0
2019-09-25,Paris SG,Reims,0.0,2.0,1.16,7.76,16.93,1.36,3.12,12.0,13.0,3.0,2.0,6.0,6.0
2019-09-28,Lyon,Nantes,0.0,1.0,1.56,4.0,6.21,1.9,1.91,14.0,11.0,7.0,2.0,7.0,8.0
2019-09-28,Bordeaux,Paris SG,0.0,1.0,5.96,4.57,1.51,1.61,2.31,4.0,21.0,1.0,7.0,0.0,9.0
2019-09-28,Angers,Amiens,1.0,1.0,1.73,3.46,5.48,2.28,1.62,23.0,8.0,6.0,4.0,10.0,2.0
2019-09-28,Metz,Toulouse,2.0,2.0,2.12,3.25,3.69,2.2,1.67,13.0,15.0,3.0,6.0,3.0,6.0
2019-09-28,Monaco,Brest,4.0,1.0,1.51,4.32,6.34,1.66,2.22,21.0,5.0,13.0,1.0,7.0,1.0
2019-09-28,Nice,Lille,1.0,1.0,2.88,3.19,2.55,2.11,1.73,12.0,11.0,5.0,6.0,6.0,5.0
2019-09-28,Reims,Dijon,1.0,2.0,1.77,3.42,5.2,2.31,1.61,18.0,11.0,2.0,4.0,5.0,4.0
2019-09-29,Strasbourg,Montpellier,1.0,0.0,2.47,3.07,3.12,2.44,1.56,8.0,11.0,3.0,3.0,1.0,6.0
2019-09-29,Nimes,St Etienne,0.0,1.0,2.32,3.39,3.07,1.87,1.94,22.0,6.0,8.0,4.0,13.0,5.0
2019-09-29,Marseille,Rennes,1.0,1.0,1.97,3.46,3.94,2.06,1.77,17.0,12.0,5.0,2.0,7.0,4.0
2019-10-04,Amiens,Marseille,3.0,1.0,3.3,3.23,2.3,2.3,1.62,11.0,13.0,5.0,4.0,3.0,7.0
2019-10-05,Paris SG,Angers,4.0,0.0,1.2,7.2,13.01,1.36,3.1,15.0,10.0,8.0,2.0,6.0,1.0
2019-10-05,Brest,Metz,2.0,0.0,2.46,3.24,2.97,2.18,1.69,7.0,12.0,3.0,4.0,2.0,9.0
2019-10-05,Dijon,Strasbourg,1.0,0.0,2.7,3.09,2.79,2.28,1.63,8.0,15.0,3.0,2.0,6.0,7.0
2019-10-05,Montpellier,Monaco,3.0,1.0,2.89,3.28,2.49,1.91,1.9,17.0,14.0,10.0,4.0,6.0,8.0
2019-10-05,Nantes,Nice,1.0,0.0,2.0,3.37,3.93,2.19,1.68,14.0,6.0,5.0,2.0,6.0,1.0
2019-10-05,Toulouse,Bordeaux,1.0,3.0,2.55,3.11,2.95,2.18,1.69,15.0,10.0,4.0,4.0,5.0,4.0
2019-10-06,Lille,Nimes,2.0,2.0,1.64,3.9,5.41,1.78,2.05,18.0,14.0,7.0,4.0,8.0,6.0
2019-10-06,Rennes,Reims,0.0,1.0,2.16,3.18,3.66,2.43,1.55,18.0,13.0,3.0,7.0,5.0,3.0
2019-10-06,St Etienne,Lyon,1.0,0.0,3.35,3.67,2.08,1.55,2.44,6.0,6.0,4.0,2.0,5.0,1.0
2019-10-18,Nice,Paris SG,1.0,4.0,7.68,4.57,1.43,1.67,2.21,10.0,24.0,2.0,10.0,1.0,13.0
2019-10-19,Lyon,Dijon,0.0,0.0,1.36,5.26,8.23,1.51,2.53,24.0,6.0,10.0,1.0,8.0,1.0
2019-10-19,Angers,Brest,0.0,1.0,1.63,3.69,6.03,2.05,1.78,29.0,6.0,6.0,1.0,13.0,3.0
2019-10-19,Metz,Nantes,1.0,0.0,2.73,3.03,2.83,2.63,1.49,10.0,9.0,2.0,2.0,3.0,3.0
2019-10-19,Nimes,Amiens,1.0,1.0,2.04,3.34,3.85,2.07,1.76,11.0,13.0,3.0,5.0,1.0,11.0
2019-10-19,Reims,Montpellier,1.0,0.0,2.2,2.97,3.85,2.64,1.48,12.0,9.0,5.0,0.0,4.0,8.0
2019-10-19,Toulouse,Lille,2.0,1.0,3.47,3.31,2.18,2.04,1.78,17.0,9.0,6.0,2.0,3.0,4.0
2019-10-20,Bordeaux,St Etienne,0.0,1.0,2.28,3.23,3.31,2.28,1.63,12.0,6.0,6.0,3.0,8.0,5.0
2019-10-20,Monaco,Rennes,3.0,2.0,1.81,3.72,4.42,1.89,1.91,14.0,10.0,5.0,3.0,3.0,3.0
2019-10-20,Marseille,Strasbourg,2.0,0.0,1.85,3.44,4.6,2.09,1.74,11.0,10.0,6.0,2.0,5.0,7.0
2019-10-25,Nantes,Monaco,0.0,1.0,2.91,3.21,2.56,2.04,1.79,15.0,7.0,4.0,2.0,5.0,3.0
2019-10-26,Lille,Bordeaux,3.0,0.0,1.81,3.59,4.54,2.08,1.75,11.0,5.0,3.0,1.0,3.0,3.0
2019-10-26,Brest,Dijon,2.0,0.0,2.34,3.19,3.21,2.22,1.66,15.0,14.0,7.0,5.0,9.0,5.0
2019-10-26,Lyon,Metz,2.0,0.0,1.44,4.47,7.55,1.78,2.04,18.0,16.0,7.0,3.0,7.0,2.0
2019-10-26,Montpellier,Angers,0.0,0.0,2.26,3.12,3.45,2.35,1.6,14.0,13.0,3.0,6.0,5.0,2.0
2019-10-26,Reims,Nimes,0.0,0.0,1.84,3.38,4.69,2.24,1.65,10.0,7.0,3.0,1.0,4.0,6.0
2019-10-26,Strasbourg,Nice,1.0,0.0,1.98,3.24,4.23,2.24,1.65,20.0,9.0,6.0,5.0,4.0,7.0
2019-10-27,Rennes,Toulouse,3.0,2.0,1.96,3.28,4.23,2.15,1.7,14.0,15.0,6.0,5.0,7.0,5.0
2019-10-27,St Etienne,Amiens,2.0,2.0,1.86,3.51,4.38,2.05,1.78,15.0,11.0,1.0,5.0,5.0,4.0
2019-10-27,Paris SG,Marseille,4.0,0.0,1.23,6.56,11.49,1.4,2.93,11.0,5.0,7.0,1.0,5.0,3.0
2019-11-01,Dijon,Paris SG,2.0,1.0,13.83,7.15,1.2,1.38,3.01,10.0,20.0,6.0,4.0,3.0,6.0
2019-11-02,Marseille,Lille,2.0,1.0,2.26,3.26,3.33,2.07,1.76,11.0,6.0,1.0,2.0,4.0,4.0
2019-11-02,Amiens,Brest,1.0,0.0,1.76,3.76,4.64,1.96,1.85,6.0,14.0,2.0,3.0,3.0,9.0
2019-11-02,Angers,Strasbourg,1.0,0.0,2.06,3.13,4.08,2.4,1.57,9.0,8.0,5.0,3.0,4.0,8.0
2019-11-02,Metz,Montpellier,2.0,2.0,2.7,3.08,2.81,2.44,1.55,11.0,12.0,4.0,4.0,5.0,3.0
2019-11-02,Toulouse,Lyon,2.0,3.0,4.42,3.77,1.79,1.72,2.13,12.0,21.0,5.0,8.0,5.0,5.0
2019-11-03,Bordeaux,Nantes,2.0,0.0,2.33,3.02,3.46,2.75,1.45,10.0,9.0,7.0,2.0,6.0,9.0
2019-11-03,Nice,Reims,2.0,0.0,2.63,3.05,2.9,2.5,1.53,12.0,11.0,6.0,3.0,5.0,4.0
2019-11-03,St Etienne,Monaco,1.0,0.0,2.83,3.49,2.43,1.72,2.13,12.0,11.0,5.0,2.0,2.0,1.0
2019-11-08,Nice,Bordeaux,1.0,1.0,2.43,3.07,3.2,2.41,1.57,10.0,10.0,5.0,4.0,3.0,4.0
2019-11-09,Brest,Paris SG,1.0,2.0,12.04,6.87,1.22,1.43,2.81,17.0,18.0,4.0,8.0,5.0,4.0
2019-11-09,Lille,Metz,0.0,0.0,1.59,3.94,5.98,2.14,1.71,13.0,4.0,5.0,1.0,9.0,1.0
2019-11-09,Monaco,Dijon,1.0,0.0,1.41,4.78,7.43,1.57,2.4,18.0,15.0,7.0,3.0,6.0,9.0
2019-11-09,Reims,Angers,0.0,0.0,2.29,3.0,3.56,2.69,1.46,9.0,13.0,2.0,2.0,2.0,12.0
2019-11-09,Strasbourg,Nimes,4.0,1.0,1.89,3.36,4.46,2.22,1.66,20.0,10.0,10.0,4.0,2.0,2.0
2019-11-10,Rennes,Amiens,3.0,1.0,2.14,3.27,3.59,2.21,1.67,22.0,13.0,11.0,6.0,5.0,3.0
2019-11-10,Montpellier,Toulouse,3.0,0.0,1.78,3.55,4.77,2.1,1.74,8.0,6.0,3.0,2.0,1.0,3.0
2019-11-10,Nantes,St Etienne,2.0,3.0,2.12,3.16,3.81,2.43,1.56,9.0,11.0,6.0,4.0,3.0,3.0
2019-11-10,Marseille,Lyon,2.0,1.0,2.62,3.39,2.65,1.84,1.98,10.0,11.0,4.0,4.0,6.0,7.0
2019-11-22,Paris SG,Lille,2.0,0.0,1.27,5.92,10.59,1.45,2.69,11.0,13.0,4.0,8.0,6.0,5.0
2019-11-23,Lyon,Nice,2.0,1.0,1.45,4.48,7.03,1.71,2.15,9.0,17.0,4.0,7.0,3.0,6.0
2019-11-23,Amiens,Strasbourg,0.0,4.0,2.47,3.02,3.15,2.36,1.59,5.0,17.0,0.0,9.0,3.0,7.0
2019-11-23,Angers,Nimes,1.0,0.0,1.7,3.68,5.2,2.06,1.77,21.0,10.0,7.0,2.0,3.0,2.0
2019-11-23,Brest,Nantes,1.0,1.0,2.88,3.11,2.59,2.26,1.64,13.0,11.0,4.0,4.0,6.0,5.0
2019-11-23,Dijon,Rennes,2.0,1.0,2.85,3.27,2.52,2.12,1.72,16.0,11.0,6.0,4.0,4.0,4.0
2019-11-23,Metz,Reims,1.0,1.0,2.8,2.9,2.84,2.79,1.44,9.0,18.0,2.0,6.0,6.0,5.0
2019-11-24,Bordeaux,Monaco,2.0,1.0,3.28,3.48,2.17,1.87,1.94,17.0,11.0,6.0,3.0,5.0,12.0
2019-11-24,St Etienne,Montpellier,0.0,0.0,2.33,3.21,3.19,2.28,1.63,9.0,8.0,2.0,2.0,1.0,5.0
2019-11-24,Toulouse,Marseille,0.0,2.0,3.17,3.42,2.23,1.99,1.82,10.0,14.0,3.0,7.0,1.0,7.0
2019-11-29,Marseille,Brest,2.0,1.0,1.41,4.6,8.21,1.81,2.01,34.0,4.0,10.0,1.0,8.0,0.0
2019-11-30,Strasbourg,Lyon,1.0,2.0,2.76,3.23,2.62,2.0,1.82,9.0,8.0,2.0,4.0,3.0,1.0
2019-11-30,Lille,Dijon,1.0,0.0,1.51,4.12,6.82,1.95,1.87,19.0,8.0,5.0,0.0,11.0,3.0
2019-11-30,Montpellier,Amiens,4.0,2.0,1.78,3.46,4.85,2.28,1.62,20.0,6.0,10.0,2.0,4.0,2.0
2019-11-30,Nice,Angers,3.0,1.0,2.59,3.03,2.95,2.41,1.56,10.0,10.0,7.0,4.0,0.0,7.0
2019-11-30,Nimes,Metz,1.0,1.0,2.01,3.3,3.95,2.26,1.64,14.0,10.0,3.0,4.0,6.0,2.0
2019-11-30,Reims,Bordeaux,1.0,1.0,2.04,3.09,4.19,2.74,1.45,19.0,5.0,6.0,1.0,15.0,2.0
2019-12-01,Nantes,Toulouse,2.0,1.0,1.8,3.49,4.75,2.08,1.75,21.0,7.0,8.0,3.0,10.0,4.0
2019-12-01,Rennes,St Etienne,2.0,1.0,1.98,3.34,4.03,2.18,1.69,14.0,5.0,5.0,1.0,6.0,1.0
2019-12-03,Angers,Marseille,0.0,2.0,2.92,3.24,2.51,2.12,1.73,9.0,10.0,2.0,4.0,3.0,1.0
2019-12-03,Bordeaux,Nimes,6.0,0.0,1.92,3.34,4.38,2.26,1.64,12.0,7.0,8.0,1.0,0.0,6.0
2019-12-03,Brest,Strasbourg,5.0,0.0,3.4,3.18,2.27,2.3,1.62,11.0,9.0,8.0,3.0,3.0,7.0
2019-12-03,Lyon,Lille,0.0,1.0,2.0,3.49,3.81,1.9,1.91,11.0,8.0,3.0,2.0,9.0,1.0
2019-12-04,Dijon,Montpellier,2.0,2.0,3.08,3.08,2.47,2.46,1.54,18.0,18.0,2.0,6.0,12.0,6.0
2019-12-04,Metz,Rennes,0.0,1.0,3.01,3.06,2.54,2.54,1.52,20.0,12.0,4.0,2.0,8.0,8.0
2019-12-04,St Etienne,Nice,4.0,1.0,2.36,3.29,3.07,2.13,1.72,15.0,16.0,7.0,4.0,8.0,5.0
2019-12-04,Toulouse,Monaco,1.0,2.0,3.86,3.8,1.88,1.69,2.18,14.0,18.0,3.0,7.0,2.0,6.0
2019-12-04,Paris SG,Nantes,2.0,0.0,1.15,7.69,18.03,1.46,2.69,10.0,11.0,6.0,4.0,5.0,9.0
2019-12-06,Lille,Brest,1.0,0.0,1.37,4.87,8.67,1.79,2.04,16.0,6.0,10.0,0.0,7.0,3.0
2019-12-06,Nimes,Lyon,0.0,4.0,4.41,4.0,1.75,1.73,2.1,6.0,22.0,2.0,8.0,1.0,5.0
2019-12-07,Montpellier,Paris SG,1.0,3.0,6.57,4.55,1.47,1.59,2.33,6.0,14.0,1.0,5.0,4.0,4.0
2019-12-07,Monaco,Amiens,3.0,0.0,1.45,4.63,6.82,1.63,2.27,20.0,5.0,8.0,2.0,8.0,1.0
2019-12-07,Nice,Metz,4.0,1.0,1.79,3.51,4.79,2.06,1.76,14.0,18.0,5.0,3.0,2.0,4.0
2019-12-07,Rennes,Angers,2.0,1.0,2.11,3.21,3.75,2.21,1.67,8.0,12.0,3.0,1.0,4.0,4.0
2019-12-07,Strasbourg,Toulouse,4.0,2.0,1.7,3.87,4.89,1.9,1.9,18.0,14.0,7.0,9.0,3.0,5.0
2019-12-08,Reims,St Etienne,3.0,1.0,1.99,3.26,4.1,2.48,1.54,10.0,11.0,3.0,4.0,1.0,2.0
2019-12-08,Nantes,Dijon,1.0,0.0,1.8,3.67,4.48,2.09,1.74,17.0,5.0,6.0,1.0,9.0,1.0
2019-12-08,Marseille,Bordeaux,3.0,1.0,1.61,4.1,5.37,1.9,1.9,25.0,3.0,6.0,2.0,7.0,0.0
2019-12-13,Lille,Montpellier,2.0,1.0,1.76,3.56,5.03,2.21,1.67,14.0,10.0,9.0,4.0,4.0,5.0
2019-12-14,Metz,Marseille,1.0,1.0,4.53,3.68,1.79,2.1,1.73,6.0,16.0,3.0,5.0,1.0,7.0
2019-12-14,Amiens,Dijon,1.0,1.0,2.03,3.33,3.88,2.15,1.7,6.0,10.0,2.0,5.0,5.0,3.0
2019-12-14,Angers,Monaco,0.0,0.0,3.15,3.44,2.26,1.76,2.06,10.0,7.0,5.0,2.0,7.0,6.0
2019-12-14,Brest,Nice,0.0,0.0,2.66,3.29,2.68,1.92,1.88,16.0,15.0,4.0,7.0,5.0,6.0
2019-12-14,Nimes,Nantes,0.0,1.0,3.28,3.16,2.32,2.34,1.59,16.0,10.0,4.0,5.0,9.0,3.0
2019-12-14,Toulouse,Reims,0.0,1.0,3.19,3.17,2.37,2.3,1.61,9.0,10.0,5.0,4.0,4.0,8.0
2019-12-15,Bordeaux,Strasbourg,0.0,1.0,2.25,3.17,3.41,2.32,1.6,13.0,7.0,3.0,4.0,5.0,7.0
2019-12-15,Lyon,Rennes,0.0,1.0,1.69,3.84,4.99,1.84,1.97,10.0,12.0,3.0,6.0,5.0,7.0
2019-12-15,St Etienne,Paris SG,0.0,4.0,7.59,5.15,1.37,1.53,2.48,11.0,21.0,2.0,13.0,5.0,2.0
2019-12-21,Dijon,Metz,2.0,2.0,2.12,3.18,3.76,2.44,1.55,19.0,9.0,5.0,3.0,3.0,5.0
2019-12-21,Marseille,Nimes,3.0,1.0,1.28,5.69,10.19,1.63,2.27,19.0,12.0,9.0,5.0,7.0,4.0
2019-12-21,Monaco,Lille,5.0,1.0,2.1,3.52,3.4,1.86,1.95,15.0,9.0,6.0,4.0,5.0,6.0
2019-12-21,Montpellier,Brest,4.0,0.0,1.56,3.91,6.36,2.01,1.8,17.0,17.0,6.0,4.0,3.0,2.0
2019-12-21,Nantes,Angers,1.0,2.0,2.12,3.09,3.86,2.51,1.52,9.0,13.0,1.0,7.0,5.0,4.0
2019-12-21,Nice,Toulouse,3.0,0.0,1.67,4.01,4.84,1.77,2.05,15.0,8.0,5.0,0.0,12.0,4.0
2019-12-21,Paris SG,Amiens,4.0,1.0,1.07,11.65,28.83,1.22,4.09,22.0,8.0,10.0,3.0,7.0,3.0
2019-12-21,Reims,Lyon,1.0,1.0,2.82,3.02,2.71,2.36,1.58,12.0,15.0,3.0,4.0,4.0,4.0
2019-12-21,Rennes,Bordeaux,1.0,0.0,2.03,3.27,3.93,2.31,1.61,12.0,13.0,5.0,2.0,2.0,8.0
2019-12-21,Strasbourg,St Etienne,2.0,1.0,2.08,3.26,3.76,2.24,1.64,5.0,6.0,3.0,1.0,2.0,7.0
2020-01-10,Rennes,Marseille,0.0,1.0,2.62,3.09,2.89,2.18,1.68,9.0,10.0,2.0,4.0,4.0,1.0
2020-01-11,Bordeaux,Lyon,1.0,2.0,3.3,3.25,2.26,2.2,1.67,5.0,22.0,2.0,6.0,5.0,4.0
2020-01-11,Amiens,Montpellier,1.0,2.0,3.51,3.16,2.21,2.42,1.55,7.0,11.0,3.0,4.0,4.0,1.0
2020-01-11,Angers,Nice,1.0,1.0,1.96,3.45,3.95,2.13,1.71,16.0,8.0,9.0,2.0,7.0,2.0
2020-01-11,Metz,Strasbourg,1.0,0.0,3.0,2.98,2.59,2.56,1.5,9.0,14.0,4.0,3.0,1.0,6.0
2020-01-11,Nimes,Reims,2.0,0.0,3.33,3.04,2.36,2.54,1.51,13.0,6.0,4.0,2.0,5.0,3.0
2020-01-11,Toulouse,Brest,2.0,5.0,2.23,3.36,3.26,1.87,1.93,12.0,15.0,5.0,9.0,5.0,6.0
2020-01-12,St Etienne,Nantes,0.0,2.0,2.53,3.02,3.04,2.55,1.51,10.0,11.0,1.0,4.0,2.0,1.0
2020-01-12,Dijon,Lille,1.0,0.0,4.04,3.36,1.97,2.2,1.67,15.0,12.0,7.0,6.0,2.0,7.0
2020-01-12,Paris SG,Monaco,3.0,3.0,1.21,7.23,11.02,1.23,4.04,13.0,16.0,6.0,6.0,7.0,7.0
2020-01-15,Amiens,Reims,1.0,1.0,2.78,2.93,2.82,2.76,1.44,6.0,6.0,3.0,1.0,2.0,1.0
2020-01-15,Nimes,Rennes,0.0,1.0,3.23,3.16,2.33,2.24,1.64,6.0,8.0,1.0,2.0,3.0,2.0
2020-01-15,Monaco,Paris SG,1.0,4.0,5.7,5.0,1.47,1.29,3.54,13.0,17.0,4.0,12.0,3.0,5.0
2020-01-24,Nice,Rennes,1.0,1.0,2.66,3.04,2.89,2.28,1.62,23.0,21.0,4.0,5.0,9.0,8.0
2020-01-25,Marseille,Angers,0.0,0.0,1.79,3.69,4.46,2.01,1.8,9.0,4.0,2.0,0.0,4.0,2.0
2020-01-25,Brest,Amiens,2.0,1.0,2.09,3.37,3.59,2.09,1.74,10.0,8.0,3.0,3.0,2.0,7.0
2020-01-25,Monaco,Strasbourg,1.0,3.0,1.61,4.1,5.33,1.69,2.17,12.0,11.0,3.0,7.0,5.0,5.0
2020-01-25,Montpellier,Dijon,2.0,1.0,1.64,3.78,5.62,2.15,1.7,16.0,6.0,5.0,2.0,3.0,1.0
2020-01-25,Reims,Metz,0.0,1.0,1.92,3.1,4.79,2.93,1.39,16.0,7.0,2.0,4.0,11.0,1.0
2020-01-25,St Etienne,Nimes,2.0,1.0,1.77,3.62,4.73,2.06,1.76,13.0,12.0,6.0,4.0,6.0,5.0
2020-01-26,Lyon,Toulouse,3.0,0.0,1.29,5.76,9.7,1.47,2.66,13.0,10.0,5.0,4.0,8.0,2.0
2020-01-26,Nantes,Bordeaux,0.0,1.0,1.91,3.25,4.53,2.62,1.48,7.0,11.0,0.0,2.0,0.0,2.0
2020-01-26,Lille,Paris SG,0.0,2.0,6.41,4.81,1.45,1.49,2.61,9.0,12.0,2.0,5.0,6.0,3.0
2020-01-31,Rennes,Nantes,3.0,2.0,2.01,3.12,4.3,2.49,1.52,13.0,8.0,9.0,5.0,5.0,5.0
2020-02-01,Paris SG,Montpellier,5.0,0.0,1.14,8.09,19.4,1.41,2.86,20.0,6.0,9.0,2.0,12.0,2.0
2020-02-01,Amiens,Toulouse,0.0,0.0,2.02,3.35,3.84,2.09,1.73,9.0,12.0,4.0,1.0,8.0,4.0
2020-02-01,Angers,Reims,1.0,4.0,2.14,2.97,4.01,2.98,1.39,15.0,12.0,4.0,4.0,2.0,4.0
2020-02-01,Dijon,Brest,3.0,0.0,2.06,3.45,3.58,1.95,1.86,12.0,19.0,5.0,4.0,6.0,6.0
2020-02-01,Nimes,Monaco,3.0,1.0,4.46,4.04,1.72,1.67,2.2,22.0,6.0,8.0,4.0,7.0,1.0
2020-02-01,Strasbourg,Lille,1.0,2.0,2.65,2.97,2.94,2.52,1.52,13.0,9.0,3.0,4.0,3.0,7.0
2020-02-02,Nice,Lyon,2.0,1.0,3.41,3.52,2.1,1.76,2.06,12.0,14.0,7.0,7.0,4.0,10.0
2020-02-02,Metz,St Etienne,3.0,1.0,2.63,2.96,2.98,2.56,1.5,10.0,17.0,6.0,7.0,3.0,8.0
2020-02-02,Bordeaux,Marseille,0.0,0.0,3.32,3.19,2.28,2.28,1.63,12.0,16.0,3.0,4.0,3.0,10.0
2020-02-04,Lille,Rennes,1.0,0.0,2.06,3.31,3.79,2.24,1.64,14.0,11.0,3.0,4.0,5.0,2.0
2020-02-04,Monaco,Angers,1.0,0.0,1.99,3.46,3.84,1.83,1.97,6.0,16.0,3.0,4.0,1.0,8.0
2020-02-04,Nantes,Paris SG,1.0,2.0,8.86,5.36,1.33,1.56,2.4,15.0,19.0,5.0,7.0,4.0,7.0
2020-02-05,Brest,Bordeaux,1.0,1.0,2.51,3.2,2.91,2.19,1.67,17.0,13.0,3.0,5.0,8.0,5.0
2020-02-05,Lyon,Amiens,0.0,0.0,1.32,5.13,9.65,1.69,2.16,10.0,7.0,3.0,2.0,5.0,3.0
2020-02-05,Montpellier,Metz,1.0,1.0,1.73,3.33,5.68,2.44,1.55,12.0,18.0,7.0,8.0,6.0,8.0
2020-02-05,Nimes,Dijon,2.0,0.0,2.31,3.22,3.21,2.21,1.66,11.0,10.0,5.0,3.0,2.0,2.0
2020-02-05,Reims,Nice,1.0,1.0,2.16,3.1,3.72,2.5,1.52,15.0,5.0,4.0,4.0,9.0,6.0
2020-02-05,Toulouse,Strasbourg,0.0,1.0,3.35,3.08,2.32,2.3,1.61,12.0,15.0,1.0,6.0,5.0,2.0
2020-02-05,St Etienne,Marseille,0.0,2.0,2.99,3.22,2.44,2.13,1.71,11.0,5.0,3.0,3.0,6.0,2.0
2020-02-07,Angers,Lille,0.0,2.0,2.89,3.03,2.66,2.51,1.52,9.0,12.0,1.0,4.0,6.0,2.0
2020-02-08,Marseille,Toulouse,1.0,0.0,1.32,5.21,9.75,1.74,2.09,12.0,10.0,3.0,3.0,5.0,5.0
2020-02-08,Amiens,Monaco,1.0,2.0,3.78,3.53,1.97,1.91,1.88,8.0,12.0,1.0,6.0,3.0,9.0
2020-02-08,Dijon,Nantes,3.0,3.0,2.6,3.13,2.87,2.32,1.6,17.0,8.0,4.0,2.0,9.0,4.0
2020-02-08,Metz,Bordeaux,1.0,2.0,2.57,3.03,2.98,2.6,1.48,11.0,15.0,4.0,5.0,5.0,13.0
2020-02-08,Nice,Nimes,1.0,3.0,1.94,3.5,3.96,2.02,1.79,6.0,10.0,3.0,5.0,1.0,7.0
2020-02-08,Rennes,Brest,0.0,0.0,1.55,4.13,5.98,1.84,1.97,17.0,8.0,2.0,3.0,6.0,0.0
2020-02-09,Montpellier,St Etienne,1.0,0.0,2.15,3.17,3.66,2.4,1.56,8.0,17.0,3.0,5.0,3.0,6.0
2020-02-09,Strasbourg,Reims,3.0,0.0,2.21,2.95,3.83,2.81,1.42,12.0,5.0,5.0,0.0,9.0,8.0
2020-02-09,Paris SG,Lyon,4.0,2.0,1.27,6.25,9.49,1.26,3.77,16.0,7.0,5.0,2.0,6.0,3.0
2020-02-14,Monaco,Montpellier,1.0,0.0,1.77,3.64,4.68,1.86,1.95,16.0,13.0,2.0,2.0,2.0,4.0
2020-02-15,Amiens,Paris SG,4.0,4.0,8.31,5.68,1.32,1.43,2.8,11.0,15.0,5.0,10.0,2.0,6.0
2020-02-15,Bordeaux,Dijon,2.0,2.0,1.83,3.37,4.72,2.32,1.6,11.0,6.0,2.0,3.0,13.0,1.0
2020-02-15,Nantes,Metz,0.0,0.0,1.91,3.23,4.51,2.42,1.56,18.0,7.0,7.0,2.0,11.0,6.0
2020-02-15,Nimes,Angers,1.0,0.0,2.73,3.08,2.76,2.36,1.58,11.0,10.0,2.0,0.0,7.0,5.0
2020-02-15,Toulouse,Nice,0.0,2.0,2.47,3.43,2.79,1.85,1.95,19.0,14.0,5.0,4.0,7.0,5.0
2020-02-16,Lyon,Strasbourg,1.0,1.0,1.71,3.61,5.28,1.94,1.86,5.0,7.0,2.0,1.0,3.0,2.0
2020-02-16,Brest,St Etienne,3.0,2.0,2.77,3.2,2.62,2.03,1.78,10.0,11.0,3.0,4.0,0.0,5.0
2020-02-16,Reims,Rennes,1.0,0.0,2.67,2.9,2.99,2.92,1.4,11.0,4.0,3.0,2.0,7.0,2.0
2020-02-16,Lille,Marseille,1.0,2.0,2.21,3.23,3.43,2.31,1.61,13.0,5.0,3.0,2.0,4.0,5.0
2020-02-21,Nice,Brest,2.0,2.0,1.96,3.63,3.74,1.71,2.13,19.0,9.0,6.0,3.0,9.0,3.0
2020-02-21,Metz,Lyon,0.0,2.0,4.31,3.39,1.91,2.32,1.6,7.0,12.0,0.0,6.0,5.0,4.0
2020-02-22,Marseille,Nantes,1.0,3.0,1.75,3.48,5.11,2.3,1.61,16.0,8.0,5.0,4.0,4.0,1.0
2020-02-22,Angers,Montpellier,1.0,0.0,2.46,3.03,3.15,2.57,1.5,12.0,10.0,8.0,2.0,6.0,8.0
2020-02-22,Dijon,Monaco,1.0,1.0,3.76,3.54,1.98,1.79,2.02,12.0,17.0,2.0,6.0,2.0,3.0
2020-02-22,Lille,Toulouse,3.0,0.0,1.37,4.71,8.73,1.85,1.95,18.0,7.0,9.0,1.0,5.0,0.0
2020-02-22,Strasbourg,Amiens,0.0,0.0,1.73,3.57,5.09,2.23,1.65,15.0,3.0,3.0,1.0,5.0,5.0
2020-02-23,St Etienne,Reims,1.0,1.0,2.27,3.05,3.49,2.62,1.48,7.0,12.0,4.0,2.0,8.0,6.0
2020-02-23,Rennes,Nimes,2.0,1.0,1.69,3.54,5.59,2.04,1.77,26.0,9.0,8.0,2.0,10.0,1.0
2020-02-23,Paris SG,Bordeaux,4.0,3.0,1.13,8.43,18.52,1.37,3.06,23.0,12.0,9.0,7.0,10.0,7.0
2020-02-28,Nimes,Marseille,2.0,3.0,3.31,3.26,2.26,2.3,1.61,16.0,13.0,6.0,4.0,8.0,9.0
2020-02-29,Paris SG,Dijon,4.0,0.0,1.13,9.12,17.52,1.22,4.12,23.0,9.0,11.0,3.0,8.0,0.0
2020-02-29,Amiens,Metz,0.0,1.0,2.09,3.14,3.9,2.59,1.49,12.0,13.0,5.0,6.0,6.0,3.0
2020-02-29,Brest,Angers,0.0,1.0,2.6,3.2,2.8,2.14,1.7,16.0,6.0,4.0,2.0,12.0,0.0
2020-02-29,Monaco,Reims,1.0,1.0,1.68,3.77,5.16,1.97,1.83,19.0,16.0,7.0,8.0,3.0,2.0
2020-02-29,Montpellier,Strasbourg,3.0,0.0,2.29,3.1,3.39,2.46,1.54,23.0,15.0,11.0,7.0,5.0,7.0
2020-02-29,Toulouse,Rennes,0.0,2.0,3.52,3.46,2.08,2.02,1.78,15.0,11.0,2.0,4.0,9.0,3.0
2020-03-01,Nantes,Lille,0.0,1.0,2.97,3.03,2.59,2.45,1.54,6.0,15.0,3.0,5.0,3.0,12.0
2020-03-01,Bordeaux,Nice,1.0,1.0,1.94,3.51,3.97,1.98,1.82,12.0,9.0,4.0,4.0,10.0,3.0
2020-03-01,Lyon,St Etienne,2.0,0.0,1.65,3.91,5.23,1.86,1.94,16.0,8.0,9.0,4.0,5.0,4.0
2020-03-06,Marseille,Amiens,2.0,2.0,1.57,3.99,6.13,2.09,1.74,13.0,12.0,6.0,3.0,4.0,4.0
2020-03-07,Angers,Nantes,2.0,0.0,2.38,3.06,3.28,2.59,1.48,7.0,15.0,3.0,4.0,4.0,6.0
2020-03-07,Dijon,Toulouse,2.0,1.0,1.87,3.58,4.24,1.99,1.81,15.0,6.0,3.0,2.0,5.0,1.0
2020-03-07,Metz,Nimes,2.0,1.0,2.41,3.08,3.2,2.52,1.52,14.0,16.0,5.0,7.0,8.0,6.0
2020-03-07,Nice,Monaco,2.0,1.0,3.33,3.65,2.09,1.65,2.22,12.0,14.0,5.0,4.0,6.0,3.0
2020-03-07,Reims,Brest,1.0,0.0,1.82,3.45,4.68,2.42,1.55,12.0,12.0,3.0,4.0,5.0,5.0
2020-03-08,St Etienne,Bordeaux,1.0,1.0,2.27,3.21,3.33,2.32,1.6,11.0,9.0,4.0,2.0,7.0,4.0
2020-03-08,Rennes,Montpellier,5.0,0.0,2.1,3.24,3.73,2.32,1.6,16.0,11.0,9.0,1.0,2.0,7.0
2020-03-08,Lille,Lyon,1.0,0.0,2.14,3.33,3.52,2.13,1.7,13.0,9.0,3.0,2.0,4.0,3.0
2020-08-21,Bordeaux,Nantes,0.0,0.0,2.47,2.95,3.25,2.85,1.42,5.0,6.0,1.0,1.0,2.0,3.0
2020-08-22,Dijon,Angers,0.0,1.0,2.73,3.07,2.77,2.4,1.57,9.0,12.0,1.0,4.0,3.0,9.0
2020-08-22,Lille,Rennes,1.0,1.0,2.27,3.18,3.36,2.29,1.62,5.0,16.0,1.0,3.0,4.0,2.0
2020-08-23,Monaco,Reims,2.0,2.0,1.92,3.45,4.16,2.25,1.65,22.0,9.0,5.0,3.0,8.0,1.0
2020-08-23,Lorient,Strasbourg,3.0,1.0,2.56,3.13,2.91,2.32,1.61,10.0,7.0,7.0,1.0,6.0,1.0
2020-08-23,Nimes,Brest,4.0,0.0,2.24,3.32,3.27,2.07,1.76,12.0,10.0,5.0,3.0,4.0,4.0
2020-08-23,Nice,Lens,2.0,1.0,2.02,3.34,3.88,2.11,1.73,4.0,17.0,2.0,4.0,1.0,7.0
2020-08-28,Lyon,Dijon,4.0,1.0,1.3,5.41,10.01,1.66,2.24,27.0,6.0,12.0,2.0,13.0,2.0
2020-08-29,Rennes,Montpellier,2.0,1.0,2.04,3.28,3.9,2.31,1.62,16.0,11.0,7.0,3.0,2.0,1.0
2020-08-29,Strasbourg,Nice,0.0,2.0,2.23,3.31,3.31,2.06,1.77,6.0,3.0,0.0,2.0,3.0,1.0
2020-08-30,Reims,Lille,0.0,1.0,3.03,3.0,2.56,2.52,1.52,4.0,10.0,0.0,3.0,1.0,2.0
2020-08-30,Angers,Bordeaux,0.0,2.0,2.28,3.1,3.44,2.55,1.51,12.0,7.0,2.0,7.0,5.0,7.0
2020-08-30,Metz,Monaco,0.0,1.0,3.74,3.48,2.01,1.98,1.83,14.0,3.0,4.0,2.0,10.0,1.0
2020-08-30,Nantes,Nimes,2.0,1.0,1.96,3.25,4.28,2.32,1.61,8.0,17.0,5.0,9.0,4.0,8.0
2020-08-30,St Etienne,Lorient,2.0,0.0,2.27,3.23,3.29,2.25,1.64,13.0,6.0,5.0,1.0,2.0,5.0
2020-08-30,Brest,Marseille,2.0,3.0,3.36,3.64,2.09,1.79,2.01,19.0,7.0,4.0,4.0,10.0,2.0
2020-09-10,Lens,Paris SG,1.0,0.0,4.9,3.96,1.68,1.88,1.93,7.0,8.0,3.0,1.0,4.0,2.0
2020-09-11,Bordeaux,Lyon,0.0,0.0,4.31,3.46,1.89,2.07,1.76,5.0,20.0,0.0,3.0,4.0,5.0
2020-09-12,Montpellier,Nice,3.0,1.0,2.21,3.25,3.4,2.16,1.7,20.0,9.0,13.0,1.0,8.0,9.0
2020-09-12,St Etienne,Strasbourg,2.0,0.0,2.16,3.23,3.56,2.32,1.61,10.0,14.0,4.0,7.0,6.0,3.0
2020-09-13,Lille,Metz,1.0,0.0,1.56,3.82,6.65,2.2,1.67,16.0,5.0,6.0,1.0,8.0,3.0
2020-09-13,Angers,Reims,1.0,0.0,2.39,2.96,3.36,2.79,1.43,20.0,7.0,7.0,2.0,1.0,2.0
2020-09-13,Dijon,Brest,0.0,2.0,2.5,3.17,2.97,2.14,1.71,7.0,19.0,3.0,5.0,5.0,7.0
2020-09-13,Lorient,Lens,2.0,3.0,2.15,3.3,3.52,2.24,1.65,6.0,12.0,3.0,6.0,4.0,2.0
2020-09-13,Nimes,Rennes,2.0,4.0,3.29,3.24,2.27,2.21,1.67,17.0,10.0,9.0,6.0,8.0,4.0
2020-09-13,Monaco,Nantes,2.0,1.0,1.93,3.55,3.93,1.9,1.91,18.0,7.0,5.0,2.0,9.0,4.0
2020-09-13,Paris SG,Marseille,0.0,1.0,1.68,4.52,4.28,1.47,2.66,14.0,5.0,4.0,2.0,4.0,2.0
2020-09-15,Montpellier,Lyon,2.0,1.0,3.79,3.39,2.05,2.03,1.79,10.0,19.0,3.0,7.0,4.0,11.0
2020-09-16,Paris SG,Metz,1.0,0.0,1.26,6.33,9.36,1.47,2.64,20.0,7.0,8.0,1.0,8.0,2.0
2020-09-17,Marseille,St Etienne,0.0,2.0,2.01,3.33,3.95,2.12,1.73,13.0,12.0,2.0,5.0,7.0,6.0
2020-09-18,Lyon,Nimes,0.0,0.0,1.31,5.59,9.76,1.53,2.52,16.0,10.0,3.0,3.0,9.0,2.0
2020-09-19,Lens,Bordeaux,2.0,1.0,2.36,3.07,3.32,2.35,1.6,19.0,7.0,5.0,3.0,7.0,0.0
2020-09-19,Rennes,Monaco,2.0,1.0,2.32,3.37,3.1,1.84,1.98,14.0,14.0,3.0,2.0,9.0,10.0
2020-09-20,Nice,Paris SG,0.0,3.0,7.45,4.7,1.42,1.77,2.06,14.0,14.0,5.0,6.0,4.0,7.0
2020-09-20,Brest,Lorient,3.0,2.0,2.38,3.22,3.11,2.11,1.74,14.0,9.0,6.0,4.0,4.0,6.0
2020-09-20,Metz,Reims,2.0,1.0,2.63,2.87,3.1,2.87,1.42,14.0,10.0,4.0,4.0,8.0,5.0
2020-09-20,Montpellier,Angers,4.0,1.0,2.14,3.27,3.6,2.3,1.62,14.0,14.0,9.0,3.0,6.0,3.0
2020-09-20,Strasbourg,Dijon,1.0,0.0,1.7,3.74,5.15,2.08,1.75,17.0,6.0,6.0,2.0,8.0,2.0
2020-09-20,Nantes,St Etienne,2.0,2.0,2.32,3.2,3.25,2.41,1.58,15.0,6.0,3.0,4.0,4.0,2.0
2020-09-20,Marseille,Lille,1.0,1.0,2.34,3.19,3.22,2.38,1.59,11.0,14.0,2.0,7.0,5.0,4.0
2020-09-25,Lille,Nantes,2.0,0.0,1.68,3.67,5.55,2.27,1.63,12.0,12.0,4.0,6.0,4.0,7.0
2020-09-26,St Etienne,Rennes,0.0,3.0,2.84,3.12,2.62,2.2,1.67,6.0,10.0,4.0,6.0,6.0,4.0
2020-09-26,Marseille,Metz,1.0,1.0,1.66,3.67,5.68,2.21,1.67,17.0,14.0,3.0,3.0,5.0,5.0
2020-09-27,Bordeaux,Nice,0.0,0.0,2.18,3.19,3.54,2.31,1.61,18.0,13.0,5.0,2.0,7.0,7.0
2020-09-27,Angers,Brest,3.0,2.0,2.08,3.26,3.76,2.18,1.68,12.0,14.0,5.0,6.0,6.0,1.0
2020-09-27,Dijon,Montpellier,2.0,2.0,4.22,3.65,1.84,1.91,1.89,15.0,14.0,6.0,5.0,6.0,13.0
2020-09-27,Monaco,Strasbourg,3.0,2.0,1.86,3.56,4.23,1.83,1.97,11.0,11.0,5.0,5.0,6.0,2.0
2020-09-27,Nimes,Lens,1.0,1.0,2.65,3.28,2.69,2.01,1.8,13.0,15.0,4.0,6.0,5.0,7.0
2020-09-27,Lorient,Lyon,1.0,1.0,5.33,4.13,1.61,1.76,2.06,4.0,19.0,2.0,6.0,1.0,5.0
2020-09-27,Reims,Paris SG,0.0,2.0,11.43,6.15,1.25,1.52,2.52,8.0,21.0,3.0,7.0,3.0,7.0
2020-10-02,Paris SG,Angers,6.0,1.0,1.09,10.94,23.63,1.22,4.16,18.0,8.0,12.0,2.0,6.0,2.0
2020-10-03,Lens,St Etienne,2.0,0.0,2.04,3.38,3.76,2.18,1.68,13.0,2.0,5.0,1.0,12.0,0.0
2020-10-03,Nice,Nantes,2.0,1.0,2.44,3.23,3.0,2.21,1.66,18.0,11.0,7.0,1.0,9.0,2.0
2020-10-04,Montpellier,Nimes,0.0,1.0,1.69,3.79,5.12,1.85,1.96,12.0,8.0,2.0,1.0,8.0,2.0
2020-10-04,Bordeaux,Dijon,3.0,0.0,1.69,3.78,5.08,2.05,1.77,17.0,5.0,7.0,1.0,5.0,4.0
2020-10-04,Brest,Monaco,1.0,0.0,3.04,3.65,2.22,1.71,2.14,7.0,21.0,5.0,2.0,1.0,8.0
2020-10-04,Metz,Lorient,3.0,1.0,2.27,3.26,3.26,2.36,1.58,16.0,10.0,8.0,4.0,4.0,3.0
2020-10-04,Strasbourg,Lille,0.0,3.0,3.29,3.26,2.26,2.26,1.63,14.0,12.0,3.0,6.0,11.0,1.0
2020-10-04,Rennes,Reims,2.0,2.0,1.65,3.76,5.64,2.2,1.67,18.0,9.0,3.0,4.0,10.0,2.0
2020-10-04,Lyon,Marseille,1.0,1.0,1.7,3.84,4.9,1.91,1.9,24.0,4.0,3.0,1.0,19.0,5.0
2020-10-16,Dijon,Rennes,1.0,1.0,5.02,3.92,1.68,1.84,1.97,12.0,12.0,4.0,3.0,3.0,5.0
2020-10-16,Nimes,Paris SG,0.0,4.0,7.19,5.02,1.41,1.55,2.44,5.0,30.0,2.0,11.0,1.0,9.0
2020-10-17,Reims,Lorient,1.0,3.0,2.11,3.36,3.56,2.18,1.68,6.0,14.0,3.0,4.0,3.0,6.0
2020-10-17,Marseille,Bordeaux,3.0,1.0,2.03,3.39,3.79,2.12,1.72,6.0,8.0,4.0,4.0,6.0,10.0
2020-10-18,Strasbourg,Lyon,2.0,3.0,3.46,3.34,2.14,2.03,1.77,20.0,14.0,9.0,8.0,4.0,2.0
2020-10-18,Angers,Metz,1.0,1.0,2.04,3.33,3.84,2.29,1.62,7.0,7.0,2.0,3.0,2.0,5.0
2020-10-18,Monaco,Montpellier,1.0,1.0,1.5,4.64,6.0,1.65,2.26,21.0,3.0,7.0,2.0,10.0,2.0
2020-10-18,Nantes,Brest,3.0,1.0,2.14,3.47,3.36,1.96,1.84,12.0,14.0,8.0,5.0,2.0,6.0
2020-10-18,St Etienne,Nice,1.0,3.0,2.34,3.25,3.16,2.07,1.75,11.0,11.0,4.0,5.0,7.0,3.0
2020-10-18,Lille,Lens,4.0,0.0,1.87,3.55,4.26,2.08,1.74,17.0,7.0,6.0,2.0,7.0,2.0
2020-10-23,Rennes,Angers,1.0,2.0,2.07,3.3,3.8,2.21,1.67,11.0,10.0,1.0,4.0,5.0,4.0
2020-10-24,Lorient,Marseille,0.0,1.0,2.96,3.26,2.46,2.08,1.75,13.0,15.0,3.0,3.0,6.0,4.0
2020-10-24,Paris SG,Dijon,4.0,0.0,1.05,15.05,34.44,1.16,4.97,20.0,16.0,9.0,3.0,4.0,10.0
2020-10-25,Bordeaux,Nimes,2.0,0.0,1.95,3.49,3.98,2.08,1.74,20.0,8.0,6.0,4.0,7.0,4.0
2020-10-25,Brest,Strasbourg,0.0,3.0,2.23,3.59,3.09,1.86,1.95,14.0,7.0,4.0,5.0,12.0,2.0
2020-10-25,Metz,St Etienne,2.0,0.0,2.38,3.3,3.06,2.22,1.66,6.0,10.0,3.0,0.0,5.0,3.0
2020-10-25,Montpellier,Reims,0.0,4.0,2.08,3.28,3.72,2.34,1.59,5.0,24.0,1.0,9.0,3.0,8.0
2020-10-25,Nice,Lille,1.0,1.0,3.33,3.36,2.21,2.12,1.72,8.0,12.0,3.0,4.0,5.0,3.0
2020-10-25,Lyon,Monaco,4.0,1.0,1.68,4.22,4.57,1.58,2.38,15.0,18.0,6.0,5.0,2.0,12.0
2020-10-31,Rennes,Brest,2.0,1.0,1.99,3.6,3.69,1.76,2.06,24.0,9.0,8.0,4.0,8.0,1.0
2020-10-31,Nantes,Paris SG,0.0,3.0,7.27,4.92,1.41,1.54,2.47,6.0,13.0,1.0,4.0,2.0,4.0
2020-11-01,St Etienne,Montpellier,0.0,1.0,2.4,3.43,2.92,1.94,1.87,8.0,10.0,0.0,2.0,8.0,2.0
2020-11-01,Angers,Nice,0.0,3.0,2.25,3.32,3.29,2.04,1.78,11.0,12.0,5.0,5.0,9.0,5.0
2020-11-01,Dijon,Lorient,0.0,0.0,3.14,3.45,2.27,1.93,1.87,11.0,9.0,2.0,1.0,9.0,7.0
2020-11-01,Nimes,Metz,0.0,1.0,2.49,3.26,2.93,2.16,1.7,16.0,8.0,2.0,5.0,10.0,1.0
2020-11-01,Reims,Strasbourg,2.0,1.0,2.34,3.3,3.12,2.2,1.67,12.0,9.0,4.0,3.0,5.0,3.0
2020-11-01,Monaco,Bordeaux,4.0,0.0,1.91,3.76,3.88,1.79,2.02,17.0,5.0,6.0,0.0,10.0,4.0
2020-11-01,Lille,Lyon,1.0,1.0,2.74,3.28,2.64,1.92,1.89,15.0,8.0,6.0,1.0,9.0,4.0
2020-11-06,Strasbourg,Marseille,0.0,1.0,3.04,3.16,2.48,2.3,1.62,9.0,1.0,2.0,1.0,2.0,2.0
2020-11-07,Bordeaux,Montpellier,0.0,2.0,2.36,3.3,3.07,2.08,1.74,9.0,9.0,1.0,3.0,3.0,5.0
2020-11-07,Paris SG,Rennes,3.0,0.0,1.42,4.95,6.94,1.55,2.42,9.0,16.0,6.0,3.0,2.0,7.0
2020-11-08,Brest,Lille,3.0,2.0,3.66,3.53,2.02,1.85,1.96,12.0,22.0,8.0,7.0,3.0,11.0
2020-11-08,Lens,Reims,4.0,4.0,2.14,3.27,3.61,2.26,1.63,14.0,8.0,5.0,6.0,9.0,1.0
2020-11-08,Lorient,Nantes,0.0,2.0,2.42,3.2,3.04,2.21,1.67,18.0,16.0,4.0,4.0,5.0,5.0
2020-11-08,Metz,Dijon,1.0,1.0,1.76,3.65,4.78,2.06,1.76,14.0,14.0,4.0,6.0,5.0,6.0
2020-11-08,Nimes,Angers,1.0,5.0,3.01,3.24,2.43,2.17,1.68,11.0,15.0,4.0,8.0,6.0,2.0
2020-11-08,Nice,Monaco,1.0,2.0,3.16,3.67,2.17,1.65,2.25,8.0,15.0,4.0,8.0,1.0,4.0
2020-11-08,Lyon,St Etienne,2.0,1.0,1.37,5.12,8.09,1.68,2.19,18.0,16.0,6.0,4.0,3.0,5.0
2020-11-20,Rennes,Bordeaux,0.0,1.0,1.81,3.48,4.78,2.22,1.66,14.0,6.0,2.0,3.0,7.0,3.0
2020-11-20,Monaco,Paris SG,3.0,2.0,5.28,4.89,1.53,1.38,3.03,15.0,9.0,5.0,4.0,2.0,1.0
2020-11-21,Brest,St Etienne,4.0,1.0,2.15,3.55,3.27,1.76,2.07,10.0,17.0,5.0,1.0,5.0,6.0
2020-11-22,Nantes,Metz,1.0,1.0,2.25,3.2,3.39,2.39,1.57,17.0,10.0,5.0,4.0,6.0,2.0
2020-11-22,Dijon,Lens,0.0,1.0,3.41,3.43,2.14,1.86,1.94,10.0,6.0,2.0,2.0,8.0,6.0
2020-11-22,Montpellier,Strasbourg,4.0,3.0,2.09,3.44,3.54,2.12,1.72,21.0,9.0,9.0,5.0,11.0,3.0
2020-11-22,Reims,Nimes,0.0,1.0,1.9,3.58,4.08,2.05,1.77,16.0,6.0,6.0,5.0,7.0,1.0
2020-11-22,Angers,Lyon,0.0,1.0,4.98,4.09,1.65,1.74,2.09,20.0,5.0,8.0,2.0,8.0,3.0
2020-11-22,Lille,Lorient,4.0,0.0,1.59,3.91,5.97,1.99,1.82,31.0,7.0,13.0,2.0,9.0,4.0
2020-11-25,Lens,Nantes,1.0,1.0,1.98,3.48,3.88,2.13,1.71,7.0,11.0,1.0,3.0,6.0,2.0
2020-11-27,Strasbourg,Rennes,1.0,1.0,3.11,3.22,2.41,1.97,1.84,6.0,21.0,3.0,7.0,2.0,7.0
2020-11-28,Marseille,Nantes,3.0,1.0,2.11,3.3,3.64,2.24,1.65,15.0,6.0,9.0,2.0,3.0,7.0
2020-11-28,Paris SG,Bordeaux,2.0,2.0,1.18,7.59,14.25,1.32,3.29,16.0,18.0,9.0,4.0,14.0,5.0
2020-11-29,Lyon,Reims,3.0,0.0,1.39,5.01,7.5,1.66,2.23,14.0,10.0,4.0,2.0,4.0,2.0
2020-11-29,Lens,Angers,1.0,3.0,2.13,3.35,3.52,2.11,1.72,13.0,18.0,5.0,7.0,1.0,7.0
2020-11-29,Lorient,Montpellier,0.0,1.0,3.31,3.42,2.18,1.95,1.85,8.0,16.0,2.0,3.0,2.0,4.0
2020-11-29,Metz,Brest,0.0,2.0,2.28,3.32,3.19,1.96,1.84,15.0,10.0,6.0,3.0,10.0,5.0
2020-11-29,Monaco,Nimes,3.0,0.0,1.37,5.16,7.83,1.54,2.47,18.0,6.0,5.0,2.0,8.0,3.0
2020-11-29,Nice,Dijon,1.0,3.0,1.82,3.65,4.36,1.89,1.92,24.0,9.0,7.0,4.0,11.0,1.0
2020-11-29,St Etienne,Lille,1.0,1.0,4.8,3.72,1.74,1.95,1.85,7.0,9.0,5.0,2.0,3.0,3.0
2020-12-04,Nimes,Marseille,0.0,2.0,5.08,3.79,1.7,1.98,1.82,7.0,17.0,0.0,4.0,1.0,8.0
2020-12-05,Rennes,Lens,0.0,2.0,2.07,3.45,3.6,1.99,1.81,10.0,6.0,4.0,4.0,8.0,3.0
2020-12-05,Montpellier,Paris SG,1.0,3.0,6.58,4.74,1.45,1.55,2.44,17.0,13.0,2.0,6.0,3.0,3.0
2020-12-06,Lille,Monaco,2.0,1.0,2.36,3.54,2.9,1.72,2.12,10.0,8.0,5.0,3.0,1.0,3.0
2020-12-06,Angers,Lorient,2.0,0.0,1.87,3.61,4.14,1.97,1.83,10.0,12.0,3.0,3.0,2.0,12.0
2020-12-06,Bordeaux,Brest,1.0,0.0,2.12,3.42,3.48,1.94,1.86,21.0,8.0,6.0,3.0,8.0,2.0
2020-12-06,Dijon,St Etienne,0.0,0.0,2.94,3.42,2.38,1.88,1.92,6.0,7.0,1.0,2.0,7.0,4.0
2020-12-06,Nantes,Strasbourg,0.0,4.0,2.17,3.44,3.33,1.98,1.83,14.0,13.0,2.0,9.0,7.0,3.0
2020-12-06,Reims,Nice,0.0,0.0,2.51,3.36,2.81,1.96,1.84,11.0,12.0,2.0,4.0,6.0,6.0
2020-12-06,Metz,Lyon,1.0,3.0,5.51,4.25,1.58,1.8,2.01,12.0,18.0,5.0,5.0,5.0,6.0
2020-12-11,St Etienne,Angers,0.0,0.0,2.43,3.34,2.97,2.02,1.79,14.0,8.0,3.0,3.0,5.0,6.0
2020-12-12,Marseille,Monaco,2.0,1.0,2.8,3.48,2.44,1.78,2.04,5.0,9.0,2.0,4.0,1.0,3.0
2020-12-12,Lens,Montpellier,2.0,3.0,2.54,3.24,2.85,2.02,1.79,14.0,10.0,4.0,7.0,6.0,4.0
2020-12-13,Nice,Rennes,0.0,1.0,2.96,3.31,2.41,2.06,1.77,11.0,16.0,3.0,6.0,3.0,6.0
2020-12-13,Brest,Reims,2.0,1.0,2.26,3.37,3.19,1.86,1.95,10.0,10.0,6.0,4.0,3.0,4.0
2020-12-13,Lorient,Nimes,3.0,0.0,2.18,3.38,3.35,1.97,1.84,13.0,6.0,5.0,2.0,2.0,3.0
2020-12-13,Nantes,Dijon,1.0,1.0,1.75,3.8,4.59,1.92,1.89,17.0,13.0,6.0,4.0,4.0,4.0
2020-12-13,Strasbourg,Metz,2.0,2.0,2.01,3.38,3.85,2.17,1.68,18.0,6.0,4.0,3.0,5.0,4.0
2020-12-13,Lille,Bordeaux,2.0,1.0,1.73,3.54,5.15,2.16,1.69,15.0,4.0,5.0,3.0,8.0,3.0
2020-12-13,Paris SG,Lyon,0.0,1.0,1.61,4.57,4.77,1.4,2.88,7.0,8.0,1.0,5.0,5.0,5.0
2020-12-16,Angers,Strasbourg,0.0,2.0,2.22,3.37,3.26,2.08,1.74,8.0,7.0,2.0,3.0,6.0,2.0
2020-12-16,Dijon,Lille,0.0,2.0,6.2,4.1,1.54,1.92,1.88,6.0,10.0,1.0,5.0,5.0,4.0
2020-12-16,Montpellier,Metz,0.0,2.0,1.69,3.77,5.08,2.08,1.74,14.0,9.0,3.0,5.0,10.0,2.0
2020-12-16,Nimes,Nice,0.0,2.0,3.32,3.46,2.16,1.94,1.86,15.0,14.0,4.0,6.0,4.0,5.0
2020-12-16,Reims,Nantes,3.0,2.0,2.41,3.21,3.04,2.23,1.65,13.0,18.0,4.0,7.0,3.0,6.0
2020-12-16,Bordeaux,St Etienne,1.0,2.0,2.22,3.3,3.34,2.12,1.72,11.0,19.0,3.0,8.0,3.0,4.0
2020-12-16,Lyon,Brest,2.0,2.0,1.33,5.5,8.32,1.47,2.62,28.0,8.0,11.0,2.0,12.0,3.0
2020-12-16,Monaco,Lens,0.0,3.0,1.67,4.12,4.77,1.66,2.21,7.0,8.0,1.0,4.0,3.0,3.0
2020-12-16,Paris SG,Lorient,2.0,0.0,1.14,8.43,17.39,1.32,3.29,24.0,8.0,8.0,3.0,9.0,2.0
2020-12-16,Rennes,Marseille,2.0,1.0,2.5,3.24,2.92,2.12,1.71,15.0,8.0,5.0,1.0,9.0,1.0
2020-12-19,Metz,Lens,2.0,0.0,3.03,3.27,2.4,2.15,1.7,12.0,17.0,4.0,3.0,8.0,4.0
2020-12-19,Marseille,Reims,1.0,1.0,1.77,3.59,4.77,2.03,1.78,12.0,2.0,6.0,1.0,7.0,3.0
2020-12-19,Nice,Lyon,1.0,4.0,5.5,4.21,1.58,1.69,2.17,8.0,13.0,1.0,9.0,8.0,2.0
2020-12-20,Brest,Montpellier,2.0,2.0,2.99,3.46,2.33,1.78,2.04,17.0,10.0,7.0,4.0,6.0,4.0
2020-12-20,Dijon,Monaco,0.0,1.0,5.76,4.4,1.54,1.57,2.37,11.0,13.0,1.0,6.0,2.0,6.0
2020-12-20,Nantes,Angers,1.0,1.0,2.46,3.31,2.9,2.04,1.78,9.0,12.0,2.0,6.0,5.0,6.0
2020-12-20,St Etienne,Nimes,2.0,2.0,1.58,4.14,5.68,1.82,1.98,18.0,9.0,9.0,4.0,6.0,3.0
2020-12-20,Strasbourg,Bordeaux,0.0,2.0,2.19,3.3,3.41,2.15,1.7,10.0,11.0,3.0,6.0,5.0,3.0
2020-12-20,Lorient,Rennes,0.0,3.0,3.87,3.51,1.96,1.97,1.83,11.0,15.0,2.0,4.0,1.0,2.0
2020-12-20,Lille,Paris SG,0.0,0.0,3.67,3.74,1.95,1.65,2.22,8.0,8.0,3.0,1.0,4.0,5.0
2020-12-23,Bordeaux,Reims,1.0,3.0,2.23,3.24,3.39,2.25,1.64,9.0,10.0,3.0,5.0,5.0,5.0
2020-12-23,Lens,Brest,2.0,1.0,1.99,3.68,3.6,1.78,2.04,11.0,10.0,4.0,3.0,3.0,6.0
2020-12-23,Nice,Lorient,2.0,2.0,1.88,3.6,4.11,1.97,1.83,3.0,24.0,3.0,6.0,0.0,10.0
2020-12-23,Nimes,Dijon,1.0,3.0,2.58,3.42,2.68,1.9,1.9,8.0,14.0,1.0,4.0,7.0,3.0
2020-12-23,Rennes,Metz,1.0,0.0,1.6,3.92,5.87,2.12,1.72,11.0,9.0,6.0,4.0,6.0,5.0
2020-12-23,Angers,Marseille,2.0,1.0,2.98,3.21,2.47,2.21,1.66,9.0,9.0,2.0,3.0,2.0,8.0
2020-12-23,Lyon,Nantes,3.0,0.0,1.29,5.86,9.5,1.55,2.44,22.0,18.0,11.0,4.0,9.0,7.0
2020-12-23,Monaco,St Etienne,2.0,2.0,1.63,4.09,5.2,1.67,2.2,2.0,18.0,2.0,6.0,0.0,10.0
2020-12-23,Montpellier,Lille,2.0,3.0,3.41,3.35,2.18,2.15,1.7,17.0,9.0,6.0,7.0,6.0,4.0
2020-12-23,Paris SG,Strasbourg,4.0,0.0,1.3,5.78,9.29,1.45,2.71,17.0,8.0,8.0,2.0,5.0,5.0
2021-01-06,Brest,Nice,2.0,0.0,2.24,3.63,3.04,1.71,2.14,10.0,12.0,6.0,6.0,6.0,6.0
2021-01-06,Lorient,Monaco,2.0,5.0,4.38,3.94,1.76,1.74,2.1,11.0,16.0,5.0,9.0,5.0,8.0
2021-01-06,Metz,Bordeaux,0.0,0.0,2.65,3.09,2.87,2.36,1.59,9.0,12.0,3.0,3.0,3.0,2.0
2021-01-06,Nantes,Rennes,0.0,0.0,3.59,3.43,2.08,2.25,1.65,7.0,8.0,2.0,0.0,6.0,3.0
2021-01-06,Strasbourg,Nimes,5.0,0.0,1.57,4.06,5.87,1.85,1.96,21.0,6.0,12.0,2.0,10.0,5.0
2021-01-06,Lille,Angers,1.0,2.0,1.6,3.91,5.97,2.12,1.73,7.0,7.0,2.0,3.0,8.0,6.0
2021-01-06,Lyon,Lens,3.0,2.0,1.46,4.79,6.41,1.6,2.33,11.0,10.0,6.0,2.0,7.0,4.0
2021-01-06,Marseille,Montpellier,3.0,1.0,2.08,3.42,3.6,2.08,1.75,18.0,13.0,8.0,5.0,5.0,1.0
2021-01-06,Reims,Dijon,0.0,0.0,1.85,3.6,4.33,2.03,1.79,9.0,8.0,3.0,0.0,7.0,5.0
2021-01-06,St Etienne,Paris SG,1.0,1.0,7.57,5.19,1.38,1.49,2.59,11.0,10.0,5.0,4.0,9.0,10.0
2021-01-09,Bordeaux,Lorient,2.0,1.0,2.03,3.38,3.79,2.19,1.68,16.0,12.0,6.0,4.0,5.0,3.0
2021-01-09,Dijon,Marseille,0.0,0.0,4.21,3.42,1.92,2.02,1.8,5.0,11.0,0.0,4.0,0.0,6.0
2021-01-09,Lens,Strasbourg,0.0,1.0,2.31,3.37,3.12,1.99,1.82,11.0,10.0,2.0,4.0,4.0,4.0
2021-01-09,Metz,Nice,1.0,1.0,2.6,3.16,2.87,2.23,1.66,16.0,11.0,5.0,4.0,5.0,2.0
2021-01-09,Monaco,Angers,3.0,0.0,1.72,3.74,4.96,1.76,2.07,14.0,6.0,5.0,2.0,5.0,2.0
2021-01-09,Montpellier,Nantes,1.0,1.0,1.98,3.52,3.83,1.93,1.88,8.0,12.0,6.0,3.0,1.0,8.0
2021-01-09,Nimes,Lille,0.0,1.0,7.41,4.48,1.44,1.79,2.03,7.0,10.0,0.0,2.0,2.0,3.0
2021-01-09,Paris SG,Brest,3.0,0.0,1.16,8.07,15.06,1.3,3.52,22.0,12.0,11.0,2.0,7.0,4.0
2021-01-09,Reims,St Etienne,3.0,1.0,2.85,3.02,2.73,2.45,1.55,7.0,14.0,3.0,6.0,0.0,3.0
2021-01-09,Rennes,Lyon,2.0,2.0,3.32,3.47,2.17,1.92,1.89,14.0,13.0,6.0,4.0,2.0,5.0
2021-01-15,Montpellier,Monaco,2.0,3.0,3.32,3.5,2.17,1.78,2.06,9.0,16.0,3.0,5.0,5.0,6.0
2021-01-16,Marseille,Nimes,1.0,2.0,1.42,4.66,7.57,1.72,2.12,14.0,8.0,6.0,5.0,7.0,3.0
2021-01-16,Angers,Paris SG,0.0,1.0,8.62,5.31,1.34,1.57,2.4,11.0,12.0,4.0,3.0,5.0,7.0
2021-01-17,Brest,Rennes,1.0,2.0,3.27,3.49,2.18,1.79,2.02,14.0,7.0,4.0,4.0,3.0,3.0
2021-01-17,Nantes,Lens,1.0,1.0,2.55,3.33,2.8,2.06,1.77,10.0,8.0,2.0,1.0,2.0,4.0
2021-01-17,Nice,Bordeaux,0.0,3.0,2.36,3.21,3.18,2.22,1.67,10.0,17.0,1.0,9.0,3.0,10.0
2021-01-17,Strasbourg,St Etienne,1.0,0.0,2.0,3.38,3.93,2.06,1.76,15.0,8.0,3.0,3.0,7.0,3.0
2021-01-17,Lille,Reims,2.0,1.0,1.64,3.71,5.79,2.17,1.69,16.0,8.0,8.0,4.0,3.0,5.0
2021-01-17,Lyon,Metz,0.0,1.0,1.28,5.71,10.56,1.6,2.34,23.0,17.0,5.0,3.0,9.0,2.0
2021-01-20,Marseille,Lens,0.0,1.0,2.06,3.38,3.71,2.04,1.78,4.0,13.0,1.0,4.0,3.0,9.0
2021-01-22,Paris SG,Montpellier,4.0,0.0,1.17,7.98,15.7,1.34,3.2,26.0,5.0,8.0,1.0,7.0,1.0
2021-01-23,Lens,Nice,0.0,1.0,2.03,3.32,3.89,2.04,1.78,13.0,7.0,3.0,2.0,6.0,2.0
2021-01-23,Monaco,Marseille,3.0,1.0,1.76,3.96,4.38,1.76,2.07,8.0,5.0,6.0,1.0,5.0,4.0
2021-01-24,Bordeaux,Angers,2.0,1.0,2.39,3.14,3.17,2.49,1.53,7.0,15.0,3.0,7.0,3.0,4.0
2021-01-24,Dijon,Strasbourg,1.0,1.0,3.68,3.47,2.03,2.11,1.72,5.0,15.0,3.0,2.0,3.0,4.0
2021-01-24,Metz,Nantes,2.0,0.0,2.45,3.12,3.09,2.46,1.54,14.0,8.0,4.0,0.0,4.0,6.0
2021-01-24,Reims,Brest,1.0,0.0,2.37,3.41,2.95,1.97,1.84,12.0,17.0,2.0,1.0,2.0,4.0
2021-01-24,Rennes,Lille,0.0,1.0,2.78,3.05,2.74,2.41,1.55,11.0,9.0,2.0,4.0,2.0,2.0
2021-01-24,St Etienne,Lyon,0.0,5.0,7.58,4.73,1.41,1.64,2.24,3.0,19.0,0.0,12.0,1.0,8.0
2021-01-27,Lorient,Dijon,3.0,2.0,2.18,3.39,3.37,2.04,1.77,14.0,7.0,5.0,2.0,9.0,6.0
2021-01-29,Lyon,Bordeaux,2.0,1.0,1.32,5.65,8.86,1.44,2.76,10.0,12.0,4.0,2.0,7.0,9.0
2021-01-30,Montpellier,Lens,1.0,2.0,2.87,3.23,2.55,2.04,1.78,17.0,11.0,7.0,2.0,12.0,3.0
2021-01-31,Nice,St Etienne,0.0,1.0,2.17,3.51,3.27,1.97,1.84,7.0,10.0,2.0,1.0,4.0,10.0
2021-01-31,Angers,Nimes,3.0,1.0,1.66,3.88,5.26,1.88,1.92,12.0,8.0,5.0,4.0,4.0,8.0
2021-01-31,Brest,Metz,2.0,4.0,2.18,3.36,3.38,2.06,1.77,10.0,15.0,5.0,6.0,4.0,1.0
2021-01-31,Lorient,Paris SG,3.0,2.0,15.0,8.16,1.16,1.35,3.15,16.0,14.0,5.0,3.0,7.0,9.0
2021-01-31,Strasbourg,Reims,0.0,1.0,2.08,3.23,3.84,2.19,1.68,12.0,10.0,2.0,5.0,4.0,3.0
2021-01-31,Lille,Dijon,1.0,0.0,1.36,4.76,9.28,1.89,1.91,14.0,11.0,2.0,3.0,5.0,2.0
2021-01-31,Nantes,Monaco,1.0,2.0,4.21,3.8,1.81,1.8,2.01,9.0,14.0,3.0,5.0,2.0,8.0
2021-02-03,Bordeaux,Lille,0.0,3.0,3.9,3.15,2.09,2.37,1.58,10.0,11.0,4.0,6.0,1.0,2.0
2021-02-03,Metz,Montpellier,1.0,1.0,2.56,3.05,2.98,2.24,1.65,17.0,15.0,6.0,4.0,8.0,7.0
2021-02-03,Reims,Angers,0.0,0.0,2.64,3.03,2.9,2.53,1.51,10.0,6.0,2.0,2.0,4.0,5.0
2021-02-03,Rennes,Lorient,1.0,1.0,1.61,4.03,5.49,1.94,1.87,10.0,12.0,6.0,3.0,5.0,3.0
2021-02-03,Strasbourg,Brest,2.0,2.0,2.16,3.35,3.43,1.85,1.95,9.0,3.0,4.0,2.0,3.0,3.0
2021-02-03,Dijon,Lyon,0.0,1.0,8.62,5.08,1.35,1.59,2.34,14.0,16.0,2.0,8.0,1.0,6.0
2021-02-03,Lens,Marseille,2.0,2.0,2.45,3.18,3.01,2.32,1.61,21.0,11.0,3.0,4.0,8.0,4.0
2021-02-03,Monaco,Nice,2.0,1.0,1.5,4.57,6.06,1.61,2.31,15.0,5.0,6.0,2.0,6.0,2.0
2021-02-03,Paris SG,Nimes,3.0,0.0,1.07,12.25,26.53,1.22,4.18,14.0,19.0,6.0,6.0,4.0,7.0
2021-02-03,St Etienne,Nantes,1.0,1.0,2.11,3.19,3.78,2.22,1.66,14.0,13.0,8.0,6.0,5.0,5.0
2021-02-06,Lorient,Reims,1.0,0.0,2.54,3.17,2.9,2.25,1.65,10.0,13.0,4.0,3.0,2.0,5.0
2021-02-06,Lyon,Strasbourg,3.0,0.0,1.45,4.7,6.62,1.58,2.36,16.0,8.0,8.0,1.0,6.0,2.0
2021-02-06,Lens,Rennes,0.0,0.0,2.73,3.18,2.69,2.31,1.62,10.0,10.0,3.0,1.0,6.0,4.0
2021-02-07,Brest,Bordeaux,2.0,1.0,2.58,3.19,2.86,2.0,1.81,24.0,8.0,6.0,4.0,6.0,4.0
2021-02-07,Montpellier,Dijon,4.0,2.0,1.75,3.65,4.83,1.94,1.87,25.0,13.0,11.0,5.0,9.0,4.0
2021-02-07,Nice,Angers,3.0,0.0,2.73,3.09,2.76,2.17,1.69,11.0,10.0,2.0,3.0,5.0,9.0
2021-02-07,Nimes,Monaco,3.0,4.0,7.71,4.82,1.4,1.55,2.44,9.0,11.0,4.0,5.0,5.0,6.0
2021-02-07,St Etienne,Metz,1.0,0.0,2.13,3.2,3.71,2.19,1.68,12.0,10.0,3.0,0.0,8.0,2.0
2021-02-07,Nantes,Lille,0.0,2.0,4.61,3.5,1.82,2.23,1.65,6.0,14.0,1.0,3.0,4.0,2.0
2021-02-07,Marseille,Paris SG,0.0,2.0,7.39,5.16,1.39,1.49,2.59,12.0,9.0,4.0,2.0,7.0,1.0
2021-02-13,Paris SG,Nice,2.0,1.0,1.2,7.17,12.48,1.37,3.04,17.0,13.0,4.0,5.0,4.0,1.0
2021-02-13,Reims,Lens,1.0,1.0,3.0,2.99,2.59,2.3,1.61,9.0,17.0,6.0,6.0,4.0,6.0
2021-02-13,Lyon,Montpellier,1.0,2.0,1.37,5.29,7.5,1.47,2.64,24.0,12.0,8.0,5.0,6.0,1.0
2021-02-14,Monaco,Lorient,2.0,2.0,1.38,5.04,7.61,1.57,2.39,12.0,5.0,4.0,2.0,7.0,1.0
2021-02-14,Angers,Nantes,1.0,3.0,2.28,3.01,3.53,2.36,1.58,8.0,7.0,3.0,3.0,7.0,2.0
2021-02-14,Dijon,Nimes,0.0,2.0,2.48,3.39,2.81,1.87,1.93,10.0,8.0,3.0,4.0,3.0,0.0
2021-02-14,Metz,Strasbourg,1.0,2.0,2.99,2.97,2.61,2.33,1.6,14.0,12.0,3.0,2.0,7.0,7.0
2021-02-14,Rennes,St Etienne,0.0,2.0,1.93,3.42,4.13,2.18,1.69,13.0,6.0,2.0,3.0,7.0,1.0
2021-02-14,Lille,Brest,0.0,0.0,1.52,4.15,6.34,1.95,1.85,14.0,3.0,0.0,1.0,9.0,3.0
2021-02-14,Bordeaux,Marseille,0.0,0.0,2.62,3.28,2.73,2.14,1.71,18.0,5.0,1.0,1.0,6.0,5.0
2021-02-17,Marseille,Nice,3.0,2.0,2.29,3.35,3.16,2.03,1.79,8.0,10.0,4.0,4.0,5.0,3.0
2021-02-19,Brest,Lyon,2.0,3.0,5.82,4.67,1.51,1.39,2.99,19.0,17.0,7.0,7.0,11.0,7.0
2021-02-20,St Etienne,Reims,1.0,1.0,2.23,2.99,3.7,2.36,1.58,18.0,4.0,8.0,2.0,1.0,2.0
2021-02-20,Nantes,Marseille,1.0,1.0,2.87,3.17,2.57,2.24,1.64,6.0,7.0,1.0,3.0,2.0,1.0
2021-02-21,Montpellier,Rennes,2.0,1.0,2.97,3.32,2.41,2.02,1.79,12.0,14.0,7.0,5.0,3.0,6.0
2021-02-21,Lens,Dijon,2.0,1.0,1.53,4.04,6.5,1.87,1.93,11.0,12.0,4.0,4.0,5.0,4.0
2021-02-21,Nice,Metz,1.0,2.0,2.34,3.33,3.08,2.25,1.64,12.0,11.0,3.0,4.0,3.0,3.0
2021-02-21,Nimes,Bordeaux,2.0,0.0,3.07,3.49,2.27,1.94,1.85,8.0,11.0,3.0,4.0,6.0,7.0
2021-02-21,Strasbourg,Angers,0.0,0.0,2.28,3.14,3.37,2.24,1.65,16.0,7.0,2.0,3.0,5.0,4.0
2021-02-21,Lorient,Lille,1.0,4.0,4.23,3.36,1.93,2.19,1.67,8.0,16.0,3.0,7.0,1.0,5.0
2021-02-21,Paris SG,Monaco,0.0,2.0,1.62,4.32,4.95,1.41,2.83,10.0,5.0,1.0,3.0,3.0,2.0
2021-02-24,Nimes,Lorient,1.0,0.0,2.86,3.33,2.48,1.95,1.85,7.0,11.0,2.0,3.0,4.0,7.0
2021-02-26,Rennes,Nice,1.0,2.0,1.84,3.4,4.74,2.15,1.7,17.0,14.0,5.0,7.0,6.0,1.0
2021-02-27,Bordeaux,Metz,1.0,2.0,2.49,3.03,3.11,2.42,1.56,8.0,15.0,1.0,5.0,1.0,10.0
2021-02-27,Dijon,Paris SG,0.0,4.0,13.55,6.96,1.2,1.4,2.89,5.0,7.0,1.0,5.0,2.0,4.0
2021-02-28,Monaco,Brest,2.0,0.0,1.45,4.8,6.32,1.52,2.48,15.0,7.0,9.0,1.0,4.0,2.0
2021-02-28,Angers,Lens,2.0,2.0,2.85,3.02,2.7,2.34,1.6,6.0,14.0,3.0,4.0,6.0,11.0
2021-02-28,Lorient,St Etienne,2.0,1.0,3.04,3.2,2.43,2.03,1.78,11.0,9.0,3.0,2.0,5.0,3.0
2021-02-28,Nimes,Nantes,1.0,1.0,3.08,3.32,2.35,2.07,1.76,8.0,8.0,4.0,1.0,1.0,8.0
2021-02-28,Reims,Montpellier,0.0,0.0,2.81,3.06,2.71,2.1,1.73,9.0,9.0,2.0,3.0,5.0,1.0
2021-02-28,Lille,Strasbourg,1.0,1.0,1.77,3.55,4.83,2.19,1.67,14.0,10.0,5.0,3.0,9.0,2.0
2021-02-28,Marseille,Lyon,1.0,1.0,4.71,4.06,1.69,1.69,2.18,12.0,11.0,2.0,1.0,7.0,2.0
2021-03-03,Brest,Dijon,3.0,1.0,1.7,3.91,4.79,1.74,2.1,10.0,10.0,3.0,2.0,3.0,5.0
2021-03-03,Lyon,Rennes,1.0,0.0,1.59,4.12,5.59,1.65,2.24,15.0,12.0,7.0,1.0,6.0,4.0
2021-03-03,Metz,Angers,0.0,1.0,2.54,3.04,3.03,2.52,1.52,15.0,8.0,1.0,4.0,6.0,1.0
2021-03-03,Nice,Nimes,2.0,1.0,1.75,3.84,4.56,1.82,2.0,10.0,22.0,4.0,7.0,0.0,6.0
2021-03-03,St Etienne,Lens,2.0,3.0,2.77,3.27,2.59,2.17,1.69,19.0,9.0,4.0,5.0,13.0,3.0
2021-03-03,Bordeaux,Paris SG,0.0,1.0,7.17,4.52,1.45,1.7,2.15,11.0,12.0,2.0,3.0,8.0,1.0
2021-03-03,Lille,Marseille,2.0,0.0,1.75,3.54,5.11,2.4,1.57,23.0,3.0,8.0,1.0,11.0,1.0
2021-03-03,Montpellier,Lorient,1.0,1.0,2.03,3.51,3.63,1.86,1.94,10.0,14.0,4.0,6.0,5.0,3.0
2021-03-03,Nantes,Reims,1.0,2.0,2.48,2.96,3.21,2.55,1.51,12.0,4.0,5.0,2.0,6.0,3.0
2021-03-03,Strasbourg,Monaco,1.0,0.0,4.01,3.7,1.88,1.84,1.97,17.0,5.0,2.0,1.0,5.0,7.0
2021-03-10,Marseille,Rennes,1.0,0.0,2.86,3.02,2.7,2.43,1.55,9.0,10.0,2.0,2.0,3.0,4.0
2021-03-12,Reims,Lyon,1.0,1.0,6.94,4.57,1.46,1.74,2.1,14.0,17.0,5.0,6.0,2.0,5.0
2021-03-13,Angers,St Etienne,0.0,1.0,2.54,3.13,2.97,2.36,1.58,4.0,7.0,1.0,3.0,6.0,3.0
2021-03-13,Marseille,Brest,3.0,1.0,2.0,3.34,3.97,1.93,1.88,12.0,6.0,6.0,1.0,3.0,6.0
2021-03-14,Nimes,Montpellier,1.0,1.0,3.29,3.58,2.15,1.79,2.02,12.0,12.0,7.0,5.0,5.0,7.0
2021-03-14,Dijon,Bordeaux,1.0,3.0,3.55,3.44,2.08,2.02,1.78,13.0,10.0,3.0,6.0,5.0,6.0
2021-03-14,Lens,Metz,2.0,2.0,1.9,3.39,4.34,2.24,1.65,16.0,7.0,6.0,4.0,6.0,1.0
2021-03-14,Lorient,Nice,1.0,1.0,2.54,3.31,2.81,2.04,1.77,17.0,6.0,7.0,2.0,5.0,2.0
2021-03-14,Rennes,Strasbourg,1.0,0.0,2.17,3.26,3.51,2.3,1.61,11.0,6.0,2.0,1.0,6.0,3.0
2021-03-14,Monaco,Lille,0.0,0.0,2.43,3.11,3.13,2.13,1.71,8.0,5.0,4.0,2.0,6.0,2.0
2021-03-14,Paris SG,Nantes,1.0,2.0,1.18,7.13,15.39,1.57,2.39,11.0,8.0,5.0,5.0,9.0,1.0
2021-03-19,St Etienne,Monaco,0.0,4.0,4.52,3.63,1.81,2.03,1.79,9.0,15.0,3.0,4.0,2.0,6.0
2021-03-20,Metz,Rennes,1.0,3.0,3.38,3.08,2.32,2.44,1.54,14.0,9.0,2.0,5.0,4.0,3.0
2021-03-20,Nice,Marseille,3.0,0.0,2.95,3.26,2.46,2.11,1.72,17.0,7.0,7.0,2.0,7.0,5.0
2021-03-21,Strasbourg,Lens,1.0,2.0,2.66,3.34,2.66,2.1,1.73,17.0,12.0,5.0,4.0,12.0,7.0
2021-03-21,Brest,Angers,0.0,0.0,2.55,3.11,2.94,2.07,1.75,11.0,15.0,2.0,5.0,3.0,6.0
2021-03-21,Dijon,Reims,0.0,1.0,3.5,3.3,2.16,2.21,1.66,10.0,9.0,4.0,2.0,2.0,3.0
2021-03-21,Montpellier,Bordeaux,3.0,1.0,2.15,3.26,3.55,1.98,1.82,23.0,13.0,9.0,3.0,6.0,6.0
2021-03-21,Nantes,Lorient,1.0,1.0,2.33,3.17,3.26,2.33,1.6,8.0,15.0,3.0,3.0,2.0,8.0
2021-03-21,Lille,Nimes,1.0,2.0,1.32,4.97,10.5,1.92,1.87,15.0,10.0,4.0,4.0,8.0,0.0
2021-03-21,Lyon,Paris SG,2.0,4.0,2.89,3.82,2.25,1.53,2.47,8.0,14.0,7.0,9.0,1.0,4.0
2021-04-03,Monaco,Metz,4.0,0.0,1.45,4.57,6.91,1.79,2.03,15.0,6.0,6.0,1.0,8.0,1.0
2021-04-03,Paris SG,Lille,0.0,1.0,1.68,3.79,5.24,1.92,1.89,16.0,3.0,3.0,3.0,5.0,0.0
2021-04-03,Lens,Lyon,1.0,1.0,4.06,3.9,1.83,1.66,2.23,10.0,15.0,4.0,6.0,2.0,4.0
2021-04-04,Angers,Montpellier,1.0,1.0,2.61,3.26,2.77,2.13,1.71,14.0,8.0,4.0,3.0,4.0,0.0
2021-04-04,Bordeaux,Strasbourg,2.0,3.0,2.81,3.1,2.67,2.28,1.63,14.0,12.0,6.0,5.0,6.0,5.0
2021-04-04,Lorient,Brest,1.0,0.0,2.39,3.43,2.91,1.86,1.95,13.0,5.0,4.0,1.0,6.0,5.0
2021-04-04,Nantes,Nice,1.0,2.0,2.48,3.31,2.87,2.01,1.8,18.0,17.0,6.0,8.0,10.0,5.0
2021-04-04,Reims,Rennes,2.0,2.0,3.65,3.18,2.16,2.34,1.6,9.0,19.0,4.0,8.0,1.0,6.0
2021-04-04,Nimes,St Etienne,0.0,2.0,3.26,3.37,2.23,2.05,1.77,14.0,15.0,3.0,5.0,5.0,3.0
2021-04-04,Marseille,Dijon,2.0,0.0,1.49,4.28,6.84,1.82,1.98,16.0,4.0,3.0,1.0,7.0,1.0
2021-04-09,Metz,Lille,0.0,2.0,6.2,3.62,1.64,2.44,1.56,18.0,9.0,7.0,6.0,10.0,2.0
2021-04-10,Strasbourg,Paris SG,1.0,4.0,4.43,3.96,1.75,1.75,2.09,9.0,16.0,3.0,7.0,5.0,4.0
2021-04-10,Montpellier,Marseille,3.0,3.0,2.6,3.37,2.72,1.98,1.84,20.0,13.0,7.0,8.0,6.0,3.0
2021-04-11,Rennes,Nantes,1.0,0.0,1.81,3.58,4.55,2.24,1.65,14.0,4.0,4.0,2.0,3.0,3.0
2021-04-11,Brest,Nimes,1.0,1.0,2.03,3.62,3.54,1.83,1.98,22.0,5.0,4.0,3.0,9.0,2.0
2021-04-11,Lens,Lorient,4.0,1.0,2.03,3.51,3.68,2.06,1.77,14.0,17.0,6.0,6.0,5.0,10.0
2021-04-11,Nice,Reims,0.0,0.0,2.27,3.17,3.41,2.14,1.71,13.0,10.0,2.0,1.0,10.0,6.0
2021-04-11,St Etienne,Bordeaux,4.0,1.0,2.36,3.02,3.37,2.18,1.69,17.0,10.0,7.0,2.0,5.0,6.0
2021-04-11,Monaco,Dijon,3.0,0.0,1.19,7.16,14.51,1.5,2.57,16.0,6.0,10.0,1.0,6.0,4.0
2021-04-11,Lyon,Angers,3.0,0.0,1.39,4.98,7.77,1.66,2.23,16.0,11.0,6.0,3.0,5.0,4.0
2021-04-16,Lille,Montpellier,1.0,1.0,1.64,3.9,5.55,1.93,1.89,20.0,10.0,9.0,4.0,9.0,0.0
2021-04-17,Angers,Rennes,0.0,3.0,3.56,3.23,2.17,2.36,1.59,10.0,9.0,3.0,3.0,2.0,3.0
2021-04-17,Marseille,Lorient,3.0,2.0,2.09,3.43,3.57,2.01,1.81,13.0,12.0,5.0,6.0,8.0,3.0
2021-04-18,Paris SG,St Etienne,3.0,2.0,1.31,5.51,9.39,1.61,2.31,17.0,7.0,5.0,5.0,13.0,3.0
2021-04-18,Brest,Lens,1.0,1.0,2.83,3.28,2.56,1.87,1.94,7.0,8.0,5.0,2.0,2.0,4.0
2021-04-18,Dijon,Nice,2.0,0.0,4.5,3.83,1.76,1.86,1.95,9.0,10.0,3.0,2.0,1.0,9.0
2021-04-18,Nimes,Strasbourg,1.0,1.0,3.5,3.53,2.08,1.92,1.89,5.0,7.0,1.0,3.0,2.0,1.0
2021-04-18,Reims,Metz,0.0,0.0,2.43,3.08,3.19,2.5,1.53,15.0,11.0,6.0,2.0,10.0,4.0
2021-04-18,Bordeaux,Monaco,0.0,3.0,5.32,3.91,1.65,1.88,1.93,7.0,13.0,2.0,6.0,4.0,5.0
2021-04-18,Nantes,Lyon,1.0,2.0,5.89,4.3,1.54,1.65,2.24,12.0,11.0,3.0,4.0,5.0,4.0
2021-04-23,Reims,Marseille,1.0,3.0,3.67,3.4,2.06,2.05,1.77,10.0,11.0,1.0,6.0,5.0,2.0
2021-04-24,St Etienne,Brest,1.0,2.0,2.07,3.49,3.57,1.95,1.87,6.0,12.0,3.0,7.0,3.0,2.0
2021-04-24,Metz,Paris SG,1.0,3.0,10.54,5.43,1.29,1.64,2.27,8.0,19.0,3.0,8.0,1.0,9.0
2021-04-25,Nice,Montpellier,3.0,1.0,2.72,3.36,2.59,1.8,2.02,18.0,14.0,8.0,3.0,7.0,6.0
2021-04-25,Lens,Nimes,2.0,1.0,1.73,3.68,5.0,1.88,1.92,7.0,16.0,4.0,2.0,4.0,6.0
2021-04-25,Lorient,Bordeaux,4.0,1.0,2.11,3.46,3.48,2.02,1.79,13.0,13.0,7.0,7.0,6.0,3.0
2021-04-25,Rennes,Dijon,5.0,1.0,1.34,5.14,9.22,1.8,2.02,25.0,4.0,12.0,1.0,8.0,2.0
2021-04-25,Strasbourg,Nantes,1.0,2.0,2.18,3.33,3.44,2.32,1.61,12.0,7.0,4.0,5.0,6.0,4.0
2021-04-25,Angers,Monaco,0.0,1.0,6.29,4.51,1.49,1.81,2.0,4.0,10.0,0.0,3.0,4.0,1.0
2021-04-25,Lyon,Lille,2.0,3.0,2.08,3.45,3.59,2.01,1.81,7.0,16.0,2.0,7.0,8.0,4.0
2021-04-30,Marseille,Strasbourg,1.0,1.0,1.87,3.64,4.19,1.91,1.9,8.0,8.0,4.0,5.0,5.0,6.0
2021-05-01,Paris SG,Lens,2.0,1.0,1.34,5.49,8.19,1.51,2.55,14.0,15.0,6.0,3.0,6.0,2.0
2021-05-01,Lille,Nice,2.0,0.0,1.42,4.6,7.84,1.84,1.98,12.0,0.0,4.0,0.0,5.0,1.0
2021-05-02,Bordeaux,Rennes,1.0,0.0,4.58,3.81,1.76,1.95,1.86,9.0,9.0,4.0,2.0,3.0,5.0
2021-05-02,Brest,Nantes,1.0,4.0,2.69,3.38,2.62,2.01,1.81,16.0,12.0,7.0,6.0,5.0,5.0
2021-05-02,Dijon,Metz,1.0,5.0,3.72,3.31,2.09,2.13,1.72,10.0,14.0,4.0,6.0,6.0,3.0
2021-05-02,Lorient,Angers,2.0,0.0,1.87,3.6,4.26,2.13,1.72,13.0,9.0,4.0,2.0,5.0,0.0
2021-05-02,Nimes,Reims,2.0,2.0,2.24,3.36,3.26,2.08,1.75,18.0,12.0,7.0,7.0,10.0,5.0
2021-05-02,Montpellier,St Etienne,1.0,2.0,2.42,3.34,2.96,1.79,2.03,13.0,19.0,2.0,7.0,7.0,7.0
2021-05-02,Monaco,Lyon,2.0,3.0,2.3,3.58,2.99,1.61,2.32,12.0,17.0,4.0,5.0,5.0,5.0
2021-05-07,Lens,Lille,0.0,3.0,4.18,3.45,1.94,2.12,1.73,11.0,11.0,5.0,6.0,5.0,4.0
2021-05-08,Nantes,Bordeaux,3.0,0.0,2.03,3.41,3.79,2.11,1.73,11.0,10.0,3.0,2.0,5.0,2.0
2021-05-08,Lyon,Lorient,4.0,1.0,1.4,5.11,7.11,1.45,2.74,25.0,8.0,11.0,2.0,5.0,1.0
2021-05-09,St Etienne,Marseille,1.0,0.0,3.29,3.62,2.14,1.91,1.9,18.0,15.0,5.0,4.0,10.0,4.0
2021-05-09,Angers,Dijon,3.0,0.0,1.84,3.6,4.37,1.98,1.83,11.0,5.0,4.0,1.0,1.0,4.0
2021-05-09,Metz,Nimes,0.0,3.0,2.81,3.44,2.49,2.0,1.82,11.0,10.0,2.0,5.0,0.0,6.0
2021-05-09,Nice,Brest,3.0,2.0,2.4,3.37,2.97,1.79,2.03,14.0,9.0,5.0,2.0,6.0,5.0
2021-05-09,Strasbourg,Montpellier,2.0,3.0,1.69,4.28,4.45,1.69,2.17,18.0,6.0,7.0,3.0,4.0,6.0
2021-05-09,Reims,Monaco,0.0,1.0,8.12,4.73,1.4,1.8,2.01,8.0,7.0,2.0,2.0,3.0,3.0
2021-05-09,Rennes,Paris SG,1.0,1.0,5.13,4.1,1.64,1.68,2.18,19.0,12.0,10.0,4.0,9.0,3.0
2021-05-16,Bordeaux,Lens,3.0,0.0,3.62,3.61,2.02,1.95,1.86,11.0,14.0,4.0,4.0,1.0,6.0
2021-05-16,Dijon,Nantes,0.0,4.0,8.25,4.66,1.4,1.77,2.04,10.0,16.0,1.0,4.0,3.0,6.0
2021-05-16,Lille,St Etienne,0.0,0.0,1.36,4.84,9.35,1.88,1.94,14.0,8.0,3.0,1.0,3.0,6.0
2021-05-16,Lorient,Metz,2.0,1.0,1.62,3.97,5.56,1.9,1.91,6.0,3.0,2.0,1.0,2.0,1.0
2021-05-16,Marseille,Angers,3.0,2.0,1.48,4.34,6.94,1.95,1.87,16.0,11.0,11.0,5.0,3.0,4.0
2021-05-16,Monaco,Rennes,2.0,1.0,1.69,3.92,4.94,1.89,1.93,11.0,9.0,3.0,2.0,4.0,4.0
2021-05-16,Montpellier,Brest,0.0,0.0,2.32,3.79,2.82,1.58,2.38,4.0,22.0,2.0,9.0,1.0,11.0
2021-05-16,Nice,Strasbourg,0.0,2.0,3.48,3.61,2.06,1.86,1.96,7.0,11.0,3.0,5.0,4.0,4.0
2021-05-16,Nimes,Lyon,2.0,5.0,7.54,5.38,1.37,1.4,2.95,8.0,21.0,4.0,13.0,3.0,6.0
2021-05-16,Paris SG,Reims,4.0,0.0,1.11,9.78,22.15,1.37,3.1,28.0,2.0,10.0,0.0,9.0,5.0
2021-05-23,Angers,Lille,1.0,2.0,9.66,4.92,1.35,1.78,2.04,10.0,5.0,4.0,2.0,4.0,2.0
2021-05-23,Brest,Paris SG,0.0,2.0,10.59,6.52,1.25,1.31,3.37,6.0,9.0,5.0,4.0,5.0,4.0
2021-05-23,Lens,Monaco,0.0,0.0,5.04,4.28,1.62,1.52,2.52,4.0,19.0,1.0,3.0,2.0,7.0
2021-05-23,Lyon,Nice,2.0,3.0,1.21,7.08,12.69,1.35,3.2,12.0,14.0,6.0,6.0,6.0,6.0
2021-05-23,Metz,Marseille,1.0,1.0,3.44,3.54,2.1,1.72,2.14,10.0,9.0,3.0,2.0,1.0,10.0
2021-05-23,Nantes,Montpellier,1.0,2.0,1.5,4.67,6.01,1.54,2.47,15.0,8.0,5.0,5.0,9.0,5.0
2021-05-23,Reims,Bordeaux,1.0,2.0,2.54,2.89,3.22,2.3,1.63,10.0,12.0,3.0,5.0,5.0,2.0
2021-05-23,Rennes,Nimes,2.0,0.0,1.32,5.64,8.78,1.55,2.46,13.0,9.0,6.0,2.0,4.0,3.0
2021-05-23,St Etienne,Dijon,0.0,1.0,1.3,5.62,9.79,1.52,2.52,19.0,10.0,5.0,2.0,9.0,3.0
2021-05-23,Strasbourg,Lorient,1.0,1.0,2.79,2.09,4.69,2.58,1.51,6.0,7.0,2.0,1.0,2.0,3.0
2021-08-06,Monaco,Nantes,1.0,1.0,1.49,4.49,6.46,1.67,2.23,15.0,5.0,3.0,1.0,5.0,2.0
2021-08-07,Lyon,Brest,1.0,1.0,1.34,5.61,8.11,1.37,3.1,17.0,13.0,4.0,8.0,9.0,4.0
2021-08-07,Troyes,Paris SG,1.0,2.0,10.99,5.89,1.27,1.57,2.4,15.0,12.0,7.0,3.0,9.0,1.0
2021-08-08,Rennes,Lens,1.0,1.0,2.02,3.5,3.71,1.97,1.85,10.0,11.0,2.0,6.0,3.0,9.0
2021-08-08,Bordeaux,Clermont,0.0,2.0,2.08,3.39,3.63,2.12,1.73,10.0,19.0,6.0,10.0,5.0,10.0
2021-08-08,Nice,Reims,0.0,0.0,1.88,3.57,4.18,2.05,1.78,12.0,5.0,2.0,0.0,4.0,2.0
2021-08-08,St Etienne,Lorient,1.0,1.0,2.24,3.48,3.16,1.91,1.91,20.0,12.0,3.0,3.0,8.0,4.0
2021-08-08,Strasbourg,Angers,0.0,2.0,1.98,3.42,3.92,2.17,1.7,7.0,9.0,1.0,2.0,5.0,4.0
2021-08-08,Metz,Lille,3.0,3.0,5.41,3.44,1.74,2.32,1.62,12.0,18.0,5.0,7.0,4.0,5.0
2021-08-08,Montpellier,Marseille,2.0,3.0,3.05,3.47,2.3,1.87,1.95,8.0,21.0,1.0,7.0,6.0,11.0
2021-08-13,Lorient,Monaco,1.0,0.0,4.21,3.52,1.92,1.96,1.87,2.0,12.0,2.0,3.0,0.0,6.0
2021-08-14,Lille,Nice,0.0,4.0,1.84,3.5,4.59,2.11,1.74,11.0,11.0,2.0,7.0,8.0,7.0
2021-08-14,Paris SG,Strasbourg,4.0,2.0,1.2,7.25,13.36,1.4,2.96,11.0,8.0,6.0,2.0,4.0,4.0
2021-08-15,Angers,Lyon,3.0,0.0,4.35,3.74,1.82,1.76,2.08,13.0,8.0,6.0,3.0,6.0,4.0
2021-08-15,Brest,Rennes,1.0,1.0,3.06,3.36,2.36,1.85,1.98,10.0,6.0,5.0,2.0,6.0,11.0
2021-08-15,Clermont,Troyes,2.0,0.0,2.05,3.48,3.66,2.11,1.74,18.0,6.0,8.0,1.0,9.0,2.0
2021-08-15,Nantes,Metz,2.0,0.0,2.33,3.21,3.27,2.3,1.63,11.0,10.0,7.0,5.0,6.0,6.0
2021-08-15,Reims,Montpellier,3.0,3.0,2.67,3.18,2.79,2.07,1.77,19.0,15.0,9.0,5.0,8.0,7.0
2021-08-15,Lens,St Etienne,2.0,2.0,2.05,3.52,3.61,1.96,1.86,22.0,12.0,7.0,7.0,7.0,2.0
2021-08-15,Marseille,Bordeaux,2.0,2.0,1.54,4.3,6.02,1.87,1.96,10.0,8.0,2.0,2.0,3.0,4.0
2021-08-20,Brest,Paris SG,2.0,4.0,10.79,6.06,1.27,1.43,2.81,11.0,16.0,3.0,8.0,3.0,9.0
2021-08-21,Monaco,Lens,0.0,2.0,1.77,3.71,4.67,1.8,2.03,9.0,4.0,2.0,2.0,13.0,3.0
2021-08-21,St Etienne,Lille,1.0,1.0,3.05,3.2,2.44,2.14,1.71,10.0,8.0,2.0,6.0,5.0,3.0
2021-08-22,Lyon,Clermont,3.0,3.0,1.6,4.21,5.39,1.64,2.26,21.0,17.0,9.0,5.0,5.0,8.0
2021-08-22,Bordeaux,Angers,1.0,1.0,2.82,3.26,2.57,2.13,1.72,14.0,6.0,5.0,3.0,3.0,3.0
2021-08-22,Metz,Reims,1.0,1.0,2.35,2.97,3.46,2.36,1.59,10.0,12.0,4.0,3.0,5.0,8.0
2021-08-22,Montpellier,Lorient,3.0,1.0,2.22,3.27,3.42,1.85,1.97,32.0,5.0,11.0,4.0,5.0,1.0
2021-08-22,Strasbourg,Troyes,1.0,1.0,2.08,3.35,3.7,2.11,1.73,14.0,10.0,4.0,6.0,6.0,3.0
2021-08-22,Rennes,Nantes,1.0,0.0,1.87,3.57,4.25,2.0,1.82,14.0,4.0,5.0,1.0,6.0,2.0
2021-08-27,Nantes,Lyon,0.0,1.0,4.68,3.98,1.73,1.71,2.16,18.0,12.0,5.0,5.0,6.0,6.0
2021-08-28,Nice,Bordeaux,4.0,0.0,1.65,3.98,5.26,1.87,1.96,11.0,13.0,5.0,4.0,3.0,0.0
2021-08-28,Marseille,St Etienne,3.0,1.0,1.74,3.82,4.77,1.86,1.96,19.0,11.0,5.0,7.0,5.0,4.0
2021-08-29,Troyes,Monaco,1.0,2.0,4.29,3.67,1.85,1.89,1.93,12.0,7.0,3.0,4.0,5.0,3.0
2021-08-29,Angers,Rennes,2.0,0.0,2.9,3.23,2.55,2.19,1.68,16.0,7.0,4.0,2.0,3.0,1.0
2021-08-29,Clermont,Metz,2.0,2.0,1.79,3.68,4.61,2.11,1.75,16.0,12.0,4.0,4.0,6.0,3.0
2021-08-29,Lens,Lorient,2.0,2.0,1.77,3.65,4.82,1.92,1.91,19.0,15.0,9.0,7.0,8.0,4.0
2021-08-29,Strasbourg,Brest,3.0,1.0,2.03,3.37,3.85,1.85,1.97,11.0,11.0,5.0,5.0,1.0,9.0
2021-08-29,Lille,Montpellier,2.0,1.0,1.71,3.84,4.98,1.77,2.07,15.0,6.0,4.0,3.0,3.0,4.0
2021-08-29,Reims,Paris SG,0.0,2.0,15.48,7.74,1.17,1.36,3.16,11.0,12.0,4.0,3.0,3.0,3.0
2021-09-10,Lorient,Lille,2.0,1.0,3.4,3.26,2.24,2.1,1.74,14.0,9.0,7.0,3.0,2.0,5.0
2021-09-11,Paris SG,Clermont,4.0,0.0,1.26,6.08,10.92,1.45,2.73,13.0,14.0,7.0,2.0,4.0,4.0
2021-09-11,Monaco,Marseille,0.0,2.0,2.06,3.61,3.52,1.86,1.97,7.0,13.0,0.0,5.0,3.0,2.0
2021-09-12,Montpellier,St Etienne,2.0,0.0,2.59,3.47,2.67,1.77,2.07,11.0,14.0,4.0,2.0,7.0,6.0
2021-09-12,Bordeaux,Lens,2.0,3.0,3.19,3.45,2.25,1.98,1.84,11.0,12.0,3.0,5.0,2.0,7.0
2021-09-12,Brest,Angers,1.0,1.0,2.64,3.38,2.68,1.97,1.85,12.0,8.0,6.0,2.0,5.0,3.0
2021-09-12,Metz,Troyes,0.0,2.0,2.28,3.3,3.25,2.19,1.69,16.0,10.0,2.0,5.0,2.0,1.0
2021-09-12,Rennes,Reims,0.0,2.0,1.67,3.65,5.7,2.11,1.74,9.0,7.0,1.0,3.0,4.0,6.0
2021-09-12,Nantes,Nice,0.0,2.0,3.31,3.33,2.25,2.09,1.76,19.0,9.0,7.0,3.0,8.0,3.0
2021-09-12,Lyon,Strasbourg,3.0,1.0,1.53,4.45,5.89,1.57,2.41,14.0,12.0,7.0,4.0,4.0,6.0
2021-09-17,Strasbourg,Metz,3.0,0.0,1.91,3.47,4.3,2.14,1.73,10.0,15.0,6.0,5.0,3.0,7.0
2021-09-18,Lens,Lille,1.0,0.0,2.54,3.32,2.85,2.11,1.75,13.0,6.0,4.0,2.0,4.0,3.0
2021-09-18,St Etienne,Bordeaux,1.0,2.0,1.96,3.46,4.04,2.05,1.79,12.0,13.0,5.0,3.0,7.0,2.0
2021-09-19,Nice,Monaco,2.0,2.0,2.7,3.36,2.63,2.0,1.83,12.0,8.0,3.0,3.0,5.0,2.0
2021-09-19,Angers,Nantes,1.0,4.0,2.11,3.32,3.65,2.24,1.67,10.0,8.0,5.0,4.0,10.0,5.0
2021-09-19,Clermont,Brest,1.0,1.0,1.86,3.78,4.06,1.78,2.07,7.0,5.0,4.0,1.0,3.0,5.0
2021-09-19,Reims,Lorient,0.0,0.0,2.23,3.35,3.31,2.17,1.7,10.0,6.0,2.0,3.0,5.0,6.0
2021-09-19,Troyes,Montpellier,1.0,1.0,2.54,3.47,2.73,1.77,2.07,8.0,6.0,3.0,2.0,1.0,6.0
2021-09-19,Marseille,Rennes,2.0,0.0,1.95,3.52,3.97,2.04,1.79,17.0,13.0,6.0,2.0,6.0,7.0
2021-09-19,Paris SG,Lyon,2.0,1.0,1.35,5.55,8.19,1.42,2.86,14.0,12.0,5.0,5.0,10.0,4.0
2021-09-22,Lille,Reims,2.0,1.0,1.71,3.68,5.26,2.17,1.7,7.0,11.0,4.0,5.0,4.0,4.0
2021-09-22,Monaco,St Etienne,3.0,1.0,1.53,4.32,6.25,1.83,2.0,14.0,9.0,6.0,3.0,6.0,3.0
2021-09-22,Montpellier,Bordeaux,3.0,3.0,1.98,3.69,3.67,1.74,2.1,15.0,15.0,6.0,7.0,6.0,6.0
2021-09-22,Nantes,Brest,3.0,1.0,2.14,3.39,3.5,1.97,1.85,14.0,10.0,6.0,2.0,4.0,4.0
2021-09-22,Rennes,Clermont,6.0,0.0,2.01,3.53,3.75,1.96,1.87,21.0,4.0,10.0,1.0,5.0,7.0
2021-09-22,Angers,Marseille,0.0,0.0,3.5,3.43,2.13,2.04,1.8,9.0,6.0,1.0,1.0,4.0,2.0
2021-09-22,Lens,Strasbourg,0.0,1.0,2.0,3.57,3.74,1.91,1.9,17.0,6.0,4.0,1.0,7.0,3.0
2021-09-22,Lorient,Nice,1.0,0.0,3.21,3.43,2.26,1.98,1.83,8.0,13.0,1.0,1.0,6.0,5.0
2021-09-22,Lyon,Troyes,3.0,1.0,1.41,5.02,7.24,1.52,2.55,15.0,12.0,8.0,7.0,7.0,3.0
2021-09-22,Metz,Paris SG,1.0,2.0,10.61,6.34,1.26,1.43,2.84,6.0,15.0,2.0,5.0,3.0,3.0
2021-09-25,St Etienne,Nice,0.0,3.0,3.23,3.38,2.26,1.9,1.92,11.0,14.0,6.0,9.0,2.0,9.0
2021-09-25,Strasbourg,Lille,1.0,2.0,2.77,3.23,2.65,2.16,1.71,10.0,16.0,3.0,7.0,8.0,8.0
2021-09-25,Lyon,Lorient,1.0,1.0,1.37,5.05,8.36,1.59,2.39,12.0,12.0,2.0,5.0,9.0,3.0
2021-09-25,Paris SG,Montpellier,2.0,0.0,1.21,7.17,12.44,1.32,3.39,16.0,10.0,5.0,4.0,8.0,7.0
2021-09-26,Bordeaux,Rennes,1.0,1.0,3.35,3.49,2.17,2.03,1.8,10.0,18.0,3.0,8.0,8.0,6.0
2021-09-26,Brest,Metz,1.0,2.0,2.05,3.46,3.69,2.0,1.83,11.0,6.0,2.0,4.0,4.0,3.0
2021-09-26,Reims,Nantes,3.0,1.0,2.61,3.16,2.87,2.34,1.61,9.0,11.0,5.0,2.0,3.0,7.0
2021-09-26,Troyes,Angers,1.0,1.0,2.75,3.19,2.69,2.24,1.66,6.0,17.0,3.0,6.0,2.0,9.0
2021-09-26,Clermont,Monaco,1.0,3.0,3.63,3.57,2.03,1.86,1.97,12.0,6.0,4.0,3.0,5.0,1.0
2021-09-26,Marseille,Lens,2.0,3.0,1.79,3.78,4.52,1.89,1.94,14.0,14.0,4.0,5.0,5.0,7.0
2021-10-01,Lens,Reims,2.0,0.0,1.79,3.58,4.82,2.06,1.78,13.0,3.0,7.0,0.0,5.0,3.0
2021-10-02,Montpellier,Strasbourg,1.0,1.0,2.41,3.52,2.87,1.73,2.13,12.0,6.0,4.0,3.0,3.0,4.0
2021-10-02,Nice,Brest,2.0,1.0,1.57,4.36,5.52,1.69,2.19,20.0,6.0,9.0,2.0,6.0,2.0
2021-10-03,Rennes,Paris SG,2.0,0.0,5.41,4.55,1.56,1.59,2.38,12.0,13.0,4.0,0.0,4.0,4.0
2021-10-03,Angers,Metz,3.0,2.0,1.98,3.35,4.09,2.25,1.66,18.0,2.0,5.0,2.0,12.0,2.0
2021-10-03,Lorient,Clermont,1.0,1.0,2.45,3.38,2.92,1.93,1.9,6.0,8.0,1.0,4.0,4.0,4.0
2021-10-03,Monaco,Bordeaux,3.0,0.0,1.39,4.96,8.02,1.65,2.27,12.0,4.0,4.0,1.0,10.0,2.0
2021-10-03,Nantes,Troyes,2.0,0.0,1.79,3.61,4.72,2.09,1.76,8.0,15.0,4.0,4.0,3.0,7.0
2021-10-03,Lille,Marseille,2.0,0.0,2.47,3.29,2.97,2.08,1.77,12.0,10.0,5.0,3.0,3.0,5.0
2021-10-03,St Etienne,Lyon,1.0,1.0,4.35,3.97,1.77,1.58,2.41,18.0,15.0,6.0,5.0,6.0,4.0
2021-10-15,Paris SG,Angers,2.0,1.0,1.35,5.25,8.43,1.57,2.42,13.0,7.0,2.0,2.0,6.0,5.0
2021-10-16,Clermont,Lille,1.0,0.0,3.19,3.37,2.27,1.99,1.84,9.0,9.0,3.0,2.0,6.0,9.0
2021-10-16,Lyon,Monaco,2.0,0.0,2.23,3.61,3.09,1.65,2.27,14.0,9.0,8.0,3.0,2.0,4.0
2021-10-17,Troyes,Nice,1.0,0.0,4.14,3.64,1.87,1.83,2.0,8.0,11.0,3.0,3.0,3.0,3.0
2021-10-17,Bordeaux,Nantes,1.0,1.0,2.81,3.17,2.64,2.1,1.75,8.0,13.0,1.0,7.0,2.0,5.0
2021-10-17,Brest,Reims,1.0,1.0,2.34,3.18,3.23,2.16,1.7,9.0,13.0,4.0,2.0,7.0,7.0
2021-10-17,Metz,Rennes,0.0,3.0,4.46,3.51,1.85,2.14,1.72,9.0,21.0,2.0,8.0,4.0,10.0
2021-10-17,Strasbourg,St Etienne,5.0,1.0,2.11,3.36,3.56,1.88,1.94,12.0,4.0,6.0,2.0,7.0,4.0
2021-10-17,Montpellier,Lens,1.0,0.0,3.0,3.48,2.32,1.68,2.21,15.0,19.0,6.0,5.0,3.0,2.0
2021-10-17,Marseille,Lorient,4.0,1.0,1.53,4.28,6.2,1.71,2.15,16.0,15.0,6.0,7.0,6.0,4.0
2021-10-22,St Etienne,Angers,2.0,2.0,2.86,3.28,2.55,1.97,1.86,17.0,4.0,6.0,2.0,6.0,1.0
2021-10-23,Nantes,Clermont,2.0,1.0,2.22,3.4,3.24,1.98,1.84,8.0,4.0,4.0,1.0,1.0,3.0
2021-10-23,Lille,Brest,1.0,1.0,1.56,4.17,6.01,1.89,1.93,13.0,13.0,3.0,5.0,5.0,4.0
2021-10-24,Nice,Lyon,3.0,2.0,2.56,3.5,2.67,1.64,2.28,17.0,13.0,7.0,8.0,3.0,2.0
2021-10-24,Lens,Metz,4.0,1.0,1.64,3.88,5.47,1.85,1.97,11.0,9.0,5.0,4.0,5.0,6.0
2021-10-24,Lorient,Bordeaux,1.0,1.0,2.06,3.45,3.62,1.99,1.83,14.0,11.0,4.0,5.0,9.0,4.0
2021-10-24,Reims,Troyes,1.0,2.0,2.23,3.19,3.45,2.25,1.66,18.0,7.0,5.0,4.0,7.0,1.0
2021-10-24,Rennes,Strasbourg,1.0,0.0,1.84,3.68,4.25,1.93,1.9,17.0,8.0,3.0,2.0,11.0,6.0
2021-10-24,Monaco,Montpellier,3.0,1.0,1.46,4.6,6.56,1.61,2.33,14.0,12.0,4.0,3.0,4.0,4.0
2021-10-24,Marseille,Paris SG,0.0,0.0,5.06,4.39,1.6,1.55,2.46,15.0,10.0,1.0,4.0,4.0,5.0
2021-10-27,Nice,Marseille,1.0,1.0,2.45,3.4,2.87,1.9,1.92,11.0,7.0,3.0,1.0,6.0,5.0
2021-10-29,Paris SG,Lille,2.0,1.0,1.36,5.05,8.53,1.64,2.27,17.0,11.0,6.0,3.0,4.0,5.0
2021-10-30,Metz,St Etienne,1.0,1.0,2.6,3.37,2.69,1.96,1.85,9.0,10.0,4.0,3.0,5.0,8.0
2021-10-30,Lyon,Lens,2.0,1.0,1.68,4.18,4.66,1.54,2.46,13.0,18.0,4.0,10.0,3.0,5.0
2021-10-31,Angers,Nice,1.0,2.0,2.9,3.34,2.45,2.06,1.77,3.0,14.0,2.0,5.0,3.0,8.0
2021-10-31,Bordeaux,Reims,3.0,2.0,2.5,3.18,2.96,2.26,1.64,17.0,12.0,7.0,8.0,12.0,2.0
2021-10-31,Montpellier,Nantes,2.0,0.0,2.33,3.47,3.0,1.85,1.96,19.0,12.0,10.0,1.0,5.0,5.0
2021-10-31,Strasbourg,Lorient,4.0,0.0,1.98,3.46,3.87,2.01,1.81,15.0,5.0,6.0,0.0,6.0,3.0
2021-10-31,Troyes,Rennes,2.0,2.0,3.75,3.53,1.99,1.97,1.85,14.0,13.0,5.0,5.0,5.0,12.0
2021-10-31,Brest,Monaco,2.0,0.0,4.41,3.87,1.77,1.79,2.04,7.0,5.0,3.0,2.0,2.0,5.0
2021-10-31,Clermont,Marseille,0.0,1.0,2.91,3.57,2.33,1.83,1.99,12.0,9.0,1.0,4.0,4.0,2.0
2021-11-05,Lens,Troyes,4.0,0.0,1.63,4.12,5.27,1.71,2.16,28.0,14.0,12.0,6.0,4.0,2.0
2021-11-06,Lille,Angers,1.0,1.0,1.77,3.57,4.91,2.13,1.73,11.0,9.0,6.0,5.0,4.0,8.0
2021-11-06,Bordeaux,Paris SG,2.0,3.0,8.8,5.62,1.32,1.44,2.76,18.0,9.0,6.0,5.0,10.0,5.0
2021-11-07,Marseille,Metz,0.0,0.0,1.41,4.89,7.51,1.67,2.22,15.0,12.0,3.0,4.0,9.0,7.0
2021-11-07,Lorient,Brest,1.0,2.0,2.46,3.27,2.97,1.93,1.9,9.0,16.0,3.0,5.0,3.0,6.0
2021-11-07,Nantes,Strasbourg,2.0,2.0,2.38,3.3,3.07,2.15,1.72,20.0,17.0,6.0,6.0,9.0,5.0
2021-11-07,Reims,Monaco,0.0,0.0,4.0,3.42,1.98,2.08,1.77,11.0,12.0,4.0,3.0,5.0,6.0
2021-11-07,St Etienne,Clermont,3.0,2.0,2.51,3.37,2.83,1.8,2.03,18.0,9.0,4.0,4.0,9.0,2.0
2021-11-07,Nice,Montpellier,0.0,1.0,1.56,4.41,5.51,1.62,2.33,22.0,8.0,6.0,2.0,8.0,2.0
2021-11-07,Rennes,Lyon,4.0,1.0,2.64,3.55,2.59,1.63,2.31,25.0,6.0,12.0,4.0,7.0,2.0
2021-11-19,Monaco,Lille,2.0,2.0,2.16,3.25,3.66,2.16,1.71,17.0,15.0,8.0,8.0,6.0,5.0
2021-11-20,Paris SG,Nantes,3.0,1.0,1.24,6.35,11.92,1.5,2.57,14.0,12.0,7.0,6.0,4.0,3.0
2021-11-20,Rennes,Montpellier,2.0,0.0,1.53,4.45,5.9,1.66,2.24,30.0,4.0,7.0,2.0,8.0,2.0
2021-11-21,Brest,Lens,4.0,0.0,3.17,3.53,2.23,1.8,2.02,13.0,14.0,5.0,5.0,5.0,5.0
2021-11-21,Angers,Lorient,1.0,0.0,1.89,3.45,4.37,2.13,1.72,8.0,10.0,4.0,3.0,6.0,3.0
2021-11-21,Metz,Bordeaux,3.0,3.0,2.42,3.29,3.02,2.03,1.8,20.0,19.0,9.0,5.0,2.0,4.0
2021-11-21,Strasbourg,Reims,1.0,1.0,2.01,3.29,4.07,2.35,1.6,21.0,10.0,3.0,3.0,5.0,4.0
2021-11-21,Troyes,St Etienne,0.0,1.0,2.35,3.38,3.07,1.87,1.94,15.0,14.0,3.0,4.0,6.0,8.0
2021-11-21,Clermont,Nice,1.0,2.0,3.33,3.53,2.14,1.89,1.91,18.0,9.0,6.0,4.0,3.0,5.0
2021-11-26,Lens,Angers,2.0,2.0,1.81,3.53,4.72,2.1,1.75,9.0,12.0,4.0,5.0,5.0,5.0
2021-11-27,Lille,Nantes,1.0,1.0,1.65,3.86,5.38,1.98,1.84,10.0,7.0,3.0,3.0,12.0,1.0
2021-11-27,Nice,Metz,0.0,1.0,1.42,4.7,7.54,1.75,2.09,20.0,4.0,2.0,1.0,8.0,1.0
2021-11-28,St Etienne,Paris SG,1.0,3.0,8.51,5.57,1.34,1.43,2.81,8.0,15.0,4.0,8.0,5.0,5.0
2021-11-28,Bordeaux,Brest,1.0,2.0,2.41,3.45,2.91,1.8,2.02,16.0,14.0,4.0,4.0,5.0,2.0
2021-11-28,Lorient,Rennes,0.0,2.0,4.48,3.89,1.76,1.81,2.01,6.0,11.0,0.0,5.0,3.0,4.0
2021-11-28,Monaco,Strasbourg,1.0,1.0,1.67,4.07,4.91,1.83,1.99,8.0,7.0,3.0,4.0,4.0,3.0
2021-11-28,Reims,Clermont,1.0,0.0,2.45,3.17,3.08,2.25,1.64,12.0,4.0,3.0,0.0,4.0,1.0
2021-11-28,Montpellier,Lyon,0.0,1.0,4.21,4.23,1.74,1.49,2.59,15.0,11.0,6.0,3.0,8.0,5.0
2021-11-28,Marseille,Troyes,1.0,0.0,1.54,4.37,5.82,1.7,2.16,14.0,5.0,4.0,2.0,7.0,3.0
2021-12-01,Angers,Monaco,1.0,3.0,3.22,3.31,2.29,2.08,1.76,9.0,14.0,3.0,8.0,4.0,4.0
2021-12-01,Brest,St Etienne,1.0,0.0,2.11,3.56,3.4,1.76,2.07,8.0,13.0,3.0,3.0,1.0,3.0
2021-12-01,Metz,Montpellier,1.0,3.0,2.6,3.39,2.72,1.9,1.91,20.0,10.0,7.0,7.0,7.0,4.0
2021-12-01,Strasbourg,Bordeaux,5.0,2.0,1.73,3.94,4.59,1.82,2.0,19.0,13.0,6.0,2.0,5.0,2.0
2021-12-01,Troyes,Lorient,2.0,0.0,2.37,3.27,3.12,2.11,1.74,10.0,9.0,3.0,3.0,4.0,3.0
2021-12-01,Clermont,Lens,2.0,2.0,2.77,3.56,2.45,1.78,2.06,19.0,9.0,7.0,2.0,5.0,3.0
2021-12-01,Lyon,Reims,1.0,2.0,1.47,4.62,6.46,1.64,2.27,14.0,8.0,6.0,4.0,3.0,4.0
2021-12-01,Nantes,Marseille,0.0,1.0,3.16,3.41,2.27,1.93,1.9,3.0,15.0,1.0,5.0,4.0,6.0
2021-12-01,Paris SG,Nice,0.0,0.0,1.42,5.05,6.79,1.5,2.59,22.0,4.0,5.0,2.0,6.0,5.0
2021-12-01,Rennes,Lille,1.0,2.0,2.05,3.52,3.59,1.93,1.89,10.0,6.0,2.0,2.0,3.0,1.0
2021-12-04,Marseille,Brest,1.0,2.0,1.59,4.2,5.46,1.7,2.17,16.0,9.0,4.0,4.0,5.0,0.0
2021-12-04,Lille,Troyes,2.0,1.0,1.46,4.54,7.17,1.79,2.02,13.0,7.0,4.0,3.0,8.0,6.0
2021-12-04,Lens,Paris SG,1.0,1.0,4.78,4.29,1.65,1.56,2.44,18.0,13.0,7.0,6.0,8.0,5.0
2021-12-05,St Etienne,Rennes,0.0,5.0,4.16,3.74,1.85,1.81,2.02,12.0,18.0,2.0,10.0,7.0,2.0
2021-12-05,Lorient,Nantes,0.0,1.0,2.88,3.16,2.61,2.2,1.68,17.0,5.0,2.0,1.0,8.0,3.0
2021-12-05,Monaco,Metz,4.0,0.0,1.37,4.95,8.47,1.73,2.13,8.0,6.0,5.0,0.0,5.0,4.0
2021-12-05,Montpellier,Clermont,1.0,0.0,2.12,3.64,3.31,1.72,2.15,8.0,10.0,2.0,3.0,1.0,3.0
2021-12-05,Reims,Angers,1.0,2.0,2.43,3.06,3.22,2.56,1.51,5.0,13.0,2.0,4.0,7.0,4.0
2021-12-05,Nice,Strasbourg,0.0,3.0,1.87,3.64,4.2,1.9,1.92,12.0,15.0,5.0,5.0,9.0,4.0
2021-12-05,Bordeaux,Lyon,2.0,2.0,4.56,4.25,1.68,1.5,2.57,12.0,19.0,5.0,5.0,3.0,8.0
2021-12-10,Nantes,Lens,3.0,2.0,2.75,3.23,2.69,2.17,1.7,15.0,4.0,5.0,2.0,8.0,2.0
2021-12-11,Brest,Montpellier,0.0,4.0,2.09,3.58,3.44,1.79,2.05,17.0,9.0,6.0,4.0,8.0,2.0
2021-12-11,Reims,St Etienne,2.0,0.0,2.18,3.22,3.61,2.3,1.63,17.0,4.0,6.0,0.0,11.0,5.0
2021-12-12,Lille,Lyon,0.0,0.0,2.37,3.58,2.9,1.72,2.16,14.0,13.0,2.0,2.0,4.0,3.0
2021-12-12,Angers,Clermont,0.0,1.0,2.06,3.39,3.71,2.09,1.75,12.0,17.0,3.0,3.0,8.0,3.0
2021-12-12,Metz,Lorient,4.0,1.0,2.45,3.22,3.04,2.11,1.74,5.0,17.0,3.0,6.0,3.0,8.0
2021-12-12,Rennes,Nice,1.0,2.0,1.92,3.67,3.9,1.89,1.93,20.0,7.0,8.0,3.0,11.0,6.0
2021-12-12,Troyes,Bordeaux,1.0,2.0,2.25,3.47,3.16,1.82,2.01,21.0,8.0,3.0,4.0,8.0,1.0
2021-12-12,Strasbourg,Marseille,0.0,2.0,2.48,3.35,2.89,1.96,1.86,11.0,8.0,3.0,3.0,8.0,3.0
2021-12-12,Paris SG,Monaco,2.0,0.0,1.45,4.88,6.56,1.51,2.57,9.0,13.0,2.0,3.0,1.0,6.0
2021-12-22,Bordeaux,Lille,2.0,3.0,4.29,3.82,1.81,1.79,2.04,12.0,12.0,3.0,3.0,5.0,6.0
2021-12-22,Lorient,Paris SG,1.0,1.0,7.88,5.15,1.38,1.54,2.47,17.0,17.0,5.0,4.0,6.0,8.0
2021-12-22,Lyon,Metz,1.0,1.0,1.35,5.41,8.12,1.46,2.69,18.0,6.0,6.0,2.0,13.0,2.0
2021-12-22,Marseille,Reims,1.0,1.0,1.68,3.74,5.44,2.17,1.7,14.0,7.0,5.0,2.0,7.0,4.0
2021-12-22,Monaco,Rennes,2.0,1.0,2.23,3.49,3.2,1.87,1.96,11.0,16.0,3.0,6.0,7.0,5.0
2021-12-22,Montpellier,Angers,4.0,1.0,2.21,3.3,3.42,1.97,1.85,9.0,13.0,6.0,6.0,1.0,6.0
2021-12-22,Nice,Lens,2.0,1.0,2.11,3.45,3.53,1.85,1.97,9.0,8.0,3.0,4.0,5.0,4.0
2021-12-22,St Etienne,Nantes,0.0,1.0,2.58,3.32,2.79,2.02,1.81,13.0,8.0,6.0,3.0,5.0,4.0
2021-12-22,Troyes,Brest,1.0,1.0,2.5,3.34,2.86,1.9,1.92,15.0,8.0,4.0,2.0,9.0,0.0
2022-01-07,Bordeaux,Marseille,0.0,1.0,5.44,4.43,1.58,1.56,2.42,6.0,18.0,2.0,6.0,3.0,9.0
2022-01-08,Lens,Rennes,1.0,0.0,2.77,3.44,2.51,1.86,1.95,11.0,5.0,4.0,0.0,12.0,1.0
2022-01-09,Brest,Nice,0.0,3.0,2.92,3.44,2.4,1.9,1.92,26.0,9.0,10.0,4.0,14.0,3.0
2022-01-09,Clermont,Reims,0.0,0.0,2.41,3.12,3.18,2.46,1.55,12.0,7.0,7.0,2.0,6.0,2.0
2022-01-09,Metz,Strasbourg,0.0,2.0,4.63,3.79,1.76,1.95,1.87,7.0,19.0,1.0,7.0,4.0,3.0
2022-01-09,Nantes,Monaco,0.0,0.0,3.42,3.28,2.21,2.12,1.73,8.0,9.0,4.0,1.0,5.0,2.0
2022-01-09,Lyon,Paris SG,1.0,1.0,3.67,4.05,1.88,1.48,2.64,11.0,15.0,4.0,3.0,2.0,7.0
2022-01-14,Nice,Nantes,2.0,1.0,1.71,3.71,5.25,2.07,1.77,13.0,11.0,5.0,3.0,3.0,5.0
2022-01-15,St Etienne,Lens,1.0,2.0,3.72,3.55,2.0,1.9,1.92,13.0,14.0,4.0,4.0,6.0,6.0
2022-01-15,Paris SG,Brest,2.0,0.0,1.23,6.79,11.85,1.37,3.07,20.0,6.0,9.0,3.0,9.0,6.0
2022-01-16,Rennes,Bordeaux,6.0,0.0,1.41,4.88,7.29,1.54,2.45,19.0,5.0,11.0,1.0,9.0,1.0
2022-01-16,Lorient,Angers,0.0,0.0,2.4,3.24,3.09,2.13,1.72,14.0,5.0,4.0,0.0,6.0,1.0
2022-01-16,Monaco,Clermont,4.0,0.0,1.47,4.54,6.66,1.73,2.11,20.0,6.0,10.0,1.0,6.0,1.0
2022-01-16,Reims,Metz,0.0,1.0,1.78,3.54,4.86,2.27,1.63,14.0,17.0,2.0,5.0,11.0,4.0
2022-01-16,Strasbourg,Montpellier,3.0,1.0,2.06,3.49,3.6,1.81,2.01,19.0,9.0,8.0,5.0,7.0,3.0
2022-01-16,Troyes,Lyon,0.0,1.0,4.9,4.01,1.68,1.78,2.05,6.0,19.0,2.0,8.0,4.0,7.0
2022-01-16,Marseille,Lille,1.0,1.0,2.31,3.38,3.13,2.01,1.81,22.0,5.0,7.0,4.0,15.0,2.0
2022-01-19,Clermont,Strasbourg,0.0,2.0,3.12,3.46,2.27,1.93,1.87,7.0,15.0,1.0,5.0,6.0,4.0
2022-01-19,Lille,Lorient,3.0,1.0,1.51,4.33,6.33,1.83,1.98,13.0,18.0,5.0,5.0,4.0,2.0
2022-01-19,Montpellier,Troyes,0.0,1.0,1.75,3.96,4.43,1.81,2.02,11.0,13.0,2.0,5.0,5.0,4.0
2022-01-21,Lyon,St Etienne,1.0,0.0,1.38,5.1,7.78,1.55,2.45,11.0,4.0,4.0,1.0,2.0,2.0
2022-01-22,Brest,Lille,2.0,0.0,3.25,3.56,2.17,1.87,1.95,9.0,17.0,3.0,5.0,5.0,10.0
2022-01-22,Lens,Marseille,0.0,2.0,2.55,3.47,2.71,1.89,1.92,9.0,10.0,3.0,7.0,8.0,5.0
2022-01-23,Metz,Nice,0.0,2.0,4.83,3.76,1.73,1.81,2.01,8.0,7.0,1.0,6.0,3.0,4.0
2022-01-23,Angers,Troyes,2.0,1.0,2.07,3.16,4.02,2.31,1.61,10.0,11.0,3.0,6.0,3.0,3.0
2022-01-23,Bordeaux,Strasbourg,4.0,3.0,3.78,3.72,1.94,1.68,2.18,13.0,18.0,6.0,6.0,1.0,3.0
2022-01-23,Clermont,Rennes,2.0,1.0,4.01,3.77,1.87,1.84,1.98,12.0,13.0,4.0,4.0,4.0,6.0
2022-01-23,Nantes,Lorient,4.0,2.0,2.14,3.12,3.83,2.32,1.61,12.0,15.0,8.0,6.0,7.0,6.0
2022-01-23,Montpellier,Monaco,3.0,2.0,3.61,3.53,2.05,1.85,1.97,15.0,17.0,7.0,7.0,5.0,10.0
2022-01-23,Paris SG,Reims,4.0,0.0,1.21,6.76,13.96,1.54,2.48,22.0,7.0,8.0,3.0,14.0,0.0
2022-01-26,Angers,St Etienne,0.0,1.0,2.18,3.29,3.44,2.23,1.66,7.0,8.0,4.0,5.0,3.0,1.0
2022-02-01,Lyon,Marseille,2.0,1.0,2.81,3.29,2.6,2.05,1.79,12.0,9.0,4.0,1.0,4.0,6.0
2022-02-04,Marseille,Angers,5.0,2.0,1.51,4.18,6.97,2.01,1.82,18.0,4.0,8.0,2.0,6.0,2.0
2022-02-05,St Etienne,Montpellier,3.0,1.0,2.71,3.27,2.68,1.94,1.87,27.0,3.0,8.0,2.0,11.0,0.0
2022-02-05,Monaco,Lyon,2.0,0.0,1.99,3.68,3.66,1.74,2.11,10.0,19.0,6.0,5.0,3.0,4.0
2022-02-06,Lorient,Lens,2.0,0.0,3.32,3.46,2.18,1.92,1.9,8.0,8.0,3.0,0.0,1.0,4.0
2022-02-06,Nice,Clermont,0.0,1.0,1.58,4.18,5.69,1.82,2.0,7.0,14.0,3.0,5.0,5.0,3.0
2022-02-06,Reims,Bordeaux,5.0,0.0,2.13,3.44,3.48,2.04,1.79,16.0,6.0,7.0,0.0,7.0,4.0
2022-02-06,Strasbourg,Nantes,1.0,0.0,1.78,3.74,4.53,2.02,1.81,13.0,10.0,3.0,2.0,7.0,9.0
2022-02-06,Troyes,Metz,0.0,0.0,2.01,3.44,3.84,2.11,1.74,9.0,6.0,2.0,0.0,6.0,7.0
2022-02-06,Rennes,Brest,2.0,0.0,1.49,4.48,6.45,1.74,2.11,19.0,5.0,8.0,1.0,6.0,1.0
2022-02-06,Lille,Paris SG,1.0,5.0,4.01,3.74,1.88,1.78,2.05,10.0,18.0,5.0,7.0,4.0,3.0
2022-02-11,Paris SG,Rennes,1.0,0.0,1.54,4.45,5.92,1.62,2.27,12.0,13.0,1.0,1.0,5.0,3.0
2022-02-12,Montpellier,Lille,0.0,1.0,3.06,3.49,2.3,1.86,1.97,16.0,16.0,5.0,7.0,6.0,4.0
2022-02-12,Lyon,Nice,2.0,0.0,1.95,3.71,3.79,1.75,2.1,12.0,1.0,8.0,1.0,4.0,1.0
2022-02-13,Monaco,Lorient,0.0,0.0,1.39,4.78,8.09,1.82,2.0,15.0,5.0,4.0,1.0,11.0,2.0
2022-02-13,Angers,Strasbourg,0.0,1.0,3.11,3.39,2.31,2.03,1.8,9.0,8.0,2.0,2.0,5.0,3.0
2022-02-13,Brest,Troyes,5.0,1.0,1.95,3.44,4.07,2.06,1.77,12.0,5.0,5.0,2.0,1.0,5.0
2022-02-13,Clermont,St Etienne,1.0,2.0,2.29,3.3,3.23,2.06,1.77,9.0,6.0,3.0,3.0,6.0,3.0
2022-02-13,Nantes,Reims,1.0,0.0,2.19,3.12,3.66,2.44,1.56,11.0,7.0,3.0,4.0,5.0,5.0
2022-02-13,Lens,Bordeaux,3.0,2.0,1.48,4.69,6.26,1.57,2.42,9.0,10.0,7.0,4.0,6.0,2.0
2022-02-13,Metz,Marseille,1.0,2.0,5.28,3.9,1.66,1.87,1.94,11.0,13.0,4.0,5.0,3.0,8.0
2022-02-18,Lille,Metz,0.0,0.0,1.55,3.92,6.91,1.99,1.84,13.0,7.0,1.0,0.0,11.0,1.0
2022-02-19,Lens,Lyon,1.0,1.0,2.84,3.51,2.45,1.81,2.02,12.0,10.0,6.0,2.0,4.0,4.0
2022-02-19,Nantes,Paris SG,3.0,1.0,6.35,4.61,1.49,1.63,2.3,13.0,16.0,7.0,9.0,5.0,7.0
2022-02-20,Nice,Angers,1.0,0.0,1.73,3.63,5.2,1.97,1.85,9.0,11.0,5.0,2.0,4.0,5.0
2022-02-20,Lorient,Montpellier,0.0,1.0,2.37,3.29,3.13,2.04,1.78,16.0,6.0,3.0,5.0,8.0,5.0
2022-02-20,Reims,Brest,1.0,1.0,2.38,3.23,3.18,2.12,1.71,8.0,15.0,2.0,4.0,1.0,6.0
2022-02-20,Rennes,Troyes,4.0,1.0,1.36,4.86,9.37,1.77,2.06,17.0,4.0,8.0,1.0,6.0,7.0
2022-02-20,St Etienne,Strasbourg,2.0,2.0,2.99,3.43,2.38,1.94,1.87,9.0,8.0,4.0,4.0,3.0,4.0
2022-02-20,Bordeaux,Monaco,1.0,1.0,5.16,3.97,1.67,1.61,2.34,11.0,13.0,3.0,4.0,2.0,7.0
2022-02-20,Marseille,Clermont,0.0,2.0,1.46,4.54,7.0,1.78,2.05,18.0,4.0,4.0,3.0,8.0,3.0
2022-02-25,Montpellier,Rennes,2.0,4.0,4.52,3.71,1.81,1.88,1.94,12.0,11.0,5.0,9.0,7.0,1.0
2022-02-26,Strasbourg,Nice,0.0,0.0,2.21,3.37,3.39,2.01,1.82,17.0,3.0,6.0,0.0,8.0,2.0
2022-02-26,Paris SG,St Etienne,3.0,1.0,1.16,8.25,15.87,1.34,3.23,21.0,13.0,8.0,6.0,8.0,3.0
2022-02-27,Monaco,Reims,1.0,2.0,1.46,4.31,7.86,1.96,1.86,18.0,12.0,5.0,7.0,10.0,3.0
2022-02-27,Angers,Lens,1.0,2.0,2.94,3.17,2.56,2.1,1.74,13.0,8.0,4.0,2.0,7.0,3.0
2022-02-27,Brest,Lorient,0.0,1.0,2.08,3.31,3.8,2.04,1.79,4.0,17.0,0.0,8.0,4.0,6.0
2022-02-27,Clermont,Bordeaux,1.0,1.0,1.94,3.65,3.88,1.85,1.97,9.0,10.0,3.0,3.0,6.0,6.0
2022-02-27,Metz,Nantes,0.0,0.0,3.03,3.12,2.52,2.31,1.62,8.0,12.0,0.0,3.0,3.0,4.0
2022-02-27,Troyes,Marseille,1.0,1.0,4.58,3.82,1.77,1.89,1.93,9.0,8.0,3.0,3.0,4.0,8.0
2022-02-27,Lyon,Lille,0.0,1.0,1.81,3.77,4.42,1.8,2.02,20.0,6.0,8.0,2.0,7.0,3.0
2022-03-04,Lorient,Lyon,1.0,4.0,4.45,3.72,1.82,1.9,1.92,15.0,15.0,6.0,7.0,8.0,3.0
2022-03-05,Lens,Brest,0.0,1.0,1.71,3.89,4.84,1.78,2.05,20.0,5.0,6.0,3.0,4.0,0.0
2022-03-05,Nice,Paris SG,1.0,0.0,4.09,3.91,1.84,1.68,2.19,11.0,8.0,6.0,2.0,3.0,4.0
2022-03-06,St Etienne,Metz,1.0,0.0,1.95,3.26,4.4,2.14,1.72,13.0,5.0,5.0,2.0,12.0,3.0
2022-03-06,Bordeaux,Troyes,0.0,2.0,2.26,3.41,3.24,2.05,1.78,10.0,10.0,3.0,2.0,6.0,2.0
2022-03-06,Nantes,Montpellier,2.0,0.0,2.11,3.3,3.71,2.1,1.75,16.0,6.0,5.0,1.0,6.0,4.0
2022-03-06,Reims,Strasbourg,1.0,1.0,3.47,3.12,2.28,2.22,1.67,8.0,17.0,1.0,6.0,2.0,4.0
2022-03-06,Rennes,Angers,2.0,0.0,1.4,4.66,8.71,1.79,2.05,15.0,7.0,4.0,2.0,7.0,7.0
2022-03-06,Lille,Clermont,4.0,0.0,1.73,3.64,5.21,2.02,1.8,15.0,9.0,8.0,1.0,3.0,2.0
2022-03-06,Marseille,Monaco,0.0,1.0,2.33,3.23,3.26,1.91,1.9,13.0,5.0,2.0,3.0,10.0,3.0
2022-03-11,Lille,St Etienne,0.0,0.0,1.7,3.78,5.19,1.96,1.86,10.0,11.0,2.0,3.0,2.0,3.0
2022-03-12,Montpellier,Nice,0.0,0.0,3.1,3.41,2.32,1.98,1.83,24.0,8.0,7.0,0.0,13.0,1.0
2022-03-12,Troyes,Nantes,1.0,0.0,3.03,3.15,2.51,2.35,1.6,11.0,6.0,2.0,1.0,8.0,4.0
2022-03-13,Paris SG,Bordeaux,3.0,0.0,1.15,8.28,18.64,1.36,3.14,12.0,15.0,5.0,5.0,2.0,4.0
2022-03-13,Angers,Reims,0.0,1.0,2.35,2.97,3.51,2.49,1.54,20.0,10.0,7.0,3.0,4.0,2.0
2022-03-13,Clermont,Lorient,0.0,2.0,2.33,3.04,3.45,2.25,1.65,10.0,9.0,1.0,6.0,2.0,2.0
2022-03-13,Metz,Lens,0.0,0.0,3.79,3.44,2.02,2.18,1.68,6.0,11.0,3.0,0.0,5.0,4.0
2022-03-13,Strasbourg,Monaco,1.0,0.0,2.54,3.18,2.95,2.06,1.77,11.0,5.0,3.0,0.0,6.0,7.0
2022-03-13,Lyon,Rennes,2.0,4.0,2.09,3.57,3.48,1.78,2.04,11.0,10.0,2.0,7.0,8.0,2.0
2022-03-13,Brest,Marseille,1.0,4.0,3.48,3.39,2.15,1.87,1.94,8.0,13.0,2.0,7.0,1.0,3.0
2022-03-18,St Etienne,Troyes,1.0,1.0,1.92,3.43,4.33,2.27,1.65,10.0,8.0,3.0,4.0,1.0,4.0
2022-03-19,Lens,Clermont,3.0,1.0,1.68,3.8,5.27,1.96,1.86,20.0,10.0,7.0,3.0,7.0,2.0
2022-03-19,Nantes,Lille,0.0,1.0,2.93,2.98,2.71,2.35,1.6,11.0,12.0,3.0,4.0,7.0,7.0
2022-03-20,Monaco,Paris SG,3.0,0.0,3.65,3.85,1.95,1.64,2.27,13.0,13.0,8.0,6.0,6.0,7.0
2022-03-20,Angers,Brest,1.0,0.0,2.23,3.21,3.49,2.07,1.76,9.0,16.0,3.0,2.0,6.0,11.0
2022-03-20,Bordeaux,Montpellier,0.0,2.0,2.46,3.5,2.82,1.87,1.95,32.0,7.0,10.0,2.0,11.0,4.0
2022-03-20,Lorient,Strasbourg,0.0,0.0,3.43,3.29,2.21,2.16,1.7,9.0,13.0,2.0,4.0,6.0,5.0
2022-03-20,Rennes,Metz,6.0,1.0,1.29,5.48,11.81,1.78,2.05,21.0,2.0,8.0,1.0,10.0,1.0
2022-03-20,Reims,Lyon,0.0,0.0,4.19,3.68,1.87,1.97,1.85,5.0,10.0,2.0,2.0,7.0,3.0
2022-03-20,Marseille,Nice,2.0,1.0,2.18,3.32,3.52,2.1,1.74,13.0,9.0,6.0,3.0,3.0,2.0
2022-04-02,Nice,Rennes,1.0,1.0,3.15,3.39,2.32,1.96,1.86,10.0,13.0,3.0,4.0,7.0,11.0
2022-04-02,Lille,Bordeaux,0.0,0.0,1.5,4.44,6.43,1.76,2.08,22.0,2.0,6.0,0.0,7.0,2.0
2022-04-03,Strasbourg,Lens,1.0,0.0,2.14,3.36,3.57,2.08,1.76,13.0,13.0,3.0,2.0,2.0,6.0
2022-04-03,Clermont,Nantes,2.0,3.0,2.6,3.11,2.95,2.32,1.61,12.0,9.0,4.0,4.0,5.0,6.0
2022-04-03,Metz,Monaco,1.0,2.0,6.27,4.07,1.56,1.97,1.85,17.0,14.0,4.0,4.0,3.0,6.0
2022-04-03,Montpellier,Brest,1.0,2.0,2.08,3.53,3.54,1.81,2.02,9.0,12.0,3.0,6.0,7.0,5.0
2022-04-03,St Etienne,Marseille,2.0,4.0,3.57,3.42,2.12,2.07,1.77,5.0,15.0,2.0,9.0,2.0,9.0
2022-04-03,Troyes,Reims,1.0,0.0,2.55,3.04,3.08,2.58,1.51,19.0,10.0,5.0,4.0,6.0,3.0
2022-04-03,Lyon,Angers,3.0,2.0,1.4,4.87,7.84,1.7,2.17,15.0,7.0,5.0,4.0,9.0,2.0
2022-04-03,Paris SG,Lorient,5.0,1.0,1.19,7.47,14.31,1.37,3.1,15.0,11.0,7.0,4.0,3.0,1.0
2022-04-08,Lorient,St Etienne,6.0,2.0,2.21,3.11,3.71,2.49,1.54,18.0,13.0,12.0,4.0,2.0,3.0
2022-04-09,Reims,Rennes,2.0,3.0,4.54,3.6,1.83,2.13,1.72,15.0,14.0,7.0,8.0,2.0,6.0
2022-04-09,Clermont,Paris SG,1.0,6.0,8.44,5.56,1.34,1.5,2.58,10.0,17.0,4.0,10.0,2.0,5.0
2022-04-10,Bordeaux,Metz,3.0,1.0,1.96,3.46,4.06,2.16,1.71,12.0,9.0,7.0,2.0,5.0,6.0
2022-04-10,Angers,Lille,1.0,1.0,3.31,3.17,2.34,2.36,1.6,13.0,17.0,3.0,3.0,6.0,7.0
2022-04-10,Brest,Nantes,1.0,1.0,2.6,3.21,2.87,2.18,1.69,12.0,12.0,6.0,5.0,4.0,5.0
2022-04-10,Monaco,Troyes,2.0,1.0,1.35,5.09,9.26,1.77,2.07,11.0,8.0,3.0,1.0,10.0,1.0
2022-04-10,Lens,Nice,3.0,0.0,2.33,3.39,3.11,2.01,1.82,6.0,16.0,3.0,6.0,1.0,7.0
2022-04-10,Strasbourg,Lyon,1.0,1.0,2.48,3.41,2.87,1.87,1.95,15.0,13.0,4.0,3.0,5.0,3.0
2022-04-10,Marseille,Montpellier,2.0,0.0,1.53,4.36,6.11,1.77,2.07,11.0,6.0,5.0,2.0,0.0,8.0
2022-04-15,Rennes,Monaco,2.0,3.0,2.11,3.55,3.45,1.82,2.01,13.0,12.0,4.0,4.0,6.0,0.0
2022-04-16,St Etienne,Brest,2.0,1.0,2.23,3.32,3.35,2.09,1.75,11.0,7.0,4.0,3.0,7.0,3.0
2022-04-16,Lille,Lens,1.0,2.0,2.04,3.45,3.75,2.03,1.8,17.0,11.0,5.0,7.0,13.0,7.0
2022-04-17,Nice,Lorient,2.0,1.0,1.73,3.73,4.95,2.06,1.77,15.0,6.0,2.0,1.0,5.0,1.0
2022-04-17,Metz,Clermont,1.0,1.0,2.74,3.2,2.7,2.24,1.65,4.0,26.0,2.0,4.0,0.0,9.0
2022-04-17,Montpellier,Reims,0.0,0.0,2.23,3.08,3.65,2.18,1.69,14.0,15.0,3.0,9.0,9.0,6.0
2022-04-17,Nantes,Angers,1.0,1.0,1.96,3.44,4.06,2.21,1.67,24.0,10.0,7.0,3.0,14.0,5.0
2022-04-17,Troyes,Strasbourg,1.0,1.0,3.79,3.36,2.05,2.18,1.69,11.0,12.0,3.0,4.0,5.0,9.0
2022-04-17,Lyon,Bordeaux,6.0,1.0,1.3,5.85,9.72,1.47,2.68,15.0,17.0,9.0,5.0,3.0,5.0
2022-04-17,Paris SG,Marseille,2.0,1.0,1.36,5.5,7.57,1.43,2.79,7.0,3.0,3.0,1.0,3.0,4.0
2022-04-20,Bordeaux,St Etienne,2.0,2.0,2.4,3.43,2.97,1.89,1.92,11.0,9.0,7.0,2.0,5.0,4.0
2022-04-20,Lorient,Metz,1.0,0.0,1.79,3.65,4.71,2.08,1.76,15.0,20.0,5.0,5.0,10.0,12.0
2022-04-20,Monaco,Nice,1.0,0.0,1.87,3.72,4.14,1.82,2.01,17.0,15.0,7.0,2.0,7.0,10.0
2022-04-20,Reims,Lille,2.0,1.0,3.66,3.19,2.18,2.42,1.57,10.0,20.0,4.0,5.0,5.0,2.0
2022-04-20,Troyes,Clermont,0.0,1.0,2.31,3.32,3.2,2.15,1.71,16.0,3.0,3.0,1.0,5.0,2.0
2022-04-20,Angers,Paris SG,0.0,3.0,7.64,5.07,1.39,1.58,2.37,8.0,15.0,1.0,8.0,3.0,7.0
2022-04-20,Brest,Lyon,2.0,1.0,4.39,4.08,1.75,1.67,2.23,9.0,18.0,3.0,5.0,2.0,2.0
2022-04-20,Lens,Montpellier,2.0,0.0,1.77,3.76,4.68,1.74,2.11,12.0,9.0,5.0,4.0,5.0,3.0
2022-04-20,Marseille,Nantes,3.0,2.0,1.64,3.98,5.48,1.92,1.9,19.0,4.0,5.0,3.0,7.0,3.0
2022-04-20,Strasbourg,Rennes,2.0,1.0,2.59,3.41,2.72,1.93,1.89,13.0,10.0,5.0,3.0,2.0,7.0
2022-04-23,Lyon,Montpellier,5.0,2.0,1.35,5.56,8.03,1.43,2.81,27.0,11.0,13.0,7.0,8.0,2.0
2022-04-23,St Etienne,Monaco,1.0,4.0,4.26,3.78,1.83,1.83,2.0,8.0,12.0,4.0,6.0,1.0,1.0
2022-04-23,Paris SG,Lens,1.0,1.0,1.29,6.0,9.6,1.42,2.84,18.0,8.0,7.0,3.0,4.0,3.0
2022-04-24,Rennes,Lorient,5.0,0.0,1.44,4.76,7.06,1.66,2.23,10.0,12.0,7.0,2.0,2.0,4.0
2022-04-24,Clermont,Angers,2.0,2.0,2.26,3.28,3.35,2.15,1.71,12.0,9.0,6.0,5.0,4.0,4.0
2022-04-24,Metz,Brest,0.0,1.0,2.91,3.22,2.55,2.19,1.68,10.0,16.0,0.0,3.0,4.0,7.0
2022-04-24,Nantes,Bordeaux,5.0,3.0,1.8,3.76,4.46,1.89,1.92,15.0,20.0,6.0,7.0,6.0,4.0
2022-04-24,Nice,Troyes,1.0,0.0,1.63,3.98,5.55,1.97,1.85,18.0,9.0,3.0,3.0,7.0,3.0
2022-04-24,Lille,Strasbourg,1.0,0.0,2.31,3.31,3.25,2.17,1.7,11.0,11.0,3.0,3.0,4.0,6.0
2022-04-24,Reims,Marseille,0.0,1.0,3.88,3.35,2.04,2.18,1.69,10.0,14.0,3.0,3.0,3.0,4.0
2022-04-29,Strasbourg,Paris SG,3.0,3.0,3.68,3.8,1.97,1.66,2.24,14.0,14.0,2.0,6.0,2.0,5.0
2022-04-30,Lens,Nantes,2.0,2.0,1.64,3.99,5.38,1.84,1.98,20.0,13.0,5.0,5.0,6.0,5.0
2022-04-30,Rennes,St Etienne,2.0,0.0,1.33,5.57,8.9,1.51,2.57,13.0,8.0,3.0,3.0,4.0,3.0
2022-05-01,Troyes,Lille,3.0,0.0,3.58,3.28,2.16,2.2,1.68,9.0,10.0,5.0,1.0,1.0,4.0
2022-05-01,Brest,Clermont,2.0,0.0,2.26,3.42,3.19,1.95,1.87,8.0,16.0,4.0,7.0,5.0,13.0
2022-05-01,Lorient,Reims,1.0,2.0,2.27,3.25,3.34,2.28,1.63,20.0,12.0,8.0,2.0,7.0,3.0
2022-05-01,Monaco,Angers,2.0,0.0,1.38,5.01,8.19,1.66,2.23,15.0,11.0,7.0,5.0,8.0,5.0
2022-05-01,Montpellier,Metz,2.0,2.0,1.75,3.84,4.62,1.84,1.98,18.0,17.0,6.0,5.0,8.0,1.0
2022-05-01,Bordeaux,Nice,0.0,1.0,3.65,3.58,2.02,1.77,2.06,5.0,14.0,1.0,3.0,2.0,5.0
2022-05-01,Marseille,Lyon,0.0,3.0,2.29,3.6,3.0,1.65,2.26,9.0,12.0,2.0,5.0,3.0,6.0
2022-05-06,Lille,Monaco,1.0,2.0,3.82,3.68,1.97,1.8,2.04,15.0,9.0,5.0,3.0,3.0,5.0
2022-05-07,Brest,Strasbourg,0.0,1.0,4.69,3.92,1.74,1.9,1.92,7.0,14.0,2.0,5.0,5.0,5.0
2022-05-08,Metz,Lyon,3.0,2.0,7.2,5.03,1.41,1.54,2.48,15.0,17.0,8.0,5.0,3.0,7.0
2022-05-08,Angers,Bordeaux,4.0,1.0,2.13,3.48,3.46,1.97,1.85,13.0,7.0,8.0,3.0,6.0,3.0
2022-05-08,Clermont,Montpellier,2.0,1.0,1.9,3.91,3.79,1.73,2.12,12.0,10.0,4.0,2.0,5.0,3.0
2022-05-08,Reims,Lens,1.0,2.0,3.25,3.41,2.25,2.05,1.79,7.0,21.0,2.0,5.0,3.0,10.0
2022-05-08,Lorient,Marseille,0.0,3.0,3.93,3.79,1.9,1.8,2.04,7.0,9.0,0.0,6.0,4.0,8.0
2022-05-08,Paris SG,Troyes,2.0,2.0,1.17,7.7,16.12,1.39,2.96,17.0,9.0,7.0,3.0,7.0,4.0
2022-05-11,Nice,St Etienne,4.0,2.0,1.59,4.14,5.55,1.83,2.0,14.0,12.0,7.0,6.0,2.0,2.0
2022-05-11,Nantes,Rennes,2.0,1.0,4.78,4.08,1.69,1.73,2.12,9.0,17.0,3.0,5.0,5.0,5.0
2022-05-14,Bordeaux,Lorient,0.0,0.0,2.41,3.63,2.8,1.6,2.35,14.0,13.0,1.0,2.0,3.0,1.0
2022-05-14,Lyon,Nantes,3.0,2.0,1.44,5.15,6.33,1.37,3.05,17.0,17.0,6.0,6.0,5.0,6.0
2022-05-14,Metz,Angers,1.0,0.0,1.96,3.74,3.73,1.8,2.04,7.0,11.0,2.0,4.0,1.0,4.0
2022-05-14,Monaco,Brest,4.0,2.0,1.24,6.53,11.65,1.41,2.87,25.0,10.0,9.0,5.0,10.0,5.0
2022-05-14,Montpellier,Paris SG,0.0,4.0,7.04,5.62,1.38,1.32,3.34,10.0,15.0,3.0,9.0,0.0,2.0
2022-05-14,Nice,Lille,1.0,3.0,1.7,4.04,4.72,1.75,2.1,16.0,9.0,6.0,5.0,10.0,3.0
2022-05-14,Rennes,Marseille,2.0,0.0,2.02,3.75,3.5,1.69,2.17,12.0,8.0,4.0,0.0,6.0,1.0
2022-05-14,St Etienne,Reims,1.0,2.0,1.75,3.95,4.48,1.79,2.04,16.0,17.0,7.0,7.0,3.0,2.0
2022-05-14,Strasbourg,Clermont,1.0,0.0,1.47,4.61,6.73,1.7,2.16,11.0,11.0,6.0,3.0,3.0,2.0
2022-05-14,Troyes,Lens,1.0,3.0,3.32,3.67,2.12,1.74,2.1,6.0,15.0,2.0,9.0,5.0,7.0
2022-05-21,Angers,Montpellier,2.0,0.0,2.02,3.81,3.44,1.64,2.26,19.0,14.0,3.0,1.0,4.0,3.0
2022-05-21,Brest,Bordeaux,2.0,4.0,1.95,4.05,3.47,1.5,2.59,11.0,15.0,7.0,7.0,10.0,1.0
2022-05-21,Clermont,Lyon,1.0,2.0,3.86,4.17,1.83,1.44,2.76,18.0,21.0,3.0,5.0,10.0,4.0
2022-05-21,Lens,Monaco,2.0,2.0,3.29,3.94,2.05,1.55,2.46,28.0,12.0,10.0,5.0,10.0,8.0
2022-05-21,Lille,Rennes,2.0,2.0,4.14,3.99,1.8,1.6,2.34,13.0,13.0,4.0,3.0,7.0,4.0
2022-05-21,Lorient,Troyes,1.0,1.0,2.15,3.57,3.31,1.75,2.1,17.0,8.0,6.0,3.0,6.0,4.0
2022-05-21,Marseille,Strasbourg,4.0,0.0,2.05,3.58,3.59,1.74,2.11,17.0,10.0,11.0,4.0,7.0,3.0
2022-05-21,Nantes,St Etienne,1.0,1.0,2.58,3.6,2.62,1.6,2.35,12.0,13.0,5.0,3.0,5.0,5.0
2022-05-21,Paris SG,Metz,5.0,0.0,1.2,8.07,11.73,1.23,4.06,27.0,4.0,12.0,1.0,4.0,2.0
2022-05-21,Reims,Nice,2.0,3.0,4.04,3.85,1.85,1.7,2.17,5.0,17.0,4.0,6.0,2.0,7.0
2022-08-05,Lyon,Ajaccio,2.0,1.0,1.32,5.35,9.65,1.68,2.21,11.0,8.0,6.0,4.0,4.0,3.0
2022-08-06,Strasbourg,Monaco,1.0,2.0,2.6,3.36,2.75,1.97,1.85,11.0,24.0,7.0,11.0,3.0,7.0
2022-08-06,Clermont,Paris SG,0.0,5.0,10.06,6.53,1.26,1.38,3.0,7.0,18.0,1.0,12.0,0.0,6.0
2022-08-07,Toulouse,Nice,1.0,1.0,2.84,3.41,2.49,1.86,1.96,6.0,11.0,4.0,4.0,6.0,3.0
2022-08-07,Angers,Nantes,0.0,0.0,2.73,3.22,2.71,2.13,1.72,16.0,14.0,6.0,4.0,3.0,6.0
2022-08-07,Lens,Brest,3.0,2.0,1.56,4.43,5.54,1.66,2.23,17.0,6.0,7.0,4.0,6.0,3.0
2022-08-07,Lille,Auxerre,4.0,1.0,1.72,3.93,4.73,1.83,1.98,16.0,10.0,7.0,2.0,7.0,2.0
2022-08-07,Montpellier,Troyes,3.0,2.0,2.19,3.42,3.35,1.91,1.9,17.0,15.0,6.0,10.0,3.0,6.0
2022-08-07,Rennes,Lorient,0.0,1.0,1.34,5.25,8.85,1.62,2.31,21.0,8.0,6.0,2.0,7.0,2.0
2022-08-07,Marseille,Reims,4.0,1.0,1.57,4.07,6.05,1.92,1.89,16.0,16.0,6.0,6.0,6.0,7.0
2022-08-12,Nantes,Lille,1.0,1.0,3.02,3.37,2.4,1.95,1.87,10.0,16.0,1.0,5.0,5.0,11.0
2022-08-13,Monaco,Rennes,1.0,1.0,2.17,3.6,3.26,1.76,2.08,12.0,24.0,4.0,8.0,1.0,6.0
2022-08-13,Paris SG,Montpellier,5.0,2.0,1.1,11.08,24.23,1.22,4.25,20.0,7.0,10.0,4.0,11.0,0.0
2022-08-14,Ajaccio,Lens,0.0,0.0,3.16,3.25,2.36,2.22,1.67,9.0,12.0,2.0,3.0,1.0,3.0
2022-08-14,Auxerre,Angers,2.0,2.0,2.23,3.27,3.42,2.11,1.74,11.0,11.0,4.0,2.0,4.0,5.0
2022-08-14,Reims,Clermont,2.0,4.0,2.14,3.28,3.63,2.16,1.7,9.0,10.0,6.0,5.0,1.0,6.0
2022-08-14,Troyes,Toulouse,0.0,3.0,2.67,3.3,2.7,2.1,1.74,12.0,10.0,2.0,4.0,6.0,6.0
2022-08-14,Nice,Strasbourg,1.0,1.0,2.19,3.31,3.48,2.1,1.75,13.0,9.0,3.0,5.0,7.0,3.0
2022-08-14,Brest,Marseille,1.0,1.0,4.11,3.83,1.84,1.73,2.13,17.0,5.0,5.0,2.0,7.0,5.0
2022-08-19,Lyon,Troyes,4.0,1.0,1.29,5.96,9.54,1.47,2.68,16.0,4.0,8.0,1.0,4.0,5.0
2022-08-20,Monaco,Lens,1.0,4.0,1.77,3.96,4.4,1.69,2.18,12.0,14.0,5.0,6.0,3.0,5.0
2022-08-20,Marseille,Nantes,2.0,1.0,1.59,4.16,5.57,1.79,2.04,16.0,12.0,5.0,3.0,7.0,4.0
2022-08-21,Strasbourg,Reims,1.0,1.0,1.81,3.53,4.75,2.14,1.71,12.0,12.0,3.0,6.0,5.0,4.0
2022-08-21,Angers,Brest,1.0,3.0,2.31,3.34,3.17,1.97,1.85,7.0,11.0,5.0,7.0,3.0,6.0
2022-08-21,Clermont,Nice,1.0,0.0,3.59,3.48,2.08,2.0,1.82,7.0,13.0,2.0,4.0,3.0,6.0
2022-08-21,Montpellier,Auxerre,1.0,2.0,2.12,3.53,3.42,1.89,1.92,13.0,7.0,7.0,2.0,7.0,2.0
2022-08-21,Toulouse,Lorient,2.0,2.0,2.02,3.49,3.76,2.01,1.82,16.0,14.0,8.0,4.0,3.0,6.0
2022-08-21,Rennes,Ajaccio,2.0,1.0,1.42,4.56,8.12,1.92,1.89,16.0,10.0,7.0,3.0,4.0,8.0
2022-08-21,Lille,Paris SG,1.0,7.0,6.33,4.68,1.48,1.56,2.42,16.0,16.0,10.0,9.0,2.0,4.0
2022-08-26,Ajaccio,Lille,1.0,3.0,3.46,3.18,2.26,2.38,1.59,13.0,7.0,2.0,4.0,6.0,0.0
2022-08-27,Auxerre,Strasbourg,1.0,0.0,3.59,3.47,2.08,1.87,1.96,7.0,14.0,3.0,4.0,2.0,5.0
2022-08-27,Lens,Rennes,2.0,1.0,2.54,3.52,2.72,1.72,2.14,17.0,12.0,4.0,6.0,7.0,2.0
2022-08-28,Nantes,Toulouse,3.0,1.0,2.4,3.35,3.02,1.91,1.91,16.0,9.0,8.0,3.0,4.0,5.0
2022-08-28,Brest,Montpellier,0.0,7.0,1.92,3.66,3.98,1.73,2.13,6.0,14.0,0.0,8.0,5.0,4.0
2022-08-28,Lorient,Clermont,2.0,1.0,2.06,3.45,3.68,2.01,1.82,22.0,9.0,9.0,2.0,3.0,4.0
2022-08-28,Nice,Marseille,0.0,3.0,2.78,3.46,2.54,1.94,1.88,16.0,13.0,2.0,4.0,7.0,5.0
2022-08-28,Troyes,Angers,3.0,1.0,2.47,3.33,2.93,2.07,1.77,25.0,7.0,11.0,3.0,8.0,3.0
2022-08-28,Reims,Lyon,1.0,1.0,4.28,4.03,1.77,1.64,2.27,8.0,18.0,5.0,5.0,2.0,7.0
2022-08-28,Paris SG,Monaco,1.0,1.0,1.19,7.98,13.1,1.24,4.0,18.0,4.0,5.0,3.0,4.0,3.0
2022-08-31,Angers,Reims,2.0,4.0,2.54,3.27,2.88,2.09,1.75,10.0,11.0,3.0,5.0,4.0,3.0
2022-08-31,Lyon,Auxerre,2.0,1.0,1.28,6.26,9.42,1.37,3.09,20.0,6.0,8.0,2.0,9.0,3.0
2022-08-31,Monaco,Troyes,2.0,4.0,1.35,5.36,8.16,1.54,2.49,8.0,19.0,6.0,11.0,8.0,6.0
2022-08-31,Montpellier,Ajaccio,2.0,0.0,2.11,3.38,3.63,2.11,1.74,9.0,15.0,4.0,0.0,3.0,8.0
2022-08-31,Strasbourg,Nantes,1.0,1.0,1.91,3.63,4.03,1.91,1.9,5.0,12.0,2.0,3.0,3.0,6.0
2022-08-31,Lens,Lorient,5.0,2.0,1.54,4.28,6.08,1.75,2.09,15.0,10.0,8.0,3.0,4.0,5.0
2022-08-31,Lille,Nice,1.0,2.0,2.04,3.54,3.66,1.98,1.85,18.0,3.0,6.0,2.0,6.0,3.0
2022-08-31,Marseille,Clermont,1.0,0.0,1.38,5.05,8.08,1.64,2.28,21.0,3.0,7.0,0.0,7.0,1.0
2022-08-31,Rennes,Brest,3.0,1.0,1.48,4.71,6.33,1.62,2.3,16.0,7.0,9.0,2.0,7.0,3.0
2022-08-31,Toulouse,Paris SG,0.0,3.0,11.78,7.2,1.22,1.33,3.31,14.0,20.0,7.0,13.0,3.0,9.0
2022-09-03,Auxerre,Marseille,0.0,2.0,4.7,4.04,1.71,1.71,2.14,8.0,15.0,2.0,7.0,4.0,1.0
2022-09-03,Lyon,Angers,5.0,0.0,1.3,5.93,9.35,1.44,2.78,16.0,8.0,9.0,3.0,13.0,3.0
2022-09-03,Nantes,Paris SG,0.0,3.0,9.6,6.27,1.28,1.38,3.05,10.0,19.0,1.0,7.0,1.0,7.0
2022-09-04,Montpellier,Lille,1.0,3.0,3.29,3.68,2.13,1.74,2.11,4.0,26.0,2.0,7.0,1.0,9.0
2022-09-04,Ajaccio,Lorient,0.0,1.0,2.46,3.22,3.02,2.22,1.67,16.0,7.0,3.0,4.0,3.0,3.0
2022-09-04,Brest,Strasbourg,1.0,1.0,2.83,3.4,2.5,1.89,1.92,11.0,10.0,2.0,3.0,7.0,3.0
2022-09-04,Clermont,Toulouse,2.0,0.0,2.94,3.33,2.45,1.92,1.89,12.0,14.0,3.0,4.0,4.0,6.0
2022-09-04,Reims,Lens,1.0,1.0,3.13,3.51,2.26,1.85,1.97,17.0,20.0,4.0,4.0,4.0,4.0
2022-09-04,Troyes,Rennes,1.0,1.0,4.21,3.79,1.83,1.81,2.02,9.0,19.0,1.0,6.0,3.0,5.0
2022-09-04,Nice,Monaco,0.0,1.0,2.78,3.58,2.46,1.8,2.03,12.0,14.0,5.0,2.0,3.0,6.0
2022-09-07,Lorient,Lyon,3.0,1.0,4.62,4.25,1.68,1.58,2.4,11.0,15.0,6.0,7.0,1.0,6.0
2022-09-09,Lens,Troyes,1.0,0.0,1.5,4.6,6.21,1.6,2.35,12.0,7.0,3.0,2.0,9.0,1.0
2022-09-10,Paris SG,Brest,1.0,0.0,1.08,12.74,27.4,1.19,4.56,13.0,6.0,4.0,3.0,3.0,5.0
2022-09-10,Marseille,Lille,2.0,1.0,1.98,3.64,3.77,1.78,2.06,14.0,7.0,7.0,3.0,4.0,3.0
2022-09-11,Strasbourg,Clermont,0.0,0.0,1.67,3.81,5.38,1.92,1.89,12.0,10.0,4.0,4.0,3.0,5.0
2022-09-11,Ajaccio,Nice,0.0,1.0,3.24,3.07,2.43,2.48,1.55,9.0,12.0,3.0,3.0,2.0,3.0
2022-09-11,Angers,Montpellier,2.0,1.0,2.43,3.62,2.79,1.72,2.13,11.0,7.0,5.0,2.0,2.0,5.0
2022-09-11,Lorient,Nantes,3.0,2.0,2.13,3.27,3.68,2.04,1.78,13.0,9.0,5.0,4.0,2.0,5.0
2022-09-11,Toulouse,Reims,1.0,0.0,2.26,3.48,3.16,1.85,1.96,14.0,11.0,3.0,1.0,4.0,6.0
2022-09-11,Rennes,Auxerre,5.0,0.0,1.42,4.87,7.33,1.62,2.31,12.0,7.0,9.0,3.0,2.0,1.0
2022-09-11,Monaco,Lyon,2.0,1.0,2.51,3.62,2.7,1.56,2.42,11.0,20.0,4.0,6.0,1.0,6.0
2022-09-16,Auxerre,Lorient,1.0,3.0,2.71,3.37,2.63,1.92,1.89,17.0,12.0,5.0,8.0,9.0,5.0
2022-09-17,Montpellier,Strasbourg,2.0,1.0,2.51,3.49,2.76,1.84,1.98,10.0,8.0,4.0,2.0,8.0,6.0
2022-09-17,Lille,Toulouse,2.0,1.0,1.77,4.02,4.28,1.65,2.24,10.0,14.0,4.0,5.0,5.0,7.0
2022-09-18,Reims,Monaco,0.0,3.0,3.15,3.55,2.23,1.73,2.08,9.0,20.0,2.0,11.0,5.0,4.0
2022-09-18,Brest,Ajaccio,0.0,1.0,2.06,3.29,3.85,2.28,1.63,8.0,6.0,4.0,4.0,6.0,2.0
2022-09-18,Clermont,Troyes,1.0,3.0,2.28,3.41,3.16,1.95,1.86,14.0,9.0,2.0,4.0,5.0,1.0
2022-09-18,Marseille,Rennes,1.0,1.0,2.06,3.59,3.53,1.79,2.04,15.0,12.0,4.0,4.0,11.0,7.0
2022-09-18,Nice,Angers,0.0,1.0,1.64,3.99,5.35,1.87,1.95,18.0,16.0,5.0,3.0,5.0,4.0
2022-09-18,Nantes,Lens,0.0,0.0,3.13,3.53,2.25,1.79,2.03,12.0,8.0,4.0,2.0,3.0,7.0
2022-09-18,Lyon,Paris SG,0.0,1.0,4.57,4.68,1.63,1.38,3.05,12.0,15.0,3.0,8.0,3.0,7.0
2022-09-30,Angers,Marseille,0.0,3.0,4.44,3.85,1.78,1.8,2.03,16.0,15.0,5.0,7.0,6.0,3.0
2022-10-01,Strasbourg,Rennes,1.0,3.0,2.99,3.5,2.35,1.87,1.93,9.0,17.0,3.0,7.0,1.0,5.0
2022-10-01,Paris SG,Nice,2.0,1.0,1.17,8.29,15.35,1.33,3.34,12.0,4.0,4.0,1.0,4.0,0.0
2022-10-02,Lorient,Lille,2.0,1.0,2.86,3.62,2.38,1.71,2.16,7.0,20.0,4.0,4.0,0.0,14.0
2022-10-02,Ajaccio,Clermont,1.0,3.0,2.24,3.16,3.53,2.43,1.57,12.0,7.0,3.0,3.0,4.0,4.0
2022-10-02,Auxerre,Brest,1.0,1.0,2.69,3.46,2.6,1.81,2.02,11.0,9.0,3.0,2.0,0.0,6.0
2022-10-02,Toulouse,Montpellier,4.0,2.0,1.92,3.8,3.82,1.72,2.15,12.0,23.0,6.0,6.0,3.0,12.0
2022-10-02,Troyes,Reims,2.0,2.0,2.51,3.38,2.83,1.9,1.92,19.0,5.0,6.0,2.0,10.0,2.0
2022-10-02,Monaco,Nantes,4.0,1.0,1.55,4.44,5.6,1.64,2.27,10.0,7.0,6.0,2.0,7.0,7.0
2022-10-02,Lens,Lyon,1.0,0.0,2.54,3.75,2.61,1.58,2.4,21.0,4.0,6.0,0.0,6.0,2.0
2022-10-07,Lyon,Toulouse,1.0,1.0,1.49,4.83,5.96,1.43,2.84,19.0,5.0,8.0,2.0,4.0,5.0
2022-10-08,Marseille,Ajaccio,1.0,2.0,1.36,4.81,9.77,1.87,1.96,10.0,6.0,2.0,1.0,11.0,2.0
2022-10-08,Reims,Paris SG,0.0,0.0,7.17,5.3,1.39,1.44,2.76,24.0,11.0,4.0,3.0,7.0,3.0
2022-10-09,Montpellier,Monaco,0.0,2.0,3.67,3.98,1.92,1.55,2.44,11.0,11.0,1.0,7.0,7.0,2.0
2022-10-09,Angers,Strasbourg,2.0,3.0,2.64,3.41,2.68,1.95,1.88,14.0,15.0,8.0,7.0,6.0,6.0
2022-10-09,Brest,Lorient,1.0,2.0,2.32,3.48,3.05,1.86,1.93,12.0,14.0,4.0,5.0,7.0,8.0
2022-10-09,Clermont,Auxerre,2.0,1.0,2.1,3.46,3.56,2.02,1.82,10.0,14.0,6.0,5.0,4.0,4.0
2022-10-09,Nice,Troyes,3.0,2.0,1.74,3.81,4.76,1.91,1.91,14.0,17.0,6.0,6.0,5.0,5.0
2022-10-09,Rennes,Nantes,3.0,0.0,1.51,4.52,6.13,1.68,2.17,14.0,8.0,4.0,3.0,4.0,3.0
2022-10-09,Lille,Lens,1.0,0.0,2.43,3.6,2.81,1.73,2.12,12.0,10.0,6.0,3.0,5.0,9.0
2022-10-14,Strasbourg,Lille,0.0,3.0,3.05,3.4,2.37,1.97,1.86,12.0,10.0,1.0,7.0,3.0,0.0
2022-10-15,Lorient,Reims,0.0,0.0,2.27,3.44,3.17,1.87,1.95,10.0,7.0,3.0,2.0,2.0,2.0
2022-10-15,Lens,Montpellier,1.0,0.0,1.42,4.91,7.12,1.57,2.38,17.0,8.0,5.0,1.0,4.0,5.0
2022-10-16,Toulouse,Angers,3.0,2.0,1.85,3.91,3.97,1.73,2.13,14.0,13.0,7.0,6.0,2.0,8.0
2022-10-16,Auxerre,Nice,1.0,1.0,3.53,3.51,2.09,1.95,1.87,11.0,9.0,3.0,2.0,2.0,6.0
2022-10-16,Nantes,Brest,4.0,1.0,2.19,3.34,3.44,2.05,1.78,17.0,11.0,6.0,2.0,7.0,5.0
2022-10-16,Rennes,Lyon,3.0,2.0,2.3,3.61,2.98,1.69,2.18,14.0,7.0,5.0,5.0,3.0,2.0
2022-10-16,Troyes,Ajaccio,1.0,1.0,2.18,3.19,3.63,2.33,1.6,9.0,15.0,2.0,7.0,3.0,5.0
2022-10-16,Monaco,Clermont,1.0,1.0,1.36,5.01,8.71,1.61,2.32,6.0,21.0,4.0,7.0,3.0,4.0
2022-10-16,Paris SG,Marseille,1.0,0.0,1.34,5.57,8.4,1.45,2.71,23.0,18.0,8.0,7.0,7.0,6.0
2022-10-21,Ajaccio,Paris SG,0.0,3.0,10.74,5.47,1.3,1.72,2.15,8.0,11.0,1.0,6.0,3.0,8.0
2022-10-22,Montpellier,Lyon,1.0,2.0,3.94,3.98,1.84,1.57,2.39,10.0,21.0,4.0,10.0,4.0,7.0
2022-10-22,Marseille,Lens,0.0,1.0,2.16,3.49,3.39,1.91,1.91,13.0,12.0,3.0,4.0,7.0,3.0
2022-10-23,Angers,Rennes,1.0,2.0,4.21,3.9,1.81,1.7,2.16,7.0,14.0,2.0,5.0,5.0,6.0
2022-10-23,Clermont,Brest,1.0,3.0,2.33,3.39,3.09,1.98,1.84,14.0,19.0,4.0,11.0,7.0,4.0
2022-10-23,Reims,Auxerre,2.0,1.0,1.84,3.68,4.26,1.93,1.88,19.0,10.0,10.0,2.0,8.0,2.0
2022-10-23,Toulouse,Strasbourg,2.0,2.0,2.22,3.57,3.15,1.82,2.0,17.0,11.0,6.0,5.0,6.0,6.0
2022-10-23,Troyes,Lorient,2.0,2.0,2.38,3.5,2.94,1.82,2.01,13.0,21.0,4.0,5.0,3.0,6.0
2022-10-23,Nice,Nantes,1.0,1.0,1.86,3.6,4.31,2.0,1.82,11.0,11.0,5.0,4.0,7.0,3.0
2022-10-23,Lille,Monaco,4.0,3.0,2.43,3.66,2.78,1.68,2.2,20.0,9.0,7.0,6.0,6.0,6.0
2022-10-28,Lens,Toulouse,3.0,0.0,1.57,4.39,5.44,1.61,2.33,13.0,9.0,8.0,0.0,6.0,8.0
2022-10-29,Paris SG,Troyes,4.0,3.0,1.09,11.03,25.33,1.25,3.87,19.0,16.0,11.0,5.0,8.0,4.0
2022-10-29,Strasbourg,Marseille,2.0,2.0,2.91,3.46,2.38,1.87,1.94,12.0,13.0,5.0,5.0,3.0,0.0
2022-10-30,Auxerre,Ajaccio,1.0,0.0,2.57,3.11,2.93,2.41,1.56,18.0,5.0,5.0,1.0,5.0,5.0
2022-10-30,Brest,Reims,0.0,0.0,2.58,3.4,2.71,1.92,1.89,12.0,11.0,4.0,3.0,5.0,5.0
2022-10-30,Monaco,Angers,2.0,0.0,1.39,5.11,7.36,1.5,2.55,8.0,8.0,5.0,4.0,7.0,0.0
2022-10-30,Nantes,Clermont,1.0,1.0,2.02,3.61,3.56,1.85,1.96,13.0,10.0,4.0,6.0,2.0,2.0
2022-10-30,Rennes,Montpellier,3.0,0.0,1.34,5.36,8.46,1.54,2.43,14.0,8.0,3.0,3.0,3.0,4.0
2022-10-30,Lorient,Nice,1.0,2.0,2.47,3.36,2.87,2.06,1.75,14.0,16.0,8.0,5.0,8.0,3.0
2022-10-30,Lyon,Lille,1.0,0.0,2.05,3.77,3.39,1.61,2.32,6.0,15.0,3.0,5.0,3.0,6.0
2022-11-04,Troyes,Auxerre,1.0,1.0,1.96,3.55,3.93,1.86,1.96,21.0,13.0,6.0,2.0,10.0,5.0
2022-11-05,Ajaccio,Strasbourg,4.0,2.0,2.8,3.17,2.68,2.31,1.62,12.0,9.0,7.0,5.0,4.0,3.0
2022-11-05,Angers,Lens,1.0,2.0,4.78,4.01,1.7,1.75,2.1,6.0,12.0,3.0,4.0,3.0,4.0
2022-11-06,Lorient,Paris SG,1.0,2.0,10.06,6.36,1.26,1.39,2.99,9.0,15.0,2.0,8.0,5.0,8.0
2022-11-06,Clermont,Montpellier,1.0,1.0,2.4,3.55,2.88,1.8,2.04,16.0,7.0,7.0,3.0,5.0,1.0
2022-11-06,Nice,Brest,1.0,0.0,1.83,3.72,4.29,1.93,1.89,14.0,12.0,9.0,2.0,2.0,6.0
2022-11-06,Reims,Nantes,1.0,0.0,2.08,3.5,3.54,1.93,1.88,22.0,15.0,9.0,5.0,10.0,4.0
2022-11-06,Toulouse,Monaco,0.0,2.0,3.14,3.83,2.14,1.57,2.42,13.0,24.0,5.0,10.0,7.0,6.0
2022-11-06,Lille,Rennes,1.0,1.0,2.46,3.6,2.77,1.71,2.16,19.0,3.0,7.0,2.0,6.0,2.0
2022-11-06,Marseille,Lyon,1.0,0.0,2.23,3.57,3.14,1.74,2.11,6.0,11.0,2.0,4.0,6.0,4.0
2022-11-11,Lyon,Nice,1.0,1.0,1.78,3.87,4.48,1.78,2.05,9.0,13.0,3.0,3.0,3.0,4.0
2022-11-12,Lens,Clermont,2.0,1.0,1.42,4.77,7.5,1.69,2.17,16.0,5.0,3.0,2.0,5.0,3.0
2022-11-12,Rennes,Toulouse,2.0,1.0,1.52,4.56,5.9,1.6,2.33,16.0,10.0,8.0,4.0,4.0,4.0
2022-11-13,Paris SG,Auxerre,5.0,0.0,1.11,10.29,21.97,1.26,3.79,9.0,9.0,6.0,3.0,3.0,7.0
2022-11-13,Brest,Troyes,2.0,1.0,2.08,3.65,3.41,1.74,2.1,15.0,8.0,5.0,2.0,5.0,5.0
2022-11-13,Lille,Angers,1.0,0.0,1.32,5.43,9.43,1.61,2.32,9.0,8.0,4.0,2.0,2.0,6.0
2022-11-13,Montpellier,Reims,1.0,1.0,2.5,3.49,2.76,1.81,2.01,16.0,17.0,8.0,4.0,11.0,7.0
2022-11-13,Nantes,Ajaccio,2.0,2.0,2.0,3.33,4.0,2.26,1.65,15.0,13.0,5.0,4.0,9.0,6.0
2022-11-13,Strasbourg,Lorient,1.0,1.0,2.16,3.54,3.29,1.79,2.02,20.0,6.0,4.0,2.0,4.0,2.0
2022-11-13,Monaco,Marseille,2.0,3.0,2.33,3.62,2.93,1.7,2.17,11.0,11.0,6.0,3.0,5.0,4.0
2022-12-28,Ajaccio,Angers,1.0,0.0,2.01,3.37,3.93,2.27,1.64,11.0,14.0,3.0,4.0,3.0,5.0
2022-12-28,Troyes,Nantes,0.0,0.0,2.42,3.56,2.85,1.8,2.02,6.0,19.0,2.0,5.0,4.0,4.0
2022-12-28,Auxerre,Monaco,2.0,3.0,4.39,3.97,1.77,1.72,2.14,11.0,6.0,6.0,3.0,1.0,3.0
2022-12-28,Clermont,Lille,0.0,2.0,4.32,3.8,1.82,1.82,2.01,9.0,14.0,3.0,3.0,3.0,3.0
2022-12-28,Brest,Lyon,2.0,4.0,3.62,3.74,1.98,1.73,2.13,17.0,17.0,5.0,10.0,6.0,6.0
2022-12-28,Paris SG,Strasbourg,2.0,1.0,1.22,6.88,12.73,1.38,3.02,9.0,10.0,6.0,3.0,8.0,3.0
2022-12-29,Lorient,Montpellier,0.0,2.0,2.03,3.68,3.56,1.78,2.05,12.0,14.0,4.0,6.0,5.0,2.0
2022-12-29,Reims,Rennes,3.0,1.0,3.28,3.44,2.22,1.86,1.96,10.0,11.0,4.0,5.0,4.0,6.0
2022-12-29,Marseille,Toulouse,6.0,1.0,1.51,4.57,6.1,1.65,2.27,13.0,10.0,7.0,6.0,1.0,6.0
2022-12-29,Nice,Lens,0.0,0.0,3.17,3.02,2.51,2.19,1.69,9.0,10.0,5.0,2.0,4.0,6.0
2023-01-01,Angers,Lorient,1.0,2.0,2.75,3.48,2.53,1.9,1.92,14.0,10.0,6.0,5.0,7.0,7.0
2023-01-01,Monaco,Brest,1.0,0.0,1.5,4.67,5.94,1.55,2.45,17.0,13.0,5.0,6.0,7.0,5.0
2023-01-01,Nantes,Auxerre,1.0,0.0,1.92,3.46,4.23,1.93,1.89,10.0,14.0,3.0,6.0,3.0,7.0
2023-01-01,Toulouse,Ajaccio,2.0,0.0,2.03,3.37,3.87,2.02,1.81,11.0,1.0,4.0,0.0,5.0,2.0
2023-01-01,Lyon,Clermont,0.0,1.0,1.5,4.56,6.28,1.62,2.31,13.0,13.0,2.0,3.0,7.0,4.0
2023-01-01,Lens,Paris SG,3.0,1.0,3.16,3.55,2.23,1.73,2.13,10.0,16.0,4.0,6.0,3.0,7.0
2023-01-02,Strasbourg,Troyes,2.0,3.0,1.82,3.81,4.2,1.81,2.01,17.0,9.0,7.0,5.0,3.0,1.0
2023-01-02,Lille,Reims,1.0,1.0,1.67,4.04,4.99,1.78,2.05,14.0,9.0,5.0,6.0,5.0,1.0
2023-01-02,Montpellier,Marseille,1.0,2.0,4.27,3.97,1.78,1.67,2.21,8.0,18.0,1.0,9.0,5.0,7.0
2023-01-02,Rennes,Nice,2.0,1.0,1.83,3.82,4.19,1.82,2.01,20.0,7.0,5.0,3.0,5.0,2.0
2023-01-11,Ajaccio,Reims,0.0,1.0,3.07,3.19,2.46,2.29,1.64,11.0,9.0,1.0,3.0,2.0,2.0
2023-01-11,Auxerre,Toulouse,0.0,5.0,2.73,3.4,2.6,1.87,1.95,19.0,9.0,4.0,7.0,7.0,4.0
2023-01-11,Brest,Lille,0.0,0.0,3.85,3.65,1.95,1.84,1.99,5.0,11.0,0.0,4.0,0.0,8.0
2023-01-11,Clermont,Rennes,2.0,1.0,3.92,3.63,1.94,1.89,1.94,11.0,9.0,5.0,2.0,4.0,1.0
2023-01-11,Nantes,Lyon,0.0,0.0,3.31,3.37,2.24,1.86,1.96,13.0,10.0,5.0,6.0,6.0,1.0
2023-01-11,Lorient,Monaco,2.0,2.0,3.82,3.82,1.93,1.71,2.16,8.0,16.0,6.0,4.0,3.0,4.0
2023-01-11,Nice,Montpellier,6.0,1.0,1.81,3.71,4.46,1.9,1.92,16.0,4.0,10.0,2.0,3.0,4.0
2023-01-11,Paris SG,Angers,2.0,0.0,1.12,10.38,19.42,1.25,3.93,9.0,6.0,6.0,0.0,5.0,1.0
2023-01-11,Strasbourg,Lens,2.0,2.0,3.69,3.57,2.02,1.96,1.87,9.0,15.0,6.0,8.0,3.0,4.0
2023-01-11,Troyes,Marseille,0.0,2.0,4.79,4.05,1.69,1.75,2.1,5.0,13.0,1.0,4.0,4.0,7.0
2023-01-14,Lens,Auxerre,1.0,0.0,1.37,4.88,8.75,1.81,2.03,10.0,6.0,2.0,1.0,9.0,2.0
2023-01-14,Marseille,Lorient,3.0,1.0,1.39,5.0,7.59,1.61,2.34,16.0,11.0,8.0,3.0,6.0,3.0
2023-01-14,Lyon,Strasbourg,1.0,2.0,1.6,4.23,5.31,1.71,2.16,28.0,8.0,7.0,6.0,14.0,2.0
2023-01-15,Lille,Troyes,5.0,1.0,1.41,4.95,7.4,1.63,2.3,23.0,10.0,13.0,2.0,7.0,2.0
2023-01-15,Angers,Clermont,1.0,2.0,2.42,3.48,2.87,1.95,1.87,5.0,10.0,1.0,6.0,3.0,1.0
2023-01-15,Montpellier,Nantes,0.0,3.0,2.55,3.47,2.72,1.82,2.01,11.0,12.0,5.0,7.0,3.0,5.0
2023-01-15,Reims,Nice,0.0,0.0,2.47,3.3,2.93,2.08,1.76,13.0,6.0,2.0,4.0,5.0,3.0
2023-01-15,Toulouse,Brest,1.0,1.0,2.0,3.56,3.72,1.79,2.05,16.0,17.0,7.0,5.0,10.0,5.0
2023-01-15,Monaco,Ajaccio,7.0,1.0,1.41,4.76,7.62,1.75,2.1,11.0,5.0,8.0,2.0,3.0,3.0
2023-01-15,Rennes,Paris SG,1.0,0.0,5.35,4.54,1.56,1.56,2.41,8.0,8.0,6.0,1.0,4.0,5.0
2023-01-27,Lorient,Rennes,2.0,1.0,3.94,3.52,1.97,1.96,1.87,4.0,19.0,4.0,6.0,2.0,10.0
2023-01-28,Troyes,Lens,1.0,1.0,5.03,3.94,1.68,1.88,1.94,6.0,21.0,1.0,5.0,3.0,11.0
2023-01-28,Marseille,Monaco,1.0,1.0,2.1,3.71,3.35,1.75,2.11,22.0,11.0,6.0,4.0,6.0,3.0
2023-01-29,Nice,Lille,1.0,0.0,2.89,3.32,2.5,2.06,1.78,12.0,16.0,6.0,7.0,5.0,7.0
2023-01-29,Auxerre,Montpellier,0.0,2.0,2.46,3.42,2.89,1.99,1.84,16.0,4.0,5.0,3.0,5.0,3.0
2023-01-29,Brest,Angers,4.0,0.0,2.11,3.49,3.49,1.97,1.86,9.0,8.0,7.0,1.0,4.0,5.0
2023-01-29,Clermont,Nantes,0.0,0.0,2.41,3.31,3.04,2.11,1.74,9.0,4.0,0.0,0.0,9.0,1.0
2023-01-29,Strasbourg,Toulouse,1.0,2.0,2.34,3.46,3.04,1.77,2.06,11.0,10.0,2.0,3.0,4.0,2.0
2023-01-29,Ajaccio,Lyon,0.0,2.0,4.59,3.66,1.79,2.02,1.82,16.0,8.0,5.0,2.0,5.0,1.0
2023-01-29,Paris SG,Reims,1.0,1.0,1.24,6.52,11.19,1.47,2.68,12.0,17.0,5.0,4.0,3.0,3.0
2023-02-01,Angers,Ajaccio,1.0,2.0,2.27,3.18,3.41,2.36,1.6,6.0,9.0,2.0,4.0,2.0,6.0
2023-02-01,Lille,Clermont,0.0,0.0,1.49,4.41,6.64,1.82,2.01,22.0,13.0,5.0,5.0,8.0,3.0
2023-02-01,Nantes,Marseille,0.0,2.0,4.53,3.76,1.78,1.9,1.92,12.0,13.0,2.0,4.0,5.0,7.0
2023-02-01,Reims,Lorient,4.0,2.0,1.83,3.66,4.35,1.94,1.89,31.0,12.0,9.0,5.0,5.0,7.0
2023-02-01,Toulouse,Troyes,4.0,1.0,1.76,4.03,4.35,1.66,2.24,13.0,11.0,6.0,3.0,8.0,0.0
2023-02-01,Lens,Nice,0.0,1.0,1.74,3.6,5.2,2.09,1.76,9.0,14.0,4.0,6.0,5.0,3.0
2023-02-01,Lyon,Brest,0.0,0.0,1.51,4.52,6.04,1.67,2.23,28.0,8.0,8.0,1.0,15.0,2.0
2023-02-01,Monaco,Auxerre,3.0,2.0,1.33,5.51,8.92,1.54,2.48,16.0,11.0,6.0,3.0,5.0,4.0
2023-02-01,Montpellier,Paris SG,1.0,3.0,8.82,5.88,1.31,1.45,2.74,6.0,19.0,3.0,8.0,1.0,3.0
2023-02-01,Rennes,Strasbourg,3.0,0.0,1.55,4.2,6.08,1.88,1.95,6.0,3.0,3.0,0.0,4.0,0.0
2023-02-04,Paris SG,Toulouse,2.0,1.0,1.37,5.41,7.45,1.45,2.75,22.0,14.0,5.0,5.0,6.0,2.0
2023-02-04,Troyes,Lyon,1.0,3.0,4.52,4.09,1.72,1.68,2.2,8.0,10.0,2.0,6.0,5.0,6.0
2023-02-04,Rennes,Lille,1.0,3.0,2.32,3.42,3.12,2.03,1.82,10.0,15.0,6.0,6.0,2.0,1.0
2023-02-05,Clermont,Monaco,0.0,2.0,4.04,3.79,1.87,1.83,2.01,8.0,14.0,3.0,5.0,2.0,4.0
2023-02-05,Ajaccio,Nantes,0.0,2.0,2.81,3.08,2.74,2.48,1.54,8.0,7.0,2.0,3.0,2.0,2.0
2023-02-05,Auxerre,Reims,0.0,0.0,3.48,3.5,2.1,2.07,1.78,12.0,8.0,3.0,4.0,4.0,5.0
2023-02-05,Lorient,Angers,0.0,0.0,1.87,3.6,4.22,1.97,1.85,13.0,13.0,2.0,5.0,8.0,6.0
2023-02-05,Strasbourg,Montpellier,2.0,0.0,2.11,3.32,3.68,1.96,1.86,6.0,11.0,2.0,0.0,4.0,7.0
2023-02-05,Brest,Lens,1.0,1.0,4.44,3.69,1.81,1.96,1.87,16.0,20.0,3.0,7.0,11.0,5.0
2023-02-05,Marseille,Nice,1.0,3.0,1.71,3.85,4.97,1.96,1.86,22.0,14.0,5.0,8.0,9.0,1.0
2023-02-10,Nice,Ajaccio,3.0,0.0,1.58,3.82,6.6,2.3,1.64,11.0,6.0,3.0,3.0,5.0,5.0
2023-02-11,Monaco,Paris SG,3.0,1.0,2.61,3.56,2.62,1.68,2.23,19.0,7.0,9.0,2.0,3.0,2.0
2023-02-11,Clermont,Marseille,0.0,2.0,5.2,3.8,1.69,1.98,1.85,9.0,17.0,4.0,5.0,3.0,4.0
2023-02-12,Toulouse,Rennes,3.0,1.0,3.04,3.45,2.33,1.77,2.07,13.0,13.0,7.0,4.0,2.0,7.0
2023-02-12,Angers,Auxerre,1.0,1.0,2.27,3.4,3.19,2.08,1.77,10.0,15.0,5.0,4.0,6.0,4.0
2023-02-12,Lille,Strasbourg,2.0,0.0,1.48,4.44,6.91,1.78,2.06,14.0,5.0,10.0,0.0,5.0,4.0
2023-02-12,Montpellier,Brest,3.0,0.0,2.37,3.36,3.04,1.98,1.85,16.0,10.0,7.0,2.0,4.0,3.0
2023-02-12,Reims,Troyes,4.0,0.0,1.55,4.33,5.78,1.74,2.11,20.0,7.0,10.0,2.0,5.0,2.0
2023-02-12,Nantes,Lorient,1.0,0.0,2.01,3.49,3.78,2.03,1.8,13.0,9.0,6.0,5.0,7.0,3.0
2023-02-12,Lyon,Lens,2.0,1.0,2.38,3.46,2.94,1.91,1.92,11.0,14.0,5.0,4.0,2.0,5.0
2023-02-17,Auxerre,Lyon,2.0,1.0,3.97,3.6,1.94,1.91,1.91,8.0,6.0,3.0,4.0,6.0,4.0
2023-02-18,Nice,Reims,0.0,0.0,2.14,3.35,3.57,2.11,1.74,16.0,10.0,1.0,2.0,9.0,0.0
2023-02-18,Strasbourg,Angers,2.0,1.0,1.85,3.55,4.42,2.07,1.77,18.0,10.0,5.0,3.0,4.0,5.0
2023-02-19,Paris SG,Lille,4.0,3.0,1.63,4.24,5.06,1.6,2.35,12.0,16.0,10.0,7.0,3.0,6.0
2023-02-19,Brest,Monaco,1.0,2.0,4.41,3.85,1.78,1.8,2.03,13.0,10.0,3.0,3.0,5.0,5.0
2023-02-19,Lorient,Ajaccio,3.0,0.0,2.07,3.29,3.85,2.32,1.62,10.0,12.0,6.0,3.0,2.0,2.0
2023-02-19,Rennes,Clermont,2.0,0.0,1.57,4.01,6.11,1.99,1.84,18.0,7.0,6.0,3.0,2.0,7.0
2023-02-19,Troyes,Montpellier,0.0,1.0,2.79,3.32,2.57,1.9,1.93,4.0,19.0,2.0,7.0,2.0,10.0
2023-02-19,Lens,Nantes,3.0,1.0,1.52,4.26,6.49,1.92,1.91,19.0,6.0,6.0,3.0,2.0,5.0
2023-02-19,Toulouse,Marseille,2.0,3.0,3.7,3.79,1.94,1.68,2.2,15.0,15.0,6.0,7.0,3.0,10.0
2023-02-24,Lille,Brest,2.0,1.0,1.35,5.22,9.01,1.62,2.3,18.0,3.0,4.0,0.0,11.0,2.0
2023-02-25,Angers,Lyon,1.0,3.0,4.88,3.88,1.71,1.87,1.96,11.0,7.0,2.0,5.0,2.0,2.0
2023-02-25,Montpellier,Lens,1.0,1.0,4.4,3.64,1.83,1.99,1.84,8.0,19.0,3.0,6.0,4.0,6.0
2023-02-26,Lorient,Auxerre,0.0,1.0,2.1,3.48,3.51,1.9,1.92,18.0,9.0,4.0,1.0,10.0,0.0
2023-02-26,Ajaccio,Troyes,2.0,1.0,2.24,3.17,3.49,2.38,1.59,14.0,11.0,6.0,5.0,6.0,3.0
2023-02-26,Clermont,Strasbourg,1.0,1.0,2.57,3.18,2.9,2.2,1.68,11.0,12.0,4.0,6.0,7.0,2.0
2023-02-26,Nantes,Rennes,0.0,1.0,3.44,3.36,2.18,2.09,1.76,20.0,11.0,7.0,3.0,12.0,4.0
2023-02-26,Reims,Toulouse,3.0,0.0,2.12,3.52,3.44,1.72,2.14,18.0,13.0,6.0,6.0,4.0,2.0
2023-02-26,Monaco,Nice,0.0,3.0,2.03,3.57,3.62,1.88,1.94,15.0,12.0,4.0,7.0,5.0,3.0
2023-02-26,Marseille,Paris SG,0.0,3.0,2.74,3.69,2.44,1.59,2.36,19.0,12.0,6.0,7.0,7.0,4.0
2023-03-03,Nice,Auxerre,1.0,1.0,1.65,3.76,5.77,2.1,1.75,17.0,3.0,5.0,1.0,8.0,0.0
2023-03-04,Lens,Lille,1.0,1.0,2.39,3.39,2.99,1.96,1.86,10.0,11.0,1.0,6.0,10.0,3.0
2023-03-04,Paris SG,Nantes,4.0,2.0,1.31,5.66,9.3,1.54,2.48,17.0,8.0,11.0,5.0,4.0,6.0
2023-03-05,Troyes,Monaco,2.0,2.0,5.94,4.63,1.5,1.64,2.29,13.0,17.0,6.0,4.0,3.0,4.0
2023-03-05,Montpellier,Angers,5.0,0.0,1.77,3.68,4.74,2.04,1.79,15.0,10.0,8.0,4.0,6.0,5.0
2023-03-05,Reims,Ajaccio,1.0,0.0,1.61,3.86,5.99,2.11,1.74,12.0,5.0,3.0,1.0,2.0,1.0
2023-03-05,Strasbourg,Brest,0.0,1.0,2.0,3.29,4.07,2.12,1.73,17.0,8.0,4.0,1.0,9.0,2.0
2023-03-05,Toulouse,Clermont,0.0,1.0,1.79,3.78,4.41,1.83,2.0,9.0,12.0,0.0,3.0,4.0,5.0
2023-03-05,Lyon,Lorient,0.0,0.0,1.53,4.42,5.93,1.72,2.14,17.0,11.0,5.0,1.0,6.0,5.0
2023-03-05,Rennes,Marseille,0.0,1.0,2.77,3.52,2.49,1.85,1.99,13.0,11.0,2.0,4.0,4.0,3.0
2023-03-10,Lille,Lyon,3.0,3.0,1.92,3.76,3.88,1.68,2.2,8.0,6.0,6.0,5.0,4.0,0.0
2023-03-11,Auxerre,Rennes,0.0,0.0,3.87,3.45,1.99,2.06,1.77,12.0,7.0,0.0,2.0,8.0,0.0
2023-03-11,Brest,Paris SG,1.0,2.0,6.87,4.88,1.42,1.59,2.34,7.0,17.0,2.0,8.0,6.0,3.0
2023-03-12,Clermont,Lens,0.0,4.0,4.54,3.49,1.84,2.22,1.67,9.0,13.0,6.0,6.0,6.0,4.0
2023-03-12,Ajaccio,Montpellier,0.0,1.0,2.96,3.17,2.52,2.35,1.59,7.0,12.0,1.0,4.0,1.0,3.0
2023-03-12,Angers,Toulouse,0.0,2.0,3.61,3.68,1.99,1.74,2.11,13.0,8.0,2.0,5.0,6.0,8.0
2023-03-12,Lorient,Troyes,2.0,0.0,1.76,3.83,4.49,1.81,2.0,16.0,9.0,6.0,2.0,1.0,4.0
2023-03-12,Nantes,Nice,2.0,2.0,2.98,3.18,2.5,2.28,1.63,10.0,16.0,3.0,8.0,1.0,10.0
2023-03-12,Monaco,Reims,0.0,1.0,1.82,3.8,4.18,1.73,2.12,14.0,17.0,3.0,8.0,3.0,3.0
2023-03-12,Marseille,Strasbourg,2.0,2.0,1.4,4.8,7.69,1.72,2.12,7.0,24.0,4.0,9.0,1.0,8.0
2023-03-17,Lyon,Nantes,1.0,1.0,1.6,4.14,5.54,1.73,2.13,11.0,11.0,6.0,5.0,5.0,2.0
2023-03-18,Toulouse,Lille,0.0,2.0,3.21,3.66,2.16,1.67,2.22,16.0,18.0,4.0,5.0,12.0,8.0
2023-03-18,Lens,Angers,3.0,0.0,1.25,6.09,12.34,1.63,2.28,12.0,3.0,6.0,1.0,4.0,4.0
2023-03-19,Ajaccio,Monaco,0.0,2.0,5.27,3.7,1.7,2.09,1.75,10.0,8.0,1.0,4.0,1.0,4.0
2023-03-19,Montpellier,Clermont,2.0,1.0,1.87,3.52,4.32,2.16,1.71,23.0,16.0,9.0,8.0,11.0,4.0
2023-03-19,Nice,Lorient,1.0,1.0,1.68,3.86,5.16,1.96,1.86,16.0,9.0,1.0,3.0,10.0,2.0
2023-03-19,Strasbourg,Auxerre,2.0,0.0,2.0,3.39,3.95,2.13,1.72,13.0,8.0,6.0,1.0,5.0,4.0
2023-03-19,Troyes,Brest,2.0,2.0,2.86,3.36,2.49,1.99,1.84,15.0,9.0,5.0,2.0,7.0,4.0
2023-03-19,Paris SG,Rennes,0.0,2.0,1.47,4.8,6.32,1.55,2.44,17.0,10.0,8.0,3.0,6.0,3.0
2023-03-19,Reims,Marseille,1.0,2.0,2.95,3.49,2.36,1.86,1.97,19.0,12.0,6.0,5.0,6.0,5.0
2023-03-31,Marseille,Montpellier,1.0,1.0,1.46,4.61,6.8,1.68,2.21,13.0,9.0,2.0,3.0,1.0,3.0
2023-04-01,Auxerre,Troyes,1.0,0.0,1.89,3.54,4.24,2.04,1.79,13.0,14.0,5.0,2.0,4.0,5.0
2023-04-01,Rennes,Lens,0.0,1.0,2.57,3.38,2.75,1.94,1.88,10.0,12.0,3.0,4.0,5.0,5.0
2023-04-02,Lille,Lorient,3.0,1.0,1.37,5.15,7.92,1.56,2.42,20.0,2.0,7.0,1.0,5.0,1.0
2023-04-02,Angers,Nice,1.0,1.0,6.23,3.88,1.58,2.13,1.73,13.0,12.0,6.0,3.0,5.0,2.0
2023-04-02,Brest,Toulouse,3.0,1.0,2.81,3.45,2.48,1.85,1.97,17.0,8.0,7.0,3.0,4.0,2.0
2023-04-02,Clermont,Ajaccio,2.0,1.0,2.11,3.2,3.83,2.47,1.54,14.0,3.0,6.0,2.0,5.0,1.0
2023-04-02,Nantes,Reims,0.0,3.0,3.05,3.3,2.39,2.07,1.76,12.0,14.0,6.0,9.0,3.0,4.0
2023-04-02,Monaco,Strasbourg,4.0,3.0,1.51,4.41,6.18,1.72,2.13,9.0,13.0,7.0,6.0,3.0,3.0
2023-04-02,Paris SG,Lyon,0.0,1.0,1.42,5.08,6.66,1.49,2.62,16.0,10.0,5.0,3.0,7.0,1.0
2023-04-07,Lens,Strasbourg,2.0,1.0,1.53,4.24,6.29,1.87,1.95,13.0,13.0,9.0,3.0,5.0,1.0
2023-04-08,Angers,Lille,1.0,0.0,7.92,4.93,1.39,1.68,2.18,7.0,15.0,5.0,5.0,3.0,6.0
2023-04-08,Nice,Paris SG,0.0,2.0,3.84,3.97,1.87,1.67,2.21,21.0,13.0,7.0,4.0,10.0,5.0
2023-04-09,Lyon,Rennes,3.0,1.0,2.17,3.49,3.31,1.88,1.93,11.0,11.0,3.0,3.0,7.0,2.0
2023-04-09,Ajaccio,Auxerre,0.0,3.0,2.83,2.92,2.82,2.8,1.44,9.0,11.0,2.0,4.0,7.0,5.0
2023-04-09,Montpellier,Toulouse,1.0,2.0,2.06,3.69,3.39,1.77,2.05,16.0,15.0,8.0,8.0,4.0,3.0
2023-04-09,Reims,Brest,1.0,1.0,1.62,4.05,5.33,1.79,2.03,22.0,12.0,7.0,5.0,6.0,3.0
2023-04-09,Troyes,Clermont,0.0,2.0,2.75,3.31,2.59,2.05,1.77,9.0,12.0,3.0,4.0,3.0,2.0
2023-04-09,Nantes,Monaco,2.0,2.0,3.79,3.69,1.94,1.82,1.99,9.0,16.0,2.0,10.0,6.0,8.0
2023-04-09,Lorient,Marseille,0.0,0.0,4.81,4.21,1.65,1.64,2.26,9.0,13.0,5.0,2.0,3.0,6.0
2023-04-14,Toulouse,Lyon,1.0,2.0,3.39,3.79,2.05,1.6,2.35,13.0,14.0,6.0,3.0,8.0,5.0
2023-04-15,Rennes,Reims,3.0,0.0,2.23,3.53,3.18,1.86,1.96,23.0,5.0,8.0,1.0,6.0,4.0
2023-04-15,Paris SG,Lens,3.0,1.0,1.69,4.23,4.57,1.57,2.4,15.0,14.0,7.0,7.0,3.0,10.0
2023-04-16,Lille,Montpellier,2.0,1.0,1.52,4.53,5.81,1.59,2.35,17.0,4.0,7.0,1.0,8.0,4.0
2023-04-16,Auxerre,Nantes,2.0,1.0,2.48,3.08,3.12,2.37,1.58,13.0,17.0,7.0,7.0,3.0,6.0
2023-04-16,Brest,Nice,1.0,0.0,3.18,3.26,2.33,2.16,1.69,14.0,12.0,3.0,6.0,3.0,5.0
2023-04-16,Clermont,Angers,2.0,1.0,1.82,3.67,4.39,1.93,1.88,12.0,7.0,5.0,4.0,6.0,6.0
2023-04-16,Strasbourg,Ajaccio,3.0,1.0,1.77,3.41,5.22,2.43,1.56,12.0,8.0,6.0,1.0,5.0,0.0
2023-04-16,Monaco,Lorient,3.0,1.0,1.4,5.13,7.2,1.47,2.68,11.0,7.0,7.0,4.0,5.0,3.0
2023-04-16,Marseille,Troyes,3.0,1.0,1.21,6.88,13.13,1.47,2.66,28.0,4.0,6.0,2.0,8.0,1.0
2023-04-21,Angers,Paris SG,1.0,2.0,14.23,7.43,1.19,1.42,2.87,16.0,10.0,4.0,4.0,5.0,8.0
2023-04-22,Auxerre,Lille,1.0,1.0,4.74,3.9,1.72,1.89,1.92,8.0,14.0,4.0,6.0,4.0,4.0
2023-04-22,Lens,Monaco,3.0,0.0,2.12,3.56,3.38,1.81,2.01,21.0,11.0,8.0,4.0,2.0,4.0
2023-04-23,Reims,Strasbourg,0.0,2.0,1.94,3.66,3.81,1.9,1.9,15.0,9.0,5.0,3.0,6.0,4.0
2023-04-23,Ajaccio,Brest,0.0,0.0,3.24,3.06,2.41,2.59,1.5,3.0,10.0,2.0,2.0,4.0,4.0
2023-04-23,Lorient,Toulouse,0.0,1.0,2.33,3.62,2.88,1.74,2.1,9.0,13.0,1.0,4.0,2.0,7.0
2023-04-23,Nantes,Troyes,2.0,2.0,1.65,3.96,5.23,1.85,1.97,19.0,9.0,9.0,4.0,13.0,4.0
2023-04-23,Nice,Clermont,1.0,2.0,1.79,3.56,4.71,2.09,1.74,15.0,9.0,5.0,3.0,6.0,2.0
2023-04-23,Montpellier,Rennes,1.0,0.0,3.16,3.44,2.26,1.92,1.89,11.0,16.0,2.0,4.0,4.0,4.0
2023-04-23,Lyon,Marseille,1.0,2.0,2.48,3.66,2.67,1.67,2.22,7.0,14.0,2.0,7.0,5.0,3.0
2023-04-28,Strasbourg,Lyon,1.0,2.0,2.71,3.4,2.62,1.93,1.88,11.0,7.0,3.0,4.0,5.0,4.0
2023-04-29,Lille,Ajaccio,3.0,0.0,1.21,6.43,15.43,1.68,2.19,10.0,2.0,5.0,0.0,9.0,0.0
2023-04-30,Monaco,Montpellier,0.0,4.0,1.5,4.64,5.92,1.58,2.38,7.0,19.0,4.0,9.0,3.0,11.0
2023-04-30,Clermont,Reims,1.0,0.0,3.05,3.43,2.32,1.96,1.85,6.0,13.0,2.0,2.0,5.0,6.0
2023-04-30,Rennes,Angers,4.0,2.0,1.3,5.41,10.32,1.74,2.1,13.0,4.0,4.0,2.0,7.0,5.0
2023-04-30,Troyes,Nice,0.0,1.0,4.57,3.88,1.74,1.81,2.0,9.0,29.0,6.0,13.0,3.0,14.0
2023-04-30,Paris SG,Lorient,1.0,3.0,1.19,7.9,12.99,1.29,3.63,13.0,14.0,4.0,7.0,2.0,3.0
2023-04-30,Marseille,Auxerre,2.0,1.0,1.31,5.51,9.71,1.68,2.19,26.0,11.0,4.0,3.0,12.0,1.0
2023-05-02,Toulouse,Lens,0.0,1.0,5.3,4.3,1.6,1.6,2.37,9.0,11.0,2.0,3.0,5.0,0.0
2023-05-03,Brest,Nantes,2.0,0.0,2.23,3.4,3.25,1.98,1.84,8.0,13.0,4.0,5.0,2.0,4.0
2023-05-06,Nice,Rennes,2.0,1.0,2.58,3.28,2.81,2.08,1.76,11.0,14.0,4.0,4.0,4.0,7.0
2023-05-06,Reims,Lille,1.0,0.0,3.42,3.76,2.04,1.7,2.16,14.0,11.0,4.0,5.0,4.0,7.0
2023-05-06,Lens,Marseille,2.0,1.0,2.33,3.52,2.99,1.85,1.97,9.0,14.0,3.0,3.0,7.0,7.0
2023-05-07,Angers,Monaco,1.0,2.0,6.18,4.82,1.46,1.54,2.48,10.0,14.0,3.0,6.0,4.0,3.0
2023-05-07,Ajaccio,Toulouse,0.0,0.0,3.43,3.37,2.17,2.14,1.72,4.0,15.0,2.0,5.0,4.0,7.0
2023-05-07,Auxerre,Clermont,1.0,1.0,2.38,3.26,3.08,2.2,1.68,11.0,9.0,4.0,4.0,2.0,2.0
2023-05-07,Lorient,Brest,2.0,1.0,2.37,3.41,2.97,1.93,1.88,6.0,15.0,3.0,2.0,4.0,6.0
2023-05-07,Nantes,Strasbourg,0.0,2.0,2.78,3.34,2.56,2.01,1.81,13.0,8.0,5.0,6.0,11.0,1.0
2023-05-07,Lyon,Montpellier,5.0,4.0,1.67,4.19,4.73,1.66,2.22,16.0,12.0,8.0,6.0,3.0,5.0
2023-05-07,Troyes,Paris SG,1.0,3.0,8.37,5.82,1.32,1.41,2.91,7.0,31.0,3.0,12.0,6.0,6.0
2023-05-12,Lens,Reims,2.0,1.0,1.52,4.53,5.92,1.6,2.35,8.0,17.0,6.0,3.0,0.0,14.0
2023-05-13,Strasbourg,Nice,2.0,0.0,2.39,3.33,3.03,2.09,1.75,12.0,9.0,3.0,4.0,2.0,3.0
2023-05-13,Paris SG,Ajaccio,5.0,0.0,1.11,9.7,24.11,1.42,2.86,16.0,7.0,9.0,2.0,8.0,3.0
2023-05-14,Clermont,Lyon,2.0,1.0,4.15,3.93,1.8,1.74,2.11,9.0,15.0,6.0,4.0,5.0,2.0
2023-05-14,Brest,Auxerre,1.0,0.0,2.12,3.29,3.64,2.19,1.68,15.0,10.0,10.0,2.0,6.0,0.0
2023-05-14,Montpellier,Lorient,1.0,1.0,1.85,3.81,4.06,1.77,2.06,15.0,11.0,4.0,3.0,11.0,5.0
2023-05-14,Rennes,Troyes,4.0,0.0,1.24,6.47,11.45,1.49,2.61,26.0,4.0,9.0,0.0,9.0,1.0
2023-05-14,Toulouse,Nantes,0.0,0.0,2.1,3.64,3.35,1.78,2.05,14.0,8.0,6.0,1.0,10.0,5.0
2023-05-14,Monaco,Lille,0.0,0.0,2.75,3.71,2.42,1.62,2.31,8.0,10.0,1.0,4.0,3.0,4.0
2023-05-14,Marseille,Angers,3.0,1.0,1.19,7.25,14.35,1.47,2.67,14.0,4.0,6.0,1.0,7.0,0.0
2023-05-19,Lyon,Monaco,3.0,1.0,2.39,3.96,2.68,1.47,2.7,22.0,16.0,11.0,9.0,2.0,8.0
2023-05-20,Nantes,Montpellier,0.0,3.0,2.17,3.53,3.3,1.88,1.93,13.0,13.0,3.0,6.0,10.0,6.0
2023-05-20,Lille,Marseille,2.0,1.0,2.44,3.62,2.76,1.71,2.15,12.0,8.0,3.0,3.0,3.0,4.0
2023-05-21,Ajaccio,Rennes,0.0,5.0,7.11,4.22,1.49,2.04,1.8,2.0,13.0,0.0,7.0,2.0,5.0
2023-05-21,Brest,Clermont,2.0,1.0,2.07,3.5,3.57,2.02,1.8,10.0,8.0,3.0,2.0,7.0,1.0
2023-05-21,Nice,Toulouse,0.0,0.0,1.88,3.84,3.91,1.74,2.12,21.0,7.0,7.0,4.0,6.0,3.0
2023-05-21,Reims,Angers,2.0,2.0,1.41,5.0,7.28,1.61,2.33,11.0,7.0,5.0,3.0,7.0,3.0
2023-05-21,Troyes,Strasbourg,1.0,1.0,5.53,4.3,1.58,1.72,2.13,8.0,16.0,3.0,5.0,4.0,6.0
2023-05-21,Lorient,Lens,1.0,3.0,5.35,4.25,1.6,1.73,2.12,13.0,15.0,5.0,7.0,3.0,5.0
2023-05-21,Auxerre,Paris SG,1.0,2.0,7.84,5.33,1.37,1.56,2.43,14.0,15.0,7.0,4.0,4.0,6.0
2023-05-27,Angers,Troyes,2.0,1.0,2.0,3.72,3.54,1.71,2.15,18.0,5.0,5.0,3.0,14.0,3.0
2023-05-27,Clermont,Lorient,2.0,0.0,2.15,3.45,3.39,1.93,1.89,18.0,6.0,7.0,1.0,9.0,1.0
2023-05-27,Lens,Ajaccio,3.0,0.0,1.13,8.5,22.72,1.6,2.35,12.0,6.0,3.0,0.0,9.0,2.0
2023-05-27,Lille,Nantes,2.0,1.0,1.44,4.71,6.87,1.67,2.21,9.0,8.0,2.0,3.0,5.0,3.0
2023-05-27,Lyon,Reims,3.0,0.0,1.6,4.41,5.03,1.52,2.51,23.0,10.0,7.0,1.0,7.0,4.0
2023-05-27,Marseille,Brest,1.0,2.0,1.37,5.12,7.89,1.59,2.36,10.0,15.0,4.0,5.0,3.0,5.0
2023-05-27,Montpellier,Nice,2.0,3.0,2.45,3.49,2.83,1.78,2.05,14.0,23.0,8.0,15.0,2.0,10.0
2023-05-27,Rennes,Monaco,2.0,0.0,2.09,3.77,3.28,1.56,2.4,12.0,11.0,6.0,3.0,7.0,3.0
2023-05-27,Strasbourg,Paris SG,1.0,1.0,4.81,4.25,1.65,1.55,2.45,17.0,7.0,5.0,2.0,4.0,2.0
2023-05-27,Toulouse,Auxerre,1.0,1.0,2.21,3.59,3.14,1.79,2.03,10.0,16.0,3.0,2.0,6.0,3.0
2023-06-03,Ajaccio,Marseille,1.0,0.0,8.32,5.38,1.35,1.58,2.4,3.0,17.0,1.0,5.0,2.0,3.0
2023-06-03,Auxerre,Lens,1.0,3.0,2.79,3.57,2.43,1.76,2.08,17.0,15.0,5.0,7.0,5.0,5.0
2023-06-03,Brest,Rennes,1.0,2.0,5.59,4.37,1.56,1.65,2.26,14.0,12.0,5.0,3.0,3.0,3.0
2023-06-03,Lorient,Strasbourg,2.0,1.0,2.96,3.56,2.32,1.72,2.14,5.0,15.0,3.0,7.0,4.0,4.0
2023-06-03,Monaco,Toulouse,1.0,2.0,1.46,5.04,6.09,1.45,2.74,19.0,22.0,7.0,8.0,4.0,7.0
2023-06-03,Nantes,Angers,1.0,0.0,1.36,5.28,7.95,1.57,2.41,11.0,5.0,7.0,1.0,8.0,1.0
2023-06-03,Nice,Lyon,3.0,1.0,2.36,3.92,2.72,1.47,2.66,16.0,16.0,6.0,7.0,3.0,2.0
2023-06-03,Paris SG,Clermont,2.0,3.0,1.23,7.04,10.91,1.29,3.54,16.0,12.0,6.0,5.0,6.0,2.0
2023-06-03,Reims,Montpellier,1.0,3.0,2.03,3.93,3.31,1.48,2.66,11.0,16.0,5.0,8.0,4.0,7.0
2023-06-03,Troyes,Lille,1.0,1.0,11.45,7.09,1.22,1.36,3.14,8.0,18.0,3.0,7.0,2.0,8.0
2023-08-11,Nice,Lille,1.0,1.0,2.57,3.42,2.76,1.88,1.94,8.0,12.0,3.0,5.0,3.0,3.0
2023-08-12,Marseille,Reims,2.0,1.0,1.7,3.98,4.82,1.78,2.05,14.0,11.0,4.0,4.0,10.0,10.0
2023-08-12,Paris SG,Lorient,0.0,0.0,1.33,5.56,8.53,1.5,2.6,20.0,4.0,4.0,0.0,9.0,2.0
2023-08-13,Brest,Lens,3.0,2.0,3.88,3.53,1.96,2.01,1.82,15.0,10.0,8.0,2.0,6.0,8.0
2023-08-13,Clermont,Monaco,2.0,4.0,3.48,3.7,2.04,1.72,2.13,15.0,14.0,7.0,8.0,6.0,2.0
2023-08-13,Montpellier,Le Havre,2.0,2.0,1.95,3.49,4.02,2.1,1.74,15.0,12.0,5.0,4.0,5.0,2.0
2023-08-13,Nantes,Toulouse,1.0,2.0,2.57,3.38,2.74,1.98,1.85,9.0,9.0,4.0,5.0,7.0,5.0
2023-08-13,Rennes,Metz,5.0,1.0,1.41,4.75,7.59,1.75,2.1,29.0,9.0,14.0,3.0,5.0,4.0
2023-08-13,Strasbourg,Lyon,2.0,1.0,2.57,3.62,2.61,1.71,2.15,8.0,23.0,2.0,7.0,1.0,6.0
2023-08-18,Metz,Marseille,2.0,2.0,4.76,4.01,1.71,1.69,2.2,10.0,22.0,5.0,5.0,4.0,9.0
2023-08-19,Lyon,Montpellier,1.0,4.0,1.71,4.16,4.53,1.58,2.38,7.0,14.0,3.0,8.0,6.0,2.0
2023-08-19,Toulouse,Paris SG,1.0,1.0,4.87,4.2,1.67,1.58,2.37,8.0,16.0,2.0,3.0,5.0,5.0
2023-08-20,Lille,Nantes,2.0,0.0,1.42,4.81,7.45,1.69,2.18,18.0,14.0,8.0,4.0,7.0,5.0
2023-08-20,Le Havre,Brest,1.0,2.0,2.72,3.2,2.74,2.22,1.67,18.0,10.0,7.0,5.0,5.0,3.0
2023-08-20,Lorient,Nice,1.0,1.0,3.35,3.46,2.18,1.95,1.87,9.0,21.0,2.0,8.0,0.0,9.0
2023-08-20,Reims,Clermont,2.0,0.0,1.89,3.71,4.04,1.8,2.02,8.0,11.0,4.0,4.0,3.0,10.0
2023-08-20,Monaco,Strasbourg,3.0,0.0,1.81,3.96,4.13,1.67,2.22,9.0,4.0,4.0,1.0,4.0,3.0
2023-08-20,Lens,Rennes,1.0,1.0,2.42,3.63,2.78,1.71,2.15,15.0,10.0,4.0,5.0,11.0,0.0
2023-08-25,Nantes,Monaco,3.0,3.0,4.59,3.82,1.77,1.76,2.11,3.0,27.0,3.0,10.0,1.0,10.0
2023-08-26,Marseille,Brest,2.0,0.0,1.52,4.41,6.2,1.72,2.15,15.0,18.0,6.0,7.0,3.0,10.0
2023-08-26,Paris SG,Lens,3.0,1.0,1.61,4.27,5.32,1.66,2.23,17.0,12.0,7.0,4.0,5.0,5.0
2023-08-27,Rennes,Le Havre,2.0,2.0,1.43,4.63,7.49,1.81,2.02,22.0,7.0,8.0,3.0,5.0,2.0
2023-08-27,Clermont,Metz,0.0,1.0,1.89,3.74,3.96,1.82,2.02,16.0,10.0,4.0,5.0,10.0,2.0
2023-08-27,Montpellier,Reims,1.0,3.0,2.38,3.51,2.91,1.73,2.14,19.0,12.0,3.0,6.0,5.0,3.0
2023-08-27,Strasbourg,Toulouse,2.0,0.0,2.13,3.65,3.28,1.79,2.05,11.0,7.0,3.0,1.0,3.0,3.0
2023-08-27,Lorient,Lille,4.0,1.0,3.77,3.69,1.95,1.83,2.01,9.0,18.0,6.0,7.0,5.0,8.0
2023-08-27,Nice,Lyon,0.0,0.0,2.11,3.7,3.29,1.65,2.27,21.0,6.0,4.0,1.0,7.0,2.0
2023-09-01,Nantes,Marseille,1.0,1.0,4.76,3.94,1.72,1.74,2.13,10.0,26.0,2.0,9.0,2.0,7.0
2023-09-02,Brest,Rennes,0.0,0.0,3.32,3.64,2.13,1.74,2.11,13.0,6.0,2.0,3.0,7.0,5.0
2023-09-02,Monaco,Lens,3.0,0.0,2.09,3.84,3.25,1.59,2.38,11.0,12.0,6.0,1.0,5.0,2.0
2023-09-03,Toulouse,Clermont,2.0,2.0,1.99,3.65,3.69,1.86,1.97,9.0,15.0,5.0,3.0,0.0,8.0
2023-09-03,Le Havre,Lorient,3.0,0.0,2.78,3.15,2.7,2.24,1.66,17.0,9.0,6.0,2.0,5.0,4.0
2023-09-03,Lille,Montpellier,1.0,0.0,1.78,4.11,4.1,1.6,2.36,15.0,9.0,6.0,5.0,5.0,5.0
2023-09-03,Metz,Reims,2.0,2.0,3.95,3.67,1.91,1.85,1.98,12.0,12.0,4.0,2.0,4.0,1.0
2023-09-03,Nice,Strasbourg,2.0,0.0,1.95,3.56,3.91,1.93,1.89,16.0,4.0,6.0,0.0,5.0,2.0
2023-09-03,Lyon,Paris SG,1.0,4.0,5.78,4.85,1.5,1.42,2.85,19.0,22.0,8.0,8.0,5.0,2.0
2023-09-15,Paris SG,Nice,2.0,3.0,1.54,4.49,5.81,1.6,2.35,12.0,14.0,3.0,8.0,4.0,3.0
2023-09-16,Rennes,Lille,2.0,2.0,2.13,3.66,3.3,1.74,2.12,7.0,10.0,4.0,6.0,5.0,2.0
2023-09-16,Lens,Metz,0.0,1.0,1.5,4.51,6.29,1.67,2.23,31.0,2.0,10.0,2.0,9.0,1.0
2023-09-17,Lorient,Monaco,2.0,2.0,3.94,3.87,1.87,1.63,2.29,10.0,20.0,3.0,7.0,8.0,6.0
2023-09-17,Clermont,Nantes,0.0,1.0,2.0,3.54,3.75,1.99,1.84,16.0,8.0,3.0,5.0,6.0,3.0
2023-09-17,Reims,Brest,1.0,2.0,1.88,3.67,4.12,1.82,2.02,13.0,18.0,7.0,7.0,8.0,8.0
2023-09-17,Strasbourg,Montpellier,2.0,2.0,2.33,3.54,2.96,1.82,2.01,14.0,11.0,7.0,4.0,2.0,4.0
2023-09-17,Marseille,Toulouse,0.0,0.0,1.48,4.72,6.24,1.55,2.46,24.0,10.0,6.0,3.0,6.0,1.0
2023-09-17,Lyon,Le Havre,0.0,0.0,1.69,4.12,4.68,1.68,2.21,23.0,7.0,7.0,0.0,6.0,1.0
2023-09-22,Monaco,Nice,0.0,1.0,2.19,3.56,3.22,1.72,2.14,9.0,13.0,3.0,7.0,5.0,2.0
2023-09-23,Nantes,Lorient,5.0,3.0,2.41,3.39,2.94,1.95,1.88,19.0,10.0,9.0,7.0,4.0,2.0
2023-09-23,Brest,Lyon,1.0,0.0,2.53,3.61,2.65,1.66,2.25,27.0,6.0,11.0,3.0,10.0,1.0
2023-09-24,Metz,Strasbourg,0.0,1.0,2.91,3.24,2.51,2.14,1.73,13.0,4.0,1.0,1.0,1.0,1.0
2023-09-24,Le Havre,Clermont,2.0,1.0,2.43,3.27,3.0,2.13,1.73,9.0,11.0,3.0,4.0,1.0,3.0
2023-09-24,Lens,Toulouse,2.0,1.0,1.7,3.97,4.75,1.75,2.1,27.0,7.0,7.0,2.0,9.0,4.0
2023-09-24,Montpellier,Rennes,0.0,0.0,2.65,3.53,2.56,1.74,2.12,13.0,18.0,4.0,6.0,3.0,6.0
2023-09-24,Paris SG,Marseille,4.0,0.0,1.63,4.34,4.9,1.53,2.51,15.0,6.0,5.0,0.0,8.0,3.0
2023-09-26,Lille,Reims,1.0,2.0,1.94,3.7,3.85,1.83,2.01,14.0,4.0,3.0,4.0,4.0,2.0
2023-09-29,Strasbourg,Lens,0.0,1.0,3.55,3.46,2.12,2.01,1.83,8.0,9.0,2.0,2.0,2.0,3.0
2023-09-30,Clermont,Paris SG,0.0,0.0,6.78,4.77,1.45,1.6,2.36,12.0,21.0,3.0,10.0,6.0,9.0
2023-09-30,Monaco,Marseille,3.0,2.0,2.2,3.82,3.06,1.55,2.47,10.0,8.0,7.0,4.0,2.0,6.0
2023-10-01,Reims,Lyon,2.0,0.0,2.05,3.8,3.38,1.65,2.26,8.0,11.0,3.0,6.0,1.0,5.0
2023-10-01,Le Havre,Lille,0.0,2.0,3.93,3.47,1.99,2.03,1.8,5.0,16.0,0.0,6.0,6.0,6.0
2023-10-01,Nice,Brest,0.0,0.0,1.76,3.85,4.57,1.89,1.94,12.0,7.0,1.0,2.0,6.0,4.0
2023-10-01,Toulouse,Metz,3.0,0.0,2.14,3.47,3.47,1.96,1.86,15.0,8.0,10.0,3.0,4.0,6.0
2023-10-01,Lorient,Montpellier,0.0,3.0,2.92,3.54,2.38,1.78,2.04,14.0,14.0,3.0,8.0,8.0,3.0
2023-10-01,Rennes,Nantes,3.0,1.0,1.52,4.53,5.99,1.66,2.25,16.0,10.0,5.0,3.0,6.0,4.0
2023-10-06,Strasbourg,Nantes,1.0,2.0,2.24,3.23,3.48,2.22,1.67,11.0,16.0,3.0,7.0,3.0,11.0
2023-10-07,Metz,Nice,0.0,1.0,4.88,3.81,1.73,1.94,1.89,10.0,7.0,3.0,4.0,1.0,4.0
2023-10-07,Reims,Monaco,1.0,3.0,2.64,3.66,2.55,1.59,2.37,11.0,11.0,4.0,4.0,10.0,5.0
2023-10-08,Marseille,Le Havre,3.0,0.0,1.49,4.53,6.48,1.73,2.13,14.0,7.0,6.0,1.0,4.0,3.0
2023-10-08,Brest,Toulouse,1.0,1.0,1.82,3.71,4.39,1.94,1.87,13.0,9.0,2.0,3.0,3.0,5.0
2023-10-08,Lyon,Lorient,3.0,3.0,1.69,4.03,4.83,1.68,2.19,9.0,6.0,6.0,5.0,5.0,2.0
2023-10-08,Lens,Lille,1.0,1.0,2.23,3.49,3.22,1.91,1.9,14.0,8.0,5.0,3.0,8.0,5.0
2023-10-08,Rennes,Paris SG,1.0,3.0,3.48,3.61,2.08,1.75,2.1,14.0,17.0,4.0,7.0,1.0,7.0
2023-10-20,Le Havre,Lens,0.0,0.0,4.53,3.52,1.85,2.11,1.74,14.0,13.0,5.0,7.0,3.0,3.0
2023-10-21,Paris SG,Strasbourg,3.0,0.0,1.23,6.61,12.0,1.44,2.77,8.0,7.0,4.0,1.0,1.0,6.0
2023-10-21,Nice,Marseille,1.0,0.0,2.44,3.29,3.04,2.0,1.82,10.0,9.0,2.0,1.0,4.0,2.0
2023-10-22,Lorient,Rennes,2.0,1.0,3.95,3.74,1.89,1.79,2.04,5.0,20.0,4.0,6.0,6.0,16.0
2023-10-22,Lille,Brest,1.0,0.0,1.8,3.66,4.65,1.95,1.87,6.0,9.0,4.0,1.0,3.0,5.0
2023-10-22,Nantes,Montpellier,2.0,0.0,2.9,3.54,2.38,1.76,2.08,14.0,11.0,5.0,6.0,4.0,3.0
2023-10-22,Toulouse,Reims,1.0,1.0,2.91,3.48,2.42,1.83,2.0,11.0,15.0,5.0,4.0,5.0,7.0
2023-10-22,Monaco,Metz,2.0,1.0,1.34,5.6,8.19,1.44,2.78,27.0,8.0,13.0,4.0,10.0,2.0
2023-10-22,Lyon,Clermont,1.0,2.0,1.79,3.95,4.32,1.73,2.13,25.0,12.0,6.0,5.0,10.0,3.0
2023-10-27,Clermont,Nice,0.0,1.0,4.31,3.4,1.93,2.25,1.66,8.0,11.0,3.0,5.0,2.0,2.0
2023-10-28,Reims,Lorient,1.0,0.0,1.66,4.16,5.01,1.71,2.16,12.0,9.0,5.0,1.0,4.0,4.0
2023-10-28,Lens,Nantes,4.0,0.0,1.58,4.26,5.7,1.76,2.08,11.0,11.0,7.0,1.0,4.0,1.0
2023-10-29,Brest,Paris SG,2.0,3.0,5.85,4.49,1.53,1.63,2.29,20.0,17.0,5.0,10.0,9.0,5.0
2023-10-29,Lille,Monaco,2.0,0.0,2.28,3.8,2.93,1.57,2.41,7.0,16.0,5.0,6.0,2.0,8.0
2023-10-29,Metz,Le Havre,0.0,0.0,2.55,3.25,2.91,2.18,1.69,9.0,12.0,3.0,1.0,5.0,6.0
2023-10-29,Montpellier,Toulouse,3.0,0.0,1.77,3.92,4.47,1.75,2.1,19.0,16.0,6.0,5.0,3.0,4.0
2023-10-29,Rennes,Strasbourg,1.0,1.0,1.6,4.11,5.69,1.87,1.96,20.0,11.0,3.0,3.0,7.0,5.0
2023-11-03,Paris SG,Montpellier,3.0,0.0,1.26,6.56,10.28,1.35,3.22,21.0,7.0,10.0,2.0,9.0,2.0
2023-11-04,Lorient,Lens,0.0,0.0,4.81,3.89,1.73,1.85,1.98,7.0,14.0,2.0,7.0,1.0,5.0
2023-11-04,Marseille,Lille,0.0,0.0,2.23,3.54,3.22,1.86,1.97,8.0,10.0,3.0,1.0,2.0,8.0
2023-11-05,Lyon,Metz,1.0,1.0,1.67,4.01,5.02,1.73,2.13,15.0,10.0,4.0,5.0,4.0,9.0
2023-11-05,Nantes,Reims,0.0,1.0,2.92,3.24,2.53,2.11,1.74,17.0,7.0,4.0,4.0,10.0,6.0
2023-11-05,Strasbourg,Clermont,0.0,0.0,2.37,3.24,3.17,2.23,1.67,18.0,10.0,5.0,2.0,4.0,6.0
2023-11-05,Toulouse,Le Havre,1.0,2.0,2.15,3.36,3.52,2.07,1.77,17.0,15.0,5.0,7.0,4.0,6.0
2023-11-05,Monaco,Brest,2.0,0.0,1.73,4.08,4.49,1.64,2.28,12.0,15.0,6.0,1.0,6.0,4.0
2023-11-05,Nice,Rennes,2.0,0.0,2.1,3.39,3.63,2.09,1.75,16.0,11.0,4.0,4.0,2.0,1.0
2023-11-10,Montpellier,Nice,0.0,0.0,3.56,3.37,2.14,2.03,1.81,9.0,15.0,1.0,4.0,3.0,7.0
2023-11-11,Reims,Paris SG,0.0,3.0,5.21,4.35,1.6,1.59,2.36,19.0,14.0,6.0,6.0,8.0,4.0
2023-11-11,Le Havre,Monaco,0.0,0.0,4.45,3.93,1.77,1.75,2.09,9.0,10.0,5.0,4.0,2.0,4.0
2023-11-12,Clermont,Lorient,1.0,0.0,2.13,3.33,3.6,2.11,1.74,17.0,10.0,6.0,3.0,5.0,4.0
2023-11-12,Lille,Toulouse,1.0,1.0,1.57,4.31,5.67,1.76,2.08,13.0,2.0,6.0,1.0,11.0,1.0
2023-11-12,Metz,Nantes,3.0,1.0,2.93,3.31,2.49,1.99,1.83,9.0,16.0,4.0,3.0,2.0,5.0
2023-11-12,Rennes,Lyon,0.0,1.0,1.73,4.06,4.48,1.67,2.22,8.0,12.0,2.0,5.0,6.0,9.0
2023-11-12,Lens,Marseille,1.0,0.0,2.26,3.48,3.16,1.84,1.99,14.0,8.0,3.0,2.0,4.0,5.0
2023-11-24,Paris SG,Monaco,5.0,2.0,1.48,5.07,5.96,1.36,3.16,16.0,14.0,11.0,7.0,2.0,10.0
2023-11-25,Clermont,Lens,0.0,3.0,3.81,3.5,2.01,2.05,1.79,13.0,16.0,4.0,10.0,2.0,4.0
2023-11-25,Strasbourg,Marseille,1.0,1.0,3.9,3.56,1.97,2.04,1.8,15.0,16.0,7.0,3.0,7.0,11.0
2023-11-26,Nice,Toulouse,1.0,0.0,1.51,4.15,6.93,2.02,1.82,8.0,19.0,3.0,3.0,4.0,2.0
2023-11-26,Lorient,Metz,2.0,3.0,1.99,3.45,3.96,2.12,1.74,11.0,14.0,5.0,5.0,5.0,6.0
2023-11-26,Montpellier,Brest,1.0,3.0,2.29,3.43,3.15,1.94,1.88,17.0,17.0,5.0,5.0,9.0,1.0
2023-11-26,Nantes,Le Havre,0.0,0.0,2.08,3.42,3.68,2.09,1.75,19.0,6.0,3.0,0.0,10.0,5.0
2023-11-26,Rennes,Reims,3.0,1.0,1.99,3.62,3.76,1.9,1.93,10.0,15.0,5.0,5.0,1.0,8.0
2023-11-26,Lyon,Lille,0.0,2.0,2.99,3.4,2.4,1.91,1.92,11.0,15.0,5.0,8.0,3.0,5.0
2023-11-29,Montpellier,Clermont,1.0,1.0,1.94,3.62,4.01,1.94,1.89,32.0,5.0,10.0,1.0,8.0,0.0
2023-12-01,Reims,Strasbourg,2.0,1.0,1.74,3.87,4.78,1.85,1.99,13.0,10.0,4.0,3.0,4.0,5.0
2023-12-02,Lens,Lyon,3.0,2.0,1.71,4.05,4.8,1.76,2.09,10.0,12.0,7.0,7.0,3.0,6.0
2023-12-02,Nantes,Nice,1.0,0.0,3.87,3.42,2.03,2.19,1.69,13.0,13.0,4.0,6.0,5.0,6.0
2023-12-03,Le Havre,Paris SG,0.0,2.0,9.68,5.69,1.31,1.53,2.49,22.0,9.0,7.0,5.0,9.0,2.0
2023-12-03,Brest,Clermont,3.0,0.0,1.8,3.72,4.56,2.01,1.83,12.0,10.0,7.0,1.0,4.0,2.0
2023-12-03,Monaco,Montpellier,2.0,0.0,1.65,4.37,4.78,1.51,2.56,27.0,9.0,9.0,4.0,8.0,2.0
2023-12-03,Toulouse,Lorient,1.0,1.0,2.02,3.51,3.78,1.94,1.89,11.0,11.0,6.0,5.0,3.0,4.0
2023-12-03,Lille,Metz,2.0,0.0,1.44,4.72,7.33,1.75,2.11,16.0,7.0,6.0,4.0,6.0,1.0
2023-12-03,Marseille,Rennes,2.0,0.0,1.92,3.75,3.9,1.82,2.02,5.0,10.0,2.0,0.0,1.0,6.0
2023-12-06,Marseille,Lyon,3.0,0.0,1.71,3.96,4.87,1.78,2.07,12.0,6.0,5.0,1.0,10.0,3.0
2023-12-07,Brest,Strasbourg,1.0,1.0,1.85,3.61,4.4,2.07,1.78,13.0,9.0,3.0,5.0,6.0,0.0
2023-12-08,Montpellier,Lens,0.0,0.0,3.43,3.49,2.14,1.93,1.9,18.0,13.0,4.0,5.0,4.0,3.0
2023-12-09,Rennes,Monaco,1.0,2.0,2.52,3.66,2.66,1.68,2.23,15.0,12.0,5.0,5.0,5.0,5.0
2023-12-09,Paris SG,Nantes,2.0,1.0,1.22,6.89,11.82,1.4,2.96,16.0,10.0,6.0,4.0,5.0,3.0
2023-12-10,Nice,Reims,2.0,1.0,1.86,3.54,4.34,2.1,1.75,15.0,9.0,5.0,2.0,9.0,0.0
2023-12-10,Clermont,Lille,0.0,0.0,4.87,3.67,1.74,2.05,1.79,16.0,12.0,5.0,3.0,3.0,6.0
2023-12-10,Metz,Brest,0.0,1.0,3.4,3.3,2.21,2.15,1.71,6.0,4.0,3.0,3.0,3.0,2.0
2023-12-10,Strasbourg,Le Havre,2.0,1.0,2.14,3.3,3.62,2.3,1.63,12.0,15.0,3.0,3.0,4.0,3.0
2023-12-10,Lyon,Toulouse,3.0,0.0,1.98,3.67,3.69,1.77,2.07,15.0,16.0,7.0,6.0,2.0,1.0
2023-12-10,Lorient,Marseille,2.0,4.0,4.44,3.73,1.8,1.89,1.94,15.0,18.0,9.0,8.0,4.0,6.0
2023-12-15,Monaco,Lyon,0.0,1.0,1.73,4.19,4.49,1.56,2.43,19.0,5.0,4.0,2.0,6.0,1.0
2023-12-16,Le Havre,Nice,3.0,1.0,4.33,3.32,1.96,2.46,1.55,9.0,13.0,5.0,6.0,2.0,9.0
2023-12-16,Lens,Reims,2.0,0.0,1.87,3.75,4.11,1.82,2.03,7.0,14.0,2.0,3.0,4.0,7.0
2023-12-17,Nantes,Brest,0.0,2.0,2.63,3.27,2.79,2.15,1.72,12.0,14.0,4.0,8.0,4.0,3.0
2023-12-17,Lorient,Strasbourg,1.0,2.0,2.53,3.25,2.93,2.16,1.71,7.0,12.0,1.0,9.0,6.0,1.0
2023-12-17,Metz,Montpellier,0.0,1.0,3.25,3.29,2.31,2.08,1.77,19.0,6.0,4.0,3.0,12.0,5.0
2023-12-17,Toulouse,Rennes,0.0,0.0,3.19,3.55,2.22,1.84,1.99,15.0,11.0,6.0,4.0,4.0,4.0
2023-12-17,Marseille,Clermont,2.0,1.0,1.42,4.73,7.61,1.76,2.09,15.0,5.0,6.0,2.0,4.0,1.0
2023-12-17,Lille,Paris SG,1.0,1.0,3.99,3.95,1.84,1.68,2.23,15.0,10.0,3.0,2.0,8.0,8.0
2023-12-20,Brest,Lorient,4.0,0.0,1.61,4.0,5.71,1.94,1.88,12.0,7.0,7.0,3.0,1.0,0.0
2023-12-20,Clermont,Rennes,1.0,3.0,3.35,3.39,2.21,2.04,1.79,14.0,25.0,6.0,11.0,4.0,5.0
2023-12-20,Lyon,Nantes,1.0,0.0,1.69,4.13,4.73,1.75,2.11,8.0,7.0,7.0,0.0,7.0,7.0
2023-12-20,Montpellier,Marseille,1.0,1.0,3.43,3.63,2.09,1.8,2.04,12.0,17.0,6.0,4.0,5.0,10.0
2023-12-20,Nice,Lens,2.0,0.0,2.32,3.2,3.34,2.27,1.65,14.0,10.0,5.0,3.0,5.0,6.0
2023-12-20,Paris SG,Metz,3.0,1.0,1.15,8.69,17.31,1.36,3.14,13.0,3.0,5.0,1.0,5.0,5.0
2023-12-20,Reims,Le Havre,1.0,0.0,1.69,3.93,5.0,1.91,1.91,22.0,4.0,7.0,1.0,6.0,2.0
2023-12-20,Strasbourg,Lille,2.0,1.0,3.88,3.51,1.99,2.05,1.79,9.0,9.0,2.0,2.0,6.0,5.0
2023-12-20,Toulouse,Monaco,1.0,2.0,4.24,3.97,1.79,1.64,2.27,20.0,12.0,5.0,4.0,4.0,5.0
2024-01-12,Marseille,Strasbourg,1.0,1.0,1.6,3.98,5.97,2.06,1.79,8.0,18.0,2.0,4.0,6.0,4.0
2024-01-13,Monaco,Reims,1.0,3.0,1.75,4.11,4.35,1.61,2.35,9.0,12.0,5.0,5.0,6.0,6.0
2024-01-13,Rennes,Nice,2.0,0.0,2.37,3.26,3.14,2.28,1.65,15.0,9.0,5.0,2.0,6.0,6.0
2024-01-14,Lille,Lorient,3.0,0.0,1.38,4.95,8.23,1.74,2.12,24.0,1.0,10.0,0.0,7.0,1.0
2024-01-14,Brest,Montpellier,2.0,0.0,1.86,3.67,4.21,1.94,1.89,26.0,9.0,9.0,4.0,3.0,3.0
2024-01-14,Metz,Toulouse,0.0,1.0,3.04,3.14,2.51,2.28,1.64,14.0,4.0,2.0,2.0,5.0,2.0
2024-01-14,Nantes,Clermont,1.0,2.0,1.98,3.45,3.96,2.15,1.72,20.0,15.0,9.0,6.0,11.0,5.0
2024-01-14,Le Havre,Lyon,3.0,1.0,3.18,3.32,2.32,2.06,1.78,14.0,9.0,7.0,2.0,3.0,7.0
2024-01-14,Lens,Paris SG,0.0,2.0,3.7,3.96,1.91,1.62,2.34,17.0,15.0,5.0,7.0,5.0,6.0
2024-01-26,Lyon,Rennes,2.0,3.0,2.53,3.35,2.85,2.03,1.8,12.0,11.0,6.0,5.0,3.0,2.0
2024-01-27,Nice,Metz,1.0,0.0,1.41,4.45,8.85,2.11,1.75,15.0,2.0,9.0,1.0,5.0,2.0
2024-01-27,Marseille,Monaco,2.0,2.0,2.4,3.66,2.79,1.71,2.16,22.0,6.0,9.0,5.0,10.0,1.0
2024-01-28,Montpellier,Lille,0.0,0.0,3.76,3.55,1.99,1.96,1.84,12.0,12.0,7.0,0.0,5.0,2.0
2024-01-28,Clermont,Strasbourg,1.0,1.0,2.79,3.24,2.62,2.22,1.67,14.0,6.0,6.0,2.0,5.0,2.0
2024-01-28,Lorient,Le Havre,3.0,3.0,2.92,3.12,2.59,2.38,1.58,13.0,14.0,6.0,5.0,1.0,4.0
2024-01-28,Reims,Nantes,0.0,0.0,1.83,3.72,4.29,1.88,1.92,10.0,7.0,1.0,5.0,6.0,2.0
2024-01-28,Toulouse,Lens,0.0,2.0,3.54,3.55,2.06,1.95,1.86,13.0,13.0,4.0,5.0,10.0,7.0
2024-01-28,Paris SG,Brest,2.0,2.0,1.4,5.12,7.12,1.56,2.41,10.0,9.0,4.0,6.0,7.0,0.0
2024-02-02,Strasbourg,Paris SG,1.0,2.0,6.25,4.63,1.5,1.62,2.34,20.0,9.0,8.0,5.0,3.0,4.0
2024-02-03,Rennes,Montpellier,2.0,1.0,1.63,4.07,5.33,1.81,1.98,9.0,17.0,3.0,9.0,5.0,3.0
2024-02-03,Nantes,Lens,0.0,1.0,3.36,3.38,2.2,2.04,1.8,7.0,12.0,2.0,4.0,2.0,3.0
2024-02-04,Monaco,Le Havre,1.0,1.0,1.48,4.55,6.58,1.74,2.12,17.0,3.0,5.0,0.0,9.0,4.0
2024-02-04,Lille,Clermont,4.0,0.0,1.41,4.72,7.88,1.81,2.02,23.0,4.0,13.0,3.0,12.0,1.0
2024-02-04,Metz,Lorient,1.0,2.0,2.26,3.14,3.47,2.47,1.55,10.0,12.0,3.0,4.0,4.0,3.0
2024-02-04,Reims,Toulouse,2.0,3.0,1.78,3.72,4.55,1.92,1.9,17.0,9.0,5.0,4.0,10.0,6.0
2024-02-04,Brest,Nice,0.0,0.0,2.48,3.17,3.03,2.37,1.59,17.0,13.0,2.0,1.0,3.0,5.0
2024-02-04,Lyon,Marseille,1.0,0.0,2.83,3.39,2.5,1.91,1.91,12.0,8.0,7.0,1.0,3.0,2.0
2024-02-09,Marseille,Metz,1.0,1.0,1.42,4.55,8.16,1.98,1.85,18.0,7.0,6.0,3.0,6.0,3.0
2024-02-10,Lens,Strasbourg,3.0,1.0,1.64,3.9,5.48,1.99,1.84,10.0,19.0,6.0,5.0,4.0,5.0
2024-02-10,Paris SG,Lille,3.0,1.0,1.62,4.25,5.2,1.69,2.19,16.0,10.0,8.0,3.0,6.0,8.0
2024-02-11,Le Havre,Rennes,0.0,1.0,3.52,3.34,2.16,2.2,1.69,13.0,11.0,5.0,2.0,5.0,1.0
2024-02-11,Clermont,Brest,1.0,1.0,3.71,3.37,2.07,2.16,1.7,7.0,15.0,2.0,9.0,2.0,4.0
2024-02-11,Lorient,Reims,2.0,0.0,3.61,3.53,2.04,1.94,1.88,17.0,23.0,5.0,6.0,1.0,7.0
2024-02-11,Toulouse,Nantes,1.0,2.0,2.2,3.39,3.32,2.07,1.76,16.0,5.0,3.0,2.0,12.0,0.0
2024-02-11,Montpellier,Lyon,1.0,2.0,3.05,3.35,2.36,2.01,1.82,15.0,19.0,8.0,5.0,1.0,5.0
2024-02-11,Nice,Monaco,2.0,3.0,2.33,3.36,3.09,2.01,1.82,15.0,9.0,5.0,5.0,8.0,2.0
2024-02-16,Lyon,Nice,1.0,0.0,2.66,3.16,2.85,2.24,1.67,9.0,20.0,1.0,6.0,4.0,9.0
2024-02-17,Lille,Le Havre,3.0,0.0,1.52,4.15,6.76,2.08,1.76,17.0,6.0,8.0,2.0,1.0,3.0
2024-02-17,Nantes,Paris SG,0.0,2.0,6.2,4.66,1.49,1.59,2.38,12.0,12.0,7.0,2.0,3.0,8.0
2024-02-18,Strasbourg,Lorient,1.0,3.0,1.7,3.85,4.93,1.94,1.89,18.0,13.0,4.0,6.0,9.0,4.0
2024-02-18,Monaco,Toulouse,1.0,2.0,1.51,4.55,5.93,1.59,2.37,22.0,14.0,5.0,7.0,4.0,6.0
2024-02-18,Montpellier,Metz,3.0,0.0,1.78,3.6,4.76,2.17,1.7,21.0,14.0,7.0,4.0,7.0,4.0
2024-02-18,Rennes,Clermont,3.0,1.0,1.5,4.41,6.41,1.78,2.05,16.0,14.0,8.0,5.0,4.0,4.0
2024-02-18,Reims,Lens,1.0,1.0,2.72,3.33,2.63,2.0,1.83,11.0,9.0,2.0,1.0,3.0,2.0
2024-02-18,Brest,Marseille,1.0,0.0,2.53,3.2,2.95,2.12,1.73,15.0,9.0,5.0,2.0,6.0,4.0
2024-02-23,Metz,Lyon,1.0,2.0,4.14,3.4,1.96,2.22,1.68,15.0,11.0,4.0,5.0,4.0,3.0
2024-02-24,Lorient,Nantes,0.0,1.0,2.57,3.23,2.88,2.17,1.71,6.0,7.0,1.0,6.0,3.0,8.0
2024-02-24,Strasbourg,Brest,0.0,3.0,3.0,3.2,2.5,2.21,1.68,6.0,15.0,2.0,8.0,0.0,4.0
2024-02-25,Lens,Monaco,2.0,3.0,2.38,3.56,2.88,1.76,2.08,20.0,15.0,10.0,9.0,9.0,3.0
2024-02-25,Le Havre,Reims,1.0,2.0,3.02,3.31,2.41,2.16,1.71,18.0,16.0,4.0,5.0,5.0,5.0
2024-02-25,Nice,Clermont,0.0,0.0,1.47,4.22,7.5,2.09,1.76,23.0,13.0,4.0,5.0,8.0,1.0
2024-02-25,Toulouse,Lille,3.0,1.0,4.03,3.6,1.92,1.97,1.86,14.0,12.0,4.0,2.0,6.0,8.0
2024-02-25,Paris SG,Rennes,1.0,1.0,1.46,4.69,6.73,1.6,2.35,15.0,3.0,3.0,1.0,4.0,0.0
2024-02-25,Marseille,Montpellier,4.0,1.0,1.71,3.94,4.74,1.8,2.02,16.0,9.0,6.0,4.0,7.0,4.0
2024-03-01,Monaco,Paris SG,0.0,0.0,3.41,3.88,2.03,1.52,2.53,14.0,14.0,6.0,7.0,5.0,6.0
2024-03-02,Reims,Lille,0.0,1.0,2.73,3.36,2.62,1.9,1.88,8.0,8.0,3.0,3.0,4.0,4.0
2024-03-02,Clermont,Marseille,1.0,5.0,4.12,3.66,1.88,1.88,1.94,7.0,17.0,2.0,11.0,7.0,4.0
2024-03-03,Toulouse,Nice,2.0,1.0,3.36,3.19,2.29,2.31,1.63,17.0,9.0,6.0,6.0,7.0,6.0
2024-03-03,Brest,Le Havre,1.0,0.0,1.6,3.9,5.92,2.03,1.8,8.0,11.0,4.0,2.0,0.0,2.0
2024-03-03,Montpellier,Strasbourg,2.0,2.0,2.03,3.5,3.66,1.96,1.86,21.0,12.0,7.0,4.0,8.0,4.0
2024-03-03,Nantes,Metz,0.0,2.0,1.8,3.48,4.83,2.32,1.62,9.0,13.0,2.0,4.0,10.0,3.0
2024-03-03,Rennes,Lorient,1.0,2.0,1.43,4.6,7.47,1.78,2.05,22.0,12.0,6.0,6.0,6.0,3.0
2024-03-03,Lyon,Lens,0.0,3.0,2.55,3.33,2.8,1.94,1.88,13.0,18.0,4.0,8.0,2.0,4.0
2024-03-08,Nice,Montpellier,1.0,2.0,1.78,3.79,4.56,1.88,1.95,19.0,7.0,5.0,2.0,8.0,5.0
2024-03-09,Lorient,Lyon,0.0,2.0,3.29,3.46,2.22,1.94,1.88,9.0,13.0,0.0,6.0,4.0,7.0
2024-03-09,Lens,Brest,1.0,0.0,2.08,3.36,3.76,2.17,1.7,6.0,9.0,2.0,3.0,2.0,4.0
2024-03-10,Paris SG,Reims,2.0,2.0,1.4,5.17,7.08,1.49,2.64,19.0,8.0,6.0,3.0,7.0,2.0
2024-03-10,Le Havre,Toulouse,1.0,0.0,2.77,3.22,2.65,2.18,1.69,12.0,5.0,4.0,0.0,3.0,3.0
2024-03-10,Metz,Clermont,1.0,0.0,2.28,3.3,3.26,2.13,1.72,11.0,13.0,2.0,6.0,5.0,7.0
2024-03-10,Strasbourg,Monaco,0.0,1.0,3.46,3.77,2.01,1.67,2.22,8.0,17.0,1.0,6.0,5.0,8.0
2024-03-10,Lille,Rennes,2.0,2.0,2.04,3.49,3.66,1.99,1.83,15.0,11.0,8.0,3.0,6.0,3.0
2024-03-10,Marseille,Nantes,2.0,0.0,1.5,4.34,6.72,1.84,1.99,12.0,10.0,4.0,3.0,2.0,8.0
2024-03-15,Toulouse,Lyon,2.0,3.0,2.85,3.26,2.6,2.03,1.82,13.0,18.0,5.0,6.0,5.0,3.0
2024-03-16,Nantes,Strasbourg,1.0,3.0,2.28,3.32,3.28,2.13,1.73,11.0,11.0,2.0,6.0,4.0,5.0
2024-03-16,Lens,Nice,1.0,3.0,2.03,3.41,3.88,2.13,1.71,20.0,7.0,4.0,3.0,11.0,3.0
2024-03-17,Brest,Lille,1.0,1.0,2.57,3.12,2.95,2.33,1.62,16.0,13.0,4.0,8.0,3.0,3.0
2024-03-17,Clermont,Le Havre,2.0,1.0,2.64,3.16,2.85,2.27,1.65,9.0,14.0,4.0,5.0,3.0,5.0
2024-03-17,Monaco,Lorient,2.0,2.0,1.34,5.39,8.53,1.55,2.47,23.0,11.0,8.0,6.0,10.0,8.0
2024-03-17,Reims,Metz,2.0,1.0,1.56,4.1,6.09,1.97,1.86,17.0,12.0,7.0,4.0,7.0,7.0
2024-03-17,Rennes,Marseille,2.0,0.0,2.48,3.45,2.8,1.86,1.96,7.0,8.0,4.0,1.0,4.0,5.0
2024-03-17,Montpellier,Paris SG,2.0,6.0,5.52,4.63,1.53,1.5,2.58,12.0,16.0,7.0,9.0,7.0,4.0
2024-03-29,Lille,Lens,2.0,1.0,2.09,3.37,3.73,2.09,1.76,15.0,9.0,6.0,3.0,5.0,5.0
2024-03-30,Metz,Monaco,2.0,5.0,5.19,4.21,1.63,1.71,2.16,13.0,17.0,7.0,7.0,5.0,5.0
2024-03-30,Lyon,Reims,1.0,1.0,2.11,3.65,3.38,1.75,2.07,16.0,17.0,3.0,5.0,7.0,8.0
2024-03-31,Lorient,Brest,0.0,1.0,3.93,3.37,2.01,2.2,1.68,11.0,10.0,5.0,2.0,6.0,4.0
2024-03-31,Clermont,Toulouse,0.0,3.0,3.11,3.32,2.34,2.01,1.82,15.0,11.0,5.0,5.0,12.0,3.0
2024-03-31,Le Havre,Montpellier,0.0,2.0,2.55,3.32,2.81,2.03,1.81,14.0,14.0,3.0,5.0,6.0,6.0
2024-03-31,Nice,Nantes,1.0,2.0,1.76,3.56,5.09,2.26,1.65,12.0,13.0,3.0,4.0,9.0,3.0
2024-03-31,Strasbourg,Rennes,2.0,0.0,3.08,3.43,2.31,1.89,1.94,14.0,12.0,7.0,0.0,4.0,5.0
2024-03-31,Marseille,Paris SG,0.0,2.0,3.29,3.81,2.08,1.6,2.35,22.0,8.0,10.0,3.0,5.0,3.0
2024-04-05,Lille,Marseille,3.0,1.0,2.09,3.38,3.73,2.05,1.79,14.0,13.0,6.0,4.0,4.0,2.0
2024-04-06,Lens,Le Havre,1.0,1.0,1.54,4.12,6.5,1.99,1.84,18.0,11.0,8.0,3.0,7.0,4.0
2024-04-06,Paris SG,Clermont,1.0,1.0,1.18,7.87,14.32,1.33,3.31,23.0,6.0,7.0,3.0,17.0,2.0
2024-04-07,Brest,Metz,4.0,3.0,1.52,4.01,7.1,2.16,1.71,24.0,8.0,10.0,6.0,8.0,5.0
2024-04-07,Montpellier,Lorient,2.0,0.0,1.79,3.87,4.34,1.73,2.13,13.0,19.0,5.0,5.0,5.0,7.0
2024-04-07,Reims,Nice,0.0,0.0,2.49,3.24,2.97,2.05,1.79,10.0,18.0,3.0,3.0,2.0,5.0
2024-04-07,Toulouse,Strasbourg,0.0,0.0,2.07,3.53,3.57,1.88,1.94,11.0,8.0,2.0,1.0,4.0,3.0
2024-04-07,Monaco,Rennes,1.0,0.0,1.82,3.98,4.02,1.58,2.39,16.0,12.0,5.0,7.0,6.0,3.0
2024-04-07,Nantes,Lyon,1.0,3.0,3.21,3.32,2.3,2.08,1.76,14.0,19.0,6.0,10.0,5.0,5.0
2024-04-12,Metz,Lens,2.0,1.0,4.95,3.84,1.72,1.91,1.92,11.0,17.0,5.0,2.0,5.0,2.0
2024-04-13,Strasbourg,Reims,3.0,1.0,2.59,3.32,2.78,1.98,1.85,13.0,8.0,6.0,2.0,5.0,4.0
2024-04-13,Rennes,Toulouse,1.0,2.0,1.83,3.73,4.35,1.88,1.95,19.0,10.0,4.0,3.0,8.0,4.0
2024-04-14,Le Havre,Nantes,0.0,1.0,2.55,3.04,3.07,2.48,1.55,10.0,12.0,1.0,4.0,6.0,7.0
2024-04-14,Clermont,Montpellier,1.0,1.0,3.31,3.59,2.14,1.77,2.07,10.0,14.0,2.0,6.0,3.0,4.0
2024-04-14,Lyon,Brest,4.0,3.0,2.24,3.32,3.32,2.03,1.8,16.0,22.0,8.0,7.0,10.0,7.0
2024-04-19,Nice,Lorient,3.0,0.0,1.56,4.21,6.06,1.87,1.96,19.0,9.0,10.0,4.0,2.0,3.0
2024-04-20,Nantes,Rennes,0.0,3.0,3.03,3.31,2.41,2.09,1.76,6.0,14.0,4.0,5.0,3.0,7.0
2024-04-20,Lens,Clermont,1.0,0.0,1.39,4.8,8.27,1.75,2.1,17.0,8.0,4.0,1.0,4.0,3.0
2024-04-21,Le Havre,Metz,0.0,1.0,2.19,3.19,3.58,2.35,1.61,16.0,9.0,4.0,2.0,4.0,2.0
2024-04-21,Lille,Strasbourg,1.0,0.0,1.61,4.03,5.61,1.9,1.92,6.0,8.0,2.0,2.0,4.0,4.0
2024-04-21,Reims,Montpellier,1.0,2.0,1.98,3.71,3.65,1.72,2.14,22.0,12.0,4.0,5.0,8.0,4.0
2024-04-21,Brest,Monaco,0.0,2.0,2.69,3.45,2.58,1.77,2.07,12.0,8.0,2.0,3.0,7.0,4.0
2024-04-21,Toulouse,Marseille,2.0,2.0,2.77,3.31,2.59,1.94,1.88,10.0,11.0,3.0,3.0,7.0,4.0
2024-04-21,Paris SG,Lyon,4.0,1.0,1.48,4.97,5.85,1.47,2.67,14.0,16.0,6.0,6.0,4.0,10.0
2024-04-24,Lorient,Paris SG,1.0,4.0,7.45,5.29,1.38,1.49,2.63,11.0,15.0,6.0,7.0,3.0,6.0
2024-04-24,Marseille,Nice,2.0,2.0,2.23,3.42,3.27,2.02,1.81,11.0,10.0,4.0,4.0,3.0,2.0
2024-04-24,Monaco,Lille,1.0,0.0,2.28,3.59,3.03,1.71,2.15,19.0,13.0,7.0,4.0,7.0,5.0
2024-04-26,Montpellier,Nantes,1.0,1.0,2.02,3.56,3.75,1.91,1.92,8.0,15.0,1.0,5.0,3.0,6.0
2024-04-27,Paris SG,Le Havre,3.0,3.0,1.33,5.45,8.99,1.62,2.32,17.0,6.0,4.0,4.0,11.0,2.0
2024-04-28,Metz,Lille,1.0,2.0,4.61,3.81,1.75,1.91,1.91,5.0,14.0,2.0,4.0,2.0,4.0
2024-04-28,Clermont,Reims,4.0,1.0,3.56,3.53,2.06,1.86,1.96,12.0,10.0,6.0,3.0,5.0,5.0
2024-04-28,Lorient,Toulouse,1.0,2.0,2.66,3.36,2.67,2.0,1.83,15.0,14.0,5.0,5.0,5.0,1.0
2024-04-28,Strasbourg,Nice,1.0,3.0,3.12,3.27,2.36,2.11,1.73,13.0,8.0,5.0,4.0,2.0,3.0
2024-04-28,Rennes,Brest,4.0,5.0,2.25,3.35,3.27,2.09,1.76,21.0,10.0,7.0,5.0,7.0,4.0
2024-04-28,Lyon,Monaco,3.0,2.0,2.57,3.72,2.57,1.54,2.47,15.0,13.0,4.0,5.0,3.0,3.0
2024-04-28,Marseille,Lens,2.0,1.0,2.46,3.45,2.83,1.91,1.87,13.0,18.0,6.0,5.0,3.0,11.0
2024-05-03,Toulouse,Montpellier,1.0,2.0,2.08,3.8,3.33,1.59,2.4,15.0,5.0,5.0,3.0,8.0,0.0
2024-05-03,Lens,Lorient,2.0,0.0,1.43,4.95,6.93,1.57,2.43,18.0,11.0,6.0,5.0,4.0,4.0
2024-05-04,Le Havre,Strasbourg,3.0,1.0,2.4,3.22,3.14,2.31,1.62,15.0,5.0,7.0,3.0,3.0,2.0
2024-05-04,Monaco,Clermont,4.0,1.0,1.31,5.99,8.61,1.37,3.07,23.0,9.0,8.0,1.0,4.0,4.0
2024-05-04,Metz,Rennes,2.0,3.0,3.47,3.65,2.06,1.86,1.95,7.0,21.0,4.0,9.0,2.0,5.0
2024-05-04,Brest,Nantes,0.0,0.0,1.74,3.7,4.97,2.14,1.72,9.0,9.0,2.0,1.0,6.0,0.0
2024-05-06,Lille,Lyon,3.0,4.0,1.91,3.77,3.84,1.74,2.09,8.0,11.0,5.0,7.0,4.0,4.0
2024-05-10,Brest,Reims,1.0,1.0,1.69,4.02,4.96,1.74,2.13,16.0,8.0,5.0,2.0,3.0,4.0
2024-05-10,Nice,Le Havre,1.0,0.0,1.55,4.16,6.26,1.93,1.9,13.0,12.0,6.0,3.0,6.0,1.0
2024-05-12,Clermont,Lyon,0.0,1.0,5.22,4.65,1.56,1.43,2.79,18.0,6.0,5.0,2.0,7.0,2.0
2024-05-12,Marseille,Lorient,3.0,1.0,1.43,4.9,6.7,1.54,2.48,13.0,14.0,4.0,3.0,9.0,5.0
2024-05-12,Montpellier,Monaco,0.0,2.0,3.73,4.18,1.85,1.39,2.96,14.0,19.0,3.0,9.0,3.0,3.0
2024-05-12,Nantes,Lille,1.0,2.0,3.94,3.49,1.97,2.08,1.76,9.0,12.0,5.0,3.0,5.0,4.0
2024-05-12,Paris SG,Toulouse,1.0,3.0,1.39,5.52,6.8,1.4,2.96,15.0,18.0,3.0,5.0,4.0,6.0
2024-05-12,Rennes,Lens,1.0,1.0,2.5,3.48,2.76,1.87,1.95,16.0,8.0,6.0,4.0,4.0,3.0
2024-05-12,Strasbourg,Metz,2.0,1.0,2.18,3.6,3.19,1.91,1.91,10.0,11.0,2.0,2.0,3.0,6.0
2024-05-15,Nice,Paris SG,1.0,2.0,2.44,3.73,2.72,1.59,2.39,12.0,11.0,4.0,4.0,7.0,2.0
2024-05-15,Reims,Marseille,1.0,0.0,3.22,3.64,2.17,1.68,2.22,10.0,19.0,3.0,3.0,3.0,10.0
2024-05-19,Le Havre,Marseille,1.0,2.0,4.41,3.72,1.81,1.83,1.99,13.0,22.0,6.0,7.0,5.0,3.0
2024-05-19,Lens,Montpellier,2.0,2.0,1.43,4.98,6.45,1.43,2.81,27.0,11.0,13.0,2.0,1.0,0.0
2024-05-19,Lille,Nice,2.0,2.0,1.64,4.03,5.18,1.79,2.04,12.0,10.0,3.0,4.0,3.0,5.0
2024-05-19,Lorient,Clermont,5.0,0.0,1.67,4.28,4.63,1.5,2.58,32.0,9.0,10.0,4.0,9.0,2.0
2024-05-19,Lyon,Strasbourg,2.0,1.0,1.41,5.1,6.94,1.41,2.9,15.0,10.0,6.0,4.0,7.0,2.0
2024-05-19,Metz,Paris SG,0.0,2.0,5.06,4.44,1.6,1.43,2.82,10.0,20.0,2.0,8.0,1.0,11.0
2024-05-19,Monaco,Nantes,4.0,0.0,1.4,5.25,6.87,1.4,2.92,10.0,6.0,6.0,3.0,2.0,2.0
2024-05-19,Reims,Rennes,2.0,1.0,2.79,3.53,2.46,1.6,2.36,6.0,15.0,4.0,5.0,2.0,4.0
2024-05-19,Toulouse,Brest,0.0,3.0,3.86,3.87,1.89,1.65,2.24,8.0,12.0,2.0,6.0,6.0,2.0
2024-08-16,Le Havre,Paris SG,1.0,4.0,7.41,4.86,1.42,1.63,2.33,5.0,14.0,2.0,9.0,2.0,8.0
2024-08-17,Brest,Marseille,1.0,5.0,2.88,3.4,2.46,1.87,1.97,7.0,7.0,5.0,5.0,5.0,0.0
2024-08-17,Reims,Lille,0.0,2.0,3.33,3.41,2.2,1.95,1.88,2.0,21.0,0.0,6.0,0.0,8.0
2024-08-17,Monaco,St Etienne,1.0,0.0,1.5,4.64,6.1,1.58,2.42,13.0,7.0,6.0,4.0,5.0,4.0
2024-08-18,Auxerre,Nice,2.0,1.0,3.14,3.21,2.39,2.19,1.69,16.0,9.0,7.0,2.0,3.0,5.0
2024-08-18,Angers,Lens,0.0,1.0,5.35,3.92,1.65,1.88,1.96,4.0,10.0,3.0,5.0,7.0,3.0
2024-08-18,Montpellier,Strasbourg,1.0,1.0,2.08,3.39,3.64,1.96,1.87,7.0,11.0,5.0,4.0,6.0,4.0
2024-08-18,Toulouse,Nantes,0.0,0.0,2.08,3.3,3.75,2.23,1.67,7.0,6.0,3.0,2.0,10.0,5.0
2024-08-18,Rennes,Lyon,3.0,0.0,2.36,3.45,2.95,1.8,2.03,22.0,16.0,8.0,2.0,7.0,7.0
2024-08-23,Paris SG,Montpellier,6.0,0.0,1.23,6.93,11.18,1.32,3.35,21.0,6.0,10.0,3.0,10.0,2.0
2024-08-24,Lyon,Monaco,0.0,2.0,2.51,3.75,2.61,1.5,2.56,2.0,15.0,1.0,4.0,0.0,6.0
2024-08-24,Lille,Angers,2.0,0.0,1.35,4.87,9.4,1.96,1.87,11.0,5.0,6.0,2.0,3.0,2.0
2024-08-24,St Etienne,Le Havre,0.0,2.0,2.09,3.41,3.61,2.1,1.75,18.0,14.0,5.0,5.0,2.0,4.0
2024-08-25,Lens,Brest,2.0,0.0,1.79,3.69,4.55,1.98,1.85,22.0,10.0,11.0,2.0,5.0,2.0
2024-08-25,Nantes,Auxerre,2.0,0.0,2.28,3.33,3.19,2.05,1.78,8.0,10.0,6.0,3.0,3.0,12.0
2024-08-25,Nice,Toulouse,1.0,1.0,1.85,3.56,4.37,2.01,1.82,10.0,15.0,4.0,3.0,4.0,4.0
2024-08-25,Strasbourg,Rennes,3.0,1.0,3.12,3.5,2.26,1.83,2.01,9.0,13.0,5.0,5.0,2.0,5.0
2024-08-25,Marseille,Reims,2.0,2.0,1.55,4.39,5.68,1.63,2.3,16.0,12.0,10.0,3.0,2.0,4.0
2024-08-30,Lyon,Strasbourg,4.0,3.0,1.88,3.76,4.05,1.72,2.15,22.0,14.0,13.0,7.0,9.0,2.0
2024-08-31,Brest,St Etienne,4.0,0.0,1.82,3.76,4.31,2.04,1.8,17.0,3.0,7.0,0.0,7.0,2.0
2024-08-31,Montpellier,Nantes,1.0,3.0,2.28,3.4,3.17,2.01,1.83,11.0,10.0,5.0,5.0,8.0,3.0
2024-08-31,Toulouse,Marseille,1.0,3.0,3.93,3.7,1.92,1.8,2.04,4.0,11.0,2.0,5.0,2.0,3.0
2024-09-01,Monaco,Lens,1.0,1.0,1.86,3.89,3.92,1.58,2.39,14.0,12.0,3.0,4.0,7.0,7.0
2024-09-01,Angers,Nice,1.0,4.0,4.06,3.36,1.99,2.29,1.64,12.0,12.0,7.0,9.0,4.0,7.0
2024-09-01,Le Havre,Auxerre,3.0,1.0,2.77,3.28,2.63,2.15,1.72,21.0,7.0,8.0,2.0,2.0,2.0
2024-09-01,Reims,Rennes,2.0,1.0,2.92,3.44,2.4,1.8,2.04,11.0,13.0,7.0,5.0,3.0,5.0
2024-09-01,Lille,Paris SG,1.0,3.0,4.07,3.74,1.88,1.75,2.11,10.0,10.0,4.0,7.0,3.0,1.0
2024-09-13,St Etienne,Lille,1.0,0.0,5.01,3.68,1.75,1.9,1.93,10.0,17.0,5.0,4.0,2.0,7.0
2024-09-14,Marseille,Nice,2.0,0.0,1.76,3.93,4.49,1.73,2.14,10.0,12.0,5.0,4.0,1.0,2.0
2024-09-14,Auxerre,Monaco,0.0,3.0,3.88,3.89,1.89,1.49,2.62,13.0,19.0,3.0,9.0,1.0,6.0
2024-09-14,Paris SG,Brest,3.0,1.0,1.28,6.11,9.73,1.43,2.77,22.0,5.0,9.0,3.0,9.0,1.0
2024-09-15,Rennes,Montpellier,3.0,0.0,1.63,4.2,5.08,1.64,2.3,11.0,12.0,6.0,4.0,3.0,4.0
2024-09-15,Nantes,Reims,1.0,2.0,2.39,3.38,3.0,1.95,1.88,18.0,11.0,6.0,4.0,6.0,3.0
2024-09-15,Strasbourg,Angers,1.0,1.0,1.71,3.81,5.02,1.93,1.9,10.0,12.0,5.0,2.0,6.0,9.0
2024-09-15,Toulouse,Le Havre,2.0,0.0,1.83,3.7,4.38,2.0,1.84,15.0,5.0,7.0,3.0,6.0,5.0
2024-09-15,Lens,Lyon,0.0,0.0,1.85,3.78,4.12,1.7,2.18,12.0,8.0,5.0,3.0,5.0,8.0
2024-09-20,Nice,St Etienne,8.0,0.0,1.54,4.2,6.4,1.9,1.94,18.0,8.0,12.0,2.0,3.0,2.0
2024-09-21,Lille,Strasbourg,3.0,3.0,1.72,3.9,4.79,1.84,2.0,15.0,12.0,7.0,9.0,9.0,5.0
2024-09-21,Rennes,Lens,1.0,1.0,2.41,3.33,3.0,2.05,1.79,11.0,10.0,6.0,2.0,4.0,3.0
2024-09-21,Reims,Paris SG,1.0,1.0,6.59,4.92,1.44,1.52,2.52,8.0,11.0,1.0,4.0,3.0,5.0
2024-09-22,Monaco,Le Havre,3.0,1.0,1.37,5.13,7.99,1.59,2.38,14.0,9.0,4.0,2.0,6.0,4.0
2024-09-22,Angers,Nantes,1.0,1.0,3.2,3.22,2.36,2.27,1.65,4.0,9.0,1.0,3.0,3.0,6.0
2024-09-22,Brest,Toulouse,2.0,0.0,2.14,3.51,3.38,1.96,1.87,9.0,10.0,5.0,1.0,4.0,3.0
2024-09-22,Montpellier,Auxerre,3.0,2.0,2.32,3.46,3.06,1.75,2.07,14.0,11.0,5.0,6.0,11.0,5.0
2024-09-22,Lyon,Marseille,2.0,3.0,2.98,3.8,2.22,1.56,2.41,18.0,6.0,9.0,5.0,10.0,3.0
2024-09-27,Auxerre,Brest,3.0,0.0,2.8,3.37,2.57,1.89,1.94,15.0,8.0,4.0,4.0,2.0,3.0
2024-09-27,Paris SG,Rennes,3.0,1.0,1.38,5.12,8.03,1.59,2.4,22.0,13.0,7.0,5.0,6.0,4.0
2024-09-28,Lens,Nice,0.0,0.0,2.05,3.45,3.72,2.09,1.76,22.0,15.0,7.0,4.0,11.0,4.0
2024-09-28,Le Havre,Lille,0.0,3.0,4.55,3.71,1.8,2.04,1.81,7.0,18.0,4.0,10.0,1.0,5.0
2024-09-28,Monaco,Montpellier,2.0,1.0,1.34,5.59,8.22,1.44,2.79,21.0,9.0,7.0,4.0,6.0,2.0
2024-09-29,Toulouse,Lyon,1.0,2.0,2.47,3.49,2.82,1.81,1.99,10.0,4.0,4.0,1.0,3.0,4.0
2024-09-29,Angers,Reims,1.0,3.0,3.46,3.27,2.21,2.1,1.75,14.0,21.0,3.0,10.0,5.0,4.0
2024-09-29,Nantes,St Etienne,2.0,2.0,1.76,3.73,4.71,1.97,1.86,16.0,5.0,3.0,3.0,8.0,4.0
2024-09-29,Strasbourg,Marseille,1.0,0.0,3.47,3.84,2.01,1.58,2.35,14.0,10.0,6.0,3.0,8.0,3.0
2024-10-04,Marseille,Angers,1.0,1.0,1.23,6.46,12.63,1.52,2.51,13.0,8.0,4.0,3.0,9.0,3.0
2024-10-05,St Etienne,Auxerre,3.0,1.0,2.74,3.45,2.57,1.89,1.94,13.0,11.0,5.0,3.0,5.0,4.0
2024-10-05,Lille,Toulouse,2.0,1.0,1.75,3.96,4.55,1.83,2.02,10.0,9.0,3.0,3.0,4.0,6.0
2024-10-05,Rennes,Monaco,1.0,2.0,2.7,3.65,2.5,1.63,2.31,14.0,5.0,3.0,2.0,10.0,4.0
2024-10-06,Lyon,Nantes,2.0,0.0,1.8,3.85,4.37,1.76,2.1,17.0,11.0,6.0,6.0,6.0,9.0
2024-10-06,Brest,Le Havre,2.0,0.0,1.84,3.54,4.55,2.15,1.72,8.0,14.0,3.0,0.0,1.0,9.0
2024-10-06,Reims,Montpellier,4.0,2.0,1.82,3.93,4.13,1.64,2.29,18.0,10.0,5.0,3.0,4.0,4.0
2024-10-06,Strasbourg,Lens,2.0,2.0,2.93,3.43,2.41,1.88,1.94,8.0,12.0,5.0,5.0,3.0,5.0
2024-10-06,Nice,Paris SG,1.0,1.0,4.88,4.0,1.69,1.69,2.17,9.0,19.0,3.0,9.0,5.0,15.0
2024-10-18,Monaco,Lille,0.0,0.0,1.93,3.71,3.89,1.7,2.18,14.0,3.0,4.0,1.0,6.0,1.0
2024-10-19,Brest,Rennes,1.0,1.0,2.93,3.25,2.52,1.99,1.81,12.0,6.0,2.0,4.0,2.0,4.0
2024-10-19,St Etienne,Lens,0.0,2.0,5.07,3.85,1.7,1.91,1.92,15.0,13.0,1.0,5.0,2.0,7.0
2024-10-19,Paris SG,Strasbourg,4.0,2.0,1.27,6.44,9.77,1.35,3.19,18.0,16.0,10.0,8.0,5.0,5.0
2024-10-20,Le Havre,Lyon,0.0,4.0,3.7,3.62,1.99,1.77,2.08,7.0,16.0,1.0,8.0,4.0,6.0
2024-10-20,Auxerre,Reims,2.0,1.0,2.67,3.49,2.59,1.74,2.12,10.0,15.0,8.0,3.0,5.0,9.0
2024-10-20,Nantes,Nice,1.0,1.0,3.16,3.17,2.4,2.24,1.67,11.0,13.0,7.0,7.0,4.0,8.0
2024-10-20,Toulouse,Angers,1.0,1.0,1.58,3.89,6.17,2.06,1.78,18.0,8.0,6.0,4.0,8.0,2.0
2024-10-20,Montpellier,Marseille,0.0,5.0,4.26,4.06,1.76,1.54,2.46,13.0,21.0,5.0,10.0,3.0,2.0
2024-10-25,Rennes,Le Havre,1.0,0.0,1.49,4.31,7.19,1.92,1.91,20.0,5.0,4.0,1.0,14.0,0.0
2024-10-26,Angers,St Etienne,4.0,2.0,2.44,3.25,3.05,2.1,1.76,13.0,19.0,8.0,7.0,2.0,3.0
2024-10-26,Reims,Brest,1.0,2.0,2.19,3.53,3.26,1.84,2.0,11.0,13.0,3.0,4.0,7.0,3.0
2024-10-26,Lens,Lille,0.0,2.0,2.34,3.36,3.1,1.99,1.85,11.0,11.0,4.0,3.0,8.0,2.0
2024-10-27,Lyon,Auxerre,2.0,2.0,1.49,4.81,5.83,1.45,2.7,12.0,17.0,8.0,4.0,5.0,4.0
2024-10-27,Montpellier,Toulouse,0.0,3.0,3.15,3.61,2.2,1.74,2.12,9.0,15.0,2.0,6.0,1.0,3.0
2024-10-27,Nice,Monaco,2.0,1.0,3.2,3.48,2.23,1.81,2.03,17.0,11.0,9.0,5.0,6.0,6.0
2024-10-27,Strasbourg,Nantes,3.0,1.0,1.88,3.66,4.12,1.88,1.94,9.0,8.0,5.0,6.0,5.0,4.0
2024-10-27,Marseille,Paris SG,0.0,3.0,3.65,3.92,1.93,1.51,2.54,5.0,19.0,1.0,8.0,1.0,2.0
2024-11-01,Monaco,Angers,0.0,1.0,1.21,7.06,13.02,1.42,2.86,11.0,10.0,3.0,3.0,4.0,4.0
2024-11-01,Lille,Lyon,1.0,1.0,2.19,3.71,3.14,1.62,2.33,14.0,14.0,2.0,3.0,4.0,9.0
2024-11-02,Paris SG,Lens,1.0,0.0,1.43,4.94,6.95,1.54,2.48,18.0,13.0,8.0,2.0,7.0,4.0
2024-11-02,Brest,Nice,0.0,1.0,2.67,3.18,2.79,2.18,1.7,16.0,12.0,6.0,3.0,6.0,2.0
2024-11-02,St Etienne,Strasbourg,2.0,0.0,3.57,3.77,1.97,1.65,2.27,13.0,9.0,3.0,3.0,2.0,3.0
2024-11-03,Toulouse,Reims,1.0,0.0,2.07,3.52,3.55,1.89,1.94,13.0,13.0,6.0,2.0,6.0,7.0
2024-11-03,Auxerre,Rennes,4.0,0.0,3.45,3.57,2.09,1.79,2.06,16.0,7.0,8.0,4.0,3.0,8.0
2024-11-03,Le Havre,Montpellier,1.0,0.0,2.21,3.44,3.26,1.86,1.97,12.0,15.0,4.0,1.0,2.0,10.0
2024-11-03,Nantes,Marseille,1.0,2.0,3.74,3.52,2.01,1.93,1.9,7.0,9.0,3.0,4.0,2.0,5.0
2024-11-08,Marseille,Auxerre,1.0,3.0,1.4,5.12,7.36,1.5,2.59,19.0,10.0,5.0,6.0,5.0,3.0
2024-11-09,Strasbourg,Monaco,1.0,3.0,3.48,3.76,2.03,1.56,2.41,5.0,19.0,2.0,8.0,1.0,2.0
2024-11-09,Lens,Nantes,3.0,2.0,1.61,3.94,5.86,2.02,1.82,15.0,9.0,3.0,3.0,6.0,1.0
2024-11-09,Angers,Paris SG,2.0,4.0,11.59,6.49,1.24,1.4,2.89,10.0,26.0,3.0,12.0,6.0,8.0
2024-11-10,Nice,Lille,2.0,2.0,2.52,3.26,2.9,2.09,1.76,17.0,13.0,5.0,6.0,6.0,2.0
2024-11-10,Le Havre,Reims,0.0,3.0,3.28,3.27,2.28,2.07,1.77,10.0,18.0,3.0,7.0,8.0,7.0
2024-11-10,Montpellier,Brest,3.0,1.0,3.27,3.51,2.18,1.79,2.05,14.0,19.0,8.0,6.0,3.0,7.0
2024-11-10,Rennes,Toulouse,0.0,2.0,2.18,3.38,3.4,2.05,1.79,7.0,9.0,1.0,2.0,5.0,3.0
2024-11-10,Lyon,St Etienne,1.0,0.0,1.35,5.53,7.82,1.4,2.9,17.0,10.0,7.0,6.0,7.0,6.0
2024-11-22,Monaco,Brest,3.0,2.0,1.52,4.38,6.3,1.75,2.12,10.0,12.0,4.0,4.0,2.0,8.0
2024-11-22,Paris SG,Toulouse,3.0,0.0,1.36,5.4,7.89,1.48,2.63,17.0,11.0,8.0,2.0,7.0,5.0
2024-11-23,Lens,Marseille,1.0,3.0,2.3,3.5,3.06,1.75,2.1,16.0,7.0,7.0,4.0,6.0,0.0
2024-11-23,St Etienne,Montpellier,1.0,0.0,2.37,3.48,2.97,1.71,2.16,11.0,11.0,4.0,3.0,5.0,11.0
2024-11-23,Reims,Lyon,1.0,1.0,2.81,3.67,2.39,1.59,2.38,14.0,13.0,6.0,7.0,4.0,2.0
2024-11-24,Lille,Rennes,1.0,0.0,1.93,3.52,4.03,1.88,1.94,5.0,4.0,2.0,1.0,3.0,3.0
2024-11-24,Auxerre,Angers,1.0,0.0,1.81,3.72,4.36,1.78,2.06,10.0,10.0,6.0,5.0,2.0,2.0
2024-11-24,Nantes,Le Havre,0.0,2.0,1.9,3.31,4.54,2.35,1.6,18.0,7.0,4.0,5.0,9.0,2.0
2024-11-24,Nice,Strasbourg,2.0,1.0,1.81,3.73,4.37,1.79,2.04,15.0,10.0,5.0,3.0,4.0,7.0
2024-11-29,Reims,Lens,0.0,2.0,3.14,3.32,2.34,1.96,1.87,16.0,11.0,3.0,6.0,3.0,1.0
2024-11-30,Rennes,St Etienne,5.0,0.0,1.48,4.56,6.54,1.76,2.09,18.0,2.0,9.0,0.0,6.0,1.0
2024-11-30,Brest,Strasbourg,3.0,1.0,2.23,3.49,3.2,1.88,1.94,11.0,12.0,8.0,4.0,4.0,3.0
2024-11-30,Paris SG,Nantes,1.0,1.0,1.21,7.07,12.18,1.41,2.89,24.0,5.0,10.0,2.0,9.0,3.0
2024-12-01,Montpellier,Lille,2.0,2.0,4.26,3.69,1.83,1.72,2.14,11.0,13.0,5.0,4.0,7.0,2.0
2024-12-01,Le Havre,Angers,0.0,1.0,2.3,3.16,3.34,2.21,1.68,5.0,12.0,1.0,3.0,2.0,4.0
2024-12-01,Lyon,Nice,4.0,1.0,1.94,3.79,3.69,1.65,2.21,16.0,16.0,8.0,7.0,5.0,4.0
2024-12-01,Toulouse,Auxerre,2.0,0.0,1.71,3.86,4.86,1.75,2.1,12.0,4.0,7.0,0.0,6.0,2.0
2024-12-01,Marseille,Monaco,2.0,1.0,2.61,3.59,2.58,1.59,2.39,9.0,7.0,4.0,4.0,5.0,3.0
2024-12-06,Lille,Brest,3.0,1.0,1.67,3.74,5.59,2.07,1.78,10.0,7.0,6.0,3.0,2.0,1.0
2024-12-06,Auxerre,Paris SG,0.0,0.0,8.86,5.88,1.31,1.37,3.11,6.0,25.0,2.0,11.0,3.0,15.0
2024-12-07,Monaco,Toulouse,2.0,0.0,1.71,3.97,4.76,1.7,2.17,19.0,6.0,5.0,3.0,2.0,3.0
2024-12-07,Nice,Le Havre,2.0,1.0,1.6,3.92,6.04,1.95,1.88,17.0,12.0,5.0,2.0,5.0,8.0
2024-12-07,Angers,Lyon,0.0,3.0,4.82,4.15,1.67,1.59,2.37,10.0,16.0,2.0,10.0,2.0,7.0
2024-12-08,Lens,Montpellier,2.0,0.0,1.36,5.15,8.4,1.58,2.4,18.0,7.0,4.0,4.0,6.0,3.0
2024-12-08,Nantes,Rennes,1.0,0.0,3.04,3.16,2.47,2.19,1.68,14.0,5.0,2.0,3.0,5.0,4.0
2024-12-08,Strasbourg,Reims,0.0,0.0,2.38,3.46,2.92,1.74,2.11,7.0,11.0,2.0,3.0,3.0,2.0
2024-12-08,St Etienne,Marseille,0.0,2.0,5.02,4.03,1.66,1.73,2.12,3.0,21.0,2.0,10.0,0.0,9.0
2024-12-13,Toulouse,St Etienne,2.0,1.0,1.38,4.92,8.38,1.71,2.17,11.0,3.0,4.0,2.0,2.0,3.0
2024-12-14,Marseille,Lille,1.0,1.0,2.17,3.47,3.34,1.86,1.96,9.0,10.0,3.0,5.0,3.0,8.0
2024-12-14,Auxerre,Lens,2.0,2.0,3.86,3.55,1.96,1.87,1.96,10.0,16.0,3.0,5.0,3.0,5.0
2024-12-14,Reims,Monaco,0.0,0.0,3.63,3.6,2.02,1.71,2.15,8.0,14.0,0.0,3.0,1.0,4.0
2024-12-15,Montpellier,Nice,2.0,2.0,2.93,3.5,2.35,1.75,2.09,20.0,18.0,8.0,6.0,9.0,4.0
2024-12-15,Brest,Nantes,4.0,1.0,2.09,3.32,3.67,2.24,1.65,13.0,16.0,8.0,7.0,0.0,5.0
2024-12-15,Le Havre,Strasbourg,0.0,3.0,3.03,3.21,2.44,1.99,1.83,11.0,9.0,1.0,5.0,3.0,2.0
2024-12-15,Rennes,Angers,2.0,0.0,1.62,3.93,5.45,1.93,1.88,7.0,3.0,4.0,0.0,2.0,1.0
2024-12-15,Paris SG,Lyon,3.0,1.0,1.4,5.44,6.45,1.29,3.48,13.0,7.0,6.0,3.0,4.0,3.0
2025-01-03,Nice,Rennes,3.0,2.0,2.19,3.35,3.39,1.94,1.87,9.0,10.0,6.0,5.0,3.0,3.0
2025-01-04,St Etienne,Reims,3.0,1.0,3.5,3.36,2.13,1.99,1.83,14.0,11.0,4.0,1.0,6.0,9.0
2025-01-04,Lille,Nantes,1.0,1.0,1.53,4.16,6.35,1.93,1.87,13.0,6.0,3.0,2.0,2.0,0.0
2025-01-04,Lyon,Montpellier,1.0,0.0,1.33,5.49,8.2,1.39,2.93,12.0,16.0,2.0,6.0,3.0,5.0
2025-01-05,Angers,Brest,2.0,0.0,3.21,3.22,2.31,2.17,1.68,7.0,12.0,2.0,4.0,2.0,4.0
2025-01-05,Lens,Toulouse,0.0,1.0,1.94,3.48,4.0,2.01,1.8,14.0,8.0,1.0,4.0,7.0,1.0
2025-01-05,Strasbourg,Auxerre,3.0,1.0,1.87,3.72,3.98,1.68,2.17,11.0,14.0,4.0,7.0,4.0,3.0
2025-01-05,Marseille,Le Havre,5.0,1.0,1.3,5.48,9.62,1.62,2.28,15.0,4.0,9.0,1.0,4.0,0.0
2025-01-10,Nantes,Monaco,2.0,2.0,4.76,3.75,1.74,1.87,1.95,10.0,15.0,4.0,7.0,3.0,11.0
2025-01-10,Auxerre,Lille,0.0,0.0,4.61,3.74,1.76,1.78,2.04,13.0,13.0,3.0,5.0,6.0,10.0
2025-01-11,Brest,Lyon,2.0,1.0,3.06,3.55,2.25,1.7,2.15,11.0,10.0,6.0,3.0,4.0,7.0
2025-01-11,Reims,Nice,2.0,4.0,2.64,3.42,2.63,1.79,2.03,12.0,15.0,3.0,10.0,6.0,3.0
2025-01-11,Rennes,Marseille,1.0,2.0,2.99,3.3,2.4,1.92,1.88,5.0,13.0,4.0,7.0,2.0,3.0
2025-01-12,Le Havre,Lens,1.0,2.0,5.53,3.77,1.65,2.01,1.81,8.0,25.0,4.0,7.0,3.0,8.0
2025-01-12,Montpellier,Angers,1.0,3.0,2.1,3.46,3.45,1.89,1.91,8.0,21.0,3.0,8.0,3.0,3.0
2025-01-12,Toulouse,Strasbourg,1.0,2.0,1.77,3.82,4.43,1.78,2.05,19.0,8.0,5.0,2.0,3.0,2.0
2025-01-12,Paris SG,St Etienne,2.0,1.0,1.09,11.39,22.98,1.22,4.12,25.0,8.0,9.0,3.0,7.0,3.0
2025-01-17,Montpellier,Monaco,2.0,1.0,5.3,4.47,1.57,1.46,2.66,12.0,26.0,4.0,11.0,4.0,16.0
2025-01-17,Lille,Nice,2.0,1.0,2.05,3.45,3.7,1.93,1.88,11.0,11.0,4.0,3.0,7.0,7.0
2025-01-18,Lens,Paris SG,1.0,2.0,4.34,4.12,1.72,1.52,2.49,10.0,9.0,5.0,7.0,6.0,1.0
2025-01-18,Rennes,Brest,1.0,2.0,2.01,3.36,3.88,2.14,1.7,22.0,10.0,9.0,3.0,4.0,4.0
2025-01-18,Lyon,Toulouse,0.0,0.0,1.85,3.85,3.96,1.69,2.15,11.0,13.0,3.0,4.0,8.0,5.0
2025-01-19,St Etienne,Nantes,1.0,1.0,2.52,3.22,2.88,2.08,1.75,12.0,8.0,2.0,4.0,7.0,7.0
2025-01-19,Angers,Auxerre,2.0,0.0,2.44,3.25,2.95,2.01,1.81,12.0,10.0,4.0,4.0,4.0,2.0
2025-01-19,Reims,Le Havre,1.0,1.0,1.64,3.9,5.3,1.95,1.87,11.0,7.0,3.0,2.0,6.0,6.0
2025-01-19,Marseille,Strasbourg,1.0,1.0,1.57,4.32,5.35,1.6,2.33,18.0,7.0,3.0,3.0,9.0,3.0
2025-01-24,Auxerre,St Etienne,1.0,1.0,1.94,3.66,3.83,1.8,2.03,11.0,8.0,5.0,3.0,3.0,4.0
2025-01-25,Monaco,Rennes,3.0,2.0,1.73,3.94,4.61,1.71,2.12,20.0,14.0,10.0,5.0,4.0,2.0
2025-01-25,Strasbourg,Lille,2.0,1.0,2.8,3.38,2.5,1.88,1.93,11.0,15.0,7.0,6.0,6.0,7.0
2025-01-25,Paris SG,Reims,1.0,1.0,1.24,6.58,10.49,1.42,2.82,18.0,6.0,7.0,3.0,8.0,1.0
2025-01-26,Le Havre,Brest,0.0,1.0,3.28,3.11,2.34,2.33,1.6,11.0,17.0,1.0,9.0,6.0,6.0
2025-01-26,Lens,Angers,1.0,0.0,1.44,4.55,7.13,1.79,2.03,16.0,2.0,4.0,0.0,4.0,4.0
2025-01-26,Nantes,Lyon,1.0,1.0,3.34,3.51,2.13,1.81,2.01,7.0,15.0,5.0,4.0,4.0,8.0
2025-01-26,Toulouse,Montpellier,1.0,2.0,1.63,4.03,5.27,1.72,2.13,15.0,6.0,6.0,4.0,6.0,2.0
2025-01-26,Nice,Marseille,2.0,0.0,2.85,3.52,2.4,1.71,2.14,14.0,18.0,5.0,6.0,6.0,12.0
2025-01-31,Montpellier,Lens,0.0,2.0,4.29,3.7,1.83,1.79,2.05,14.0,19.0,2.0,5.0,4.0,5.0
2025-02-01,Brest,Paris SG,2.0,5.0,6.58,4.82,1.44,1.54,2.42,14.0,14.0,7.0,7.0,4.0,7.0
2025-02-01,Monaco,Auxerre,4.0,2.0,1.34,5.48,8.05,1.45,2.68,11.0,12.0,6.0,7.0,5.0,4.0
2025-02-01,Lille,St Etienne,4.0,1.0,1.4,4.74,7.75,1.81,2.02,29.0,9.0,13.0,2.0,7.0,1.0
2025-02-02,Toulouse,Nice,1.0,1.0,2.51,3.33,2.82,1.91,1.9,15.0,13.0,4.0,3.0,7.0,2.0
2025-02-02,Angers,Le Havre,1.0,1.0,1.98,3.34,3.98,2.24,1.65,17.0,13.0,2.0,5.0,4.0,2.0
2025-02-02,Reims,Nantes,1.0,2.0,2.15,3.38,3.43,2.05,1.77,13.0,11.0,2.0,6.0,9.0,3.0
2025-02-02,Rennes,Strasbourg,1.0,0.0,2.08,3.47,3.53,1.92,1.9,13.0,7.0,3.0,3.0,6.0,2.0
2025-02-02,Marseille,Lyon,3.0,2.0,2.04,3.77,3.38,1.58,2.37,20.0,10.0,11.0,4.0,6.0,2.0
2025-02-07,Nantes,Brest,0.0,2.0,2.44,3.19,3.09,2.22,1.68,15.0,10.0,2.0,6.0,12.0,4.0
2025-02-07,Paris SG,Monaco,4.0,1.0,1.4,5.46,6.79,1.32,3.34,16.0,9.0,7.0,3.0,1.0,1.0
2025-02-08,Nice,Lens,2.0,0.0,2.36,3.41,3.01,1.87,1.95,16.0,12.0,8.0,3.0,7.0,3.0
2025-02-08,Lille,Le Havre,1.0,2.0,1.35,5.05,9.17,1.83,2.01,14.0,14.0,5.0,6.0,8.0,10.0
2025-02-08,St Etienne,Rennes,0.0,2.0,3.37,3.35,2.2,2.03,1.81,9.0,21.0,3.0,9.0,2.0,4.0
2025-02-09,Lyon,Reims,4.0,0.0,1.52,4.6,5.69,1.54,2.47,15.0,9.0,9.0,2.0,6.0,6.0
2025-02-09,Auxerre,Toulouse,2.0,2.0,3.04,3.38,2.33,1.97,1.85,9.0,7.0,3.0,3.0,3.0,5.0
2025-02-09,Strasbourg,Montpellier,2.0,0.0,1.79,3.93,4.15,1.72,2.15,22.0,11.0,6.0,2.0,6.0,2.0
2025-02-09,Angers,Marseille,0.0,2.0,5.3,4.05,1.63,1.83,2.01,5.0,18.0,0.0,10.0,1.0,7.0
2025-02-14,Brest,Auxerre,2.0,2.0,2.26,3.28,3.38,2.04,1.81,18.0,11.0,6.0,6.0,6.0,4.0
2025-02-15,Marseille,St Etienne,5.0,1.0,1.27,6.18,10.0,1.45,2.72,28.0,7.0,14.0,2.0,14.0,3.0
2025-02-15,Monaco,Nantes,7.0,1.0,1.56,4.33,5.68,1.65,2.27,22.0,6.0,11.0,2.0,9.0,1.0
2025-02-15,Toulouse,Paris SG,0.0,1.0,5.97,4.71,1.49,1.52,2.51,14.0,20.0,4.0,6.0,5.0,2.0
2025-02-16,Montpellier,Lyon,1.0,4.0,4.79,4.37,1.64,1.49,2.59,11.0,9.0,4.0,6.0,7.0,4.0
2025-02-16,Le Havre,Nice,1.0,3.0,5.18,3.96,1.65,1.84,1.99,14.0,9.0,4.0,3.0,6.0,2.0
2025-02-16,Lens,Strasbourg,0.0,2.0,1.76,3.91,4.39,1.74,2.13,7.0,13.0,0.0,5.0,7.0,3.0
2025-02-16,Reims,Angers,0.0,1.0,1.99,3.44,3.85,2.01,1.83,16.0,10.0,4.0,3.0,1.0,4.0
2025-02-16,Rennes,Lille,0.0,2.0,2.64,3.31,2.7,2.0,1.84,4.0,18.0,0.0,7.0,4.0,8.0
2025-02-21,Rennes,Reims,1.0,0.0,2.13,3.46,3.5,1.99,1.87,26.0,3.0,5.0,0.0,9.0,2.0
2025-02-22,Lille,Monaco,2.0,1.0,2.17,3.72,3.13,1.63,2.32,9.0,13.0,6.0,3.0,1.0,6.0
2025-02-22,St Etienne,Angers,3.0,3.0,2.4,3.29,3.05,2.06,1.79,19.0,13.0,8.0,4.0,4.0,3.0
2025-02-22,Auxerre,Marseille,3.0,0.0,5.59,4.4,1.55,1.62,2.33,9.0,8.0,5.0,2.0,2.0,5.0
2025-02-23,Nantes,Lens,3.0,1.0,3.6,3.41,2.08,2.02,1.81,17.0,14.0,8.0,4.0,2.0,11.0
2025-02-23,Le Havre,Toulouse,1.0,4.0,3.91,3.46,1.97,2.08,1.77,11.0,11.0,3.0,5.0,5.0,3.0
2025-02-23,Nice,Montpellier,2.0,0.0,1.37,5.23,7.62,1.48,2.63,16.0,13.0,6.0,1.0,8.0,5.0
2025-02-23,Strasbourg,Brest,0.0,0.0,1.99,3.61,3.67,1.81,2.03,3.0,12.0,1.0,2.0,1.0,8.0
2025-02-23,Lyon,Paris SG,2.0,3.0,4.25,4.26,1.72,1.4,2.91,14.0,15.0,7.0,8.0,5.0,4.0
2025-02-28,Monaco,Reims,3.0,0.0,1.38,5.24,7.85,1.46,2.71,23.0,9.0,9.0,5.0,7.0,2.0
2025-03-01,St Etienne,Nice,1.0,3.0,4.69,4.13,1.69,1.63,2.31,12.0,16.0,3.0,9.0,3.0,4.0
2025-03-01,Lens,Le Havre,3.0,4.0,1.37,4.98,8.23,1.69,2.19,20.0,8.0,7.0,4.0,9.0,2.0
2025-03-01,Paris SG,Lille,4.0,1.0,1.39,5.18,7.34,1.47,2.66,26.0,6.0,11.0,2.0,9.0,3.0
2025-03-02,Lyon,Brest,2.0,1.0,1.66,4.09,4.92,1.68,2.22,10.0,15.0,4.0,5.0,2.0,5.0
2025-03-02,Angers,Toulouse,0.0,4.0,3.24,3.21,2.32,2.3,1.63,5.0,19.0,1.0,13.0,4.0,9.0
2025-03-02,Auxerre,Strasbourg,0.0,1.0,2.83,3.33,2.52,1.83,2.01,14.0,6.0,5.0,3.0,5.0,3.0
2025-03-02,Montpellier,Rennes,0.0,4.0,3.49,3.49,2.09,1.82,2.01,16.0,15.0,5.0,9.0,6.0,5.0
2025-03-02,Marseille,Nantes,2.0,0.0,1.4,5.03,7.29,1.6,2.36,21.0,8.0,5.0,2.0,3.0,2.0
2025-03-07,Toulouse,Monaco,1.0,1.0,3.28,3.6,2.15,1.72,2.14,8.0,13.0,3.0,3.0,3.0,5.0
2025-03-08,Rennes,Paris SG,1.0,4.0,4.58,3.99,1.72,1.67,2.22,13.0,19.0,3.0,9.0,3.0,2.0
2025-03-08,Lille,Montpellier,1.0,0.0,1.4,4.94,7.45,1.62,2.31,18.0,10.0,8.0,3.0,7.0,1.0
2025-03-08,Marseille,Lens,0.0,1.0,1.52,4.49,5.83,1.61,2.34,15.0,3.0,6.0,2.0,7.0,0.0
2025-03-09,Brest,Angers,2.0,0.0,1.75,3.71,4.72,1.95,1.85,19.0,7.0,7.0,1.0,6.0,6.0
2025-03-09,Le Havre,St Etienne,1.0,1.0,2.34,3.44,2.97,1.83,2.0,13.0,12.0,7.0,3.0,5.0,6.0
2025-03-09,Nantes,Strasbourg,0.0,1.0,2.58,3.3,2.75,2.02,1.8,11.0,9.0,2.0,1.0,3.0,9.0
2025-03-09,Reims,Auxerre,0.0,2.0,2.46,3.26,2.94,2.01,1.82,18.0,13.0,4.0,9.0,6.0,12.0
2025-03-09,Nice,Lyon,0.0,2.0,2.04,3.64,3.46,1.62,2.32,18.0,8.0,4.0,5.0,9.0,2.0
2025-03-14,Nice,Auxerre,1.0,1.0,1.6,4.1,5.54,1.73,2.13,20.0,10.0,6.0,4.0,7.0,3.0
2025-03-15,Nantes,Lille,1.0,0.0,3.54,3.34,2.14,2.08,1.76,10.0,13.0,3.0,4.0,3.0,5.0
2025-03-15,Angers,Monaco,0.0,2.0,6.75,4.87,1.43,1.52,2.5,6.0,16.0,2.0,5.0,0.0,9.0
2025-03-15,Lens,Rennes,1.0,0.0,2.08,3.45,3.59,1.92,1.9,9.0,12.0,4.0,5.0,5.0,4.0
2025-03-16,Lyon,Le Havre,4.0,2.0,1.36,5.28,7.76,1.53,2.48,16.0,14.0,7.0,5.0,4.0,1.0
2025-03-16,Brest,Reims,0.0,0.0,1.7,3.87,4.96,1.87,1.97,11.0,12.0,0.0,2.0,4.0,4.0
2025-03-16,Montpellier,St Etienne,0.0,2.0,2.2,3.66,3.09,1.66,2.2,13.0,11.0,3.0,6.0,4.0,6.0
2025-03-16,Strasbourg,Toulouse,2.0,1.0,2.31,3.34,3.14,2.08,1.76,10.0,11.0,3.0,7.0,4.0,3.0
2025-03-16,Paris SG,Marseille,3.0,1.0,1.44,5.08,6.26,1.39,2.95,16.0,11.0,5.0,2.0,5.0,5.0
2025-03-28,Strasbourg,Lyon,4.0,2.0,2.74,3.65,2.42,1.66,2.23,14.0,16.0,7.0,11.0,6.0,5.0
2025-03-29,Reims,Marseille,3.0,1.0,5.48,4.18,1.59,1.74,2.09,7.0,20.0,5.0,8.0,0.0,12.0
2025-03-29,St Etienne,Paris SG,1.0,6.0,16.45,9.12,1.13,1.2,4.19,11.0,22.0,2.0,10.0,3.0,6.0
2025-03-29,Monaco,Nice,2.0,1.0,1.9,3.83,3.76,1.61,2.31,17.0,9.0,6.0,4.0,7.0,4.0
2025-03-30,Toulouse,Brest,2.0,4.0,2.02,3.35,3.87,2.11,1.73,17.0,10.0,4.0,5.0,10.0,3.0
2025-03-30,Angers,Rennes,0.0,3.0,4.1,3.55,1.89,1.95,1.86,9.0,14.0,4.0,6.0,6.0,5.0
2025-03-30,Auxerre,Montpellier,1.0,0.0,1.75,3.82,4.5,1.77,2.05,21.0,12.0,6.0,1.0,10.0,6.0
2025-03-30,Le Havre,Nantes,3.0,2.0,3.03,3.28,2.38,2.1,1.73,16.0,7.0,5.0,2.0,3.0,4.0
2025-03-30,Lille,Lens,1.0,0.0,2.01,3.48,3.7,2.01,1.81,11.0,5.0,5.0,2.0,6.0,2.0
2025-04-04,Nice,Nantes,1.0,2.0,1.51,4.35,6.43,1.76,2.08,21.0,8.0,9.0,4.0,11.0,2.0
2025-04-05,Paris SG,Angers,1.0,0.0,1.13,9.11,17.68,1.23,3.89,20.0,5.0,6.0,0.0,5.0,1.0
2025-04-05,Brest,Monaco,2.0,1.0,3.77,3.71,1.93,1.64,2.26,13.0,10.0,4.0,3.0,2.0,9.0
2025-04-05,Lyon,Lille,2.0,1.0,2.26,3.56,3.05,1.72,2.12,10.0,10.0,4.0,4.0,1.0,3.0
2025-04-06,Lens,St Etienne,1.0,0.0,1.55,4.39,5.5,1.59,2.34,20.0,8.0,5.0,3.0,6.0,3.0
2025-04-06,Montpellier,Le Havre,0.0,2.0,2.42,3.45,2.86,1.87,1.93,14.0,13.0,6.0,4.0,5.0,2.0
2025-04-06,Reims,Strasbourg,0.0,1.0,3.32,3.47,2.15,1.95,1.86,14.0,13.0,7.0,4.0,4.0,7.0
2025-04-06,Rennes,Auxerre,0.0,1.0,1.84,3.67,4.22,1.87,1.94,18.0,11.0,5.0,3.0,8.0,5.0
2025-04-06,Marseille,Toulouse,3.0,2.0,1.76,3.82,4.47,1.82,2.01,9.0,8.0,4.0,3.0,5.0,1.0
2025-04-11,Lens,Reims,0.0,2.0,1.54,4.17,6.27,1.8,2.02,37.0,10.0,14.0,2.0,9.0,2.0
2025-04-12,Monaco,Marseille,3.0,0.0,2.02,3.85,3.34,1.51,2.5,15.0,8.0,10.0,4.0,4.0,4.0
2025-04-12,Toulouse,Lille,1.0,2.0,2.85,3.25,2.53,2.14,1.71,10.0,6.0,5.0,3.0,4.0,2.0
2025-04-12,Strasbourg,Nice,2.0,2.0,2.54,3.43,2.72,1.81,2.02,11.0,23.0,4.0,6.0,2.0,9.0
2025-04-13,St Etienne,Brest,3.0,3.0,3.39,3.64,2.07,1.71,2.14,9.0,14.0,4.0,6.0,7.0,9.0
2025-04-13,Angers,Montpellier,2.0,0.0,1.93,3.63,3.86,1.88,1.94,10.0,4.0,4.0,1.0,6.0,1.0
2025-04-13,Le Havre,Rennes,1.0,5.0,3.52,3.44,2.09,1.96,1.86,11.0,10.0,2.0,6.0,4.0,3.0
2025-04-13,Auxerre,Lyon,1.0,3.0,3.47,3.71,2.01,1.6,2.33,14.0,13.0,3.0,7.0,3.0,6.0
2025-04-18,Rennes,Nantes,2.0,1.0,1.81,3.65,4.4,1.96,1.86,19.0,4.0,5.0,1.0,10.0,2.0
2025-04-19,Paris SG,Le Havre,2.0,1.0,1.12,9.76,16.34,1.23,3.98,18.0,9.0,11.0,1.0,7.0,3.0
2025-04-19,Monaco,Strasbourg,0.0,0.0,1.56,4.65,5.02,1.42,2.77,12.0,5.0,4.0,2.0,3.0,2.0
2025-04-19,Marseille,Montpellier,5.0,1.0,1.2,6.95,12.24,1.39,2.87,18.0,6.0,8.0,1.0,7.0,2.0
2025-04-20,Lille,Auxerre,3.0,1.0,1.5,4.26,6.54,1.87,1.95,15.0,7.0,9.0,3.0,8.0,4.0
2025-04-20,Brest,Lens,1.0,3.0,2.35,3.35,3.02,1.88,1.93,11.0,17.0,5.0,9.0,7.0,6.0
2025-04-20,Nice,Angers,2.0,1.0,1.38,4.92,7.98,1.71,2.13,22.0,5.0,8.0,2.0,4.0,2.0
2025-04-20,Reims,Toulouse,1.0,0.0,3.24,3.3,2.25,2.02,1.81,8.0,18.0,2.0,6.0,0.0,9.0
2025-04-20,St Etienne,Lyon,2.0,1.0,4.83,4.39,1.61,1.42,2.77,18.0,14.0,6.0,2.0,8.0,6.0
2025-04-22,Nantes,Paris SG,1.0,1.0,6.94,5.15,1.4,1.46,2.65,8.0,10.0,2.0,5.0,4.0,4.0
2025-04-25,Paris SG,Nice,1.0,3.0,1.69,4.44,4.32,1.43,2.76,32.0,7.0,13.0,3.0,17.0,0.0
2025-04-26,Strasbourg,St Etienne,3.0,1.0,1.62,4.36,4.86,1.52,2.47,18.0,17.0,7.0,6.0,5.0,8.0
2025-04-26,Le Havre,Monaco,1.0,1.0,6.78,5.0,1.41,1.43,2.72,9.0,19.0,3.0,7.0,3.0,6.0
2025-04-26,Lyon,Rennes,4.0,1.0,1.76,4.09,4.17,1.55,2.39,14.0,10.0,8.0,4.0,7.0,2.0
2025-04-27,Angers,Lille,0.0,2.0,5.89,3.99,1.58,1.97,1.85,6.0,9.0,3.0,5.0,7.0,2.0
2025-04-27,Lens,Auxerre,0.0,4.0,1.59,4.2,5.3,1.66,2.22,16.0,12.0,5.0,8.0,8.0,1.0
2025-04-27,Montpellier,Reims,0.0,0.0,4.31,3.76,1.79,1.79,2.03,12.0,8.0,2.0,3.0,5.0,5.0
2025-04-27,Nantes,Toulouse,0.0,0.0,2.94,3.27,2.45,2.0,1.82,11.0,6.0,3.0,3.0,3.0,5.0
2025-04-27,Marseille,Brest,4.0,1.0,1.49,4.63,5.9,1.53,2.45,11.0,9.0,7.0,4.0,4.0,3.0
2025-05-02,Nice,Reims,1.0,0.0,1.41,4.92,7.24,1.55,2.42,8.0,16.0,2.0,3.0,5.0,3.0
2025-05-03,Strasbourg,Paris SG,2.0,1.0,2.43,3.9,2.57,1.44,2.7,9.0,20.0,2.0,4.0,6.0,2.0
2025-05-03,Toulouse,Rennes,2.0,1.0,2.12,3.43,3.42,1.95,1.87,9.0,15.0,3.0,6.0,6.0,5.0
2025-05-03,St Etienne,Monaco,1.0,3.0,6.58,5.27,1.4,1.31,3.33,11.0,12.0,1.0,6.0,6.0,5.0
2025-05-04,Nantes,Angers,0.0,1.0,1.9,3.39,4.28,2.11,1.73,8.0,14.0,3.0,2.0,4.0,6.0
2025-05-04,Auxerre,Le Havre,1.0,2.0,2.11,3.56,3.33,1.81,2.01,4.0,11.0,1.0,5.0,0.0,9.0
2025-05-04,Brest,Montpellier,1.0,0.0,1.36,5.15,7.87,1.56,2.42,16.0,6.0,5.0,1.0,4.0,6.0
2025-05-04,Lyon,Lens,1.0,2.0,1.54,4.52,5.42,1.5,2.55,18.0,8.0,4.0,3.0,8.0,2.0
2025-05-04,Lille,Marseille,1.0,1.0,2.32,3.37,3.06,1.87,1.95,5.0,13.0,1.0,6.0,2.0,5.0
2025-05-10,Angers,Strasbourg,2.0,1.0,4.21,3.73,1.82,1.8,2.01,5.0,15.0,2.0,3.0,2.0,6.0
2025-05-10,Auxerre,Nantes,1.0,1.0,2.84,3.47,2.41,1.88,1.93,9.0,7.0,3.0,2.0,7.0,3.0
2025-05-10,Brest,Lille,2.0,0.0,4.42,3.83,1.76,1.79,2.02,12.0,18.0,4.0,2.0,3.0,7.0
2025-05-10,Le Havre,Marseille,1.0,3.0,5.92,4.55,1.5,1.57,2.37,10.0,22.0,4.0,5.0,2.0,9.0
2025-05-10,Monaco,Lyon,2.0,0.0,1.82,4.22,3.72,1.4,2.85,11.0,9.0,5.0,4.0,3.0,5.0
2025-05-10,Montpellier,Paris SG,1.0,4.0,9.85,6.94,1.23,1.28,3.48,9.0,10.0,4.0,8.0,5.0,4.0
2025-05-10,Reims,St Etienne,0.0,2.0,2.08,3.7,3.31,1.68,2.17,19.0,9.0,3.0,4.0,4.0,5.0
2025-05-10,Rennes,Nice,2.0,0.0,3.57,3.71,1.98,1.7,2.14,10.0,14.0,4.0,6.0,1.0,5.0
2025-05-10,Toulouse,Lens,1.0,1.0,2.26,3.5,3.06,1.8,2.01,9.0,12.0,6.0,2.0,2.0,1.0
2025-05-17,Lens,Monaco,4.0,0.0,3.93,3.95,1.83,1.49,2.56,15.0,6.0,5.0,4.0,5.0,4.0
2025-05-17,Lille,Reims,2.0,1.0,1.38,4.84,7.91,1.71,2.14,21.0,5.0,5.0,2.0,10.0,3.0
2025-05-17,Lyon,Angers,2.0,0.0,1.27,6.08,9.44,1.38,2.91,21.0,13.0,4.0,3.0,8.0,8.0
2025-05-17,Marseille,Rennes,4.0,2.0,1.78,4.04,4.05,1.48,2.57,17.0,9.0,10.0,3.0,5.0,5.0
2025-05-17,Nantes,Montpellier,3.0,0.0,1.52,4.36,5.85,1.72,2.12,18.0,9.0,6.0,0.0,7.0,2.0
2025-05-17,Nice,Brest,6.0,0.0,1.47,4.76,6.09,1.48,2.56,18.0,10.0,9.0,1.0,5.0,2.0
2025-05-17,Paris SG,Auxerre,3.0,1.0,1.19,7.64,12.27,1.27,3.58,21.0,7.0,9.0,2.0,5.0,2.0
2025-05-17,St Etienne,Toulouse,2.0,3.0,2.03,4.06,3.18,1.5,2.51,18.0,17.0,7.0,9.0,7.0,6.0
2025-05-17,Strasbourg,Le Havre,2.0,3.0,1.56,4.65,5.04,1.48,2.56,6.0,10.0,4.0,5.0,4.0,3.0
