MatchDate,HomeTeam,AwayTeam,FTHome,FTAway,OddHome,OddDraw,OddAway,Over25,Under25,HomeShots,AwayShots,HomeTarget,AwayTarget,HomeCorners,AwayCorners
2000-08-18,Beira Mar,Boavista,2.0,4.0,2.65,3.15,2.2,,,,,,,,
2000-08-19,Porto,Benfica,2.0,0.0,1.66,3.6,4.1,,,,,,,,
2000-08-19,Sp Braga,Guimaraes,1.0,0.0,2.15,3.4,2.7,,,,,,,,
2000-08-20,Alverca,Maritimo,0.0,0.0,2.0,3.0,3.4,,,,,,,,
2000-08-20,Aves,Belenenses,0.0,1.0,2.0,3.15,3.2,,,,,,,,
2000-08-20,Gil Vicente,Campomaiorense,1.0,1.0,1.4,3.65,5.6,,,,,,,,
2000-08-20,Salgueiros,Pacos Ferreira,1.0,0.0,1.9,3.2,3.3,,,,,,,,
2000-08-20,Sp Lisbon,Farense,1.0,0.0,1.25,4.65,9.5,,,,,,,,
2000-08-20,Leiria,Est Amadora,2.0,0.0,2.05,3.15,2.85,,,,,,,,
2000-08-25,Est Amadora,Sp Braga,0.0,1.0,1.9,3.05,3.6,,,,,,,,
2000-08-26,Campomaiorense,Salgueiros,2.0,3.0,2.05,3.15,2.9,,,,,,,,
2000-08-26,Guimaraes,Sp Lisbon,1.0,4.0,3.55,3.15,1.8,,,,,,,,
2000-08-27,Belenenses,Porto,2.0,0.0,4.4,3.05,1.66,,,,,,,,
2000-08-27,Pacos Ferreira,Aves,2.0,0.0,1.8,3.15,3.55,,,,,,,,
2000-08-27,Benfica,Beira Mar,4.0,1.0,1.2,4.3,10.0,,,,,,,,
2000-08-27,Farense,Alverca,2.0,0.0,2.0,3.15,3.2,,,,,,,,
2000-08-28,Boavista,Leiria,4.0,0.0,1.45,3.75,5.9,,,,,,,,
2000-09-02,Maritimo,Gil Vicente,1.0,0.0,1.9,3.1,3.5,,,,,,,,
2000-09-08,Sp Braga,Sp Lisbon,3.0,2.0,3.25,3.3,1.9,,,,,,,,
2000-09-09,Porto,Pacos Ferreira,2.0,1.0,1.16,5.15,12.0,,,,,,,,
2000-09-09,Leiria,Benfica,1.0,1.0,3.4,3.1,1.95,,,,,,,,
2000-09-10,Aves,Campomaiorense,2.0,2.0,2.1,3.2,2.9,,,,,,,,
2000-09-10,Beira Mar,Belenenses,2.0,2.0,2.7,3.0,2.3,,,,,,,,
2000-09-10,Est Amadora,Boavista,0.0,0.0,2.6,3.15,2.3,,,,,,,,
2000-09-10,Gil Vicente,Farense,0.0,0.0,1.8,3.2,3.8,,,,,,,,
2000-09-10,Salgueiros,Maritimo,1.0,0.0,2.0,3.15,3.15,,,,,,,,
2000-09-11,Alverca,Guimaraes,1.0,3.0,2.15,3.1,2.85,,,,,,,,
2000-09-15,Guimaraes,Gil Vicente,3.0,1.0,1.75,3.25,4.0,,,,,,,,
2000-09-16,Sp Lisbon,Alverca,1.0,1.0,1.2,4.8,9.0,,,,,,,,
2000-09-17,Belenenses,Leiria,1.0,1.0,1.7,3.25,4.25,,,,,,,,
2000-09-17,Maritimo,Aves,2.0,1.0,1.43,3.55,6.0,,,,,,,,
2000-09-17,Pacos Ferreira,Beira Mar,3.0,2.0,1.9,3.15,3.35,,,,,,,,
2000-09-17,Farense,Salgueiros,2.0,1.0,2.05,3.3,3.0,,,,,,,,
2000-09-18,Boavista,Sp Braga,1.0,2.0,1.66,3.35,4.5,,,,,,,,
2000-09-18,Campomaiorense,Porto,0.0,5.0,4.1,3.3,1.75,,,,,,,,
2000-09-18,Benfica,Est Amadora,2.0,1.0,1.25,4.05,9.0,,,,,,,,
2000-09-22,Salgueiros,Guimaraes,2.0,1.0,1.9,3.3,3.4,,,,,,,,
2000-09-23,Boavista,Benfica,1.0,0.0,2.3,3.2,2.65,,,,,,,,
2000-09-23,Gil Vicente,Sp Lisbon,0.0,2.0,3.35,3.3,1.9,,,,,,,,
2000-09-24,Aves,Farense,3.0,1.0,2.25,2.9,3.0,,,,,,,,
2000-09-24,Beira Mar,Campomaiorense,0.0,0.0,2.05,3.1,3.3,,,,,,,,
2000-09-24,Est Amadora,Belenenses,0.0,2.0,2.2,3.05,2.9,,,,,,,,
2000-09-24,Porto,Maritimo,1.0,0.0,1.2,4.5,10.0,,,,,,,,
2000-09-24,Sp Braga,Alverca,1.0,1.0,,,,,,,,,,,
2000-09-24,Leiria,Pacos Ferreira,1.0,4.0,1.7,3.3,4.2,,,,,,,,
2000-09-30,Guimaraes,Aves,2.0,2.0,1.41,3.65,6.7,,,,,,,,
2000-10-01,Alverca,Gil Vicente,2.0,0.0,1.85,3.25,3.5,,,,,,,,
2000-10-01,Campomaiorense,Leiria,1.0,1.0,2.0,3.0,3.35,,,,,,,,
2000-10-01,Maritimo,Beira Mar,2.0,1.0,1.4,3.5,6.5,,,,,,,,
2000-10-01,Pacos Ferreira,Est Amadora,4.0,1.0,1.66,3.3,4.4,,,,,,,,
2000-10-01,Sp Lisbon,Salgueiros,2.0,0.0,1.33,3.8,8.0,,,,,,,,
2000-10-02,Belenenses,Boavista,2.0,2.0,2.3,3.1,2.65,,,,,,,,
2000-10-02,Benfica,Sp Braga,2.0,2.0,1.5,3.45,5.6,,,,,,,,
2000-10-02,Farense,Porto,1.0,3.0,4.1,3.3,1.75,,,,,,,,
2000-10-13,Boavista,Pacos Ferreira,1.0,0.0,1.55,3.2,5.8,,,,,,,,
2000-10-14,Aves,Sp Lisbon,3.0,4.0,4.2,3.3,1.7,,,,,,,,
2000-10-14,Sp Braga,Gil Vicente,3.0,1.0,1.4,3.75,6.5,,,,,,,,
2000-10-14,Leiria,Maritimo,1.0,0.0,2.05,3.1,3.0,,,,,,,,
2000-10-15,Beira Mar,Farense,0.0,2.0,2.25,3.1,2.75,,,,,,,,
2000-10-15,Est Amadora,Campomaiorense,4.0,0.0,2.1,3.3,2.9,,,,,,,,
2000-10-15,Porto,Guimaraes,2.0,0.0,1.3,4.6,6.8,,,,,,,,
2000-10-15,Benfica,Belenenses,1.0,0.0,1.5,3.6,5.0,,,,,,,,
2000-10-15,Salgueiros,Alverca,3.0,1.0,1.75,3.0,4.5,,,,,,,,
2000-10-20,Campomaiorense,Boavista,0.0,0.0,,,,,,,,,,,
2000-10-21,Pacos Ferreira,Benfica,0.0,0.0,,,,,,,,,,,
2000-10-21,Sp Lisbon,Porto,0.0,1.0,2.1,3.0,2.9,,,,,,,,
2000-10-22,Alverca,Aves,5.0,1.0,1.8,3.2,4.0,,,,,,,,
2000-10-22,Belenenses,Sp Braga,2.0,1.0,2.3,3.0,2.8,,,,,,,,
2000-10-22,Gil Vicente,Salgueiros,0.0,2.0,2.5,2.95,2.65,,,,,,,,
2000-10-22,Maritimo,Est Amadora,2.0,0.0,1.6,3.25,5.1,,,,,,,,
2000-10-22,Farense,Leiria,1.0,1.0,1.9,3.1,3.8,,,,,,,,
2000-10-22,Guimaraes,Beira Mar,1.0,1.0,1.5,3.55,5.3,,,,,,,,
2000-10-27,Sp Braga,Salgueiros,2.0,0.0,1.85,3.2,3.8,,,,,,,,
2000-10-29,Aves,Gil Vicente,1.0,0.0,1.9,2.8,4.0,,,,,,,,
2000-10-29,Beira Mar,Sp Lisbon,0.0,1.0,3.9,3.25,1.8,,,,,,,,
2000-10-29,Belenenses,Pacos Ferreira,0.0,0.0,2.0,2.9,3.5,,,,,,,,
2000-10-29,Est Amadora,Farense,1.0,2.0,2.35,2.9,2.8,,,,,,,,
2000-10-29,Benfica,Campomaiorense,2.0,0.0,1.25,4.5,9.0,,,,,,,,
2000-10-29,Leiria,Guimaraes,1.0,1.0,2.15,3.2,2.8,,,,,,,,
2000-10-30,Boavista,Maritimo,3.0,1.0,1.65,3.2,4.8,,,,,,,,
2000-10-30,Porto,Alverca,6.0,0.0,1.2,4.5,9.8,,,,,,,,
2000-11-03,Sp Lisbon,Leiria,4.0,0.0,1.3,4.3,8.0,,,,,,,,
2000-11-04,Gil Vicente,Porto,2.0,2.0,7.1,3.6,1.43,,,,,,,,
2000-11-04,Farense,Boavista,2.0,2.0,2.4,2.9,2.8,,,,,,,,
2000-11-05,Alverca,Beira Mar,0.0,1.0,1.66,3.3,4.8,,,,,,,,
2000-11-05,Campomaiorense,Belenenses,0.0,1.0,2.8,2.95,2.4,,,,,,,,
2000-11-05,Maritimo,Benfica,3.0,0.0,2.85,3.0,2.3,,,,,,,,
2000-11-05,Pacos Ferreira,Sp Braga,4.0,2.0,2.45,2.9,2.75,,,,,,,,
2000-11-05,Salgueiros,Aves,2.0,1.0,1.45,3.6,6.8,,,,,,,,
2000-11-06,Guimaraes,Est Amadora,4.0,0.0,1.6,3.25,5.1,,,,,,,,
2000-11-11,Belenenses,Maritimo,1.0,0.0,1.8,3.2,3.9,,,,,,,,
2000-11-11,Est Amadora,Sp Lisbon,1.0,2.0,5.6,3.5,1.5,,,,,,,,
2000-11-12,Beira Mar,Gil Vicente,1.0,0.0,1.85,3.1,3.8,,,,,,,,
2000-11-12,Pacos Ferreira,Campomaiorense,0.0,1.0,1.5,3.5,5.6,,,,,,,,
2000-11-12,Benfica,Farense,2.0,1.0,1.35,4.0,7.6,,,,,,,,
2000-11-12,Sp Braga,Aves,2.0,0.0,1.4,3.8,7.1,,,,,,,,
2000-11-12,Leiria,Alverca,2.0,0.0,1.8,3.15,3.9,,,,,,,,
2000-11-13,Porto,Salgueiros,5.0,1.0,1.3,4.4,8.0,,,,,,,,
2000-11-14,Boavista,Guimaraes,4.0,1.0,1.45,3.55,6.3,,,,,,,,
2000-11-17,Farense,Belenenses,3.0,1.0,2.35,3.2,2.55,,,,,,,,
2000-11-18,Guimaraes,Benfica,0.0,4.0,2.6,3.4,2.2,,,,,,,,
2000-11-19,Alverca,Est Amadora,3.0,1.0,1.75,3.25,4.1,,,,,,,,
2000-11-19,Aves,Porto,0.0,1.0,5.8,3.4,1.5,,,,,,,,
2000-11-19,Campomaiorense,Sp Braga,1.0,1.0,2.7,3.4,2.2,,,,,,,,
2000-11-19,Gil Vicente,Leiria,2.0,0.0,2.4,3.2,2.5,,,,,,,,
2000-11-19,Maritimo,Pacos Ferreira,1.0,1.0,1.7,3.4,4.1,,,,,,,,
2000-11-19,Salgueiros,Beira Mar,0.0,1.0,1.45,3.6,6.0,,,,,,,,
2000-11-19,Sp Lisbon,Boavista,0.0,0.0,1.55,3.4,5.2,,,,,,,,
2000-12-01,Belenenses,Guimaraes,1.0,0.0,1.65,3.4,4.5,,,,,,,,
2000-12-02,Beira Mar,Aves,1.0,0.0,1.8,3.2,4.0,,,,,,,,
2000-12-02,Sp Braga,Porto,2.0,1.0,3.2,3.0,2.1,,,,,,,,
2000-12-03,Boavista,Alverca,5.0,1.0,1.3,4.4,8.0,,,,,,,,
2000-12-03,Campomaiorense,Maritimo,2.0,2.0,2.35,3.0,2.75,,,,,,,,
2000-12-03,Est Amadora,Gil Vicente,2.0,1.0,2.05,2.8,3.6,,,,,,,,
2000-12-03,Pacos Ferreira,Farense,1.0,1.0,1.95,3.0,3.65,,,,,,,,
2000-12-03,Benfica,Sp Lisbon,3.0,0.0,2.35,3.0,2.8,,,,,,,,
2000-12-03,Leiria,Salgueiros,2.0,1.0,2.1,2.75,3.6,,,,,,,,
2000-12-08,Gil Vicente,Boavista,0.0,2.0,3.8,3.15,1.85,,,,,,,,
2000-12-09,Sp Lisbon,Belenenses,2.0,1.0,1.47,3.55,6.3,,,,,,,,
2000-12-09,Guimaraes,Pacos Ferreira,0.0,1.0,2.0,3.1,3.45,,,,,,,,
2000-12-10,Alverca,Benfica,2.0,1.0,3.8,3.2,1.85,,,,,,,,
2000-12-10,Aves,Leiria,1.0,1.0,2.1,2.95,3.25,,,,,,,,
2000-12-10,Maritimo,Sp Braga,2.0,0.0,2.2,3.1,2.9,,,,,,,,
2000-12-10,Salgueiros,Est Amadora,1.0,0.0,1.4,4.0,6.7,,,,,,,,
2000-12-10,Farense,Campomaiorense,1.0,3.0,1.65,3.35,4.4,,,,,,,,
2000-12-11,Porto,Beira Mar,2.0,0.0,1.2,5.0,10.0,,,,,,,,
2000-12-15,Campomaiorense,Guimaraes,0.0,1.0,2.1,2.8,3.4,,,,,,,,
2000-12-16,Belenenses,Alverca,1.0,0.0,1.5,3.4,6.0,,,,,,,,
2000-12-16,Leiria,Porto,3.0,1.0,4.2,3.3,1.7,,,,,,,,
2000-12-17,Boavista,Salgueiros,5.0,0.0,1.5,3.2,6.0,,,,,,,,
2000-12-17,Est Amadora,Aves,0.0,0.0,1.9,3.1,3.6,,,,,,,,
2000-12-17,Maritimo,Farense,1.0,1.0,1.75,3.2,4.0,,,,,,,,
2000-12-17,Pacos Ferreira,Sp Lisbon,0.0,0.0,3.4,2.8,2.1,,,,,,,,
2000-12-17,Benfica,Gil Vicente,0.0,0.0,1.15,5.8,12.0,,,,,,,,
2000-12-17,Sp Braga,Beira Mar,3.0,3.0,1.5,3.4,6.0,,,,,,,,
2001-01-06,Alverca,Pacos Ferreira,2.0,0.0,2.25,3.0,2.85,,,,,,,,
2001-01-06,Porto,Est Amadora,2.0,1.0,1.1,5.5,15.0,,,,,,,,
2001-01-06,Sp Lisbon,Campomaiorense,2.0,1.0,1.2,4.8,11.0,,,,,,,,
2001-01-07,Aves,Boavista,1.0,2.0,4.0,3.0,1.85,,,,,,,,
2001-01-07,Beira Mar,Leiria,3.0,1.0,2.15,2.9,3.0,,,,,,,,
2001-01-07,Gil Vicente,Belenenses,2.0,1.0,2.85,3.0,2.25,,,,,,,,
2001-01-07,Salgueiros,Benfica,1.0,2.0,2.3,3.1,2.6,,,,,,,,
2001-01-07,Sp Braga,Farense,3.0,0.0,1.6,3.3,4.7,,,,,,,,
2001-01-08,Guimaraes,Maritimo,1.0,1.0,1.95,2.9,3.5,,,,,,,,
2001-01-11,Belenenses,Salgueiros,2.0,0.0,1.6,3.3,4.5,,,,,,,,
2001-01-12,Maritimo,Sp Lisbon,0.0,2.0,2.8,3.0,2.2,,,,,,,,
2001-01-13,Boavista,Porto,1.0,0.0,2.45,2.9,2.55,,,,,,,,
2001-01-13,Campomaiorense,Alverca,0.0,4.0,2.1,2.8,3.25,,,,,,,,
2001-01-13,Est Amadora,Beira Mar,1.0,1.0,2.3,2.9,2.7,,,,,,,,
2001-01-13,Pacos Ferreira,Gil Vicente,2.0,0.0,1.45,3.5,5.9,,,,,,,,
2001-01-13,Benfica,Aves,5.0,1.0,1.17,5.3,11.0,,,,,,,,
2001-01-13,Farense,Guimaraes,1.0,1.0,1.9,3.0,3.5,,,,,,,,
2001-01-13,Leiria,Sp Braga,0.0,0.0,2.25,2.9,2.8,,,,,,,,
2001-01-19,Est Amadora,Leiria,1.0,2.0,2.35,2.85,2.8,,,,,,,,
2001-01-20,Boavista,Beira Mar,1.0,0.0,1.28,4.4,8.2,,,,,,,,
2001-01-20,Guimaraes,Sp Braga,0.0,0.0,2.3,3.0,2.7,,,,,,,,
2001-01-21,Belenenses,Aves,5.0,0.0,1.37,3.9,6.8,,,,,,,,
2001-01-21,Campomaiorense,Gil Vicente,1.0,0.0,1.82,2.9,4.25,,,,,,,,
2001-01-21,Pacos Ferreira,Salgueiros,1.0,1.0,1.9,3.15,3.45,,,,,,,,
2001-01-21,Benfica,Porto,2.0,1.0,2.36,3.05,2.65,,,,,,,,
2001-01-21,Farense,Sp Lisbon,2.0,1.0,4.4,3.4,1.6,,,,,,,,
2001-01-22,Maritimo,Alverca,2.0,1.0,1.7,3.1,4.5,,,,,,,,
2001-01-26,Sp Braga,Est Amadora,1.0,1.0,1.27,4.1,8.5,,,,,,,,
2001-01-27,Porto,Belenenses,0.0,0.0,1.3,4.2,7.75,,,,,,,,
2001-01-27,Sp Lisbon,Guimaraes,3.0,1.0,1.3,4.2,8.0,,,,,,,,
2001-01-28,Alverca,Farense,0.0,1.0,1.85,3.1,3.8,,,,,,,,
2001-01-28,Aves,Pacos Ferreira,1.0,1.0,2.7,3.0,2.4,,,,,,,,
2001-01-28,Beira Mar,Benfica,1.0,3.0,3.3,2.9,2.1,,,,,,,,
2001-01-28,Gil Vicente,Maritimo,2.0,0.0,2.6,3.0,2.4,,,,,,,,
2001-01-28,Salgueiros,Campomaiorense,0.0,0.0,1.6,3.4,4.8,,,,,,,,
2001-01-28,Leiria,Boavista,0.0,0.0,3.2,2.8,2.15,,,,,,,,
2001-02-02,Boavista,Est Amadora,1.0,0.0,1.15,5.7,11.3,,,,,,,,
2001-02-03,Guimaraes,Alverca,2.0,2.0,1.87,3.0,3.7,,,,,,,,
2001-02-04,Belenenses,Beira Mar,0.0,1.0,1.45,3.6,6.0,,,,,,,,
2001-02-04,Campomaiorense,Aves,0.0,0.0,1.7,3.1,4.4,,,,,,,,
2001-02-04,Maritimo,Salgueiros,0.0,1.0,1.7,3.2,4.3,,,,,,,,
2001-02-04,Benfica,Leiria,3.0,2.0,1.25,4.5,8.5,,,,,,,,
2001-02-04,Farense,Gil Vicente,1.0,1.0,1.5,3.4,5.9,,,,,,,,
2001-02-04,Sp Lisbon,Sp Braga,1.0,2.0,1.45,3.5,6.3,,,,,,,,
2001-02-05,Pacos Ferreira,Porto,1.0,0.0,3.25,3.0,2.0,,,,,,,,
2001-02-16,Est Amadora,Benfica,1.0,2.0,4.85,3.3,1.6,,,,,,,,
2001-02-17,Alverca,Sp Lisbon,3.0,1.0,3.45,3.15,1.9,,,,,,,,
2001-02-17,Sp Braga,Boavista,1.0,0.0,2.5,2.85,2.6,,,,,,,,
2001-02-18,Aves,Maritimo,1.0,1.0,2.45,2.8,2.7,,,,,,,,
2001-02-18,Beira Mar,Pacos Ferreira,1.0,0.0,2.35,2.85,2.8,,,,,,,,
2001-02-18,Porto,Campomaiorense,3.0,1.0,1.17,5.2,10.5,,,,,,,,
2001-02-18,Gil Vicente,Guimaraes,4.0,1.0,2.2,2.95,2.95,,,,,,,,
2001-02-18,Salgueiros,Farense,0.0,0.0,1.85,3.1,3.7,,,,,,,,
2001-02-18,Leiria,Belenenses,1.0,1.0,2.25,2.85,2.95,,,,,,,,
2001-02-23,Belenenses,Est Amadora,0.0,3.0,1.37,3.8,7.25,,,,,,,,
2001-02-24,Sp Lisbon,Gil Vicente,3.0,1.0,1.2,5.0,10.2,,,,,,,,
2001-02-25,Alverca,Sp Braga,4.0,1.0,2.62,2.9,2.45,,,,,,,,
2001-02-25,Campomaiorense,Beira Mar,0.0,2.0,2.27,3.0,2.8,,,,,,,,
2001-02-25,Pacos Ferreira,Leiria,0.0,0.0,1.78,3.15,4.0,,,,,,,,
2001-02-25,Benfica,Boavista,0.0,0.0,1.82,3.1,3.8,,,,,,,,
2001-02-25,Farense,Aves,1.0,0.0,1.5,3.5,5.6,,,,,,,,
2001-02-26,Guimaraes,Salgueiros,1.0,2.0,2.15,3.0,3.0,,,,,,,,
2001-03-02,Boavista,Belenenses,2.0,0.0,1.43,3.55,6.6,,,,,,,,
2001-03-03,Salgueiros,Sp Lisbon,2.0,5.0,2.82,3.0,2.25,,,,,,,,
2001-03-04,Aves,Guimaraes,0.0,3.0,2.32,2.9,2.8,,,,,,,,
2001-03-04,Beira Mar,Maritimo,2.0,0.0,1.92,3.0,3.6,,,,,,,,
2001-03-04,Est Amadora,Pacos Ferreira,1.0,1.0,2.43,3.0,2.6,,,,,,,,
2001-03-04,Porto,Farense,2.0,0.0,1.27,4.2,9.0,,,,,,,,
2001-03-04,Gil Vicente,Alverca,1.0,2.0,2.1,2.9,3.2,,,,,,,,
2001-03-04,Sp Braga,Benfica,3.0,1.0,2.47,2.9,2.63,,,,,,,,
2001-03-04,Leiria,Campomaiorense,4.0,1.0,1.68,3.2,4.55,,,,,,,,
2001-03-09,Pacos Ferreira,Boavista,0.0,2.0,2.95,3.0,2.2,,,,,,,,
2001-03-10,Belenenses,Benfica,1.0,0.0,2.95,3.0,2.2,,,,,,,,
2001-03-11,Alverca,Salgueiros,0.0,3.0,1.95,3.05,3.5,,,,,,,,
2001-03-11,Campomaiorense,Est Amadora,4.0,1.0,1.85,3.1,3.75,,,,,,,,
2001-03-11,Gil Vicente,Sp Braga,1.0,1.0,2.8,3.0,2.3,,,,,,,,
2001-03-11,Maritimo,Leiria,2.0,1.0,1.8,3.2,3.85,,,,,,,,
2001-03-11,Farense,Beira Mar,1.0,2.0,1.9,3.1,3.6,,,,,,,,
2001-03-11,Sp Lisbon,Aves,2.0,0.0,1.17,5.4,11.0,,,,,,,,
2001-03-12,Guimaraes,Porto,2.0,2.0,3.65,3.05,1.9,,,,,,,,
2001-03-16,Boavista,Campomaiorense,3.0,1.0,1.2,5.2,11.0,,,,,,,,
2001-03-17,Est Amadora,Maritimo,0.0,1.0,2.45,2.85,2.75,,,,,,,,
2001-03-17,Sp Braga,Belenenses,2.0,0.0,1.78,3.2,4.05,,,,,,,,
2001-03-18,Aves,Alverca,0.0,0.0,2.68,2.9,2.47,,,,,,,,
2001-03-18,Beira Mar,Guimaraes,3.0,2.0,1.78,3.2,4.0,,,,,,,,
2001-03-18,Benfica,Pacos Ferreira,2.0,3.0,1.28,4.4,8.8,,,,,,,,
2001-03-18,Salgueiros,Gil Vicente,0.0,1.0,1.5,3.45,6.0,,,,,,,,
2001-03-18,Leiria,Farense,2.0,0.0,1.95,3.1,3.45,,,,,,,,
2001-03-19,Porto,Sp Lisbon,2.0,2.0,1.92,3.15,3.55,,,,,,,,
2001-03-31,Campomaiorense,Benfica,1.0,1.0,3.8,3.2,1.83,,,,,,,,
2001-03-31,Maritimo,Boavista,1.0,1.0,3.2,3.1,2.1,,,,,,,,
2001-03-31,Salgueiros,Sp Braga,3.0,4.0,2.5,3.0,2.6,,,,,,,,
2001-04-01,Alverca,Porto,1.0,3.0,3.35,3.15,2.0,,,,,,,,
2001-04-01,Gil Vicente,Aves,1.0,0.0,1.63,3.3,4.85,,,,,,,,
2001-04-01,Pacos Ferreira,Belenenses,2.0,2.0,2.05,3.0,3.35,,,,,,,,
2001-04-01,Farense,Est Amadora,2.0,0.0,1.5,3.5,6.0,,,,,,,,
2001-04-01,Guimaraes,Leiria,0.0,1.0,2.1,3.0,3.22,,,,,,,,
2001-04-02,Sp Lisbon,Beira Mar,2.0,1.0,1.33,4.15,8.25,,,,,,,,
2001-04-06,Sp Braga,Pacos Ferreira,2.0,2.0,1.57,3.4,5.4,,,,,,,,
2001-04-07,Leiria,Sp Lisbon,2.0,0.0,3.05,3.0,2.2,,,,,,,,
2001-04-08,Aves,Salgueiros,0.0,3.0,2.8,3.0,2.35,,,,,,,,
2001-04-08,Beira Mar,Alverca,0.0,0.0,1.75,3.2,4.3,,,,,,,,
2001-04-08,Belenenses,Campomaiorense,1.0,1.0,1.52,3.5,5.8,,,,,,,,
2001-04-08,Boavista,Farense,1.0,0.0,1.28,4.5,8.8,,,,,,,,
2001-04-08,Est Amadora,Guimaraes,0.0,2.0,2.36,3.0,2.75,,,,,,,,
2001-04-08,Benfica,Maritimo,3.0,0.0,1.33,4.1,7.7,,,,,,,,
2001-04-09,Porto,Gil Vicente,2.0,0.0,1.2,5.5,10.0,,,,,,,,
2001-04-13,Farense,Benfica,2.0,2.0,3.05,3.0,2.2,,,,,,,,
2001-04-14,Alverca,Leiria,0.0,1.0,2.1,3.05,3.2,,,,,,,,
2001-04-14,Aves,Sp Braga,2.0,1.0,3.95,3.25,1.8,,,,,,,,
2001-04-14,Campomaiorense,Pacos Ferreira,2.0,1.0,2.45,2.9,2.75,,,,,,,,
2001-04-14,Gil Vicente,Beira Mar,3.0,0.0,2.37,3.05,2.7,,,,,,,,
2001-04-14,Maritimo,Belenenses,1.0,2.0,2.1,3.05,3.2,,,,,,,,
2001-04-14,Salgueiros,Porto,0.0,1.0,3.55,3.1,1.95,,,,,,,,
2001-04-14,Sp Lisbon,Est Amadora,1.0,0.0,1.2,5.5,10.0,,,,,,,,
2001-04-16,Guimaraes,Boavista,1.0,2.0,3.55,3.1,1.95,,,,,,,,
2001-04-18,Maritimo,Porto,0.0,1.0,3.4,3.05,2.0,,,,,,,,
2001-04-20,Sp Braga,Campomaiorense,4.0,0.0,1.4,3.85,6.7,,,,,,,,
2001-04-21,Boavista,Sp Lisbon,1.0,0.0,1.95,3.1,3.4,,,,,,,,
2001-04-22,Beira Mar,Salgueiros,3.0,2.0,2.0,3.2,3.2,,,,,,,,
2001-04-22,Est Amadora,Alverca,1.0,2.0,2.7,2.85,2.5,,,,,,,,
2001-04-22,Porto,Aves,4.0,0.0,1.15,6.0,12.0,,,,,,,,
2001-04-22,Pacos Ferreira,Maritimo,2.0,1.0,1.85,3.1,3.83,,,,,,,,
2001-04-22,Benfica,Guimaraes,1.0,0.0,1.33,4.25,7.5,,,,,,,,
2001-04-22,Leiria,Gil Vicente,1.0,0.0,1.53,3.5,5.25,,,,,,,,
2001-04-23,Belenenses,Farense,4.0,2.0,1.7,3.2,4.4,,,,,,,,
2001-04-28,Alverca,Boavista,1.0,2.0,3.85,3.1,1.85,,,,,,,,
2001-04-28,Guimaraes,Belenenses,1.0,1.0,2.3,2.95,2.85,,,,,,,,
2001-04-29,Aves,Beira Mar,2.0,3.0,3.0,3.0,2.2,,,,,,,,
2001-04-29,Porto,Sp Braga,3.0,2.0,1.4,3.9,6.55,,,,,,,,
2001-04-29,Gil Vicente,Est Amadora,0.0,0.0,1.42,3.75,6.5,,,,,,,,
2001-04-29,Maritimo,Campomaiorense,3.0,0.0,1.7,3.2,4.5,,,,,,,,
2001-04-29,Salgueiros,Leiria,1.0,4.0,2.15,3.0,3.1,,,,,,,,
2001-04-29,Farense,Pacos Ferreira,2.0,4.0,2.0,3.1,3.35,,,,,,,,
2001-04-29,Sp Lisbon,Benfica,3.0,0.0,2.1,3.05,3.15,,,,,,,,
2001-05-04,Benfica,Alverca,0.0,2.0,1.3,4.3,8.25,,,,,,,,
2001-05-04,Sp Braga,Maritimo,2.0,1.0,1.42,3.7,6.8,,,,,,,,
2001-05-05,Boavista,Gil Vicente,2.0,0.0,1.2,5.2,10.0,,,,,,,,
2001-05-06,Beira Mar,Porto,0.0,3.0,3.7,3.2,1.8,,,,,,,,
2001-05-06,Belenenses,Sp Lisbon,1.0,1.0,2.87,3.05,2.2,,,,,,,,
2001-05-06,Campomaiorense,Farense,1.0,0.0,1.97,3.1,3.55,,,,,,,,
2001-05-06,Est Amadora,Salgueiros,1.0,0.0,2.87,3.1,2.22,,,,,,,,
2001-05-06,Pacos Ferreira,Guimaraes,0.0,1.0,1.88,3.2,3.55,,,,,,,,
2001-05-06,Leiria,Aves,1.0,1.0,1.3,4.35,8.0,,,,,,,,
2001-05-11,Sp Lisbon,Pacos Ferreira,1.0,3.0,1.3,4.4,7.5,,,,,,,,
2001-05-12,Porto,Leiria,3.0,0.0,1.28,4.65,8.0,,,,,,,,
2001-05-13,Alverca,Belenenses,0.0,3.0,2.3,2.9,2.9,,,,,,,,
2001-05-13,Aves,Est Amadora,3.0,2.0,1.95,3.1,3.4,,,,,,,,
2001-05-13,Beira Mar,Sp Braga,3.0,0.0,2.6,2.9,2.5,,,,,,,,
2001-05-13,Gil Vicente,Benfica,3.0,0.0,2.85,3.1,2.2,,,,,,,,
2001-05-13,Salgueiros,Boavista,1.0,5.0,4.05,3.3,1.7,,,,,,,,
2001-05-13,Farense,Maritimo,1.0,2.0,2.0,3.0,3.4,,,,,,,,
2001-05-13,Guimaraes,Campomaiorense,3.0,0.0,1.87,3.15,3.7,,,,,,,,
2001-05-18,Boavista,Aves,3.0,0.0,1.09,7.25,14.5,,,,,,,,
2001-05-19,Maritimo,Guimaraes,1.0,0.0,2.3,3.2,2.65,,,,,,,,
2001-05-20,Belenenses,Gil Vicente,1.0,3.0,1.8,3.6,3.35,,,,,,,,
2001-05-20,Campomaiorense,Sp Lisbon,1.0,0.0,2.93,3.15,2.15,,,,,,,,
2001-05-20,Pacos Ferreira,Alverca,2.0,2.0,1.85,3.15,3.8,,,,,,,,
2001-05-20,Benfica,Salgueiros,1.0,1.0,1.42,3.8,6.3,,,,,,,,
2001-05-20,Farense,Sp Braga,1.0,0.0,3.2,3.1,2.05,,,,,,,,
2001-05-20,Leiria,Beira Mar,1.0,0.0,1.82,3.25,3.7,,,,,,,,
2001-05-21,Est Amadora,Porto,2.0,3.0,5.7,3.65,1.5,,,,,,,,
2001-05-27,Alverca,Campomaiorense,2.0,1.0,2.3,3.7,2.4,,,,,,,,
2001-05-27,Aves,Benfica,4.0,4.0,3.3,3.1,2.0,,,,,,,,
2001-05-27,Beira Mar,Est Amadora,3.0,3.0,1.4,3.85,6.6,,,,,,,,
2001-05-27,Porto,Boavista,4.0,0.0,1.91,3.15,3.35,,,,,,,,
2001-05-27,Gil Vicente,Pacos Ferreira,3.0,1.0,1.6,3.5,4.35,,,,,,,,
2001-05-27,Salgueiros,Belenenses,2.0,0.0,2.3,3.0,2.6,,,,,,,,
2001-05-27,Sp Braga,Leiria,3.0,5.0,1.5,3.6,5.4,,,,,,,,
2001-05-27,Sp Lisbon,Maritimo,1.0,0.0,1.24,4.85,8.75,,,,,,,,
2001-05-27,Guimaraes,Farense,1.0,0.0,1.4,3.8,5.7,,,,,,,,
2001-08-10,Boavista,Beira Mar,3.0,0.0,,,,,,,,,,,
2001-08-11,Sp Braga,Leiria,0.0,0.0,,,,,,,,,,,
2001-08-11,Varzim,Benfica,2.0,2.0,,,,,,,,,,,
2001-08-12,Pacos Ferreira,Belenenses,3.0,1.0,,,,,,,,,,,
2001-08-12,Salgueiros,Farense,0.0,2.0,,,,,,,,,,,
2001-08-12,Sp Lisbon,Porto,1.0,0.0,,,,,,,,,,,
2001-08-12,Guimaraes,Gil Vicente,0.0,2.0,,,,,,,,,,,
2001-08-13,Maritimo,Setubal,3.0,1.0,,,,,,,,,,,
2001-08-18,Belenenses,Sp Lisbon,3.0,0.0,,,,,,,,,,,
2001-08-18,Gil Vicente,Sp Braga,2.0,1.0,,,,,,,,,,,
2001-08-19,Alverca,Pacos Ferreira,1.0,0.0,,,,,,,,,,,
2001-08-19,Beira Mar,Maritimo,2.0,0.0,,,,,,,,,,,
2001-08-19,Porto,Boavista,4.0,1.0,,,,,,,,,,,
2001-08-19,Benfica,Salgueiros,2.0,0.0,,,,,,,,,,,
2001-08-19,Leiria,Santa Clara,2.0,2.0,,,,,,,,,,,
2001-08-19,Setubal,Varzim,2.0,0.0,,,,,,,,,,,
2001-08-20,Farense,Guimaraes,0.0,1.0,,,,,,,,,,,
2001-08-25,Benfica,Setubal,3.0,2.0,,,,,,,,,,,
2001-08-25,Santa Clara,Gil Vicente,0.0,0.0,,,,,,,,,,,
2001-08-25,Sp Lisbon,Alverca,0.0,1.0,,,,,,,,,,,
2001-08-26,Boavista,Belenenses,2.0,0.0,,,,,,,,,,,
2001-08-26,Pacos Ferreira,Leiria,1.0,2.0,,,,,,,,,,,
2001-08-26,Sp Braga,Farense,4.0,0.0,,,,,,,,,,,
2001-08-26,Varzim,Beira Mar,1.0,1.0,,,,,,,,,,,
2001-08-27,Maritimo,Porto,1.0,3.0,,,,,,,,,,,
2001-08-27,Salgueiros,Guimaraes,1.0,3.0,,,,,,,,,,,
2001-09-02,Santa Clara,Alverca,2.0,1.0,,,,,,,,,,,
2001-09-07,Alverca,Boavista,1.0,2.0,,,,,,,,,,,
2001-09-08,Belenenses,Maritimo,0.0,1.0,,,,,,,,,,,
2001-09-08,Leiria,Sp Lisbon,1.0,1.0,,,,,,,,,,,
2001-09-09,Beira Mar,Benfica,3.0,3.0,,,,,,,,,,,
2001-09-09,Porto,Varzim,3.0,0.0,,,,,,,,,,,
2001-09-09,Gil Vicente,Pacos Ferreira,1.0,1.0,,,,,,,,,,,
2001-09-09,Farense,Santa Clara,1.0,0.0,,,,,,,,,,,
2001-09-09,Setubal,Salgueiros,3.0,0.0,,,,,,,,,,,
2001-09-10,Guimaraes,Sp Braga,2.0,1.0,,,,,,,,,,,
2001-09-14,Varzim,Belenenses,1.0,5.0,,,,,,,,,,,
2001-09-15,Boavista,Leiria,1.0,0.0,,,,,,,,,,,
2001-09-15,Benfica,Porto,0.0,0.0,,,,,,,,,,,
2001-09-16,Maritimo,Alverca,5.0,0.0,,,,,,,,,,,
2001-09-16,Pacos Ferreira,Farense,1.0,1.0,,,,,,,,,,,
2001-09-16,Salgueiros,Sp Braga,1.0,0.0,,,,,,,,,,,
2001-09-16,Santa Clara,Guimaraes,2.0,0.0,,,,,,,,,,,
2001-09-16,Sp Lisbon,Gil Vicente,3.0,1.0,,,,,,,,,,,
2001-09-16,Setubal,Beira Mar,4.0,1.0,,,,,,,,,,,
2001-09-21,Sp Braga,Santa Clara,6.0,0.0,,,,,,,,,,,
2001-09-22,Porto,Setubal,3.0,0.0,,,,,,,,,,,
2001-09-22,Gil Vicente,Boavista,0.0,3.0,,,,,,,,,,,
2001-09-23,Alverca,Varzim,4.0,2.0,,,,,,,,,,,
2001-09-23,Beira Mar,Salgueiros,1.0,1.0,,,,,,,,,,,
2001-09-23,Belenenses,Benfica,1.0,1.0,,,,,,,,,,,
2001-09-23,Farense,Sp Lisbon,1.0,3.0,,,,,,,,,,,
2001-09-23,Leiria,Maritimo,2.0,0.0,,,,,,,,,,,
2001-09-23,Guimaraes,Pacos Ferreira,1.0,1.0,,,,,,,,,,,
2001-09-28,Setubal,Belenenses,0.0,1.0,,,,,,,,,,,
2001-09-29,Beira Mar,Porto,2.0,0.0,,,,,,,,,,,
2001-09-29,Pacos Ferreira,Sp Braga,0.0,0.0,,,,,,,,,,,
2001-09-30,Boavista,Farense,1.0,1.0,,,,,,,,,,,
2001-09-30,Benfica,Alverca,3.0,2.0,,,,,,,,,,,
2001-09-30,Salgueiros,Santa Clara,2.0,1.0,,,,,,,,,,,
2001-09-30,Varzim,Leiria,2.0,0.0,,,,,,,,,,,
2001-10-01,Maritimo,Gil Vicente,2.0,1.0,,,,,,,,,,,
2001-10-01,Sp Lisbon,Guimaraes,5.0,0.0,,,,,,,,,,,
2001-10-07,Santa Clara,Boavista,0.0,2.0,,,,,,,,,,,
2001-10-12,Guimaraes,Boavista,2.0,0.0,,,,,,,,,,,
2001-10-13,Porto,Salgueiros,3.0,0.0,,,,,,,,,,,
2001-10-13,Santa Clara,Pacos Ferreira,1.0,1.0,,,,,,,,,,,
2001-10-13,Sp Braga,Sp Lisbon,2.0,1.0,,,,,,,,,,,
2001-10-13,Leiria,Benfica,1.0,1.0,,,,,,,,,,,
2001-10-14,Alverca,Setubal,1.0,1.0,,,,,,,,,,,
2001-10-14,Gil Vicente,Varzim,1.0,0.0,,,,,,,,,,,
2001-10-14,Farense,Maritimo,2.0,1.0,,,,,,,,,,,
2001-10-15,Belenenses,Beira Mar,1.0,5.0,,,,,,,,,,,
2001-10-19,Maritimo,Guimaraes,2.0,0.0,1.83,3.3,3.7,,,,,,,,
2001-10-20,Boavista,Sp Braga,3.0,0.0,1.32,4.25,7.5,,,,,,,,
2001-10-20,Porto,Belenenses,1.0,2.0,1.3,4.4,8.0,,,,,,,,
2001-10-20,Benfica,Gil Vicente,2.0,0.0,1.27,4.6,8.0,,,,,,,,
2001-10-21,Beira Mar,Alverca,6.0,2.0,1.8,3.3,3.8,,,,,,,,
2001-10-21,Salgueiros,Pacos Ferreira,3.0,2.0,2.02,3.1,3.25,,,,,,,,
2001-10-21,Varzim,Farense,2.0,0.0,2.2,3.1,2.9,,,,,,,,
2001-10-21,Setubal,Leiria,1.0,1.0,1.9,3.25,3.4,,,,,,,,
2001-10-22,Sp Lisbon,Santa Clara,0.0,0.0,1.2,4.85,10.0,,,,,,,,
2001-10-26,Farense,Benfica,0.0,2.0,3.3,3.1,2.05,,,,,,,,
2001-10-27,Pacos Ferreira,Sp Lisbon,0.0,6.0,3.1,3.1,2.1,,,,,,,,
2001-10-27,Sp Braga,Maritimo,1.0,0.0,1.84,3.2,3.8,,,,,,,,
2001-10-27,Guimaraes,Varzim,4.0,0.0,1.55,3.5,5.2,,,,,,,,
2001-10-28,Alverca,Porto,0.0,1.0,3.5,3.15,1.92,,,,,,,,
2001-10-28,Gil Vicente,Setubal,2.0,1.0,1.92,3.15,3.5,,,,,,,,
2001-10-28,Leiria,Beira Mar,4.0,1.0,2.1,3.1,3.1,,,,,,,,
2001-10-29,Belenenses,Salgueiros,1.0,0.0,1.75,3.25,4.1,,,,,,,,
2001-11-02,Varzim,Sp Braga,0.0,0.0,2.4,3.1,2.6,,,,,,,,
2001-11-03,Benfica,Guimaraes,0.0,0.0,1.4,3.8,6.75,,,,,,,,
2001-11-03,Setubal,Farense,2.0,0.0,1.9,3.15,3.6,,,,,,,,
2001-11-04,Beira Mar,Gil Vicente,2.0,2.0,1.77,3.3,3.9,,,,,,,,
2001-11-04,Belenenses,Alverca,1.0,1.0,1.7,3.3,4.2,,,,,,,,
2001-11-04,Porto,Leiria,2.0,1.0,1.25,4.75,8.75,,,,,,,,
2001-11-04,Maritimo,Santa Clara,1.0,0.0,1.55,3.55,5.1,,,,,,,,
2001-11-05,Salgueiros,Sp Lisbon,1.0,5.0,3.2,3.25,2.0,,,,,,,,
2001-11-06,Boavista,Pacos Ferreira,5.0,0.0,1.22,4.75,10.0,,,,,,,,
2001-11-23,Guimaraes,Setubal,0.0,0.0,1.7,3.3,4.35,,,,,,,,
2001-11-24,Alverca,Salgueiros,1.0,2.0,1.85,3.2,3.7,,,,,,,,
2001-11-24,Sp Braga,Benfica,0.0,1.0,2.7,2.9,2.45,,,,,,,,
2001-11-25,Gil Vicente,Porto,2.0,5.0,3.5,3.1,1.95,,,,,,,,
2001-11-25,Pacos Ferreira,Maritimo,2.0,1.0,2.6,3.0,2.5,,,,,,,,
2001-11-25,Santa Clara,Varzim,1.0,0.0,1.8,3.2,4.0,,,,,,,,
2001-11-25,Farense,Beira Mar,1.0,0.0,2.3,3.0,2.85,,,,,,,,
2001-11-25,Leiria,Belenenses,3.0,0.0,2.1,3.15,3.1,,,,,,,,
2001-11-26,Sp Lisbon,Boavista,2.0,0.0,2.08,3.15,3.1,,,,,,,,
2001-11-30,Porto,Farense,2.0,0.0,1.23,4.85,9.7,,,,,,,,
2001-12-01,Maritimo,Sp Lisbon,0.0,2.0,2.57,3.1,2.42,,,,,,,,
2001-12-01,Salgueiros,Boavista,1.0,1.0,3.65,3.2,1.87,,,,,,,,
2001-12-02,Alverca,Leiria,1.0,1.0,2.25,3.1,2.85,,,,,,,,
2001-12-02,Beira Mar,Guimaraes,0.0,0.0,2.0,3.1,3.35,,,,,,,,
2001-12-02,Belenenses,Gil Vicente,1.0,0.0,1.7,3.3,4.3,,,,,,,,
2001-12-02,Benfica,Santa Clara,2.0,1.0,1.25,4.75,8.9,,,,,,,,
2001-12-02,Varzim,Pacos Ferreira,0.0,3.0,2.0,3.2,3.3,,,,,,,,
2001-12-03,Setubal,Sp Braga,0.0,0.0,2.0,3.1,3.35,,,,,,,,
2001-12-07,Farense,Belenenses,2.0,2.0,2.35,3.0,2.75,,,,,,,,
2001-12-08,Pacos Ferreira,Benfica,2.0,1.0,3.7,3.2,1.85,,,,,,,,
2001-12-08,Sp Braga,Beira Mar,3.0,2.0,1.8,3.2,3.95,,,,,,,,
2001-12-08,Guimaraes,Porto,2.0,0.0,3.2,3.1,2.05,,,,,,,,
2001-12-09,Boavista,Maritimo,0.0,1.0,1.37,4.1,6.75,,,,,,,,
2001-12-09,Santa Clara,Setubal,1.0,0.0,2.05,3.1,3.2,,,,,,,,
2001-12-09,Sp Lisbon,Varzim,4.0,0.0,1.15,6.0,11.5,,,,,,,,
2001-12-09,Leiria,Salgueiros,7.0,0.0,1.7,3.3,4.4,,,,,,,,
2001-12-15,Alverca,Farense,1.0,0.0,1.9,3.2,3.55,,,,,,,,
2001-12-15,Beira Mar,Santa Clara,0.0,1.0,1.7,3.3,4.35,,,,,,,,
2001-12-15,Belenenses,Guimaraes,2.0,1.0,2.05,3.1,3.2,,,,,,,,
2001-12-15,Porto,Sp Braga,0.0,0.0,1.25,4.5,10.0,,,,,,,,
2001-12-15,Benfica,Sp Lisbon,2.0,2.0,2.25,3.15,2.8,,,,,,,,
2001-12-15,Salgueiros,Maritimo,2.0,1.0,2.3,3.1,2.75,,,,,,,,
2001-12-15,Leiria,Gil Vicente,2.0,1.0,1.7,3.4,4.2,,,,,,,,
2001-12-15,Varzim,Boavista,0.0,2.0,4.05,3.3,1.75,,,,,,,,
2001-12-15,Setubal,Pacos Ferreira,1.0,3.0,1.95,3.2,3.4,,,,,,,,
2001-12-22,Maritimo,Varzim,1.0,1.0,1.31,4.25,8.0,,,,,,,,
2001-12-22,Pacos Ferreira,Beira Mar,0.0,0.0,1.8,3.25,3.85,,,,,,,,
2001-12-22,Salgueiros,Gil Vicente,3.0,0.0,1.95,3.2,3.35,,,,,,,,
2001-12-22,Santa Clara,Porto,2.0,1.0,3.65,3.25,1.85,,,,,,,,
2001-12-22,Sp Braga,Belenenses,2.0,3.0,2.0,3.15,3.3,,,,,,,,
2001-12-22,Farense,Leiria,0.0,1.0,2.4,3.0,2.7,,,,,,,,
2001-12-22,Sp Lisbon,Setubal,1.0,0.0,1.22,5.0,9.75,,,,,,,,
2001-12-22,Guimaraes,Alverca,2.0,0.0,1.5,3.65,5.5,,,,,,,,
2001-12-23,Boavista,Benfica,1.0,0.0,2.05,3.1,3.25,,,,,,,,
2002-01-04,Alverca,Sp Braga,0.0,3.0,2.32,3.05,2.8,,,,,,,,
2002-01-05,Beira Mar,Sp Lisbon,1.0,2.0,3.55,3.1,1.95,,,,,,,,
2002-01-05,Benfica,Maritimo,1.0,1.0,1.35,4.15,7.4,,,,,,,,
2002-01-05,Leiria,Guimaraes,2.0,1.0,1.9,3.15,3.7,,,,,,,,
2002-01-06,Belenenses,Santa Clara,1.0,1.0,1.75,3.3,4.15,,,,,,,,
2002-01-06,Porto,Pacos Ferreira,1.0,0.0,1.3,4.4,8.3,,,,,,,,
2002-01-06,Gil Vicente,Farense,3.0,1.0,1.8,3.25,3.95,,,,,,,,
2002-01-06,Varzim,Salgueiros,0.0,0.0,2.37,3.2,2.62,,,,,,,,
2002-01-07,Setubal,Boavista,1.0,1.0,3.65,3.2,1.9,,,,,,,,
2002-01-11,Gil Vicente,Guimaraes,2.0,1.0,2.28,3.05,2.85,,,,,,,,
2002-01-12,Porto,Sp Lisbon,2.0,2.0,2.0,3.15,3.35,,,,,,,,
2002-01-12,Benfica,Varzim,3.0,2.0,1.2,5.3,10.5,,,,,,,,
2002-01-12,Farense,Salgueiros,2.0,1.0,2.25,3.05,2.9,,,,,,,,
2002-01-13,Alverca,Santa Clara,3.0,1.0,2.25,3.05,2.9,,,,,,,,
2002-01-13,Belenenses,Pacos Ferreira,1.0,2.0,1.8,3.25,3.95,,,,,,,,
2002-01-13,Leiria,Sp Braga,3.0,1.0,1.75,3.25,4.2,,,,,,,,
2002-01-13,Setubal,Maritimo,0.0,1.0,2.3,3.05,2.82,,,,,,,,
2002-01-14,Beira Mar,Boavista,0.0,3.0,3.5,3.2,1.93,,,,,,,,
2002-01-18,Guimaraes,Farense,3.0,1.0,1.55,3.4,5.6,,,,,,,,
2002-01-19,Salgueiros,Benfica,1.0,4.0,2.95,3.15,2.15,,,,,,,,
2002-01-20,Boavista,Porto,2.0,0.0,2.35,2.95,2.85,,,,,,,,
2002-01-20,Maritimo,Beira Mar,3.0,1.0,1.6,3.5,4.9,,,,,,,,
2002-01-20,Pacos Ferreira,Alverca,2.0,2.0,1.7,3.4,4.3,,,,,,,,
2002-01-20,Santa Clara,Leiria,1.0,1.0,2.4,3.1,2.65,,,,,,,,
2002-01-20,Sp Lisbon,Belenenses,2.0,0.0,1.37,4.1,7.0,,,,,,,,
2002-01-20,Varzim,Setubal,2.0,1.0,2.25,3.1,2.9,,,,,,,,
2002-01-21,Sp Braga,Gil Vicente,1.0,0.0,1.7,3.4,4.2,,,,,,,,
2002-01-26,Alverca,Sp Lisbon,1.0,3.0,4.0,3.4,1.72,,,,,,,,
2002-01-26,Porto,Maritimo,2.0,1.0,1.37,4.0,6.8,,,,,,,,
2002-01-26,Guimaraes,Salgueiros,3.0,0.0,1.62,3.4,4.7,,,,,,,,
2002-01-27,Beira Mar,Varzim,4.0,0.0,1.57,3.55,4.85,,,,,,,,
2002-01-27,Belenenses,Boavista,0.0,2.0,2.95,3.05,2.2,,,,,,,,
2002-01-27,Gil Vicente,Santa Clara,1.0,3.0,1.75,3.25,4.0,,,,,,,,
2002-01-27,Farense,Sp Braga,2.0,2.0,2.25,3.05,2.85,,,,,,,,
2002-01-27,Leiria,Pacos Ferreira,2.0,1.0,1.61,3.45,4.7,,,,,,,,
2002-01-27,Setubal,Benfica,1.0,1.0,3.6,3.2,1.87,,,,,,,,
2002-02-01,Boavista,Alverca,2.0,0.0,1.25,4.75,8.85,,,,,,,,
2002-02-02,Sp Braga,Guimaraes,0.0,0.0,1.9,3.25,3.45,,,,,,,,
2002-02-02,Sp Lisbon,Leiria,4.0,1.0,1.42,3.85,6.25,,,,,,,,
2002-02-03,Maritimo,Belenenses,0.0,2.0,1.78,3.3,3.85,,,,,,,,
2002-02-03,Pacos Ferreira,Gil Vicente,2.0,0.0,1.8,3.25,3.85,,,,,,,,
2002-02-03,Benfica,Beira Mar,4.0,1.0,1.25,4.75,8.85,,,,,,,,
2002-02-03,Salgueiros,Setubal,0.0,2.0,1.72,3.3,4.2,,,,,,,,
2002-02-03,Santa Clara,Farense,2.0,0.0,1.65,3.4,4.5,,,,,,,,
2002-02-03,Varzim,Porto,0.0,1.0,4.55,3.35,1.65,,,,,,,,
2002-02-08,Guimaraes,Santa Clara,1.0,0.0,1.7,3.3,4.35,,,,,,,,
2002-02-09,Alverca,Maritimo,0.0,2.0,2.36,3.05,2.75,,,,,,,,
2002-02-09,Beira Mar,Setubal,1.0,0.0,1.8,3.25,3.85,,,,,,,,
2002-02-09,Belenenses,Varzim,3.0,2.0,1.4,3.85,6.7,,,,,,,,
2002-02-09,Sp Braga,Salgueiros,0.0,0.0,1.55,3.45,5.35,,,,,,,,
2002-02-09,Leiria,Boavista,0.0,1.0,2.65,3.0,2.43,,,,,,,,
2002-02-10,Porto,Benfica,3.0,2.0,1.9,3.15,3.6,,,,,,,,
2002-02-10,Gil Vicente,Sp Lisbon,1.0,1.0,4.3,3.45,1.65,,,,,,,,
2002-02-10,Farense,Pacos Ferreira,1.0,1.0,2.3,3.0,2.82,,,,,,,,
2002-02-16,Boavista,Gil Vicente,0.0,0.0,1.25,4.8,8.8,,,,,,,,
2002-02-16,Setubal,Porto,1.0,4.0,3.85,3.3,1.78,,,,,,,,
2002-02-17,Pacos Ferreira,Guimaraes,0.0,0.0,2.2,3.0,3.0,,,,,,,,
2002-02-17,Benfica,Belenenses,2.0,1.0,1.45,3.7,6.2,,,,,,,,
2002-02-17,Salgueiros,Beira Mar,1.0,1.0,1.9,3.2,3.55,,,,,,,,
2002-02-17,Santa Clara,Sp Braga,1.0,0.0,1.9,3.2,3.55,,,,,,,,
2002-02-17,Sp Lisbon,Farense,1.0,0.0,1.2,5.25,10.0,,,,,,,,
2002-02-17,Varzim,Alverca,1.0,0.0,2.22,3.05,2.9,,,,,,,,
2002-02-18,Maritimo,Leiria,3.0,0.0,2.1,3.1,3.1,,,,,,,,
2002-02-22,Guimaraes,Sp Lisbon,0.0,1.0,3.25,3.2,1.98,,,,,,,,
2002-02-23,Porto,Beira Mar,2.0,3.0,1.23,5.0,9.0,,,,,,,,
2002-02-23,Farense,Boavista,1.0,2.0,4.25,3.3,1.71,,,,,,,,
2002-02-24,Alverca,Benfica,1.0,3.0,3.85,3.3,1.78,,,,,,,,
2002-02-24,Gil Vicente,Maritimo,1.0,1.0,2.1,3.1,3.1,,,,,,,,
2002-02-24,Santa Clara,Salgueiros,1.0,1.0,1.7,3.3,4.3,,,,,,,,
2002-02-24,Leiria,Varzim,0.0,1.0,1.3,4.35,7.85,,,,,,,,
2002-02-25,Belenenses,Setubal,1.0,1.0,1.55,3.5,5.2,,,,,,,,
2002-02-25,Sp Braga,Pacos Ferreira,1.0,0.0,1.92,3.1,3.55,,,,,,,,
2002-03-02,Benfica,Leiria,0.0,2.0,1.4,3.8,7.0,,,,,,,,
2002-03-02,Sp Lisbon,Sp Braga,2.0,2.0,1.27,4.75,8.0,,,,,,,,
2002-03-03,Boavista,Guimaraes,0.0,0.0,1.4,3.85,6.85,,,,,,,,
2002-03-03,Maritimo,Farense,1.0,0.0,1.45,3.8,5.85,,,,,,,,
2002-03-03,Pacos Ferreira,Santa Clara,2.0,1.0,2.02,3.05,3.35,,,,,,,,
2002-03-03,Salgueiros,Porto,0.0,3.0,3.9,3.3,1.77,,,,,,,,
2002-03-03,Varzim,Gil Vicente,2.0,0.0,2.17,3.1,2.95,,,,,,,,
2002-03-03,Setubal,Alverca,2.0,1.0,1.82,3.2,3.85,,,,,,,,
2002-03-04,Beira Mar,Belenenses,0.0,3.0,2.25,3.05,2.85,,,,,,,,
2002-03-08,Belenenses,Porto,3.0,0.0,3.25,3.25,1.95,,,,,,,,
2002-03-09,Gil Vicente,Benfica,0.0,2.0,3.25,3.05,2.05,,,,,,,,
2002-03-09,Sp Braga,Boavista,0.0,2.0,3.2,3.0,2.1,,,,,,,,
2002-03-10,Alverca,Beira Mar,2.0,0.0,2.3,3.15,2.7,,,,,,,,
2002-03-10,Pacos Ferreira,Salgueiros,6.0,0.0,1.8,3.25,3.95,,,,,,,,
2002-03-10,Santa Clara,Sp Lisbon,0.0,3.0,3.9,3.35,1.77,,,,,,,,
2002-03-10,Farense,Varzim,1.0,1.0,1.95,3.15,3.45,,,,,,,,
2002-03-10,Leiria,Setubal,0.0,0.0,1.5,3.5,5.85,,,,,,,,
2002-03-11,Guimaraes,Maritimo,1.0,3.0,1.9,3.15,3.6,,,,,,,,
2002-03-14,Salgueiros,Belenenses,1.0,2.0,2.75,3.1,2.3,,,,,,,,
2002-03-16,Beira Mar,Leiria,2.0,1.0,2.3,3.15,2.7,,,,,,,,
2002-03-16,Boavista,Santa Clara,2.0,0.0,1.25,4.9,8.3,,,,,,,,
2002-03-16,Porto,Alverca,0.0,0.0,1.21,4.85,11.0,,,,,,,,
2002-03-16,Maritimo,Sp Braga,4.0,1.0,1.7,3.4,4.15,,,,,,,,
2002-03-16,Sp Lisbon,Pacos Ferreira,3.0,0.0,1.25,4.6,9.25,,,,,,,,
2002-03-16,Varzim,Guimaraes,0.0,0.0,2.3,3.05,2.75,,,,,,,,
2002-03-16,Setubal,Gil Vicente,3.0,2.0,1.9,3.2,3.55,,,,,,,,
2002-03-18,Benfica,Farense,5.0,0.0,1.2,5.1,10.5,,,,,,,,
2002-03-23,Gil Vicente,Beira Mar,2.0,1.0,1.98,3.1,3.4,,,,,,,,
2002-03-23,Sp Lisbon,Salgueiros,2.0,0.0,1.18,5.5,10.5,,,,,,,,
2002-03-23,Guimaraes,Benfica,1.0,4.0,2.85,3.0,2.3,,,,,,,,
2002-03-24,Pacos Ferreira,Boavista,0.0,1.0,3.7,3.2,1.85,,,,,,,,
2002-03-24,Santa Clara,Maritimo,0.0,0.0,2.75,3.0,2.35,,,,,,,,
2002-03-24,Sp Braga,Varzim,2.0,0.0,1.63,3.4,4.6,,,,,,,,
2002-03-24,Farense,Setubal,2.0,2.0,2.2,3.0,3.0,,,,,,,,
2002-03-24,Leiria,Porto,1.0,1.0,2.85,3.0,2.25,,,,,,,,
2002-03-25,Alverca,Belenenses,0.0,1.0,2.95,3.0,2.2,,,,,,,,
2002-03-30,Beira Mar,Farense,2.0,1.0,1.6,3.35,4.95,,,,,,,,
2002-03-30,Boavista,Sp Lisbon,0.0,0.0,2.2,2.95,3.05,,,,,,,,
2002-03-30,Porto,Gil Vicente,2.0,1.0,1.25,4.7,8.95,,,,,,,,
2002-03-30,Maritimo,Pacos Ferreira,0.0,1.0,1.6,3.45,4.75,,,,,,,,
2002-03-30,Benfica,Sp Braga,1.0,1.0,1.31,4.2,8.2,,,,,,,,
2002-03-30,Salgueiros,Alverca,2.0,1.0,2.0,3.15,3.25,,,,,,,,
2002-03-30,Varzim,Santa Clara,1.0,0.0,1.9,3.25,3.5,,,,,,,,
2002-03-30,Setubal,Guimaraes,1.0,0.0,2.0,3.2,3.3,,,,,,,,
2002-04-01,Belenenses,Leiria,1.0,0.0,1.8,3.2,3.9,,,,,,,,
2002-04-03,Gil Vicente,Alverca,2.0,2.0,1.7,3.3,4.3,,,,,,,,
2002-04-05,Boavista,Salgueiros,2.0,1.0,1.2,5.2,10.0,,,,,,,,
2002-04-06,Santa Clara,Benfica,0.0,0.0,3.75,3.25,1.82,,,,,,,,
2002-04-06,Farense,Porto,0.0,3.0,5.1,3.45,1.56,,,,,,,,
2002-04-07,Gil Vicente,Belenenses,3.0,2.0,2.5,3.0,2.55,,,,,,,,
2002-04-07,Pacos Ferreira,Varzim,0.0,0.0,1.73,3.4,4.0,,,,,,,,
2002-04-07,Sp Lisbon,Maritimo,4.0,0.0,1.3,4.3,8.0,,,,,,,,
2002-04-07,Leiria,Alverca,2.0,1.0,1.55,3.6,5.0,,,,,,,,
2002-04-07,Guimaraes,Beira Mar,0.0,0.0,1.72,3.3,4.2,,,,,,,,
2002-04-08,Sp Braga,Setubal,1.0,1.0,1.77,3.25,4.0,,,,,,,,
2002-04-12,Maritimo,Boavista,0.0,0.0,3.65,3.4,1.8,,,,,,,,
2002-04-13,Porto,Guimaraes,3.0,0.0,1.28,4.4,8.5,,,,,,,,
2002-04-13,Varzim,Sp Lisbon,1.0,3.0,4.65,3.6,1.58,,,,,,,,
2002-04-14,Alverca,Gil Vicente,1.0,4.0,2.0,3.15,3.3,,,,,,,,
2002-04-14,Beira Mar,Sp Braga,4.0,2.0,1.95,3.1,3.4,,,,,,,,
2002-04-14,Belenenses,Farense,4.0,0.0,1.33,4.3,7.1,,,,,,,,
2002-04-14,Benfica,Pacos Ferreira,4.0,0.0,1.3,4.4,7.8,,,,,,,,
2002-04-14,Salgueiros,Leiria,0.0,1.0,1.98,3.3,3.1,,,,,,,,
2002-04-14,Setubal,Santa Clara,3.0,2.0,1.74,3.2,4.25,,,,,,,,
2002-04-19,Guimaraes,Belenenses,2.0,1.0,2.4,3.15,2.55,,,,,,,,
2002-04-20,Boavista,Varzim,1.0,2.0,1.22,5.25,8.8,,,,,,,,
2002-04-20,Sp Braga,Porto,0.0,4.0,4.0,3.4,1.72,,,,,,,,
2002-04-21,Gil Vicente,Leiria,0.0,0.0,1.97,3.2,3.25,,,,,,,,
2002-04-21,Pacos Ferreira,Setubal,1.0,0.0,1.95,3.2,3.35,,,,,,,,
2002-04-21,Santa Clara,Beira Mar,0.0,0.0,1.95,3.0,3.55,,,,,,,,
2002-04-21,Farense,Alverca,2.0,1.0,2.25,3.2,2.7,,,,,,,,
2002-04-21,Sp Lisbon,Benfica,1.0,1.0,1.73,3.35,4.0,,,,,,,,
2002-04-22,Maritimo,Salgueiros,4.0,0.0,1.7,3.5,4.0,,,,,,,,
2002-04-26,Belenenses,Sp Braga,1.0,1.0,1.6,3.4,4.75,,,,,,,,
2002-04-27,Porto,Santa Clara,5.0,3.0,1.18,5.5,10.5,,,,,,,,
2002-04-27,Setubal,Sp Lisbon,2.0,2.0,5.5,3.8,1.47,,,,,,,,
2002-04-28,Beira Mar,Pacos Ferreira,0.0,2.0,1.85,3.15,3.7,,,,,,,,
2002-04-28,Gil Vicente,Salgueiros,3.0,2.0,2.1,3.5,2.75,,,,,,,,
2002-04-28,Benfica,Boavista,2.0,1.0,2.12,3.1,3.0,,,,,,,,
2002-04-28,Leiria,Farense,4.0,1.0,1.3,4.5,7.25,,,,,,,,
2002-04-28,Varzim,Maritimo,0.0,1.0,1.8,3.4,3.6,,,,,,,,
2002-04-29,Alverca,Guimaraes,3.0,2.0,2.45,3.1,2.52,,,,,,,,
2002-05-05,Boavista,Setubal,4.0,1.0,1.17,5.75,10.0,,,,,,,,
2002-05-05,Maritimo,Benfica,3.0,2.0,3.2,3.2,2.0,,,,,,,,
2002-05-05,Pacos Ferreira,Porto,1.0,2.0,5.0,3.65,1.53,,,,,,,,
2002-05-05,Salgueiros,Varzim,2.0,1.0,1.9,3.3,3.35,,,,,,,,
2002-05-05,Santa Clara,Belenenses,2.0,3.0,2.5,3.0,2.55,,,,,,,,
2002-05-05,Sp Braga,Alverca,5.0,3.0,1.43,3.8,6.1,,,,,,,,
2002-05-05,Farense,Gil Vicente,3.0,2.0,2.1,3.1,3.05,,,,,,,,
2002-05-05,Sp Lisbon,Beira Mar,2.0,1.0,1.23,5.0,8.6,,,,,,,,
2002-05-05,Guimaraes,Leiria,2.0,4.0,2.15,3.05,3.0,,,,,,,,
2002-08-22,Setubal,Boavista,1.0,1.0,3.75,3.2,1.83,,,,,,,,
2002-08-23,Academica,Sp Lisbon,0.0,2.0,4.5,3.5,1.62,,,,,,,,
2002-08-24,Benfica,Maritimo,3.0,0.0,1.4,3.75,7.0,,,,,,,,
2002-08-24,Leiria,Guimaraes,1.0,2.0,1.83,3.2,3.75,,,,,,,,
2002-08-24,Santa Clara,Sp Braga,0.0,0.0,2.1,3.2,3.0,,,,,,,,
2002-08-25,Moreirense,Beira Mar,1.0,2.0,2.1,3.2,3.0,,,,,,,,
2002-08-25,Nacional,Gil Vicente,0.0,1.0,2.0,3.2,3.0,,,,,,,,
2002-08-25,Pacos Ferreira,Varzim,3.0,1.0,1.7,3.2,4.5,,,,,,,,
2002-08-25,Porto,Belenenses,2.0,2.0,1.4,3.75,7.0,,,,,,,,
2002-08-30,Sp Braga,Pacos Ferreira,1.0,0.0,2.0,3.2,3.2,,,,,,,,
2002-08-31,Beira Mar,Benfica,0.0,2.0,3.2,3.2,2.0,,,,,,,,
2002-08-31,Belenenses,Academica,2.0,0.0,1.44,3.75,6.0,,,,,,,,
2002-08-31,Guimaraes,Nacional,3.0,2.0,1.5,3.4,6.0,,,,,,,,
2002-09-01,Gil Vicente,Setubal,0.0,1.0,1.83,3.0,2.88,,,,,,,,
2002-09-01,Maritimo,Leiria,2.0,0.0,1.83,3.2,3.75,,,,,,,,
2002-09-01,Sp Lisbon,Santa Clara,2.0,1.0,1.17,5.5,11.0,,,,,,,,
2002-09-01,Varzim,Moreirense,1.0,0.0,1.91,3.25,3.4,,,,,,,,
2002-09-02,Boavista,Porto,0.0,1.0,2.25,3.2,2.75,,,,,,,,
2002-09-13,Academica,Boavista,0.0,1.0,4.0,3.4,1.73,,,,,,,,
2002-09-14,Leiria,Beira Mar,1.0,0.0,1.73,3.4,4.0,,,,,,,,
2002-09-14,Moreirense,Benfica,2.0,3.0,4.5,3.25,1.67,,,,,,,,
2002-09-14,Pacos Ferreira,Sp Lisbon,4.0,0.0,3.75,3.2,1.83,,,,,,,,
2002-09-15,Nacional,Maritimo,0.0,0.0,2.5,3.25,2.38,,,,,,,,
2002-09-15,Porto,Gil Vicente,3.0,1.0,1.2,5.0,11.0,,,,,,,,
2002-09-15,Santa Clara,Belenenses,3.0,1.0,2.5,3.25,2.4,,,,,,,,
2002-09-15,Varzim,Sp Braga,2.0,0.0,2.3,3.2,2.63,,,,,,,,
2002-09-16,Setubal,Guimaraes,1.0,2.0,2.2,3.25,2.75,,,,,,,,
2002-09-21,Belenenses,Pacos Ferreira,1.0,0.0,1.73,3.4,3.8,,,,,,,,
2002-09-21,Benfica,Leiria,3.0,1.0,1.3,4.33,8.0,,,,,,,,
2002-09-22,Beira Mar,Nacional,0.0,2.0,1.73,3.25,4.0,,,,,,,,
2002-09-22,Gil Vicente,Academica,1.0,1.0,1.67,3.4,4.33,,,,,,,,
2002-09-22,Maritimo,Setubal,0.0,5.0,1.62,3.4,4.5,,,,,,,,
2002-09-22,Sp Braga,Moreirense,2.0,1.0,1.57,3.25,5.0,,,,,,,,
2002-09-23,Guimaraes,Porto,0.0,2.0,2.75,3.25,2.1,,,,,,,,
2002-09-23,Sp Lisbon,Varzim,0.0,0.0,1.3,4.33,8.0,,,,,,,,
2002-09-24,Boavista,Santa Clara,1.0,0.0,,,,,,,,,,,
2002-09-28,Nacional,Benfica,1.0,0.0,4.0,3.4,1.73,,,,,,,,
2002-09-28,Porto,Maritimo,1.0,0.0,1.29,4.5,8.0,,,,,,,,
2002-09-29,Moreirense,Leiria,2.0,1.0,2.38,3.1,2.63,,,,,,,,
2002-09-29,Pacos Ferreira,Boavista,3.0,1.0,2.75,3.2,2.25,,,,,,,,
2002-09-29,Santa Clara,Gil Vicente,4.0,2.0,1.91,3.25,3.4,,,,,,,,
2002-09-29,Setubal,Beira Mar,1.0,1.0,1.8,3.25,3.75,,,,,,,,
2002-09-29,Sp Braga,Sp Lisbon,4.0,2.0,3.0,3.2,2.1,,,,,,,,
2002-09-29,Varzim,Belenenses,0.0,2.0,2.4,3.25,2.5,,,,,,,,
2002-09-30,Academica,Guimaraes,2.0,2.0,2.75,3.25,2.2,,,,,,,,
2002-10-05,Belenenses,Sp Braga,3.0,2.0,1.67,3.4,4.33,,,,,,,,
2002-10-05,Benfica,Setubal,1.0,1.0,1.33,4.33,7.0,,,,,,,,
2002-10-05,Leiria,Nacional,1.0,0.0,1.73,3.4,4.0,,,,,,,,
2002-10-06,Gil Vicente,Pacos Ferreira,1.0,1.0,2.3,3.25,2.63,,,,,,,,
2002-10-06,Guimaraes,Santa Clara,5.0,0.0,1.62,3.5,4.5,,,,,,,,
2002-10-06,Maritimo,Academica,2.0,1.0,1.53,3.6,5.0,,,,,,,,
2002-10-07,Beira Mar,Porto,1.0,1.0,4.33,3.4,1.67,,,,,,,,
2002-10-07,Sp Lisbon,Moreirense,3.0,0.0,1.25,5.0,8.0,,,,,,,,
2002-10-08,Boavista,Varzim,2.0,1.0,,,,,,,,,,,
2002-10-19,Sp Braga,Boavista,1.0,0.0,2.63,3.1,2.38,,,,,,,,
2002-10-20,Academica,Beira Mar,1.0,1.0,2.1,3.2,3.0,,,,,,,,
2002-10-20,Moreirense,Nacional,2.0,0.0,2.25,3.2,2.75,,,,,,,,
2002-10-20,Porto,Benfica,2.0,1.0,1.91,3.25,3.4,,,,,,,,
2002-10-20,Setubal,Leiria,0.0,0.0,1.8,3.3,3.75,,,,,,,,
2002-10-20,Sp Lisbon,Belenenses,2.0,0.0,1.57,3.5,5.0,,,,,,,,
2002-10-20,Varzim,Gil Vicente,3.0,0.0,1.91,3.25,3.4,,,,,,,,
2002-10-21,Pacos Ferreira,Guimaraes,1.0,2.0,2.1,3.2,3.0,,,,,,,,
2002-10-25,Belenenses,Moreirense,1.0,0.0,1.4,3.75,7.0,,,,,,,,
2002-10-26,Benfica,Academica,1.0,1.0,1.2,5.0,11.0,,,,,,,,
2002-10-26,Boavista,Sp Lisbon,1.0,2.0,2.3,3.25,2.63,,,,,,,,
2002-10-26,Leiria,Porto,2.0,2.0,4.33,3.2,1.73,,,,,,,,
2002-10-27,Beira Mar,Santa Clara,2.0,1.0,1.83,3.25,3.75,,,,,,,,
2002-10-27,Guimaraes,Varzim,2.0,3.0,1.62,3.3,5.0,,,,,,,,
2002-10-27,Maritimo,Pacos Ferreira,2.0,0.0,1.91,3.0,3.75,,,,,,,,
2002-10-27,Nacional,Setubal,1.0,1.0,2.1,3.2,3.0,,,,,,,,
2002-10-28,Gil Vicente,Sp Braga,3.0,0.0,2.38,3.1,2.6,,,,,,,,
2002-11-02,Sp Braga,Guimaraes,2.0,4.0,2.0,3.2,3.0,,,,,,,,
2002-11-02,Sp Lisbon,Gil Vicente,0.0,3.0,1.25,5.0,8.0,,,,,,,,
2002-11-03,Academica,Leiria,3.0,2.0,2.2,3.25,2.75,,,,,,,,
2002-11-03,Moreirense,Setubal,2.0,2.0,2.38,3.1,2.63,,,,,,,,
2002-11-03,Pacos Ferreira,Beira Mar,1.0,0.0,1.67,3.3,4.5,,,,,,,,
2002-11-03,Santa Clara,Benfica,1.0,2.0,3.2,3.2,2.0,,,,,,,,
2002-11-03,Varzim,Maritimo,4.0,1.0,2.0,3.2,3.2,,,,,,,,
2002-11-04,Belenenses,Boavista,0.0,0.0,2.38,3.25,2.5,,,,,,,,
2002-11-04,Porto,Nacional,5.0,2.0,1.2,5.0,11.0,,,,,,,,
2002-11-08,Guimaraes,Sp Lisbon,1.0,3.0,2.5,3.2,2.4,,,,,,,,
2002-11-09,Boavista,Moreirense,0.0,0.0,1.25,4.5,8.0,,,,,,,,
2002-11-09,Maritimo,Sp Braga,3.0,0.0,1.8,3.25,3.75,,,,,,,,
2002-11-09,Setubal,Porto,0.0,1.0,3.75,3.25,1.72,,,,,,,,
2002-11-10,Beira Mar,Varzim,2.0,1.0,2.2,3.2,2.87,,,,,,,,
2002-11-10,Benfica,Pacos Ferreira,7.0,0.0,1.36,3.75,7.5,,,,,,,,
2002-11-10,Leiria,Santa Clara,3.0,1.0,1.8,3.25,3.75,,,,,,,,
2002-11-10,Nacional,Academica,3.0,2.0,,,,,,,,,,,
2002-11-11,Gil Vicente,Belenenses,3.0,1.0,2.5,3.2,2.4,,,,,,,,
2002-11-15,Sp Lisbon,Maritimo,2.0,0.0,1.4,3.75,7.0,,,,,,,,
2002-11-16,Varzim,Benfica,2.0,1.0,3.2,3.2,2.0,,,,,,,,
2002-11-17,Academica,Setubal,1.0,1.0,2.38,3.25,2.5,,,,,,,,
2002-11-17,Belenenses,Guimaraes,1.0,0.0,2.1,3.3,2.88,,,,,,,,
2002-11-17,Pacos Ferreira,Leiria,1.0,0.0,1.73,3.4,4.0,,,,,,,,
2002-11-17,Santa Clara,Nacional,2.0,3.0,2.0,3.2,3.2,,,,,,,,
2003-06-01,Porto,Sp Lisbon,2.0,0.0,1.66,3.6,4.0,,,,,,,,
2003-06-01,Santa Clara,Varzim,2.0,2.0,1.9,3.0,3.75,,,,,,,,
2003-06-01,Setubal,Belenenses,1.0,1.0,2.37,3.5,2.37,,,,,,,,
2003-08-16,Academica,Sp Lisbon,1.0,2.0,3.4,3.25,1.9,,,,,,,,
2003-08-17,Boavista,Benfica,0.0,0.0,2.75,3.2,2.25,,,,,,,,
2003-08-17,Gil Vicente,Alverca,0.0,1.0,1.67,3.4,4.33,,,,,,,,
2003-08-17,Maritimo,Beira Mar,1.0,0.0,1.57,3.5,5.0,,,,,,,,
2003-08-17,Moreirense,Rio Ave,1.0,0.0,1.8,3.3,3.75,,,,,,,,
2003-08-17,Nacional,Pacos Ferreira,2.0,0.0,2.0,3.2,3.2,,,,,,,,
2003-08-17,Porto,Sp Braga,2.0,0.0,1.17,5.5,11.0,,,,,,,,
2003-08-18,Guimaraes,Leiria,1.0,0.0,1.73,3.4,4.0,,,,,,,,
2003-08-22,Alverca,Maritimo,0.0,1.0,2.25,3.2,2.75,,,,,,,,
2003-08-23,Benfica,Guimaraes,2.0,0.0,1.4,3.75,7.0,,,,,,,,
2003-08-23,Leiria,Academica,0.0,2.0,1.73,3.4,4.0,,,,,,,,
2003-08-23,Sp Lisbon,Belenenses,4.0,2.0,1.36,4.0,7.0,,,,,,,,
2003-08-24,Est Amadora,Porto,1.0,1.0,,,,,,,,,,,
2003-08-24,Pacos Ferreira,Moreirense,1.0,0.0,1.73,3.4,4.0,,,,,,,,
2003-08-24,Rio Ave,Gil Vicente,1.0,1.0,2.1,3.2,3.0,,,,,,,,
2003-08-24,Sp Braga,Nacional,1.0,0.0,1.83,3.2,3.75,,,,,,,,
2003-08-25,Beira Mar,Boavista,0.0,2.0,2.5,3.25,2.4,,,,,,,,
2003-08-30,Boavista,Guimaraes,1.0,0.0,1.67,3.4,4.33,,,,,,,,
2003-08-30,Moreirense,Sp Braga,0.0,2.0,1.83,3.4,3.5,,,,,,,,
2003-08-31,Beira Mar,Alverca,1.0,0.0,1.91,3.25,3.4,,,,,,,,
2003-08-31,Maritimo,Rio Ave,1.0,0.0,1.44,3.75,6.0,,,,,,,,
2003-08-31,Nacional,Est Amadora,4.0,0.0,1.73,3.4,4.0,,,,,,,,
2003-09-01,Belenenses,Leiria,1.0,1.0,1.73,3.4,4.0,,,,,,,,
2003-09-02,Porto,Sp Lisbon,4.0,1.0,1.66,3.3,4.5,,,,,,,,
2003-09-03,Gil Vicente,Pacos Ferreira,2.0,0.0,2.0,3.2,3.2,,,,,,,,
2003-09-07,Belenenses,Est Amadora,4.0,0.0,,,,,,,,,,,
2003-09-12,Sp Braga,Gil Vicente,2.0,1.0,1.83,3.4,3.5,,,,,,,,
2003-09-13,Est Amadora,Moreirense,1.0,2.0,2.1,3.2,3.0,,,,,,,,
2003-09-13,Guimaraes,Academica,1.0,2.0,1.61,3.5,4.5,,,,,,,,
2003-09-13,Leiria,Porto,1.0,3.0,4.5,3.5,1.61,,,,,,,,
2003-09-13,Pacos Ferreira,Maritimo,0.0,1.0,2.2,3.2,2.8,,,,,,,,
2003-09-14,Benfica,Belenenses,3.0,3.0,1.28,4.5,8.0,,,,,,,,
2003-09-14,Rio Ave,Beira Mar,1.0,1.0,2.0,3.2,3.2,,,,,,,,
2003-09-14,Sp Lisbon,Nacional,2.0,0.0,1.33,4.0,8.0,,,,,,,,
2003-09-15,Alverca,Boavista,1.0,1.0,2.7,3.25,2.25,,,,,,,,
2003-09-19,Maritimo,Sp Braga,1.0,1.0,1.66,3.25,4.5,,,,,,,,
2003-09-20,Boavista,Academica,0.0,0.0,1.5,3.4,6.0,,,,,,,,
2003-09-20,Moreirense,Sp Lisbon,1.0,0.0,4.0,3.4,1.72,,,,,,,,
2003-09-21,Alverca,Rio Ave,1.0,0.0,1.83,3.2,3.75,,,,,,,,
2003-09-21,Beira Mar,Pacos Ferreira,4.0,1.0,2.0,3.2,3.2,,,,,,,,
2003-09-21,Gil Vicente,Est Amadora,5.0,1.0,1.66,3.25,4.5,,,,,,,,
2003-09-21,Nacional,Leiria,0.0,2.0,1.8,3.25,3.75,,,,,,,,
2003-09-21,Porto,Benfica,2.0,0.0,1.72,3.2,4.33,,,,,,,,
2003-09-22,Belenenses,Guimaraes,2.0,0.0,1.9,3.2,3.5,,,,,,,,
2003-09-26,Rio Ave,Boavista,1.0,2.0,3.0,3.2,2.1,,,,,,,,
2003-09-27,Guimaraes,Porto,1.0,2.0,4.33,3.4,1.66,,,,,,,,
2003-09-28,Academica,Belenenses,0.0,1.0,2.1,3.2,3.0,,,,,,,,
2003-09-28,Benfica,Nacional,1.0,0.0,1.25,5.0,8.5,,,,,,,,
2003-09-28,Est Amadora,Maritimo,1.0,0.0,3.0,3.2,2.1,,,,,,,,
2003-09-28,Leiria,Moreirense,2.0,1.0,2.0,3.2,3.2,,,,,,,,
2003-09-28,Pacos Ferreira,Alverca,0.0,3.0,1.83,3.25,3.75,,,,,,,,
2003-09-28,Sp Braga,Beira Mar,0.0,2.0,1.66,3.4,4.33,,,,,,,,
2003-09-29,Sp Lisbon,Gil Vicente,1.0,0.0,1.33,4.33,7.0,,,,,,,,
2003-10-03,Boavista,Belenenses,1.0,1.0,1.72,3.25,4.33,,,,,,,,
2003-10-04,Maritimo,Sp Lisbon,2.0,1.0,2.75,3.25,2.2,,,,,,,,
2003-10-04,Moreirense,Benfica,1.0,4.0,3.75,3.25,1.83,,,,,,,,
2003-10-05,Beira Mar,Est Amadora,3.0,0.0,1.66,3.4,4.5,,,,,,,,
2003-10-05,Gil Vicente,Leiria,2.0,0.0,2.0,3.2,3.2,,,,,,,,
2003-10-05,Nacional,Guimaraes,4.0,2.0,2.1,3.2,3.0,,,,,,,,
2003-10-05,Porto,Academica,4.0,1.0,1.16,5.5,13.0,,,,,,,,
2003-10-05,Rio Ave,Pacos Ferreira,2.0,1.0,2.1,3.2,3.0,,,,,,,,
2003-10-06,Alverca,Sp Braga,1.0,2.0,2.2,3.25,2.75,,,,,,,,
2003-10-17,Guimaraes,Moreirense,3.0,0.0,1.9,3.25,3.4,,,,,,,,
2003-10-18,Academica,Nacional,0.0,1.0,2.0,3.2,3.2,,,,,,,,
2003-10-18,Belenenses,Porto,1.0,4.0,4.2,3.5,1.66,,,,,,,,
2003-10-18,Pacos Ferreira,Boavista,0.0,3.0,3.4,3.25,1.9,,,,,,,,
2003-10-19,Benfica,Gil Vicente,2.0,1.0,1.33,4.33,7.0,,,,,,,,
2003-10-19,Est Amadora,Alverca,0.0,3.0,2.1,3.25,3.0,,,,,,,,
2003-10-19,Leiria,Maritimo,2.0,2.0,2.37,3.25,2.5,,,,,,,,
2003-10-19,Sp Braga,Rio Ave,1.0,1.0,1.5,3.5,6.0,,,,,,,,
2003-10-20,Sp Lisbon,Beira Mar,3.0,1.0,1.4,3.75,7.0,,,,,,,,
2003-10-24,Pacos Ferreira,Sp Braga,0.0,1.0,2.5,3.25,2.37,,,,,,,,
2003-10-25,Gil Vicente,Guimaraes,1.0,1.0,1.72,3.4,4.0,,,,,,,,
2003-10-26,Alverca,Sp Lisbon,1.0,2.0,3.5,3.2,1.9,,,,,,,,
2003-10-26,Beira Mar,Leiria,4.0,2.0,1.83,3.25,3.75,,,,,,,,
2003-10-26,Moreirense,Academica,1.0,1.0,2.0,3.2,3.2,,,,,,,,
2003-10-26,Nacional,Belenenses,4.0,0.0,2.0,3.2,3.2,,,,,,,,
2003-10-26,Rio Ave,Est Amadora,3.0,1.0,1.8,3.2,4.0,,,,,,,,
2003-10-27,Boavista,Porto,0.0,1.0,3.2,3.2,2.0,,,,,,,,
2003-10-29,Academica,Benfica,1.0,3.0,4.0,3.4,1.72,,,,,,,,
2003-10-31,Porto,Nacional,1.0,0.0,1.2,5.0,11.0,,,,,,,,
2003-11-01,Est Amadora,Pacos Ferreira,0.0,1.0,2.0,3.2,3.2,,,,,,,,
2003-11-01,Guimaraes,Maritimo,1.0,1.0,2.4,3.25,2.5,,,,,,,,
2003-11-01,Sp Lisbon,Rio Ave,1.0,1.0,1.22,5.0,9.5,,,,,,,,
2003-11-02,Academica,Gil Vicente,2.0,1.0,2.2,3.2,2.8,,,,,,,,
2003-11-02,Belenenses,Moreirense,0.0,0.0,1.8,3.3,3.75,,,,,,,,
2003-11-02,Benfica,Beira Mar,1.0,2.0,1.4,3.75,7.0,,,,,,,,
2003-11-02,Leiria,Alverca,2.0,1.0,2.1,3.2,3.0,,,,,,,,
2003-11-03,Sp Braga,Boavista,0.0,0.0,2.5,3.25,2.4,,,,,,,,
2003-11-07,Gil Vicente,Belenenses,0.0,0.0,1.9,3.4,3.25,,,,,,,,
2003-11-08,Boavista,Nacional,2.0,1.0,1.57,3.5,5.0,,,,,,,,
2003-11-08,Maritimo,Academica,0.0,2.0,1.57,3.5,5.0,,,,,,,,
2003-11-08,Sp Braga,Est Amadora,2.0,1.0,1.44,3.75,6.5,,,,,,,,
2003-11-09,Alverca,Benfica,0.0,3.0,4.0,3.5,1.72,,,,,,,,
2003-11-09,Beira Mar,Guimaraes,2.0,2.0,1.5,3.6,5.5,,,,,,,,
2003-11-09,Moreirense,Porto,1.0,1.0,8.0,4.0,1.33,,,,,,,,
2003-11-09,Rio Ave,Leiria,3.0,0.0,1.9,3.5,3.2,,,,,,,,
2003-11-10,Pacos Ferreira,Sp Lisbon,1.0,2.0,4.5,3.5,1.61,,,,,,,,
2003-11-12,Maritimo,Benfica,1.0,1.0,3.0,3.2,2.1,,,,,,,,
2003-11-28,Est Amadora,Boavista,2.0,1.0,4.0,3.4,1.72,,,,,,,,
2003-11-29,Belenenses,Maritimo,2.0,2.0,2.2,3.2,2.8,,,,,,,,
2003-11-30,Academica,Beira Mar,0.0,1.0,2.3,3.25,2.62,,,,,,,,
2003-11-30,Guimaraes,Alverca,2.0,2.0,2.0,3.2,3.2,,,,,,,,
2003-11-30,Leiria,Pacos Ferreira,1.0,0.0,1.72,3.2,4.33,,,,,,,,
2003-11-30,Nacional,Moreirense,3.0,1.0,1.72,3.2,4.33,,,,,,,,
2003-11-30,Porto,Gil Vicente,4.0,1.0,1.2,5.0,11.0,,,,,,,,
2003-12-01,Benfica,Rio Ave,2.0,0.0,1.25,4.75,9.0,,,,,,,,
2003-12-01,Sp Lisbon,Sp Braga,2.0,0.0,1.5,3.6,5.5,,,,,,,,
2003-12-05,Boavista,Moreirense,1.0,0.0,1.53,3.5,5.5,,,,,,,,
2003-12-05,Maritimo,Porto,2.0,2.0,4.0,3.4,1.72,,,,,,,,
2003-12-07,Alverca,Academica,2.0,1.0,2.0,3.2,3.2,,,,,,,,
2003-12-07,Est Amadora,Sp Lisbon,1.0,4.0,5.0,3.5,1.57,,,,,,,,
2003-12-07,Gil Vicente,Nacional,4.0,4.0,2.0,3.2,3.2,,,,,,,,
2003-12-07,Pacos Ferreira,Benfica,0.0,3.0,5.5,3.5,1.53,,,,,,,,
2003-12-07,Rio Ave,Guimaraes,1.0,0.0,2.0,3.2,3.2,,,,,,,,
2003-12-07,Sp Braga,Leiria,3.0,1.0,1.66,3.4,4.33,,,,,,,,
2003-12-08,Beira Mar,Belenenses,2.0,0.0,1.8,3.25,3.8,,,,,,,,
2003-12-12,Guimaraes,Pacos Ferreira,1.0,1.0,1.67,3.25,4.5,,,,,,,,
2003-12-13,Academica,Rio Ave,0.0,0.0,2.2,3.2,2.8,,,,,,,,
2003-12-13,Benfica,Sp Braga,2.0,0.0,1.4,3.75,7.0,,,,,,,,
2003-12-13,Leiria,Est Amadora,4.0,1.0,1.57,3.5,5.0,,,,,,,,
2003-12-13,Sp Lisbon,Boavista,1.0,0.0,1.61,3.5,4.5,,,,,,,,
2003-12-14,Belenenses,Alverca,2.0,0.0,2.0,3.2,3.2,,,,,,,,
2003-12-14,Moreirense,Gil Vicente,0.0,0.0,2.2,3.2,2.8,,,,,,,,
2003-12-14,Nacional,Maritimo,0.0,1.0,2.25,3.2,2.75,,,,,,,,
2003-12-14,Porto,Beira Mar,3.0,0.0,1.29,4.5,8.5,,,,,,,,
2003-12-19,Boavista,Gil Vicente,0.0,3.0,1.44,3.75,6.0,,,,,,,,
2003-12-20,Sp Lisbon,Leiria,2.0,0.0,1.22,5.0,9.0,,,,,,,,
2003-12-21,Beira Mar,Nacional,1.0,0.0,1.67,3.4,4.33,,,,,,,,
2003-12-21,Est Amadora,Benfica,0.0,3.0,6.0,3.75,1.44,,,,,,,,
2003-12-21,Maritimo,Moreirense,1.0,0.0,1.5,3.4,6.0,,,,,,,,
2003-12-21,Pacos Ferreira,Academica,1.0,0.0,2.38,3.2,2.63,,,,,,,,
2003-12-21,Rio Ave,Belenenses,4.0,1.0,1.91,3.2,3.5,,,,,,,,
2003-12-21,Sp Braga,Guimaraes,2.0,1.0,1.62,3.5,4.5,,,,,,,,
2003-12-22,Alverca,Porto,1.0,2.0,7.0,3.75,1.4,,,,,,,,
2004-01-03,Belenenses,Pacos Ferreira,0.0,2.0,1.62,3.4,4.75,,,,,,,,
2004-01-04,Benfica,Sp Lisbon,1.0,3.0,2.1,3.1,3.1,,,,,,,,
2004-01-04,Boavista,Leiria,1.0,0.0,1.67,3.4,4.33,,,,,,,,
2004-01-04,Gil Vicente,Maritimo,2.0,1.0,2.38,3.2,2.6,,,,,,,,
2004-01-04,Guimaraes,Est Amadora,1.0,0.0,1.62,3.4,4.75,,,,,,,,
2004-01-04,Moreirense,Beira Mar,3.0,1.0,2.38,3.2,2.6,,,,,,,,
2004-01-04,Nacional,Alverca,3.0,0.0,1.83,3.2,3.75,,,,,,,,
2004-01-05,Academica,Sp Braga,0.0,1.0,2.5,3.1,2.5,,,,,,,,
2004-01-05,Porto,Rio Ave,1.0,0.0,1.14,5.5,15.0,,,,,,,,
2004-01-09,Sp Lisbon,Guimaraes,2.0,1.0,1.2,5.0,11.0,,,,,,,,
2004-01-10,Maritimo,Boavista,0.0,0.0,2.1,3.2,3.0,,,,,,,,
2004-01-10,Pacos Ferreira,Porto,0.0,2.0,7.0,3.75,1.4,,,,,,,,
2004-01-10,Rio Ave,Nacional,0.0,0.0,1.83,3.25,3.75,,,,,,,,
2004-01-11,Alverca,Moreirense,1.0,2.0,1.9,3.2,3.5,,,,,,,,
2004-01-11,Est Amadora,Academica,2.0,1.0,2.37,3.2,2.62,,,,,,,,
2004-01-11,Leiria,Benfica,3.0,3.0,4.33,3.4,1.66,,,,,,,,
2004-01-11,Sp Braga,Belenenses,2.0,1.0,1.72,3.2,4.33,,,,,,,,
2004-01-12,Beira Mar,Gil Vicente,1.0,1.0,1.66,3.4,4.33,,,,,,,,
2004-01-16,Beira Mar,Maritimo,2.0,2.0,2.0,3.2,3.2,,,,,,,,
2004-01-17,Sp Braga,Porto,0.0,3.0,4.0,3.6,1.66,,,,,,,,
2004-01-17,Sp Lisbon,Academica,2.0,0.0,1.16,5.5,11.0,,,,,,,,
2004-01-18,Alverca,Gil Vicente,0.0,0.0,2.25,3.2,2.75,,,,,,,,
2004-01-18,Benfica,Boavista,3.0,2.0,1.57,3.25,5.5,,,,,,,,
2004-01-18,Pacos Ferreira,Nacional,1.0,1.0,2.3,3.25,2.62,,,,,,,,
2004-01-18,Rio Ave,Moreirense,1.0,1.0,1.9,3.2,3.5,,,,,,,,
2004-01-19,Est Amadora,Belenenses,2.0,2.0,2.37,3.25,2.5,,,,,,,,
2004-01-19,Leiria,Guimaraes,0.0,0.0,1.9,3.2,3.5,,,,,,,,
2004-01-23,Maritimo,Alverca,1.0,1.0,1.57,3.5,5.0,,,,,,,,
2004-01-24,Belenenses,Sp Lisbon,1.0,3.0,4.5,3.3,1.66,,,,,,,,
2004-01-24,Porto,Est Amadora,2.0,0.0,1.1,6.5,17.0,,,,,,,,
2004-01-25,Academica,Leiria,1.0,2.0,2.3,3.2,2.62,,,,,,,,
2004-01-25,Gil Vicente,Rio Ave,1.0,2.0,1.8,3.2,4.0,,,,,,,,
2004-01-25,Guimaraes,Benfica,0.0,1.0,4.33,3.4,1.66,,,,,,,,
2004-01-25,Moreirense,Pacos Ferreira,1.0,0.0,1.8,3.2,4.0,,,,,,,,
2004-01-25,Nacional,Sp Braga,5.0,1.0,2.2,3.2,2.8,,,,,,,,
2004-01-26,Boavista,Beira Mar,1.0,0.0,1.72,3.4,4.0,,,,,,,,
2004-01-30,Sp Braga,Moreirense,1.0,1.0,1.73,3.4,4.0,,,,,,,,
2004-01-31,Sp Lisbon,Porto,1.0,1.0,2.4,3.25,2.5,,,,,,,,
2004-02-01,Est Amadora,Nacional,0.0,1.0,2.5,3.1,2.5,,,,,,,,
2004-02-01,Guimaraes,Boavista,1.0,1.0,2.5,3.25,2.4,,,,,,,,
2004-02-15,Benfica,Porto,1.0,1.0,2.63,3.0,2.5,,,,,,,,
2004-02-15,Est Amadora,Gil Vicente,1.0,1.0,2.5,3.1,2.5,,,,,,,,
2004-02-15,Leiria,Nacional,0.0,1.0,2.2,3.2,2.8,,,,,,,,
2004-02-15,Pacos Ferreira,Beira Mar,2.0,1.0,2.5,3.1,2.5,,,,,,,,
2004-02-15,Sp Braga,Maritimo,0.0,0.0,2.1,3.2,3.0,,,,,,,,
2004-02-16,Guimaraes,Belenenses,0.0,1.0,2.1,3.2,3.0,,,,,,,,
2004-02-16,Rio Ave,Alverca,1.0,2.0,1.62,3.5,4.5,,,,,,,,
2004-02-20,Beira Mar,Sp Braga,0.0,2.0,1.91,3.25,3.4,,,,,,,,
2004-02-21,Belenenses,Academica,0.0,5.0,1.91,3.25,3.4,,,,,,,,
2004-02-21,Porto,Guimaraes,3.0,0.0,1.14,6.0,12.0,,,,,,,,
2004-02-22,Alverca,Pacos Ferreira,2.0,1.0,2.2,3.25,2.75,,,,,,,,
2004-02-22,Gil Vicente,Sp Lisbon,1.0,1.0,4.5,3.3,1.67,,,,,,,,
2004-02-22,Maritimo,Est Amadora,1.0,0.0,1.29,4.5,8.0,,,,,,,,
2004-02-22,Moreirense,Leiria,0.0,0.0,1.73,3.4,4.0,,,,,,,,
2004-02-22,Nacional,Benfica,3.0,2.0,3.4,3.25,1.91,,,,,,,,
2004-02-23,Boavista,Rio Ave,1.0,1.0,1.67,3.3,4.5,,,,,,,,
2004-02-27,Guimaraes,Nacional,2.0,1.0,2.63,3.2,2.3,,,,,,,,
2004-02-28,Belenenses,Boavista,1.0,1.0,2.63,3.1,2.38,,,,,,,,
2004-02-28,Sp Lisbon,Maritimo,1.0,0.0,1.36,4.0,7.0,,,,,,,,
2004-02-29,Benfica,Moreirense,1.0,1.0,1.33,4.33,7.0,,,,,,,,
2004-02-29,Est Amadora,Beira Mar,2.0,2.0,2.63,3.1,2.38,,,,,,,,
2004-02-29,Leiria,Gil Vicente,2.0,2.0,2.0,3.2,3.2,,,,,,,,
2004-02-29,Pacos Ferreira,Rio Ave,1.0,2.0,2.25,3.2,2.75,,,,,,,,
2004-03-01,Academica,Porto,0.0,1.0,6.0,3.75,1.44,,,,,,,,
2004-03-01,Sp Braga,Alverca,0.0,0.0,1.67,3.25,4.5,,,,,,,,
2004-03-05,Porto,Belenenses,4.0,1.0,1.17,5.5,12.0,,,,,,,,
2004-03-06,Beira Mar,Sp Lisbon,0.0,2.0,3.5,3.2,1.91,,,,,,,,
2004-03-06,Boavista,Pacos Ferreira,1.0,1.0,1.57,3.5,5.0,,,,,,,,
2004-03-07,Alverca,Est Amadora,3.0,0.0,1.53,3.4,5.5,,,,,,,,
2004-03-07,Gil Vicente,Benfica,1.0,2.0,3.75,3.25,1.83,,,,,,,,
2004-03-07,Maritimo,Leiria,2.0,2.0,1.67,3.4,4.33,,,,,,,,
2004-03-07,Moreirense,Guimaraes,1.0,1.0,1.73,3.4,4.0,,,,,,,,
2004-03-07,Nacional,Academica,2.0,1.0,1.62,3.5,4.5,,,,,,,,
2004-03-08,Rio Ave,Sp Braga,0.0,0.0,2.1,3.2,3.0,,,,,,,,
2004-03-13,Belenenses,Nacional,0.0,1.0,2.63,3.3,2.25,,,,,,,,
2004-03-13,Porto,Boavista,1.0,0.0,1.36,3.75,8.0,,,,,,,,
2004-03-13,Sp Braga,Pacos Ferreira,2.0,1.0,1.53,3.5,5.5,,,,,,,,
2004-03-14,Academica,Moreirense,0.0,3.0,2.25,3.2,2.75,,,,,,,,
2004-03-14,Benfica,Maritimo,1.0,0.0,1.4,3.75,7.0,,,,,,,,
2004-03-14,Est Amadora,Rio Ave,1.0,4.0,2.5,3.25,2.38,,,,,,,,
2004-03-14,Guimaraes,Gil Vicente,0.0,2.0,2.1,3.2,3.0,,,,,,,,
2004-03-14,Leiria,Beira Mar,2.0,1.0,2.2,3.2,2.8,,,,,,,,
2004-03-15,Sp Lisbon,Alverca,2.0,0.0,1.25,4.5,10.0,,,,,,,,
2004-03-19,Maritimo,Guimaraes,1.0,1.0,1.53,3.6,5.0,,,,,,,,
2004-03-20,Rio Ave,Sp Lisbon,4.0,0.0,3.6,3.4,1.8,,,,,,,,
2004-03-21,Alverca,Leiria,1.0,4.0,2.0,3.2,3.2,,,,,,,,
2004-03-21,Beira Mar,Benfica,0.0,1.0,3.75,3.25,1.83,,,,,,,,
2004-03-21,Boavista,Sp Braga,1.0,1.0,1.91,3.2,3.5,,,,,,,,
2004-03-21,Gil Vicente,Academica,0.0,1.0,1.8,3.4,3.6,,,,,,,,
2004-03-21,Pacos Ferreira,Est Amadora,1.0,0.0,1.57,3.5,5.0,,,,,,,,
2004-03-22,Moreirense,Belenenses,0.0,0.0,1.73,3.2,4.33,,,,,,,,
2004-03-26,Academica,Maritimo,2.0,0.0,2.5,3.2,2.5,,,,,,,,
2004-03-27,Nacional,Boavista,1.0,0.0,2.0,3.2,3.2,,,,,,,,
2004-03-27,Sp Lisbon,Pacos Ferreira,1.0,0.0,1.22,4.5,11.0,,,,,,,,
2004-03-28,Benfica,Alverca,2.0,0.0,1.29,4.5,8.5,,,,,,,,
2004-03-28,Est Amadora,Sp Braga,0.0,1.0,3.5,3.25,1.91,,,,,,,,
2004-03-28,Guimaraes,Beira Mar,2.0,0.0,2.1,3.25,3.0,,,,,,,,
2004-03-28,Leiria,Rio Ave,1.0,1.0,2.25,3.2,2.75,,,,,,,,
2004-03-28,Porto,Moreirense,1.0,0.0,1.17,5.5,12.0,,,,,,,,
2004-03-29,Belenenses,Gil Vicente,2.0,0.0,2.2,3.2,2.8,,,,,,,,
2004-04-02,Alverca,Guimaraes,0.0,1.0,2.0,3.2,3.2,,,,,,,,
2004-04-03,Boavista,Est Amadora,1.0,2.0,1.28,4.5,8.0,,,,,,,,
2004-04-03,Gil Vicente,Porto,2.0,0.0,4.5,3.5,1.62,,,,,,,,
2004-04-04,Beira Mar,Academica,0.0,0.0,2.0,3.2,3.2,,,,,,,,
2004-04-04,Moreirense,Nacional,2.0,1.0,2.38,3.2,2.63,,,,,,,,
2004-04-04,Pacos Ferreira,Leiria,1.0,2.0,2.25,3.2,2.75,,,,,,,,
2004-04-04,Rio Ave,Benfica,1.0,1.0,3.0,3.2,2.1,,,,,,,,
2004-04-04,Sp Braga,Sp Lisbon,2.0,3.0,3.2,3.2,2.0,,,,,,,,
2004-04-05,Maritimo,Belenenses,2.0,0.0,1.73,3.2,4.33,,,,,,,,
2004-04-09,Moreirense,Boavista,2.0,1.0,2.1,3.2,3.0,,,,,,,,
2004-04-10,Academica,Alverca,4.0,0.0,2.1,3.2,3.0,,,,,,,,
2004-04-10,Benfica,Pacos Ferreira,2.0,1.0,1.2,5.5,9.0,,,,,,,,
2004-04-10,Guimaraes,Rio Ave,2.0,0.0,2.25,3.2,2.75,,,,,,,,
2004-04-10,Leiria,Sp Braga,2.0,2.0,2.38,3.1,2.63,,,,,,,,
2004-04-10,Nacional,Gil Vicente,2.0,1.0,1.67,3.4,4.33,,,,,,,,
2004-04-10,Porto,Maritimo,1.0,0.0,1.25,4.5,10.0,,,,,,,,
2004-04-10,Sp Lisbon,Est Amadora,4.0,0.0,1.11,6.5,15.0,,,,,,,,
2004-04-12,Belenenses,Beira Mar,1.0,0.0,1.72,3.4,4.0,,,,,,,,
2004-04-14,Nacional,Porto,0.0,0.0,3.4,3.25,1.9,,,,,,,,
2004-04-17,Boavista,Sp Lisbon,2.0,1.0,4.0,3.4,1.73,,,,,,,,
2004-04-17,Est Amadora,Leiria,0.0,0.0,2.75,3.2,2.25,,,,,,,,
2004-04-17,Sp Braga,Benfica,0.0,3.0,3.4,3.25,1.91,,,,,,,,
2004-04-18,Alverca,Belenenses,1.0,0.0,2.2,3.2,2.8,,,,,,,,
2004-04-18,Beira Mar,Porto,0.0,0.0,4.33,3.4,1.67,,,,,,,,
2004-04-18,Gil Vicente,Moreirense,1.0,0.0,2.0,3.2,3.2,,,,,,,,
2004-04-18,Pacos Ferreira,Guimaraes,1.0,0.0,2.38,3.2,2.63,,,,,,,,
2004-04-18,Rio Ave,Academica,3.0,2.0,1.83,3.25,3.75,,,,,,,,
2004-04-19,Maritimo,Nacional,2.0,0.0,2.38,3.0,2.75,,,,,,,,
2004-04-23,Gil Vicente,Boavista,0.0,1.0,2.1,3.0,3.2,,,,,,,,
2004-04-24,Benfica,Est Amadora,3.0,1.0,1.1,7.0,13.0,,,,,,,,
2004-04-24,Leiria,Sp Lisbon,1.0,0.0,4.33,3.4,1.66,,,,,,,,
2004-04-25,Academica,Pacos Ferreira,3.0,2.0,1.8,3.25,3.75,,,,,,,,
2004-04-25,Belenenses,Rio Ave,3.0,0.0,1.66,3.4,4.33,,,,,,,,
2004-04-25,Moreirense,Maritimo,3.0,0.0,,,,,,,,,,,
2004-04-25,Nacional,Beira Mar,3.0,0.0,,,,,,,,,,,
2004-04-25,Porto,Alverca,1.0,0.0,1.2,5.5,9.0,,,,,,,,
2004-04-26,Guimaraes,Sp Braga,1.0,0.0,2.0,3.2,3.2,,,,,,,,
2004-04-30,Rio Ave,Porto,1.0,0.0,,,,,,,,,,,
2004-05-02,Alverca,Nacional,2.0,1.0,1.72,3.5,3.75,,,,,,,,
2004-05-02,Beira Mar,Moreirense,1.0,0.0,2.25,3.25,2.7,,,,,,,,
2004-05-02,Est Amadora,Guimaraes,0.0,1.0,5.0,3.8,1.5,,,,,,,,
2004-05-02,Leiria,Boavista,2.0,0.0,2.3,3.25,2.62,,,,,,,,
2004-05-02,Maritimo,Gil Vicente,2.0,0.0,1.57,3.4,5.0,,,,,,,,
2004-05-02,Pacos Ferreira,Belenenses,1.0,1.0,3.2,3.75,1.83,,,,,,,,
2004-05-02,Sp Braga,Academica,2.0,1.0,,,,,,,,,,,
2004-05-02,Sp Lisbon,Benfica,0.0,1.0,2.25,3.2,2.75,,,,,,,,
2004-05-09,Academica,Est Amadora,4.0,1.0,,,,,,,,,,,
2004-05-09,Belenenses,Sp Braga,0.0,2.0,,,,,,,,,,,
2004-05-09,Benfica,Leiria,0.0,0.0,1.28,4.5,8.0,,,,,,,,
2004-05-09,Boavista,Maritimo,2.0,1.0,,,,,,,,,,,
2004-05-09,Gil Vicente,Beira Mar,3.0,0.0,,,,,,,,,,,
2004-05-09,Guimaraes,Sp Lisbon,0.0,2.0,,,,,,,,,,,
2004-05-09,Moreirense,Alverca,3.0,1.0,,,,,,,,,,,
2004-05-09,Nacional,Rio Ave,4.0,0.0,,,,,,,,,,,
2004-05-09,Porto,Pacos Ferreira,3.0,1.0,1.25,4.5,9.5,,,,,,,,
2004-08-28,Belenenses,Maritimo,3.0,0.0,2.25,3.2,2.75,,,,,,,,
2004-08-28,Sp Lisbon,Gil Vicente,3.0,2.0,1.25,4.5,10.0,,,,,,,,
2004-08-29,Beira Mar,Benfica,2.0,3.0,4.33,3.4,1.66,,,,,,,,
2004-08-29,Boavista,Nacional,1.0,0.0,1.72,3.4,4.0,,,,,,,,
2004-08-29,Estoril,Rio Ave,0.0,0.0,2.25,3.2,2.75,,,,,,,,
2004-08-29,Moreirense,Guimaraes,0.0,0.0,1.9,3.2,3.5,,,,,,,,
2004-08-29,Penafiel,Setubal,1.0,4.0,1.9,3.2,3.5,,,,,,,,
2004-08-30,Academica,Sp Braga,2.0,2.0,2.3,3.25,2.62,,,,,,,,
2004-09-05,Guimaraes,Academica,2.0,1.0,,,,,,,,,,,
2004-09-10,Gil Vicente,Boavista,0.0,1.0,2.6,3.1,2.4,,,,,,,,
2004-09-11,Benfica,Moreirense,2.0,0.0,1.25,5.0,8.0,,,,,,,,
2004-09-11,Leiria,Estoril,4.0,2.0,1.62,3.3,5.0,,,,,,,,
2004-09-11,Maritimo,Penafiel,3.0,0.0,1.5,3.4,6.0,,,,,,,,
2004-09-11,Sp Braga,Porto,1.0,1.0,4.0,3.4,1.73,,,,,,,,
2004-09-12,Nacional,Beira Mar,2.0,1.0,1.62,3.5,4.5,,,,,,,,
2004-09-12,Setubal,Sp Lisbon,2.0,0.0,4.0,3.2,1.8,,,,,,,,
2004-09-13,Rio Ave,Belenenses,3.0,3.0,1.8,3.2,4.0,,,,,,,,
2004-09-17,Boavista,Setubal,1.0,1.0,1.61,3.5,4.5,,,,,,,,
2004-09-18,Porto,Estoril,2.0,2.0,1.16,5.5,11.0,,,,,,,,
2004-09-19,Academica,Benfica,0.0,1.0,4.0,3.4,1.72,,,,,,,,
2004-09-19,Beira Mar,Gil Vicente,1.0,0.0,1.9,3.2,3.5,,,,,,,,
2004-09-19,Belenenses,Leiria,2.0,1.0,2.1,3.2,3.0,,,,,,,,
2004-09-19,Moreirense,Nacional,3.0,2.0,2.2,3.0,3.0,,,,,,,,
2004-09-19,Penafiel,Rio Ave,1.0,1.0,2.5,3.1,2.5,,,,,,,,
2004-09-20,Sp Lisbon,Maritimo,0.0,1.0,1.33,4.33,7.0,,,,,,,,
2004-09-21,Sp Braga,Guimaraes,1.0,0.0,1.83,3.2,3.75,,,,,,,,
2004-09-22,Porto,Leiria,1.0,1.0,1.25,5.0,8.0,,,,,,,,
2004-09-24,Setubal,Beira Mar,1.0,2.0,1.83,3.2,3.75,,,,,,,,
2004-09-25,Guimaraes,Porto,0.0,1.0,3.5,3.2,1.9,,,,,,,,
2004-09-25,Maritimo,Boavista,2.0,1.0,2.25,3.2,2.75,,,,,,,,
2004-09-26,Benfica,Sp Braga,0.0,0.0,1.33,4.33,7.0,,,,,,,,
2004-09-26,Gil Vicente,Moreirense,3.0,1.0,2.2,3.2,2.8,,,,,,,,
2004-09-26,Leiria,Penafiel,1.0,2.0,1.66,3.4,4.33,,,,,,,,
2004-09-26,Nacional,Academica,2.0,1.0,1.72,3.4,4.0,,,,,,,,
2004-09-26,Rio Ave,Sp Lisbon,0.0,0.0,3.0,3.2,2.1,,,,,,,,
2004-09-27,Estoril,Belenenses,1.0,0.0,2.37,3.1,2.62,,,,,,,,
2004-10-01,Boavista,Rio Ave,0.0,1.0,1.66,3.25,4.5,,,,,,,,
2004-10-03,Academica,Gil Vicente,2.0,1.0,2.0,3.2,3.2,,,,,,,,
2004-10-03,Guimaraes,Benfica,1.0,2.0,4.5,3.25,1.66,,,,,,,,
2004-10-03,Moreirense,Setubal,2.0,2.0,2.1,3.2,3.0,,,,,,,,
2004-10-03,Penafiel,Estoril,2.0,1.0,2.1,3.2,3.0,,,,,,,,
2004-10-03,Porto,Belenenses,3.0,0.0,1.36,4.0,7.0,,,,,,,,
2004-10-04,Sp Lisbon,Leiria,2.0,2.0,1.44,3.6,6.5,,,,,,,,
2004-10-05,Sp Braga,Nacional,3.0,2.0,1.9,3.2,3.5,,,,,,,,
2004-10-10,Beira Mar,Maritimo,2.0,2.0,2.1,3.2,3.0,,,,,,,,
2004-10-15,Gil Vicente,Sp Braga,0.0,1.0,2.4,3.1,2.6,,,,,,,,
2004-10-16,Estoril,Sp Lisbon,1.0,4.0,3.5,3.2,1.9,,,,,,,,
2004-10-16,Maritimo,Moreirense,1.0,0.0,1.53,3.5,5.5,,,,,,,,
2004-10-16,Nacional,Guimaraes,1.0,0.0,1.72,3.4,4.0,,,,,,,,
2004-10-17,Belenenses,Penafiel,4.0,1.0,1.66,3.4,4.33,,,,,,,,
2004-10-17,Benfica,Porto,0.0,1.0,2.37,3.0,2.75,,,,,,,,
2004-10-17,Leiria,Boavista,0.0,3.0,2.25,3.1,2.8,,,,,,,,
2004-10-17,Rio Ave,Beira Mar,1.0,1.0,1.83,3.2,3.75,,,,,,,,
2004-10-18,Setubal,Academica,1.0,0.0,1.66,3.3,4.5,,,,,,,,
2004-10-22,Boavista,Estoril,0.0,0.0,1.44,3.75,6.5,,,,,,,,
2004-10-23,Moreirense,Rio Ave,0.0,0.0,2.25,3.2,2.75,,,,,,,,
2004-10-23,Sp Braga,Setubal,2.0,3.0,1.72,3.2,4.33,,,,,,,,
2004-10-23,Sp Lisbon,Belenenses,2.0,0.0,1.5,3.6,5.5,,,,,,,,
2004-10-24,Academica,Maritimo,1.0,0.0,2.62,3.0,2.5,,,,,,,,
2004-10-24,Beira Mar,Leiria,0.0,1.0,1.9,3.25,3.5,,,,,,,,
2004-10-24,Benfica,Nacional,2.0,1.0,1.33,4.33,7.5,,,,,,,,
2004-10-24,Guimaraes,Gil Vicente,2.0,1.0,1.8,3.2,4.0,,,,,,,,
2004-10-24,Porto,Penafiel,2.0,0.0,1.2,5.0,11.0,,,,,,,,
2004-10-30,Nacional,Porto,2.0,2.0,4.33,3.25,1.72,,,,,,,,
2004-10-30,Penafiel,Sp Lisbon,0.0,3.0,4.33,3.25,1.72,,,,,,,,
2004-10-31,Belenenses,Boavista,1.0,2.0,2.2,3.2,2.8,,,,,,,,
2004-10-31,Estoril,Beira Mar,5.0,0.0,2.25,3.2,2.75,,,,,,,,
2004-10-31,Gil Vicente,Benfica,1.0,1.0,5.5,3.5,1.5,,,,,,,,
2004-10-31,Leiria,Moreirense,0.0,0.0,1.72,3.4,4.0,,,,,,,,
2004-10-31,Rio Ave,Academica,3.0,1.0,1.8,3.2,4.0,,,,,,,,
2004-11-01,Maritimo,Sp Braga,2.0,0.0,1.9,3.2,3.5,,,,,,,,
2004-11-01,Setubal,Guimaraes,1.0,0.0,1.8,3.2,4.0,,,,,,,,
2004-11-05,Beira Mar,Belenenses,3.0,3.0,2.1,3.2,3.0,,,,,,,,
2004-11-06,Boavista,Penafiel,2.0,1.0,1.44,3.75,6.0,,,,,,,,
2004-11-06,Guimaraes,Maritimo,1.0,1.0,2.37,3.1,2.62,,,,,,,,
2004-11-07,Academica,Leiria,0.0,1.0,2.1,3.2,3.0,,,,,,,,
2004-11-07,Benfica,Setubal,4.0,0.0,1.4,3.75,7.0,,,,,,,,
2004-11-07,Moreirense,Estoril,1.0,2.0,2.0,3.2,3.2,,,,,,,,
2004-11-07,Nacional,Gil Vicente,0.0,0.0,1.57,3.5,5.0,,,,,,,,
2004-11-07,Sp Braga,Rio Ave,3.0,0.0,1.9,3.2,3.5,,,,,,,,
2004-11-08,Porto,Sp Lisbon,3.0,0.0,1.72,3.2,4.33,,,,,,,,
2004-11-12,Estoril,Academica,0.0,1.0,1.83,3.25,3.6,,,,,,,,
2004-11-13,Belenenses,Moreirense,3.0,0.0,1.61,3.5,4.5,,,,,,,,
2004-11-13,Gil Vicente,Porto,0.0,2.0,5.0,3.5,1.57,,,,,,,,
2004-11-13,Maritimo,Benfica,1.0,1.0,3.0,3.25,2.1,,,,,,,,
2004-11-13,Penafiel,Beira Mar,2.0,1.0,2.25,3.2,2.75,,,,,,,,
2004-11-13,Setubal,Nacional,1.0,0.0,1.8,3.4,3.75,,,,,,,,
2004-11-14,Leiria,Sp Braga,0.0,0.0,2.25,3.2,2.75,,,,,,,,
2004-11-14,Sp Lisbon,Boavista,6.0,1.0,1.61,3.5,4.5,,,,,,,,
2004-11-15,Rio Ave,Guimaraes,1.0,1.0,1.8,3.4,3.75,,,,,,,,
2004-11-19,Nacional,Maritimo,1.0,1.0,2.4,3.0,2.7,,,,,,,,
2004-11-20,Beira Mar,Sp Lisbon,2.0,2.0,3.4,3.25,1.9,,,,,,,,
2004-11-20,Porto,Boavista,0.0,1.0,1.5,3.6,5.5,,,,,,,,
2004-11-21,Benfica,Rio Ave,3.0,3.0,1.33,4.33,7.0,,,,,,,,
2004-11-21,Gil Vicente,Setubal,2.0,1.0,2.7,3.0,2.4,,,,,,,,
2004-11-21,Guimaraes,Leiria,1.0,1.0,2.2,3.0,3.0,,,,,,,,
2004-11-21,Moreirense,Penafiel,2.0,2.0,2.0,3.2,3.2,,,,,,,,
2004-11-21,Sp Braga,Estoril,2.0,0.0,1.72,3.4,4.0,,,,,,,,
2004-11-22,Academica,Belenenses,1.0,1.0,2.2,3.0,3.0,,,,,,,,
2004-11-26,Boavista,Beira Mar,3.0,0.0,1.5,3.6,5.5,,,,,,,,
2004-11-27,Belenenses,Sp Braga,1.0,2.0,2.1,3.1,3.1,,,,,,,,
2004-11-28,Estoril,Guimaraes,0.0,1.0,1.9,3.25,3.4,,,,,,,,
2004-11-28,Leiria,Benfica,1.0,0.0,3.8,3.25,1.8,,,,,,,,
2004-11-28,Maritimo,Gil Vicente,1.0,1.0,1.5,3.6,5.5,,,,,,,,
2004-11-28,Penafiel,Academica,3.0,1.0,2.0,3.2,3.2,,,,,,,,
2004-11-28,Rio Ave,Nacional,4.0,1.0,1.83,3.1,4.0,,,,,,,,
2004-11-28,Sp Lisbon,Moreirense,4.0,1.0,1.25,5.0,8.0,,,,,,,,
2004-11-29,Setubal,Porto,0.0,1.0,3.2,3.2,2.0,,,,,,,,
2004-12-03,Porto,Beira Mar,0.0,1.0,1.25,5.0,8.0,,,,,,,,
2004-12-04,Guimaraes,Belenenses,1.0,0.0,2.0,3.2,3.2,,,,,,,,
2004-12-04,Nacional,Leiria,0.0,3.0,2.1,3.2,3.0,,,,,,,,
2004-12-05,Academica,Sp Lisbon,2.0,3.0,3.4,3.25,1.9,,,,,,,,
2004-12-05,Gil Vicente,Rio Ave,3.0,1.0,2.5,3.0,2.62,,,,,,,,
2004-12-05,Moreirense,Boavista,1.0,1.0,4.0,3.2,1.8,,,,,,,,
2004-12-05,Setubal,Maritimo,2.0,0.0,2.1,3.1,3.1,,,,,,,,
2004-12-05,Sp Braga,Penafiel,0.0,1.0,1.57,3.5,5.0,,,,,,,,
2004-12-06,Benfica,Estoril,2.0,1.0,1.28,4.5,8.0,,,,,,,,
2004-12-10,Boavista,Academica,1.0,0.0,1.28,4.5,8.0,,,,,,,,
2004-12-11,Rio Ave,Setubal,1.0,0.0,2.1,3.2,3.0,,,,,,,,
2004-12-11,Sp Lisbon,Sp Braga,0.0,0.0,1.5,3.6,5.5,,,,,,,,
2004-12-12,Beira Mar,Moreirense,1.0,3.0,1.66,3.4,4.33,,,,,,,,
2004-12-12,Belenenses,Benfica,4.0,1.0,3.6,3.25,1.83,,,,,,,,
2004-12-12,Estoril,Nacional,2.0,0.0,2.0,3.2,3.2,,,,,,,,
2004-12-12,Leiria,Gil Vicente,1.0,1.0,1.61,3.25,5.0,,,,,,,,
2004-12-12,Penafiel,Guimaraes,1.0,3.0,2.1,3.2,3.0,,,,,,,,
2004-12-17,Porto,Moreirense,1.0,0.0,1.2,5.0,11.0,,,,,,,,
2004-12-18,Benfica,Penafiel,1.0,0.0,1.3,4.33,8.0,,,,,,,,
2004-12-18,Sp Braga,Boavista,3.0,0.0,2.37,3.1,2.62,,,,,,,,
2004-12-19,Academica,Beira Mar,1.0,1.0,2.0,3.2,3.2,,,,,,,,
2004-12-19,Gil Vicente,Estoril,2.0,0.0,1.8,3.3,3.75,,,,,,,,
2004-12-19,Maritimo,Rio Ave,1.0,1.0,1.8,3.2,4.0,,,,,,,,
2004-12-19,Nacional,Belenenses,2.0,0.0,2.1,3.0,3.2,,,,,,,,
2004-12-19,Setubal,Leiria,1.0,1.0,2.0,3.1,3.3,,,,,,,,
2004-12-20,Guimaraes,Sp Lisbon,2.0,4.0,3.3,3.1,2.0,,,,,,,,
2004-12-22,Maritimo,Porto,1.0,1.0,3.2,3.2,2.0,,,,,,,,
2005-01-07,Estoril,Setubal,2.0,1.0,2.3,3.1,2.7,,,,,,,,
2005-01-08,Boavista,Guimaraes,2.0,1.0,1.57,3.25,5.5,,,,,,,,
2005-01-08,Sp Lisbon,Benfica,2.0,1.0,2.2,3.0,3.0,,,,,,,,
2005-01-09,Beira Mar,Sp Braga,1.0,4.0,2.5,3.1,2.5,,,,,,,,
2005-01-09,Belenenses,Gil Vicente,0.0,1.0,1.9,3.0,3.75,,,,,,,,
2005-01-09,Leiria,Maritimo,0.0,0.0,2.0,3.0,3.4,,,,,,,,
2005-01-09,Moreirense,Academica,1.0,0.0,2.0,3.0,3.4,,,,,,,,
2005-01-09,Penafiel,Nacional,0.0,1.0,1.9,3.0,3.75,,,,,,,,
2005-01-09,Porto,Rio Ave,1.0,1.0,1.3,4.33,8.0,,,,,,,,
2005-01-15,Academica,Porto,0.0,0.0,5.5,3.4,1.53,,,,,,,,
2005-01-15,Guimaraes,Beira Mar,1.0,0.0,1.72,3.2,4.33,,,,,,,,
2005-01-16,Benfica,Boavista,4.0,0.0,1.83,3.0,4.0,,,,,,,,
2005-01-16,Gil Vicente,Penafiel,0.0,1.0,1.8,3.1,4.0,,,,,,,,
2005-01-16,Maritimo,Estoril,2.0,1.0,1.72,3.1,4.5,,,,,,,,
2005-01-16,Nacional,Sp Lisbon,3.0,2.0,3.75,3.25,1.8,,,,,,,,
2005-01-16,Rio Ave,Leiria,2.0,0.0,2.2,3.2,2.8,,,,,,,,
2005-01-16,Sp Braga,Moreirense,0.0,0.0,1.5,3.4,6.0,,,,,,,,
2005-01-17,Setubal,Belenenses,1.0,2.0,1.72,3.1,4.5,,,,,,,,
2005-01-21,Sp Braga,Academica,2.0,0.0,1.4,3.75,7.0,,,,,,,,
2005-01-22,Benfica,Beira Mar,0.0,2.0,1.22,5.0,9.0,,,,,,,,
2005-01-22,Guimaraes,Moreirense,0.0,0.0,1.66,3.4,4.33,,,,,,,,
2005-01-22,Nacional,Boavista,0.0,2.0,2.5,3.2,2.5,,,,,,,,
2005-01-22,Setubal,Penafiel,4.0,0.0,1.72,3.25,4.2,,,,,,,,
2005-01-23,Gil Vicente,Sp Lisbon,0.0,3.0,3.6,3.25,1.83,,,,,,,,
2005-01-23,Leiria,Porto,0.0,1.0,3.6,3.25,1.83,,,,,,,,
2005-01-23,Maritimo,Belenenses,0.0,0.0,1.72,3.4,4.0,,,,,,,,
2005-01-23,Rio Ave,Estoril,2.0,1.0,1.66,3.4,4.33,,,,,,,,
2005-01-29,Academica,Guimaraes,0.0,2.0,2.39,3.2,2.6,,,,,,,,
2005-01-29,Moreirense,Benfica,1.0,2.0,4.5,3.39,1.66,,,,,,,,
2005-01-30,Beira Mar,Nacional,0.0,3.0,2.25,3.1,2.79,,,,,,,,
2005-01-30,Belenenses,Rio Ave,2.0,1.0,1.83,3.2,3.75,,,,,,,,
2005-01-30,Boavista,Gil Vicente,2.0,2.0,1.5,3.6,5.5,,,,,,,,
2005-01-30,Estoril,Leiria,1.0,1.0,2.37,3.1,2.62,,,,,,,,
2005-01-30,Penafiel,Maritimo,0.0,1.0,2.37,3.1,2.62,,,,,,,,
2005-01-30,Porto,Sp Braga,1.0,3.0,1.5,3.6,5.5,,,,,,,,
2005-01-31,Sp Lisbon,Setubal,1.0,1.0,1.36,4.0,7.0,,,,,,,,
2005-02-04,Guimaraes,Sp Braga,1.0,0.0,2.5,3.2,2.5,,,,,,,,
2005-02-05,Estoril,Porto,1.0,2.0,4.33,3.4,1.66,,,,,,,,
2005-02-05,Leiria,Belenenses,1.0,0.0,2.0,3.2,3.2,,,,,,,,
2005-02-05,Rio Ave,Penafiel,1.0,0.0,1.66,3.4,4.33,,,,,,,,
2005-02-06,Benfica,Academica,3.0,0.0,1.2,5.5,11.0,,,,,,,,
2005-02-06,Gil Vicente,Beira Mar,2.0,0.0,1.9,3.25,3.5,,,,,,,,
2005-02-06,Maritimo,Sp Lisbon,3.0,0.0,3.0,3.0,2.2,,,,,,,,
2005-02-06,Nacional,Moreirense,4.0,1.0,1.8,3.25,4.0,,,,,,,,
2005-02-07,Setubal,Boavista,0.0,0.0,2.4,3.2,2.6,,,,,,,,
2005-02-11,Belenenses,Estoril,3.0,0.0,1.72,3.4,4.0,,,,,,,,
2005-02-12,Sp Braga,Benfica,0.0,0.0,2.5,3.1,2.5,,,,,,,,
2005-02-13,Academica,Nacional,1.0,0.0,2.5,3.1,2.5,,,,,,,,
2005-02-13,Beira Mar,Setubal,1.0,1.0,2.37,3.1,2.62,,,,,,,,
2005-02-13,Boavista,Maritimo,3.0,2.0,1.8,3.2,4.0,,,,,,,,
2005-02-13,Moreirense,Gil Vicente,1.0,0.0,2.2,3.2,2.8,,,,,,,,
2005-02-13,Penafiel,Leiria,3.0,0.0,2.3,3.1,2.7,,,,,,,,
2005-02-13,Porto,Guimaraes,0.0,0.0,1.36,4.0,7.0,,,,,,,,
2005-02-13,Sp Lisbon,Rio Ave,5.0,0.0,1.44,3.75,6.0,,,,,,,,
2005-02-18,Belenenses,Porto,0.0,1.0,3.2,3.2,2.0,,,,,,,,
2005-02-18,Nacional,Sp Braga,1.0,0.0,2.37,3.1,2.62,,,,,,,,
2005-02-19,Estoril,Penafiel,3.0,2.0,2.2,3.1,2.87,,,,,,,,
2005-02-19,Gil Vicente,Academica,0.0,1.0,1.57,3.5,5.0,,,,,,,,
2005-02-19,Leiria,Sp Lisbon,0.0,0.0,3.5,3.2,1.9,,,,,,,,
2005-02-19,Maritimo,Beira Mar,0.0,0.0,1.5,3.6,5.5,,,,,,,,
2005-02-19,Rio Ave,Boavista,2.0,2.0,2.37,3.1,2.62,,,,,,,,
2005-02-19,Setubal,Moreirense,2.0,2.0,1.66,3.25,4.5,,,,,,,,
2005-02-21,Benfica,Guimaraes,2.0,1.0,1.44,3.75,6.0,,,,,,,,
2005-02-25,Sp Braga,Gil Vicente,2.0,1.0,1.57,3.5,5.0,,,,,,,,
2005-02-26,Boavista,Leiria,0.0,0.0,1.57,3.5,5.0,,,,,,,,
2005-02-26,Penafiel,Belenenses,0.0,0.0,2.25,3.2,2.75,,,,,,,,
2005-02-27,Academica,Setubal,3.0,3.0,2.25,3.2,2.75,,,,,,,,
2005-02-27,Beira Mar,Rio Ave,0.0,0.0,2.5,3.0,2.62,,,,,,,,
2005-02-27,Guimaraes,Nacional,1.0,1.0,1.83,3.25,3.6,,,,,,,,
2005-02-27,Moreirense,Maritimo,1.0,0.0,2.37,3.2,2.6,,,,,,,,
2005-02-28,Porto,Benfica,1.0,1.0,1.9,3.1,3.6,,,,,,,,
2005-02-28,Sp Lisbon,Estoril,4.0,0.0,1.28,4.5,8.0,,,,,,,,
2005-03-04,Gil Vicente,Guimaraes,1.0,3.0,2.25,3.2,2.75,,,,,,,,
2005-03-05,Estoril,Boavista,3.0,3.0,2.8,3.2,2.2,,,,,,,,
2005-03-05,Penafiel,Porto,1.0,2.0,4.0,3.4,1.72,,,,,,,,
2005-03-06,Belenenses,Sp Lisbon,1.0,0.0,3.2,3.2,2.0,,,,,,,,
2005-03-06,Leiria,Beira Mar,5.0,1.0,1.72,3.4,4.0,,,,,,,,
2005-03-06,Maritimo,Academica,1.0,1.0,1.53,3.4,5.5,,,,,,,,
2005-03-06,Nacional,Benfica,0.0,1.0,3.2,3.2,2.0,,,,,,,,
2005-03-06,Rio Ave,Moreirense,1.0,0.0,1.66,3.3,4.5,,,,,,,,
2005-03-07,Setubal,Sp Braga,1.0,4.0,2.25,3.2,2.75,,,,,,,,
2005-03-11,Porto,Nacional,0.0,4.0,1.3,4.33,8.5,,,,,,,,
2005-03-12,Benfica,Gil Vicente,2.0,0.0,1.28,4.5,8.5,,,,,,,,
2005-03-12,Sp Braga,Maritimo,1.0,1.0,1.72,3.2,4.33,,,,,,,,
2005-03-13,Academica,Rio Ave,0.0,0.0,2.4,3.0,2.62,,,,,,,,
2005-03-13,Beira Mar,Estoril,2.0,1.0,2.1,3.2,3.0,,,,,,,,
2005-03-13,Guimaraes,Setubal,3.0,1.0,1.9,3.2,3.5,,,,,,,,
2005-03-13,Moreirense,Leiria,0.0,0.0,2.1,3.2,3.0,,,,,,,,
2005-03-13,Sp Lisbon,Penafiel,0.0,2.0,1.25,4.5,10.0,,,,,,,,
2005-03-14,Boavista,Belenenses,2.0,0.0,1.57,3.5,5.0,,,,,,,,
2005-03-18,Maritimo,Guimaraes,1.0,2.0,1.9,3.2,3.5,,,,,,,,
2005-03-19,Penafiel,Boavista,1.0,1.0,2.8,3.2,2.2,,,,,,,,
2005-03-19,Setubal,Benfica,0.0,2.0,3.75,3.2,1.83,,,,,,,,
2005-03-20,Belenenses,Beira Mar,2.0,0.0,1.72,3.4,4.0,,,,,,,,
2005-03-20,Estoril,Moreirense,2.0,0.0,2.0,3.2,3.2,,,,,,,,
2005-03-20,Gil Vicente,Nacional,3.0,2.0,2.3,3.2,2.7,,,,,,,,
2005-03-20,Leiria,Academica,1.0,2.0,1.66,3.4,4.33,,,,,,,,
2005-03-20,Rio Ave,Sp Braga,1.0,1.0,2.25,3.2,2.75,,,,,,,,
2005-03-21,Sp Lisbon,Porto,2.0,0.0,2.3,3.1,2.8,,,,,,,,
2005-04-01,Guimaraes,Rio Ave,0.0,0.0,1.72,3.25,4.2,,,,,,,,
2005-04-02,Boavista,Sp Lisbon,0.0,4.0,2.5,3.1,2.5,,,,,,,,
2005-04-03,Academica,Estoril,1.0,0.0,1.8,3.2,4.0,,,,,,,,
2005-04-03,Beira Mar,Penafiel,1.0,3.0,2.2,3.2,2.8,,,,,,,,
2005-04-03,Benfica,Maritimo,4.0,3.0,1.4,3.75,7.0,,,,,,,,
2005-04-03,Moreirense,Belenenses,0.0,1.0,2.1,3.1,3.1,,,,,,,,
2005-04-03,Nacional,Setubal,1.0,3.0,1.72,3.25,4.2,,,,,,,,
2005-04-03,Porto,Gil Vicente,1.0,0.0,1.28,4.5,8.0,,,,,,,,
2005-04-04,Sp Braga,Leiria,1.0,0.0,1.66,3.4,4.33,,,,,,,,
2005-04-08,Maritimo,Nacional,2.0,1.0,1.9,3.2,3.5,,,,,,,,
2005-04-09,Boavista,Porto,1.0,0.0,2.62,3.1,2.37,,,,,,,,
2005-04-10,Leiria,Guimaraes,0.0,1.0,2.37,3.1,2.62,,,,,,,,
2005-04-10,Penafiel,Moreirense,1.0,0.0,1.8,3.2,4.0,,,,,,,,
2005-04-10,Rio Ave,Benfica,1.0,0.0,3.2,3.2,2.0,,,,,,,,
2005-04-10,Setubal,Gil Vicente,0.0,0.0,1.8,3.2,4.0,,,,,,,,
2005-04-10,Sp Lisbon,Beira Mar,1.0,0.0,1.2,5.5,9.5,,,,,,,,
2005-04-11,Belenenses,Academica,0.0,0.0,1.72,3.4,4.0,,,,,,,,
2005-04-11,Estoril,Sp Braga,0.0,1.0,2.75,3.2,2.25,,,,,,,,
2005-04-15,Beira Mar,Boavista,1.0,0.0,3.2,3.2,2.0,,,,,,,,
2005-04-16,Benfica,Leiria,1.0,1.0,1.3,4.33,8.0,,,,,,,,
2005-04-16,Porto,Setubal,2.0,1.0,1.4,4.0,6.5,,,,,,,,
2005-04-17,Academica,Penafiel,4.0,1.0,1.9,3.2,3.5,,,,,,,,
2005-04-17,Gil Vicente,Maritimo,1.0,0.0,2.1,3.2,3.0,,,,,,,,
2005-04-17,Guimaraes,Estoril,1.0,0.0,1.5,3.6,5.5,,,,,,,,
2005-04-17,Nacional,Rio Ave,0.0,0.0,2.1,3.2,3.0,,,,,,,,
2005-04-17,Sp Braga,Belenenses,2.0,0.0,1.61,3.5,4.5,,,,,,,,
2005-04-18,Moreirense,Sp Lisbon,1.0,3.0,4.0,3.4,1.72,,,,,,,,
2005-04-22,Belenenses,Guimaraes,1.0,0.0,2.25,3.2,2.75,,,,,,,,
2005-04-23,Boavista,Moreirense,1.0,1.0,1.4,3.75,7.0,,,,,,,,
2005-04-23,Sp Lisbon,Academica,0.0,0.0,1.28,4.5,8.0,,,,,,,,
2005-04-24,Beira Mar,Porto,0.0,1.0,4.5,3.5,1.61,,,,,,,,
2005-04-24,Estoril,Benfica,1.0,2.0,5.5,3.6,1.5,,,,,,,,
2005-04-24,Leiria,Nacional,1.0,0.0,2.0,3.2,3.2,,,,,,,,
2005-04-24,Maritimo,Setubal,3.0,1.0,1.83,3.2,3.75,,,,,,,,
2005-04-24,Rio Ave,Gil Vicente,0.0,1.0,1.72,3.4,4.0,,,,,,,,
2005-04-25,Penafiel,Sp Braga,1.0,0.0,2.75,3.2,2.25,,,,,,,,
2005-04-29,Academica,Boavista,1.0,0.0,2.62,3.1,2.37,,,,,,,,
2005-04-30,Benfica,Belenenses,1.0,0.0,1.33,4.33,7.0,,,,,,,,
2005-04-30,Gil Vicente,Leiria,1.0,1.0,1.9,3.2,3.5,,,,,,,,
2005-04-30,Moreirense,Beira Mar,0.0,0.0,2.0,3.2,3.2,,,,,,,,
2005-04-30,Nacional,Estoril,4.0,1.0,1.57,3.5,5.0,,,,,,,,
2005-04-30,Porto,Maritimo,1.0,0.0,1.36,4.0,7.0,,,,,,,,
2005-04-30,Setubal,Rio Ave,2.0,0.0,2.1,3.2,3.0,,,,,,,,
2005-05-01,Sp Braga,Sp Lisbon,0.0,3.0,2.6,3.0,2.5,,,,,,,,
2005-05-02,Guimaraes,Penafiel,2.0,1.0,1.61,3.5,4.5,,,,,,,,
2005-05-06,Belenenses,Nacional,1.0,0.0,1.8,3.4,3.6,,,,,,,,
2005-05-07,Boavista,Sp Braga,1.0,2.0,2.1,3.2,3.0,,,,,,,,
2005-05-07,Penafiel,Benfica,1.0,0.0,5.5,3.6,1.5,,,,,,,,
2005-05-08,Beira Mar,Academica,0.0,0.0,2.37,3.2,2.62,,,,,,,,
2005-05-08,Estoril,Gil Vicente,2.0,0.0,2.5,3.1,2.5,,,,,,,,
2005-05-08,Leiria,Setubal,0.0,2.0,2.0,3.2,3.2,,,,,,,,
2005-05-08,Moreirense,Porto,1.0,1.0,5.5,3.6,1.5,,,,,,,,
2005-05-08,Rio Ave,Maritimo,0.0,0.0,1.9,3.25,3.4,,,,,,,,
2005-05-09,Sp Lisbon,Guimaraes,1.0,0.0,1.4,3.75,7.0,,,,,,,,
2005-05-14,Academica,Moreirense,0.0,4.0,1.72,3.4,4.0,,,,,,,,
2005-05-14,Benfica,Sp Lisbon,1.0,0.0,2.1,3.1,3.1,,,,,,,,
2005-05-14,Gil Vicente,Belenenses,1.0,0.0,1.9,3.2,3.5,,,,,,,,
2005-05-14,Guimaraes,Boavista,2.0,0.0,2.1,3.1,3.1,,,,,,,,
2005-05-14,Maritimo,Leiria,2.0,0.0,1.83,3.2,3.75,,,,,,,,
2005-05-14,Nacional,Penafiel,1.0,3.0,1.83,3.2,3.75,,,,,,,,
2005-05-14,Rio Ave,Porto,0.0,2.0,5.0,3.5,1.57,,,,,,,,
2005-05-14,Setubal,Estoril,2.0,2.0,2.0,3.4,3.0,,,,,,,,
2005-05-14,Sp Braga,Beira Mar,1.0,1.0,1.28,4.5,8.0,,,,,,,,
2005-05-22,Beira Mar,Guimaraes,2.0,2.0,2.87,3.0,2.25,,,,,,,,
2005-05-22,Belenenses,Setubal,0.0,0.0,1.9,3.4,3.25,,,,,,,,
2005-05-22,Boavista,Benfica,1.0,1.0,4.5,2.75,1.9,,,,,,,,
2005-05-22,Estoril,Maritimo,0.0,1.0,2.5,3.2,2.4,,,,,,,,
2005-05-22,Leiria,Rio Ave,0.0,3.0,2.1,3.0,3.2,,,,,,,,
2005-05-22,Moreirense,Sp Braga,2.0,1.0,3.2,3.2,2.0,,,,,,,,
2005-05-22,Penafiel,Gil Vicente,1.0,3.0,1.8,3.25,3.75,,,,,,,,
2005-05-22,Porto,Academica,1.0,1.0,1.2,5.5,9.0,,,,,,,,
2005-05-22,Sp Lisbon,Nacional,2.0,4.0,1.16,5.5,11.0,,,,,,,,
2005-08-19,Sp Lisbon,Belenenses,2.0,1.0,1.36,4.2,9.0,1.82,1.85,,,,,,
2005-08-20,Academica,Benfica,0.0,0.0,5.0,3.3,1.72,1.94,1.73,,,,,,
2005-08-20,Boavista,Setubal,0.0,0.0,1.57,3.5,5.0,2.01,1.66,,,,,,
2005-08-21,Gil Vicente,Maritimo,1.0,0.0,2.1,3.2,3.0,2.02,1.67,,,,,,
2005-08-21,Guimaraes,Naval,0.0,2.0,1.53,3.4,5.5,1.91,1.79,,,,,,
2005-08-21,Pacos Ferreira,Nacional,0.0,1.0,2.2,3.0,3.0,1.95,1.72,,,,,,
2005-08-21,Penafiel,Rio Ave,0.0,2.0,2.0,3.1,3.3,1.97,1.7,,,,,,
2005-08-21,Porto,Est Amadora,1.0,0.0,1.16,5.5,11.0,1.75,1.92,,,,,,
2005-08-22,Leiria,Sp Braga,0.0,1.0,2.62,3.1,2.37,2.0,1.66,,,,,,
2005-08-26,Naval,Porto,2.0,3.0,5.5,3.5,1.53,1.95,1.75,,,,,,
2005-08-27,Belenenses,Leiria,3.0,1.0,1.72,3.3,4.33,1.99,1.72,,,,,,
2005-08-27,Benfica,Gil Vicente,0.0,2.0,1.25,5.0,8.5,1.88,1.81,,,,,,
2005-08-28,Maritimo,Sp Lisbon,1.0,2.0,3.1,3.2,2.1,1.95,1.75,,,,,,
2005-08-28,Nacional,Academica,2.0,2.0,1.9,3.2,3.6,2.02,1.69,,,,,,
2005-08-28,Rio Ave,Guimaraes,3.0,1.0,2.1,3.2,3.1,2.09,1.61,,,,,,
2005-08-28,Setubal,Pacos Ferreira,0.0,1.0,1.72,3.2,4.5,1.97,1.69,,,,,,
2005-08-28,Sp Braga,Penafiel,1.0,0.0,1.53,3.5,5.5,1.95,1.75,,,,,,
2005-08-29,Est Amadora,Boavista,1.0,1.0,3.2,3.2,2.1,1.98,1.67,,,,,,
2005-09-09,Guimaraes,Sp Braga,0.0,2.0,2.37,3.2,2.6,2.13,1.58,,,,,,
2005-09-10,Porto,Rio Ave,3.0,0.0,1.3,4.33,8.0,1.87,1.83,,,,,,
2005-09-10,Sp Lisbon,Benfica,2.0,1.0,2.2,3.1,2.87,1.95,1.72,,,,,,
2005-09-11,Academica,Setubal,0.0,1.0,2.0,3.2,3.2,2.02,1.65,,,,,,
2005-09-11,Boavista,Pacos Ferreira,4.0,1.0,1.5,3.5,6.0,2.0,1.7,,,,,,
2005-09-11,Est Amadora,Naval,2.0,1.0,2.1,3.1,3.1,2.0,1.66,,,,,,
2005-09-11,Gil Vicente,Nacional,0.0,1.0,1.9,3.1,3.6,1.97,1.68,,,,,,
2005-09-11,Leiria,Maritimo,0.0,0.0,2.1,3.1,3.1,2.09,1.61,,,,,,
2005-09-12,Penafiel,Belenenses,0.0,3.0,2.2,3.1,2.87,2.02,1.67,,,,,,
2005-09-16,Naval,Boavista,2.0,2.0,2.75,3.25,2.25,2.04,1.67,,,,,,
2005-09-18,Benfica,Leiria,4.0,0.0,1.28,4.5,8.5,1.88,1.83,,,,,,
2005-09-18,Maritimo,Penafiel,2.0,2.0,1.66,3.4,4.5,1.99,1.69,,,,,,
2005-09-18,Pacos Ferreira,Academica,2.0,1.0,2.1,3.2,3.1,2.02,1.67,,,,,,
2005-09-18,Rio Ave,Est Amadora,2.0,1.0,1.61,3.4,5.0,1.99,1.73,,,,,,
2005-09-18,Setubal,Gil Vicente,1.0,0.0,2.0,3.1,3.4,2.09,1.63,,,,,,
2005-09-18,Sp Braga,Porto,0.0,0.0,2.87,3.2,2.2,2.0,1.67,,,,,,
2005-09-19,Belenenses,Guimaraes,3.0,1.0,1.72,3.25,4.33,2.01,1.7,,,,,,
2005-09-19,Nacional,Sp Lisbon,2.0,1.0,3.75,3.3,1.83,1.94,1.76,,,,,,
2005-09-23,Penafiel,Benfica,1.0,3.0,3.75,3.3,1.8,1.98,1.72,,,,,,
2005-09-24,Guimaraes,Maritimo,1.0,0.0,2.2,3.2,2.8,2.07,1.62,,,,,,
2005-09-24,Porto,Belenenses,2.0,0.0,1.28,4.5,8.0,1.77,1.89,,,,,,
2005-09-25,Est Amadora,Sp Braga,0.0,0.0,2.8,3.2,2.2,2.05,1.65,,,,,,
2005-09-25,Gil Vicente,Pacos Ferreira,2.0,0.0,1.8,3.3,3.75,2.0,1.69,,,,,,
2005-09-25,Leiria,Nacional,0.0,0.0,2.5,3.1,2.5,2.06,1.63,,,,,,
2005-09-25,Naval,Rio Ave,1.0,0.0,2.4,3.2,2.5,1.98,1.73,,,,,,
2005-09-25,Sp Lisbon,Setubal,1.0,0.0,1.3,4.33,8.0,1.8,1.86,,,,,,
2005-09-26,Boavista,Academica,2.0,1.0,1.57,3.5,5.0,1.98,1.72,,,,,,
2005-09-30,Belenenses,Est Amadora,0.0,2.0,1.53,3.5,5.5,1.88,1.83,,,,,,
2005-10-01,Rio Ave,Boavista,1.0,1.0,2.5,3.0,2.62,1.96,1.75,,,,,,
2005-10-02,Academica,Gil Vicente,2.0,0.0,2.3,3.2,2.7,2.06,1.64,,,,,,
2005-10-02,Maritimo,Porto,2.0,2.0,4.33,3.25,1.72,1.95,1.77,,,,,,
2005-10-02,Nacional,Penafiel,2.0,0.0,1.61,3.4,5.0,1.84,1.87,,,,,,
2005-10-02,Pacos Ferreira,Sp Lisbon,3.0,0.0,4.0,3.25,1.8,1.89,1.83,,,,,,
2005-10-02,Setubal,Leiria,2.0,0.0,1.8,3.25,4.0,2.08,1.62,,,,,,
2005-10-03,Benfica,Guimaraes,2.0,1.0,1.4,3.75,7.5,1.8,1.86,,,,,,
2005-10-04,Sp Braga,Naval,1.0,0.0,1.44,3.75,6.5,1.95,1.71,,,,,,
2005-10-14,Rio Ave,Sp Braga,1.0,2.0,2.4,3.2,2.62,2.21,1.56,,,,,,
2005-10-15,Guimaraes,Nacional,0.0,0.0,2.0,3.2,3.4,2.17,1.57,,,,,,
2005-10-15,Porto,Benfica,0.0,2.0,1.9,3.25,3.6,1.96,1.71,,,,,,
2005-10-16,Est Amadora,Maritimo,2.0,2.0,2.1,3.2,3.2,2.06,1.63,,,,,,
2005-10-16,Leiria,Pacos Ferreira,3.0,0.0,2.25,3.25,2.8,2.07,1.63,,,,,,
2005-10-16,Naval,Belenenses,2.0,1.0,2.3,3.2,2.8,1.96,1.71,,,,,,
2005-10-16,Penafiel,Setubal,0.0,1.0,2.5,3.25,2.5,2.02,1.67,,,,,,
2005-10-16,Sp Lisbon,Academica,0.0,1.0,1.3,4.5,8.5,1.79,1.88,,,,,,
2005-10-17,Boavista,Gil Vicente,2.0,0.0,1.61,3.5,5.0,2.05,1.66,,,,,,
2005-10-21,Belenenses,Rio Ave,1.0,2.0,2.0,3.2,3.2,1.98,1.72,,,,,,
2005-10-22,Benfica,Est Amadora,2.0,0.0,1.28,4.33,8.5,1.78,1.92,,,,,,
2005-10-22,Sp Braga,Boavista,1.0,0.0,1.9,3.25,3.4,2.09,1.62,,,,,,
2005-10-23,Academica,Leiria,1.0,3.0,1.9,3.25,3.4,2.05,1.64,,,,,,
2005-10-23,Gil Vicente,Sp Lisbon,2.0,2.0,3.2,3.2,2.0,1.98,1.7,,,,,,
2005-10-23,Maritimo,Naval,2.0,1.0,1.9,3.25,3.4,1.94,1.73,,,,,,
2005-10-23,Nacional,Porto,0.0,1.0,3.0,3.2,2.1,1.96,1.75,,,,,,
2005-10-23,Pacos Ferreira,Penafiel,2.0,2.0,1.72,3.4,4.0,1.94,1.73,,,,,,
2005-10-23,Setubal,Guimaraes,0.0,1.0,1.9,3.25,3.4,2.07,1.63,,,,,,
2005-10-29,Naval,Benfica,1.0,1.0,4.33,3.4,1.72,1.91,1.79,,,,,,
2005-10-29,Porto,Setubal,0.0,0.0,1.33,4.33,8.0,1.99,1.73,,,,,,
2005-10-30,Boavista,Sp Lisbon,2.0,2.0,2.5,3.1,2.6,1.93,1.73,,,,,,
2005-10-30,Est Amadora,Nacional,0.0,2.0,2.5,3.1,2.6,2.12,1.59,,,,,,
2005-10-30,Guimaraes,Pacos Ferreira,0.0,2.0,1.8,3.2,4.2,2.01,1.67,,,,,,
2005-10-30,Leiria,Gil Vicente,3.0,0.0,2.0,3.2,3.4,2.1,1.61,,,,,,
2005-10-30,Penafiel,Academica,1.0,0.0,2.4,3.1,2.7,1.99,1.68,,,,,,
2005-10-30,Rio Ave,Maritimo,2.0,2.0,1.72,3.25,4.5,1.99,1.68,,,,,,
2005-10-31,Sp Braga,Belenenses,2.0,0.0,1.53,3.5,6.0,2.03,1.66,,,,,,
2005-11-04,Sp Lisbon,Leiria,2.0,1.0,1.44,3.75,6.5,1.8,1.89,,,,,,
2005-11-05,Belenenses,Boavista,1.0,1.0,2.5,3.2,2.5,2.0,1.68,,,,,,
2005-11-05,Maritimo,Sp Braga,1.0,0.0,2.75,3.2,2.25,2.05,1.63,,,,,,
2005-11-06,Benfica,Rio Ave,2.0,2.0,1.36,4.0,7.5,1.83,1.87,,,,,,
2005-11-06,Gil Vicente,Penafiel,2.0,2.0,1.8,3.25,4.0,2.02,1.66,,,,,,
2005-11-06,Nacional,Naval,2.0,0.0,1.66,3.4,4.5,1.97,1.74,,,,,,
2005-11-06,Pacos Ferreira,Porto,0.0,1.0,4.0,3.25,1.8,1.92,1.79,,,,,,
2005-11-06,Setubal,Est Amadora,1.0,0.0,1.66,3.4,4.5,2.13,1.6,,,,,,
2005-11-07,Academica,Guimaraes,1.0,0.0,2.25,3.2,2.75,2.09,1.62,,,,,,
2005-11-18,Guimaraes,Gil Vicente,2.0,0.0,1.9,3.25,3.5,2.14,1.59,,,,,,
2005-11-19,Porto,Academica,5.0,1.0,1.33,4.33,7.5,1.96,1.75,,,,,,
2005-11-19,Sp Braga,Benfica,3.0,2.0,2.25,3.25,2.75,2.15,1.58,,,,,,
2005-11-20,Boavista,Leiria,2.0,0.0,1.57,3.4,5.5,1.91,1.77,,,,,,
2005-11-20,Est Amadora,Pacos Ferreira,0.0,0.0,2.25,3.4,2.62,2.04,1.65,,,,,,
2005-11-20,Naval,Setubal,0.0,3.0,2.37,3.2,2.62,2.1,1.61,,,,,,
2005-11-20,Penafiel,Sp Lisbon,0.0,1.0,4.0,3.4,1.72,1.85,1.86,,,,,,
2005-11-20,Rio Ave,Nacional,0.0,2.0,2.37,3.2,2.62,2.04,1.65,,,,,,
2005-11-21,Belenenses,Maritimo,0.0,1.0,2.2,3.25,2.8,2.0,1.69,,,,,,
2005-11-25,Nacional,Sp Braga,1.0,0.0,2.2,3.25,2.75,2.12,1.59,,,,,,
2005-11-26,Maritimo,Boavista,1.0,1.0,2.25,3.1,2.87,2.01,1.66,,,,,,
2005-11-27,Academica,Est Amadora,1.0,0.0,1.9,3.2,3.6,2.11,1.6,,,,,,
2005-11-27,Benfica,Belenenses,0.0,0.0,1.28,4.5,8.5,1.76,1.96,,,,,,
2005-11-27,Leiria,Penafiel,1.0,1.0,1.72,3.3,4.33,1.94,1.73,,,,,,
2005-11-27,Pacos Ferreira,Naval,3.0,1.0,1.83,3.3,3.75,1.98,1.7,,,,,,
2005-11-27,Setubal,Rio Ave,1.0,0.0,1.83,3.3,3.75,2.06,1.64,,,,,,
2005-11-27,Sp Lisbon,Guimaraes,2.0,0.0,1.4,4.0,6.5,1.82,1.89,,,,,,
2005-11-28,Gil Vicente,Porto,0.0,1.0,4.5,3.4,1.66,2.02,1.71,,,,,,
2005-12-02,Porto,Sp Lisbon,1.0,1.0,1.83,3.25,3.75,2.01,1.7,,,,,,
2005-12-03,Belenenses,Nacional,1.0,0.0,2.75,3.25,2.25,2.16,1.59,,,,,,
2005-12-03,Maritimo,Benfica,0.0,1.0,2.62,3.2,2.37,1.99,1.7,,,,,,
2005-12-04,Boavista,Penafiel,2.0,1.0,1.4,4.0,6.5,1.93,1.78,,,,,,
2005-12-04,Est Amadora,Gil Vicente,1.0,0.0,2.1,3.25,3.0,2.15,1.58,,,,,,
2005-12-04,Naval,Academica,0.0,1.0,2.1,3.25,3.0,2.0,1.68,,,,,,
2005-12-04,Rio Ave,Pacos Ferreira,2.0,2.0,1.9,3.25,3.5,1.97,1.72,,,,,,
2005-12-04,Sp Braga,Setubal,0.0,1.0,1.72,3.4,4.2,2.2,1.55,,,,,,
2005-12-05,Guimaraes,Leiria,0.0,3.0,1.83,3.25,3.75,2.06,1.63,,,,,,
2005-12-09,Sp Lisbon,Est Amadora,0.0,1.0,1.28,4.33,9.5,1.82,1.87,,,,,,
2005-12-10,Leiria,Porto,1.0,3.0,4.5,3.3,1.8,2.01,1.67,,,,,,
2005-12-10,Nacional,Maritimo,2.0,1.0,1.83,3.1,4.0,2.11,1.61,,,,,,
2005-12-11,Academica,Rio Ave,2.0,2.0,2.0,3.25,3.25,2.11,1.61,,,,,,
2005-12-11,Benfica,Boavista,1.0,0.0,1.61,3.4,5.0,1.97,1.71,,,,,,
2005-12-11,Gil Vicente,Naval,2.0,0.0,1.9,3.25,3.5,2.09,1.62,,,,,,
2005-12-11,Pacos Ferreira,Sp Braga,1.0,0.0,2.6,3.2,2.4,2.11,1.6,,,,,,
2005-12-11,Penafiel,Guimaraes,0.0,1.0,2.25,3.2,2.8,2.06,1.64,,,,,,
2005-12-12,Setubal,Belenenses,1.0,0.0,1.66,3.4,4.5,2.1,1.6,,,,,,
2005-12-16,Naval,Sp Lisbon,0.0,2.0,3.75,3.25,1.83,1.97,1.75,,,,,,
2005-12-17,Belenenses,Pacos Ferreira,2.0,0.0,2.2,3.2,2.87,2.03,1.65,,,,,,
2005-12-17,Benfica,Nacional,1.0,0.0,1.66,3.4,4.5,2.03,1.67,,,,,,
2005-12-17,Est Amadora,Leiria,1.0,2.0,2.1,3.25,3.0,2.08,1.63,,,,,,
2005-12-17,Maritimo,Setubal,1.0,0.0,2.37,3.2,2.62,2.16,1.58,,,,,,
2005-12-17,Porto,Penafiel,3.0,1.0,1.16,6.0,11.0,1.69,1.98,,,,,,
2005-12-17,Rio Ave,Gil Vicente,1.0,0.0,1.8,3.25,4.0,1.99,1.72,,,,,,
2005-12-17,Sp Braga,Academica,2.0,0.0,1.61,3.4,5.0,2.14,1.6,,,,,,
2005-12-18,Boavista,Guimaraes,1.0,1.0,1.61,3.4,5.0,1.99,1.73,,,,,,
2005-12-20,Sp Lisbon,Rio Ave,3.0,0.0,1.33,4.33,7.0,1.95,1.78,,,,,,
2005-12-21,Academica,Belenenses,0.0,1.0,1.8,3.25,3.75,2.16,1.58,,,,,,
2005-12-21,Gil Vicente,Sp Braga,2.0,1.0,2.5,3.2,2.4,2.23,1.56,,,,,,
2005-12-21,Leiria,Naval,2.0,1.0,1.66,3.25,4.5,2.01,1.71,,,,,,
2005-12-21,Pacos Ferreira,Maritimo,1.0,2.0,1.9,3.25,3.4,2.08,1.63,,,,,,
2005-12-21,Setubal,Benfica,0.0,1.0,4.0,3.25,1.8,2.16,1.59,,,,,,
2005-12-22,Boavista,Nacional,0.0,3.0,2.0,3.2,3.2,2.18,1.57,,,,,,
2005-12-22,Guimaraes,Porto,0.0,2.0,4.5,3.5,1.61,2.02,1.69,,,,,,
2005-12-22,Penafiel,Est Amadora,0.0,1.0,2.5,3.1,2.5,2.15,1.59,,,,,,
2006-01-06,Belenenses,Gil Vicente,0.0,2.0,1.8,3.25,4.0,2.17,1.57,,,,,,
2006-01-06,Nacional,Setubal,2.0,2.0,1.72,3.25,4.33,2.24,1.55,,,,,,
2006-01-07,Maritimo,Academica,2.0,2.0,1.72,3.25,4.33,2.08,1.62,,,,,,
2006-01-07,Naval,Penafiel,4.0,1.0,2.0,3.25,3.25,2.05,1.63,,,,,,
2006-01-07,Sp Braga,Sp Lisbon,3.0,2.0,2.5,3.2,2.5,2.05,1.63,,,,,,
2006-01-08,Benfica,Pacos Ferreira,2.0,0.0,1.3,4.5,8.0,1.95,1.75,,,,,,
2006-01-08,Est Amadora,Guimaraes,2.0,0.0,2.1,3.25,3.0,2.16,1.57,,,,,,
2006-01-08,Porto,Boavista,1.0,0.0,1.44,3.75,6.5,2.02,1.65,,,,,,
2006-01-09,Rio Ave,Leiria,1.0,2.0,2.1,3.25,3.0,1.89,1.81,,,,,,
2006-01-14,Belenenses,Sp Lisbon,0.0,1.0,3.0,3.2,2.1,1.93,1.73,,,,,,
2006-01-14,Sp Braga,Leiria,1.0,0.0,1.66,3.4,4.33,1.95,1.72,,,,,,
2006-01-15,Benfica,Academica,3.0,0.0,1.2,5.0,10.0,1.86,1.84,,,,,,
2006-01-15,Est Amadora,Porto,2.0,1.0,4.5,3.5,1.61,1.97,1.68,,,,,,
2006-01-15,Maritimo,Gil Vicente,1.0,1.0,1.8,3.25,4.0,2.04,1.64,,,,,,
2006-01-15,Nacional,Pacos Ferreira,2.0,2.0,1.66,3.4,4.33,1.95,1.7,,,,,,
2006-01-15,Naval,Guimaraes,0.0,0.0,2.2,3.25,2.75,2.06,1.63,,,,,,
2006-01-15,Rio Ave,Penafiel,2.0,0.0,1.61,3.5,4.5,1.87,1.83,,,,,,
2006-01-16,Setubal,Boavista,0.0,2.0,2.2,3.25,2.75,2.24,1.56,,,,,,
2006-01-19,Penafiel,Sp Braga,0.0,0.0,4.33,3.4,1.66,2.13,1.62,,,,,,
2006-01-20,Gil Vicente,Benfica,1.0,3.0,4.33,3.25,1.72,2.11,1.61,,,,,,
2006-01-21,Academica,Nacional,0.0,0.0,2.7,3.1,2.37,2.18,1.56,,,,,,
2006-01-21,Boavista,Est Amadora,2.0,1.0,1.72,3.25,4.33,2.07,1.62,,,,,,
2006-01-21,Guimaraes,Rio Ave,1.0,1.0,2.1,3.2,3.1,2.11,1.58,,,,,,
2006-01-21,Pacos Ferreira,Setubal,1.0,2.0,2.25,3.2,2.8,2.13,1.59,,,,,,
2006-01-21,Porto,Naval,1.0,0.0,1.16,6.0,13.0,1.73,1.93,,,,,,
2006-01-21,Sp Lisbon,Maritimo,1.0,1.0,1.4,3.75,7.5,1.87,1.83,,,,,,
2006-01-23,Leiria,Belenenses,2.0,2.0,1.8,3.4,3.75,2.14,1.61,,,,,,
2006-01-27,Pacos Ferreira,Boavista,0.0,1.0,2.62,3.0,2.5,2.11,1.63,,,,,,
2006-01-28,Benfica,Sp Lisbon,1.0,3.0,1.9,3.2,3.6,1.99,1.7,,,,,,
2006-01-28,Naval,Est Amadora,2.0,0.0,2.4,3.2,2.6,2.09,1.63,,,,,,
2006-01-29,Belenenses,Penafiel,5.0,0.0,1.57,3.6,5.0,1.98,1.69,,,,,,
2006-01-29,Maritimo,Leiria,3.0,0.0,2.0,3.2,3.3,1.98,1.7,,,,,,
2006-01-29,Nacional,Gil Vicente,2.0,0.0,1.61,3.4,5.0,2.02,1.67,,,,,,
2006-01-29,Rio Ave,Porto,0.0,0.0,4.33,3.5,1.66,1.95,1.72,,,,,,
2006-01-29,Sp Braga,Guimaraes,1.0,0.0,1.61,3.6,4.33,2.1,1.61,,,,,,
2006-01-30,Setubal,Academica,0.0,1.0,1.66,3.4,4.5,2.11,1.6,,,,,,
2006-02-03,Boavista,Naval,3.0,0.0,1.5,3.5,6.0,1.99,1.72,,,,,,
2006-02-04,Academica,Pacos Ferreira,3.0,0.0,2.0,3.25,3.25,2.07,1.64,,,,,,
2006-02-04,Leiria,Benfica,3.0,1.0,4.0,3.0,1.83,1.98,1.69,,,,,,
2006-02-04,Sp Lisbon,Nacional,1.0,0.0,1.66,3.4,4.33,2.0,1.68,,,,,,
2006-02-05,Est Amadora,Rio Ave,0.0,0.0,2.0,3.25,3.25,2.01,1.67,,,,,,
2006-02-05,Gil Vicente,Setubal,5.0,0.0,2.3,3.2,2.75,2.1,1.61,,,,,,
2006-02-05,Guimaraes,Belenenses,2.0,2.0,2.2,3.25,2.8,2.09,1.62,,,,,,
2006-02-05,Penafiel,Maritimo,3.0,2.0,3.25,3.25,2.0,2.08,1.63,,,,,,
2006-02-06,Porto,Sp Braga,1.0,1.0,1.61,3.4,5.0,2.1,1.63,,,,,,
2006-02-11,Academica,Boavista,0.0,2.0,2.4,3.2,2.6,2.15,1.59,,,,,,
2006-02-11,Belenenses,Porto,0.0,2.0,4.33,3.3,1.72,2.02,1.67,,,,,,
2006-02-12,Benfica,Penafiel,4.0,0.0,1.16,6.0,11.0,1.7,1.99,,,,,,
2006-02-12,Nacional,Leiria,1.0,4.0,1.66,3.3,4.75,1.96,1.75,,,,,,
2006-02-12,Pacos Ferreira,Gil Vicente,1.0,0.0,2.2,3.2,2.9,2.07,1.65,,,,,,
2006-02-12,Rio Ave,Naval,0.0,1.0,1.66,3.2,5.0,1.96,1.72,,,,,,
2006-02-12,Setubal,Sp Lisbon,1.0,2.0,3.25,3.25,2.0,2.02,1.66,,,,,,
2006-02-12,Sp Braga,Est Amadora,1.0,1.0,1.53,3.6,5.5,2.08,1.64,,,,,,
2006-02-13,Maritimo,Guimaraes,0.0,1.0,1.8,3.25,4.0,2.12,1.64,,,,,,
2006-02-17,Boavista,Rio Ave,2.0,1.0,1.61,3.4,5.0,2.02,1.71,,,,,,
2006-02-18,Guimaraes,Benfica,2.0,0.0,3.5,3.5,1.83,2.04,1.7,,,,,,
2006-02-18,Sp Lisbon,Pacos Ferreira,3.0,0.0,1.28,4.33,9.5,1.76,1.93,,,,,,
2006-02-19,Est Amadora,Belenenses,1.0,2.0,2.1,3.25,3.0,2.04,1.65,,,,,,
2006-02-19,Gil Vicente,Academica,4.0,3.0,2.0,3.25,3.25,2.0,1.68,,,,,,
2006-02-19,Naval,Sp Braga,0.0,1.0,2.8,3.25,2.2,2.11,1.61,,,,,,
2006-02-19,Penafiel,Nacional,1.0,2.0,3.25,3.25,2.0,2.14,1.6,,,,,,
2006-02-19,Porto,Maritimo,1.0,0.0,1.25,4.5,11.0,1.93,1.77,,,,,,
2006-02-20,Leiria,Setubal,0.0,2.0,1.8,3.4,3.75,2.04,1.69,,,,,,
2006-02-24,Gil Vicente,Boavista,0.0,1.0,2.6,3.2,2.4,2.11,1.61,,,,,,
2006-02-25,Academica,Sp Lisbon,0.0,3.0,4.33,3.3,1.72,1.97,1.73,,,,,,
2006-02-25,Nacional,Guimaraes,1.0,1.0,1.72,3.3,4.33,2.06,1.66,,,,,,
2006-02-26,Belenenses,Naval,2.0,3.0,1.72,3.3,4.33,2.06,1.66,,,,,,
2006-02-26,Benfica,Porto,1.0,0.0,2.4,3.2,2.6,2.07,1.64,,,,,,
2006-02-26,Maritimo,Est Amadora,1.0,0.0,1.83,3.3,3.8,2.05,1.65,,,,,,
2006-02-26,Pacos Ferreira,Leiria,1.0,1.0,2.4,3.2,2.6,1.93,1.74,,,,,,
2006-02-26,Setubal,Penafiel,2.0,0.0,1.57,3.6,5.0,2.0,1.73,,,,,,
2006-02-27,Sp Braga,Rio Ave,5.0,0.0,1.53,3.6,5.5,2.17,1.61,,,,,,
2006-03-03,Guimaraes,Setubal,4.0,0.0,1.83,3.4,3.6,2.19,1.58,,,,,,
2006-03-04,Boavista,Sp Braga,0.0,0.0,1.9,3.25,3.5,2.14,1.6,,,,,,
2006-03-04,Est Amadora,Benfica,1.0,2.0,3.6,3.2,1.9,2.04,1.66,,,,,,
2006-03-04,Naval,Maritimo,2.0,0.0,2.37,3.1,2.7,2.03,1.66,,,,,,
2006-03-05,Leiria,Academica,0.0,2.0,1.8,3.25,4.0,1.98,1.73,,,,,,
2006-03-05,Penafiel,Pacos Ferreira,2.0,2.0,2.5,3.2,2.5,2.01,1.68,,,,,,
2006-03-05,Porto,Nacional,3.0,0.0,1.5,3.5,6.0,2.12,1.61,,,,,,
2006-03-05,Sp Lisbon,Gil Vicente,2.0,0.0,1.25,5.0,9.0,1.86,1.82,,,,,,
2006-03-06,Rio Ave,Belenenses,2.0,1.0,2.1,3.25,3.0,1.95,1.73,,,,,,
2006-03-10,Setubal,Porto,0.0,2.0,5.0,3.4,1.61,2.15,1.61,,,,,,
2006-03-11,Academica,Penafiel,1.0,0.0,1.44,3.75,6.5,1.93,1.78,,,,,,
2006-03-11,Gil Vicente,Leiria,1.0,2.0,2.2,3.2,2.87,1.99,1.7,,,,,,
2006-03-11,Maritimo,Rio Ave,0.0,0.0,1.83,3.25,3.8,2.0,1.68,,,,,,
2006-03-11,Sp Lisbon,Boavista,1.0,0.0,1.61,3.4,5.0,2.02,1.68,,,,,,
2006-03-12,Benfica,Naval,0.0,0.0,1.28,4.5,9.0,1.82,1.89,,,,,,
2006-03-12,Nacional,Est Amadora,1.0,2.0,1.61,3.4,5.0,2.05,1.66,,,,,,
2006-03-12,Pacos Ferreira,Guimaraes,1.0,1.0,2.4,3.2,2.6,2.08,1.64,,,,,,
2006-03-13,Belenenses,Sp Braga,2.0,0.0,2.5,3.2,2.5,2.2,1.59,,,,,,
2006-03-17,Naval,Nacional,3.0,1.0,2.5,3.2,2.5,2.19,1.59,,,,,,
2006-03-18,Boavista,Belenenses,0.0,2.0,1.57,3.6,5.0,1.98,1.7,,,,,,
2006-03-18,Porto,Pacos Ferreira,3.0,0.0,1.2,5.5,9.5,1.84,1.84,,,,,,
2006-03-19,Est Amadora,Setubal,1.0,0.0,2.1,3.0,3.25,2.1,1.62,,,,,,
2006-03-19,Guimaraes,Academica,1.0,1.0,1.66,3.5,4.33,2.04,1.66,,,,,,
2006-03-19,Leiria,Sp Lisbon,0.0,1.0,3.6,3.4,1.83,1.93,1.75,,,,,,
2006-03-19,Penafiel,Gil Vicente,1.0,1.0,2.75,3.1,2.3,2.13,1.62,,,,,,
2006-03-19,Rio Ave,Benfica,0.0,1.0,4.33,3.25,1.72,1.99,1.7,,,,,,
2006-03-19,Sp Braga,Maritimo,2.0,0.0,1.57,3.6,5.0,2.12,1.6,,,,,,
2006-03-24,Nacional,Rio Ave,1.0,1.0,1.8,3.25,4.0,2.03,1.69,,,,,,
2006-03-25,Benfica,Sp Braga,1.0,0.0,1.57,3.4,5.5,2.09,1.62,,,,,,
2006-03-25,Maritimo,Belenenses,1.0,0.0,2.1,3.25,3.0,2.05,1.65,,,,,,
2006-03-26,Academica,Porto,0.0,1.0,5.0,3.6,1.57,2.03,1.66,,,,,,
2006-03-26,Gil Vicente,Guimaraes,1.0,1.0,2.3,3.2,2.7,2.1,1.62,,,,,,
2006-03-26,Pacos Ferreira,Est Amadora,2.0,1.0,2.25,3.2,2.8,2.09,1.63,,,,,,
2006-03-26,Setubal,Naval,4.0,1.0,1.83,3.25,3.75,2.15,1.59,,,,,,
2006-03-26,Sp Lisbon,Penafiel,2.0,0.0,1.12,6.5,13.0,1.7,1.97,,,,,,
2006-03-27,Leiria,Boavista,0.0,0.0,2.5,3.2,2.5,2.23,1.58,,,,,,
2006-03-31,Sp Braga,Nacional,1.0,0.0,1.66,3.4,4.5,2.28,1.55,,,,,,
2006-04-01,Belenenses,Benfica,1.0,2.0,3.75,3.25,1.83,2.08,1.64,,,,,,
2006-04-01,Guimaraes,Sp Lisbon,0.0,1.0,3.5,3.25,1.9,2.11,1.63,,,,,,
2006-04-01,Naval,Pacos Ferreira,1.0,0.0,1.9,3.25,3.5,2.01,1.68,,,,,,
2006-04-02,Boavista,Maritimo,1.0,1.0,1.61,3.4,5.0,2.01,1.68,,,,,,
2006-04-02,Est Amadora,Academica,3.0,2.0,2.0,3.25,3.25,2.06,1.65,,,,,,
2006-04-02,Penafiel,Leiria,1.0,1.0,3.25,3.25,2.0,1.96,1.71,,,,,,
2006-04-02,Porto,Gil Vicente,3.0,0.0,1.16,6.0,11.0,1.83,1.84,,,,,,
2006-04-03,Rio Ave,Setubal,1.0,0.0,2.1,3.25,3.0,2.19,1.59,,,,,,
2006-04-07,Nacional,Belenenses,4.0,0.0,1.9,3.25,3.5,2.06,1.66,,,,,,
2006-04-08,Leiria,Guimaraes,1.0,0.0,2.5,3.2,2.5,2.18,1.57,,,,,,
2006-04-08,Sp Lisbon,Porto,0.0,1.0,2.25,3.0,3.0,2.18,1.57,,,,,,
2006-04-09,Academica,Naval,2.0,2.0,2.0,3.25,3.25,2.1,1.62,,,,,,
2006-04-09,Benfica,Maritimo,2.0,2.0,1.3,4.33,9.0,1.93,1.77,,,,,,
2006-04-09,Gil Vicente,Est Amadora,1.0,1.0,2.1,3.25,3.0,2.11,1.61,,,,,,
2006-04-09,Pacos Ferreira,Rio Ave,2.0,1.0,2.1,3.25,3.0,2.1,1.63,,,,,,
2006-04-09,Setubal,Sp Braga,1.0,0.0,2.5,3.2,2.5,2.19,1.58,,,,,,
2006-04-10,Penafiel,Boavista,0.0,0.0,4.5,3.4,1.66,2.24,1.57,,,,,,
2006-04-14,Belenenses,Setubal,3.0,1.0,1.9,3.2,3.6,2.15,1.63,,,,,,
2006-04-14,Porto,Leiria,1.0,0.0,1.25,5.0,8.0,1.87,1.85,,,,,,
2006-04-15,Boavista,Benfica,0.0,2.0,2.75,3.0,2.37,2.18,1.59,,,,,,
2006-04-15,Est Amadora,Sp Lisbon,0.0,0.0,4.0,3.25,1.8,2.02,1.69,,,,,,
2006-04-15,Guimaraes,Penafiel,3.0,1.0,1.33,4.33,7.5,2.03,1.73,,,,,,
2006-04-15,Naval,Gil Vicente,1.0,4.0,1.83,3.2,3.75,2.13,1.63,,,,,,
2006-04-15,Rio Ave,Academica,1.0,4.0,1.83,3.25,3.75,2.06,1.66,,,,,,
2006-04-16,Maritimo,Nacional,2.0,0.0,2.3,3.1,2.75,2.24,1.56,,,,,,
2006-04-17,Sp Braga,Pacos Ferreira,2.0,3.0,1.5,3.6,5.5,2.22,1.56,,,,,,
2006-04-21,Guimaraes,Boavista,1.0,1.0,2.1,3.2,3.1,2.3,1.52,,,,,,
2006-04-22,Penafiel,Porto,0.0,1.0,8.5,4.5,1.28,1.94,1.79,,,,,,
2006-04-23,Gil Vicente,Rio Ave,1.0,0.0,1.9,3.25,3.5,2.03,1.66,,,,,,
2006-04-23,Leiria,Est Amadora,1.0,1.0,2.0,3.2,3.3,2.14,1.6,,,,,,
2006-04-23,Nacional,Benfica,1.0,1.0,3.5,3.25,1.9,2.02,1.68,,,,,,
2006-04-23,Pacos Ferreira,Belenenses,1.0,1.0,2.1,3.25,3.0,2.0,1.7,,,,,,
2006-04-23,Setubal,Maritimo,0.0,1.0,2.0,3.25,3.25,2.17,1.59,,,,,,
2006-04-23,Sp Lisbon,Naval,0.0,0.0,1.28,4.5,8.5,1.79,1.89,,,,,,
2006-04-24,Academica,Sp Braga,0.0,3.0,2.1,3.0,3.2,2.28,1.55,,,,,,
2006-04-29,Nacional,Boavista,1.0,0.0,2.2,3.1,3.0,2.13,1.6,,,,,,
2006-04-30,Belenenses,Academica,0.0,0.0,2.0,3.0,3.5,1.99,1.69,,,,,,
2006-04-30,Benfica,Setubal,1.0,0.0,1.28,4.5,9.0,1.8,1.87,,,,,,
2006-04-30,Est Amadora,Penafiel,1.0,0.0,1.3,4.33,8.5,1.95,1.76,,,,,,
2006-04-30,Maritimo,Pacos Ferreira,1.0,1.0,2.2,3.2,2.87,2.15,1.6,,,,,,
2006-04-30,Naval,Leiria,0.0,2.0,1.9,3.0,3.75,2.05,1.65,,,,,,
2006-04-30,Porto,Guimaraes,3.0,1.0,1.8,3.5,3.5,2.22,1.57,,,,,,
2006-04-30,Rio Ave,Sp Lisbon,1.0,3.0,3.5,3.25,1.9,2.07,1.64,,,,,,
2006-04-30,Sp Braga,Gil Vicente,1.0,1.0,2.0,3.25,3.2,2.26,1.55,,,,,,
2006-05-06,Boavista,Porto,1.0,1.0,2.5,3.1,2.5,2.21,1.57,,,,,,
2006-05-06,Setubal,Nacional,1.0,1.0,2.87,2.87,2.37,2.28,1.54,,,,,,
2006-05-07,Academica,Maritimo,2.0,2.0,1.72,3.0,5.0,2.18,1.58,,,,,,
2006-05-07,Gil Vicente,Belenenses,1.0,0.0,1.72,3.1,4.5,2.15,1.6,,,,,,
2006-05-07,Guimaraes,Est Amadora,0.0,1.0,1.57,3.5,5.0,2.18,1.58,,,,,,
2006-05-07,Leiria,Rio Ave,5.0,2.0,2.0,3.25,3.25,2.12,1.61,,,,,,
2006-05-07,Pacos Ferreira,Benfica,3.0,1.0,4.33,3.25,1.72,2.1,1.63,,,,,,
2006-05-07,Penafiel,Naval,0.0,1.0,5.0,3.5,1.57,2.02,1.67,,,,,,
2006-05-07,Sp Lisbon,Sp Braga,1.0,0.0,1.44,3.75,6.5,2.08,1.65,,,,,,
2006-08-25,Porto,Leiria,2.0,1.0,1.25,4.75,9.5,,,,,,,,
2006-08-26,Beira Mar,Aves,2.0,2.0,2.1,3.2,3.1,,,,,,,,
2006-08-26,Sp Braga,Pacos Ferreira,2.0,1.0,1.57,3.4,5.5,2.2,1.6,,,,,,
2006-08-26,Sp Lisbon,Boavista,3.0,2.0,1.53,3.5,5.5,,,,,,,,
2006-08-27,Maritimo,Nacional,1.0,0.0,2.3,3.2,2.7,2.15,1.6,,,,,,
2006-08-27,Naval,Est Amadora,2.0,0.0,2.25,3.2,2.8,2.18,1.58,,,,,,
2006-08-28,Setubal,Academica,1.0,1.0,1.72,3.3,4.2,2.16,1.61,,,,,,
2006-09-08,Aves,Sp Braga,0.0,1.0,2.5,3.25,2.1,2.26,1.55,,,,,,
2006-09-09,Boavista,Benfica,3.0,0.0,2.8,3.1,2.3,2.12,1.61,,,,,,
2006-09-09,Nacional,Sp Lisbon,0.0,1.0,3.0,3.25,2.1,2.05,1.68,,,,,,
2006-09-10,Academica,Naval,1.0,2.0,2.0,3.25,3.25,2.12,1.61,,,,,,
2006-09-10,Belenenses,Setubal,2.0,0.0,2.2,3.2,2.87,2.12,1.81,,,,,,
2006-09-10,Est Amadora,Porto,0.0,3.0,5.0,3.4,1.61,2.13,1.6,,,,,,
2006-09-10,Pacos Ferreira,Maritimo,2.0,1.0,2.2,3.1,3.0,2.19,1.58,,,,,,
2006-09-11,Leiria,Beira Mar,2.0,2.0,1.72,3.3,4.2,2.08,1.63,,,,,,
2006-09-16,Sp Lisbon,Pacos Ferreira,0.0,1.0,1.28,4.5,9.0,1.72,1.9,,,,,,
2006-09-17,Academica,Belenenses,1.0,1.0,2.25,3.2,2.8,2.15,1.61,,,,,,
2006-09-17,Beira Mar,Est Amadora,2.0,0.0,2.2,3.2,2.87,2.08,1.65,,,,,,
2006-09-17,Benfica,Nacional,1.0,0.0,1.4,4.0,6.5,2.01,1.72,,,,,,
2006-09-17,Maritimo,Aves,0.0,0.0,1.61,3.4,5.0,2.06,1.66,,,,,,
2006-09-17,Naval,Porto,0.0,2.0,5.5,3.4,1.57,2.0,1.73,,,,,,
2006-09-18,Sp Braga,Leiria,0.0,1.0,1.53,3.5,5.5,2.08,1.65,,,,,,
2006-09-19,Setubal,Boavista,1.0,0.0,2.7,3.2,2.3,2.32,1.52,,,,,,
2006-09-22,Pacos Ferreira,Benfica,1.0,1.0,3.25,3.25,2.0,2.13,1.63,,,,,,
2006-09-22,Porto,Beira Mar,3.0,0.0,1.22,5.5,9.0,1.81,1.91,,,,,,
2006-09-23,Aves,Sp Lisbon,0.0,2.0,4.2,3.4,1.72,2.05,1.66,,,,,,
2006-09-23,Belenenses,Naval,0.0,0.0,2.1,3.1,3.1,2.11,1.62,,,,,,
2006-09-23,Est Amadora,Sp Braga,0.0,0.0,3.0,3.25,2.1,2.25,1.55,,,,,,
2006-09-24,Boavista,Academica,2.0,2.0,1.57,3.4,5.5,2.04,1.66,,,,,,
2006-09-24,Nacional,Setubal,1.0,0.0,1.83,3.25,3.75,2.13,1.61,,,,,,
2006-09-25,Leiria,Maritimo,1.0,0.0,2.1,3.25,3.0,2.16,1.62,,,,,,
2006-09-29,Naval,Beira Mar,2.0,1.0,2.0,3.1,3.4,2.1,1.64,,,,,,
2006-09-30,Belenenses,Boavista,0.0,2.0,2.7,3.1,2.37,2.16,1.58,,,,,,
2006-10-01,Academica,Nacional,1.0,3.0,2.37,3.2,2.62,2.21,1.55,,,,,,
2006-10-01,Benfica,Aves,4.0,1.0,1.25,5.0,9.0,1.75,1.91,,,,,,
2006-10-01,Maritimo,Est Amadora,2.0,1.0,1.72,3.25,4.33,2.16,1.58,,,,,,
2006-10-02,Setubal,Pacos Ferreira,1.0,1.0,2.2,3.2,2.87,2.23,1.54,,,,,,
2006-10-02,Sp Braga,Porto,2.0,1.0,3.2,3.1,2.1,2.2,1.56,,,,,,
2006-10-02,Sp Lisbon,Leiria,2.0,0.0,1.36,4.0,7.5,1.88,1.83,,,,,,
2006-10-13,Beira Mar,Sp Braga,0.0,3.0,3.4,3.0,2.05,2.26,1.54,,,,,,
2006-10-14,Leiria,Benfica,0.0,4.0,3.4,3.2,1.95,2.09,1.62,,,,,,
2006-10-14,Porto,Maritimo,3.0,0.0,1.28,4.33,9.5,1.97,1.72,,,,,,
2006-10-15,Aves,Setubal,1.0,2.0,2.37,3.0,2.8,2.31,1.51,,,,,,
2006-10-15,Est Amadora,Sp Lisbon,0.0,1.0,5.75,3.5,1.53,2.18,1.58,,,,,,
2006-10-15,Nacional,Belenenses,2.0,1.0,1.8,3.5,3.6,2.25,1.54,,,,,,
2006-10-15,Pacos Ferreira,Academica,1.0,1.0,1.85,3.4,3.1,2.09,1.62,,,,,,
2006-10-16,Boavista,Naval,0.0,1.0,1.72,3.4,4.2,2.08,1.63,,,,,,
2006-10-20,Belenenses,Pacos Ferreira,2.0,0.0,2.05,3.2,3.3,2.27,1.55,,,,,,
2006-10-21,Boavista,Nacional,0.0,4.0,1.95,3.3,3.25,2.14,1.6,,,,,,
2006-10-22,Academica,Aves,2.0,0.0,1.85,3.25,3.75,2.09,1.63,,,,,,
2006-10-22,Benfica,Est Amadora,3.0,1.0,1.22,5.0,10.0,1.77,1.92,,,,,,
2006-10-22,Maritimo,Beira Mar,2.0,1.0,1.66,3.3,4.5,2.12,1.62,,,,,,
2006-10-22,Setubal,Leiria,1.0,2.0,2.1,3.2,3.1,2.24,1.55,,,,,,
2006-10-22,Sp Lisbon,Porto,1.0,1.0,2.37,3.0,2.8,2.17,1.58,,,,,,
2006-10-23,Naval,Sp Braga,1.0,1.0,2.75,3.2,2.3,2.33,1.52,,,,,,
2006-10-27,Beira Mar,Sp Lisbon,3.0,3.0,6.0,3.8,1.45,2.12,1.63,,,,,,
2006-10-28,Leiria,Academica,2.0,0.0,1.95,3.3,3.4,2.14,1.57,,,,,,
2006-10-28,Porto,Benfica,3.0,2.0,1.9,3.3,4.0,2.14,1.58,,,,,,
2006-10-29,Aves,Belenenses,0.0,1.0,2.37,3.2,2.7,2.23,1.52,,,,,,
2006-10-29,Est Amadora,Setubal,1.0,0.0,2.45,3.2,2.55,2.27,1.5,,,,,,
2006-10-29,Nacional,Naval,1.0,1.0,1.83,3.25,3.8,2.22,1.53,,,,,,
2006-10-29,Sp Braga,Maritimo,1.0,4.0,1.6,3.5,5.0,2.14,1.57,,,,,,
2006-10-30,Pacos Ferreira,Boavista,2.0,0.0,2.3,3.25,2.62,2.21,1.55,,,,,,
2006-11-03,Belenenses,Leiria,0.0,1.0,2.1,3.2,3.1,2.22,1.58,,,,,,
2006-11-04,Boavista,Aves,2.0,1.0,1.45,3.5,7.0,2.02,1.72,,,,,,
2006-11-05,Academica,Est Amadora,2.0,0.0,1.8,3.25,4.0,2.15,1.6,,,,,,
2006-11-05,Benfica,Beira Mar,3.0,0.0,1.22,5.0,10.0,1.76,1.99,,,,,,
2006-11-05,Nacional,Pacos Ferreira,5.0,1.0,1.72,3.25,4.33,2.15,1.6,,,,,,
2006-11-05,Naval,Maritimo,0.0,1.0,2.05,3.25,3.1,2.15,1.6,,,,,,
2006-11-06,Setubal,Porto,0.0,3.0,6.5,3.4,1.5,2.11,1.6,,,,,,
2006-11-06,Sp Lisbon,Sp Braga,3.0,0.0,1.45,3.75,6.0,2.06,1.65,,,,,,
2006-11-17,Beira Mar,Setubal,1.0,1.0,2.0,3.2,3.3,2.18,1.6,,,,,,
2006-11-18,Porto,Academica,2.0,1.0,1.2,5.0,10.0,1.64,2.1,,,,,,
2006-11-18,Sp Braga,Benfica,3.0,1.0,3.0,3.1,2.1,2.07,1.66,,,,,,
2006-11-19,Aves,Nacional,3.0,1.0,3.8,3.3,1.83,2.1,1.64,,,,,,
2006-11-19,Leiria,Boavista,0.0,0.0,2.2,3.1,3.0,2.19,1.58,,,,,,
2006-11-19,Maritimo,Sp Lisbon,0.0,1.0,3.3,3.1,2.05,2.07,1.65,,,,,,
2006-11-19,Pacos Ferreira,Naval,1.0,1.0,2.05,3.2,3.1,2.24,1.57,,,,,,
2006-11-20,Est Amadora,Belenenses,1.0,0.0,2.37,3.1,2.7,2.31,1.53,,,,,,
2006-11-24,Boavista,Est Amadora,1.0,1.0,1.4,3.75,6.5,2.06,1.67,,,,,,
2006-11-25,Benfica,Maritimo,2.0,1.0,1.36,4.0,7.5,1.88,1.85,,,,,,
2006-11-26,Academica,Beira Mar,3.0,1.0,1.83,3.25,3.75,2.03,1.68,,,,,,
2006-11-26,Belenenses,Porto,0.0,1.0,6.5,3.75,1.44,2.05,1.67,,,,,,
2006-11-26,Nacional,Leiria,2.0,1.0,1.95,3.2,3.4,2.08,1.65,,,,,,
2006-11-26,Naval,Sp Lisbon,0.0,1.0,5.0,3.4,1.61,2.17,1.6,,,,,,
2006-11-26,Pacos Ferreira,Aves,2.0,0.0,1.53,3.5,5.25,2.08,1.65,,,,,,
2006-11-27,Setubal,Sp Braga,1.0,2.0,3.0,3.1,2.2,2.27,1.55,,,,,,
2006-12-01,Sp Lisbon,Benfica,0.0,2.0,2.0,3.1,4.0,2.15,1.61,,,,,,
2006-12-02,Beira Mar,Belenenses,1.0,2.0,2.25,3.1,2.9,2.15,1.59,,,,,,
2006-12-02,Porto,Boavista,2.0,0.0,1.3,4.33,8.5,1.97,1.7,,,,,,
2006-12-03,Aves,Naval,2.0,0.0,2.45,3.1,2.55,2.27,1.53,,,,,,
2006-12-03,Est Amadora,Nacional,2.0,0.0,3.0,3.1,2.2,2.21,1.57,,,,,,
2006-12-03,Leiria,Pacos Ferreira,0.0,0.0,1.83,3.2,3.75,2.2,1.57,,,,,,
2006-12-03,Sp Braga,Academica,4.0,2.0,1.45,3.6,6.0,2.01,1.68,,,,,,
2006-12-04,Maritimo,Setubal,1.0,0.0,1.66,3.4,4.5,2.18,1.58,,,,,,
2006-12-08,Belenenses,Sp Braga,2.0,0.0,2.9,3.1,2.25,2.21,1.57,,,,,,
2006-12-09,Boavista,Beira Mar,3.0,0.0,1.53,3.5,6.0,1.97,1.75,,,,,,
2006-12-09,Setubal,Sp Lisbon,0.0,3.0,5.25,3.5,1.57,2.12,1.61,,,,,,
2006-12-10,Academica,Maritimo,1.0,2.0,2.25,3.25,2.8,2.09,1.63,,,,,,
2006-12-10,Aves,Leiria,0.0,1.0,2.6,3.1,2.5,2.15,1.6,,,,,,
2006-12-10,Naval,Benfica,0.0,0.0,4.5,3.3,1.7,2.04,1.66,,,,,,
2006-12-10,Pacos Ferreira,Est Amadora,1.0,1.0,1.7,3.4,4.5,2.16,1.58,,,,,,
2006-12-11,Nacional,Porto,1.0,2.0,4.0,3.5,1.75,2.0,1.69,,,,,,
2006-12-15,Maritimo,Belenenses,1.0,4.0,1.75,3.2,5.0,2.29,1.52,,,,,,
2006-12-16,Benfica,Setubal,3.0,0.0,1.2,5.25,11.0,1.85,1.89,,,,,,
2006-12-16,Sp Lisbon,Academica,1.0,0.0,1.2,5.25,11.0,1.89,1.84,,,,,,
2006-12-17,Beira Mar,Nacional,1.0,1.0,3.1,3.1,2.1,2.06,1.65,,,,,,
2006-12-17,Est Amadora,Aves,1.0,0.0,1.7,3.3,4.5,2.28,1.54,,,,,,
2006-12-17,Naval,Leiria,2.0,1.0,2.25,3.1,2.87,2.33,1.51,,,,,,
2006-12-17,Porto,Pacos Ferreira,4.0,0.0,1.2,5.25,11.0,1.87,1.86,,,,,,
2006-12-18,Sp Braga,Boavista,2.0,2.0,1.72,3.2,4.5,2.07,1.63,,,,,,
2006-12-21,Benfica,Belenenses,4.0,0.0,1.28,4.5,8.5,1.75,1.97,,,,,,
2007-01-12,Boavista,Maritimo,1.0,1.0,1.9,3.1,4.33,2.18,1.57,,,,,,
2007-01-13,Belenenses,Sp Lisbon,0.0,0.0,5.25,3.3,1.72,2.06,1.66,,,,,,
2007-01-13,Nacional,Sp Braga,0.0,0.0,2.45,3.1,2.87,2.03,1.66,,,,,,
2007-01-14,Aves,Porto,0.0,2.0,8.0,4.2,1.4,1.95,1.76,,,,,,
2007-01-14,Leiria,Est Amadora,0.0,0.0,1.75,3.2,4.2,2.24,1.53,,,,,,
2007-01-14,Pacos Ferreira,Beira Mar,1.0,0.0,1.7,3.2,4.75,2.08,1.63,,,,,,
2007-01-14,Setubal,Naval,0.0,3.0,2.25,3.2,2.8,2.17,1.57,,,,,,
2007-01-15,Academica,Benfica,0.0,2.0,5.0,3.4,1.61,1.95,1.76,,,,,,
2007-01-26,Leiria,Porto,1.0,0.0,6.5,3.75,1.53,2.02,1.69,,,,,,
2007-01-27,Pacos Ferreira,Sp Braga,3.0,2.0,2.62,3.0,2.5,2.21,1.56,,,,,,
2007-01-28,Academica,Setubal,0.0,1.0,1.75,3.25,4.2,2.14,1.6,,,,,,
2007-01-28,Aves,Beira Mar,0.0,0.0,2.1,3.1,3.3,2.14,1.62,,,,,,
2007-01-28,Belenenses,Benfica,1.0,2.0,4.2,3.3,1.75,2.05,1.67,,,,,,
2007-01-28,Boavista,Sp Lisbon,1.0,1.0,3.6,3.2,1.95,2.07,1.64,,,,,,
2007-01-28,Est Amadora,Naval,0.0,0.0,2.5,3.1,2.62,2.34,1.5,,,,,,
2007-01-29,Nacional,Maritimo,3.0,2.0,2.0,3.1,3.4,2.16,1.61,,,,,,
2007-02-02,Benfica,Boavista,0.0,0.0,1.36,4.33,9.5,1.85,1.87,,,,,,
2007-02-03,Porto,Est Amadora,0.0,1.0,1.18,5.0,15.0,1.78,1.94,,,,,,
2007-02-03,Sp Lisbon,Nacional,5.0,1.0,1.44,3.8,6.5,2.0,1.71,,,,,,
2007-02-04,Beira Mar,Leiria,1.0,0.0,2.87,3.0,2.37,2.1,1.62,,,,,,
2007-02-04,Maritimo,Pacos Ferreira,1.0,1.0,1.9,3.1,3.8,2.13,1.6,,,,,,
2007-02-04,Naval,Academica,0.0,1.0,1.75,3.1,4.5,2.11,1.61,,,,,,
2007-02-04,Setubal,Belenenses,0.0,1.0,2.55,3.2,2.45,2.15,1.59,,,,,,
2007-02-04,Sp Braga,Aves,1.0,0.0,1.3,4.2,9.5,1.93,1.79,,,,,,
2007-02-16,Porto,Naval,4.0,0.0,1.25,5.0,13.0,1.94,1.79,,,,,,
2007-02-17,Boavista,Setubal,1.0,1.0,1.55,3.5,7.0,2.13,1.61,,,,,,
2007-02-17,Pacos Ferreira,Sp Lisbon,1.0,1.0,4.5,3.3,1.8,2.1,1.63,,,,,,
2007-02-18,Aves,Maritimo,1.0,1.0,2.75,3.25,2.25,2.21,1.56,,,,,,
2007-02-18,Est Amadora,Beira Mar,2.0,2.0,1.83,3.25,4.0,2.23,1.56,,,,,,
2007-02-18,Leiria,Sp Braga,1.0,0.0,2.55,3.1,2.75,2.22,1.57,,,,,,
2007-02-18,Nacional,Benfica,0.0,2.0,3.8,3.2,2.0,2.0,1.71,,,,,,
2007-02-19,Belenenses,Academica,1.0,2.0,1.9,3.2,3.6,2.19,1.58,,,,,,
2007-02-23,Sp Lisbon,Aves,0.0,0.0,1.16,6.0,12.0,1.79,1.94,,,,,,
2007-02-24,Academica,Boavista,0.0,2.0,2.4,3.1,2.7,2.15,1.59,,,,,,
2007-02-24,Naval,Belenenses,2.0,3.0,2.25,3.1,2.9,2.2,1.56,,,,,,
2007-02-25,Beira Mar,Porto,0.0,5.0,7.5,3.8,1.4,1.92,1.8,,,,,,
2007-02-25,Setubal,Nacional,1.0,1.0,2.87,3.2,2.2,2.12,1.61,,,,,,
2007-02-26,Benfica,Pacos Ferreira,3.0,1.0,1.25,5.0,8.5,1.87,1.87,,,,,,
2007-02-26,Maritimo,Leiria,2.0,1.0,2.05,3.2,3.2,2.16,1.59,,,,,,
2007-02-26,Sp Braga,Est Amadora,2.0,1.0,1.6,3.5,5.0,2.15,1.59,,,,,,
2007-03-02,Pacos Ferreira,Setubal,1.0,0.0,1.72,3.3,5.0,2.23,1.55,,,,,,
2007-03-03,Aves,Benfica,0.0,1.0,8.0,4.0,1.44,2.0,1.72,,,,,,
2007-03-03,Porto,Sp Braga,1.0,0.0,1.53,3.6,7.0,1.98,1.72,,,,,,
2007-03-04,Beira Mar,Naval,1.0,3.0,2.3,3.0,2.8,2.14,1.6,,,,,,
2007-03-04,Est Amadora,Maritimo,1.0,0.0,2.25,3.1,2.75,2.25,1.54,,,,,,
2007-03-04,Leiria,Sp Lisbon,0.0,0.0,4.5,3.25,1.83,2.29,1.52,,,,,,
2007-03-04,Nacional,Academica,4.0,0.0,1.8,3.3,3.8,2.03,1.67,,,,,,
2007-03-05,Boavista,Belenenses,0.0,0.0,2.0,3.25,3.25,2.19,1.57,,,,,,
2007-03-09,Naval,Boavista,1.0,1.0,2.37,3.0,3.1,2.35,1.51,,,,,,
2007-03-10,Belenenses,Nacional,2.0,0.0,2.2,3.1,3.3,2.29,1.53,,,,,,
2007-03-10,Sp Lisbon,Est Amadora,3.0,1.0,1.4,4.2,8.0,2.03,1.72,,,,,,
2007-03-11,Academica,Pacos Ferreira,0.0,2.0,2.15,3.1,3.0,2.21,1.57,,,,,,
2007-03-11,Maritimo,Porto,1.0,2.0,5.5,3.6,1.61,2.02,1.69,,,,,,
2007-03-11,Setubal,Aves,1.0,1.0,1.9,3.3,3.5,2.31,1.52,,,,,,
2007-03-11,Sp Braga,Beira Mar,0.0,0.0,1.33,4.5,6.5,1.92,1.82,,,,,,
2007-03-12,Benfica,Leiria,2.0,0.0,1.33,4.0,8.5,1.91,1.82,,,,,,
2007-03-16,Nacional,Boavista,2.0,0.0,2.2,3.2,3.25,2.19,1.58,,,,,,
2007-03-17,Porto,Sp Lisbon,0.0,1.0,1.83,3.3,4.33,2.13,1.61,,,,,,
2007-03-18,Aves,Academica,2.0,2.0,2.3,3.2,2.75,2.28,1.53,,,,,,
2007-03-18,Beira Mar,Maritimo,2.0,2.0,2.5,3.2,2.5,2.14,1.6,,,,,,
2007-03-18,Leiria,Setubal,1.0,1.0,1.6,3.6,4.75,2.3,1.52,,,,,,
2007-03-18,Pacos Ferreira,Belenenses,0.0,2.0,2.2,3.1,3.3,2.22,1.56,,,,,,
2007-03-19,Est Amadora,Benfica,0.0,1.0,5.25,3.4,1.57,2.06,1.65,,,,,,
2007-03-20,Sp Braga,Naval,2.0,1.0,1.57,3.6,5.0,2.18,1.58,,,,,,
2007-03-31,Belenenses,Aves,1.0,0.0,1.57,3.5,6.5,2.19,1.58,,,,,,
2007-03-31,Boavista,Pacos Ferreira,3.0,1.0,2.05,3.2,3.6,2.26,1.55,,,,,,
2007-04-01,Academica,Leiria,0.0,0.0,2.37,3.0,2.8,2.22,1.56,,,,,,
2007-04-01,Benfica,Porto,1.0,1.0,2.37,3.1,3.0,2.21,1.57,,,,,,
2007-04-01,Maritimo,Sp Braga,1.0,2.0,2.45,3.1,2.87,2.16,1.6,,,,,,
2007-04-01,Naval,Nacional,0.0,0.0,2.4,3.0,2.8,2.19,1.58,,,,,,
2007-04-01,Setubal,Est Amadora,2.0,0.0,2.1,3.0,3.25,2.4,1.49,,,,,,
2007-04-02,Sp Lisbon,Beira Mar,2.0,0.0,1.22,5.0,11.0,1.67,2.02,,,,,,
2007-04-06,Porto,Setubal,5.0,1.0,1.18,6.0,17.0,1.8,1.92,,,,,,
2007-04-07,Aves,Boavista,1.0,0.0,2.75,3.1,2.3,2.31,1.52,,,,,,
2007-04-07,Est Amadora,Academica,3.0,3.0,2.15,3.2,3.0,2.23,1.56,,,,,,
2007-04-07,Leiria,Belenenses,0.0,1.0,2.25,3.1,3.2,2.31,1.52,,,,,,
2007-04-07,Maritimo,Naval,1.0,1.0,1.9,3.25,3.5,2.17,1.59,,,,,,
2007-04-07,Pacos Ferreira,Nacional,2.0,1.0,2.15,3.1,3.0,2.24,1.56,,,,,,
2007-04-07,Sp Braga,Sp Lisbon,0.0,1.0,3.0,3.0,2.4,2.18,1.59,,,,,,
2007-04-09,Beira Mar,Benfica,2.0,2.0,6.5,3.5,1.5,1.92,1.81,,,,,,
2007-04-13,Sp Lisbon,Maritimo,4.0,0.0,1.33,4.5,9.5,1.89,1.84,,,,,,
2007-04-14,Academica,Porto,1.0,2.0,8.5,4.0,1.36,2.0,1.73,,,,,,
2007-04-14,Belenenses,Est Amadora,3.0,0.0,1.55,3.4,5.5,2.2,1.58,,,,,,
2007-04-15,Boavista,Leiria,1.0,1.0,2.05,3.2,3.3,2.28,1.54,,,,,,
2007-04-15,Nacional,Aves,3.0,4.0,1.53,3.5,5.75,2.09,1.64,,,,,,
2007-04-15,Naval,Pacos Ferreira,1.0,1.0,2.15,3.2,3.0,2.28,1.54,,,,,,
2007-04-15,Setubal,Beira Mar,1.0,3.0,2.0,3.1,3.5,2.27,1.54,,,,,,
2007-04-16,Benfica,Sp Braga,0.0,0.0,1.45,3.6,6.5,2.03,1.68,,,,,,
2007-04-20,Est Amadora,Boavista,2.0,1.0,2.4,3.2,2.87,2.33,1.52,,,,,,
2007-04-21,Maritimo,Benfica,0.0,3.0,4.75,3.5,1.61,1.99,1.75,,,,,,
2007-04-22,Aves,Pacos Ferreira,0.0,1.0,2.15,3.1,3.0,2.1,1.66,,,,,,
2007-04-22,Leiria,Nacional,1.0,0.0,2.25,3.0,2.9,2.23,1.56,,,,,,
2007-04-22,Porto,Belenenses,3.0,1.0,1.4,3.75,7.5,1.91,1.82,,,,,,
2007-04-22,Sp Lisbon,Naval,4.0,0.0,1.25,4.75,9.5,1.89,1.84,,,,,,
2007-04-23,Beira Mar,Academica,0.0,1.0,2.25,3.0,2.9,2.06,1.69,,,,,,
2007-04-23,Sp Braga,Setubal,0.0,0.0,1.4,3.75,7.5,2.09,1.65,,,,,,
2007-04-27,Pacos Ferreira,Leiria,0.0,0.0,1.95,3.2,3.3,2.29,1.54,,,,,,
2007-04-28,Belenenses,Beira Mar,2.0,0.0,1.5,3.5,5.75,2.1,1.65,,,,,,
2007-04-28,Boavista,Porto,2.0,1.0,4.5,3.4,1.66,2.08,1.66,,,,,,
2007-04-29,Benfica,Sp Lisbon,1.0,1.0,2.25,3.0,3.0,2.14,1.61,,,,,,
2007-04-29,Nacional,Est Amadora,1.0,0.0,1.75,3.3,4.2,2.06,1.66,,,,,,
2007-04-29,Naval,Aves,0.0,1.0,1.9,3.1,3.75,2.2,1.58,,,,,,
2007-04-29,Setubal,Maritimo,1.0,1.0,2.25,3.2,2.8,2.22,1.57,,,,,,
2007-04-30,Academica,Sp Braga,0.0,1.0,2.62,3.2,2.37,2.25,1.56,,,,,,
2007-05-04,Beira Mar,Boavista,1.0,0.0,2.25,3.25,3.1,2.24,1.56,,,,,,
2007-05-05,Benfica,Naval,2.0,1.0,1.2,5.5,10.0,1.8,1.92,,,,,,
2007-05-05,Maritimo,Academica,0.0,0.0,2.1,3.25,3.0,2.13,1.61,,,,,,
2007-05-05,Porto,Nacional,2.0,0.0,1.2,5.5,10.0,1.72,1.98,,,,,,
2007-05-06,Est Amadora,Pacos Ferreira,1.0,0.0,2.5,3.2,2.5,2.24,1.55,,,,,,
2007-05-06,Leiria,Aves,3.0,1.0,1.72,3.4,4.2,2.28,1.53,,,,,,
2007-05-06,Sp Braga,Belenenses,2.0,1.0,2.2,3.2,2.87,2.22,1.55,,,,,,
2007-05-06,Sp Lisbon,Setubal,3.0,1.0,1.2,5.5,10.0,1.78,1.93,,,,,,
2007-05-12,Belenenses,Maritimo,2.0,0.0,1.57,3.5,5.0,2.09,1.63,,,,,,
2007-05-12,Boavista,Sp Braga,0.0,1.0,2.5,3.1,2.5,2.16,1.59,,,,,,
2007-05-13,Academica,Sp Lisbon,0.0,2.0,5.5,3.6,1.5,1.98,1.76,,,,,,
2007-05-13,Aves,Est Amadora,0.0,1.0,1.72,3.4,4.2,2.24,1.54,,,,,,
2007-05-13,Leiria,Naval,2.0,2.0,1.72,3.4,4.2,2.19,1.57,,,,,,
2007-05-13,Nacional,Beira Mar,3.0,0.0,1.95,3.25,3.3,2.09,1.66,,,,,,
2007-05-13,Pacos Ferreira,Porto,1.0,1.0,4.75,3.5,1.61,2.04,1.69,,,,,,
2007-05-13,Setubal,Benfica,0.0,1.0,5.0,3.5,1.57,2.01,1.7,,,,,,
2007-05-19,Maritimo,Boavista,1.0,2.0,2.25,3.1,2.87,2.09,1.62,,,,,,
2007-05-20,Beira Mar,Pacos Ferreira,1.0,1.0,2.0,3.25,3.25,2.09,1.64,,,,,,
2007-05-20,Benfica,Academica,2.0,0.0,1.14,6.0,13.0,1.68,2.01,,,,,,
2007-05-20,Est Amadora,Leiria,1.0,1.0,2.5,3.2,2.5,2.12,1.61,,,,,,
2007-05-20,Naval,Setubal,1.0,2.0,2.75,3.4,2.2,2.1,1.62,,,,,,
2007-05-20,Porto,Aves,4.0,1.0,1.14,6.0,13.0,1.63,2.09,,,,,,
2007-05-20,Sp Braga,Nacional,1.0,1.0,1.8,3.25,4.0,2.03,1.68,,,,,,
2007-05-20,Sp Lisbon,Belenenses,4.0,0.0,1.25,5.0,8.5,1.72,1.96,,,,,,
2007-08-17,Sp Lisbon,Academica,4.0,1.0,1.25,4.75,9.5,1.83,1.9,,,,,,
2007-08-18,Leixoes,Benfica,1.0,1.0,5.75,3.5,1.53,1.93,1.81,,,,,,
2007-08-18,Maritimo,Pacos Ferreira,3.0,1.0,2.15,3.2,3.0,2.2,1.58,,,,,,
2007-08-18,Nacional,Est Amadora,0.0,0.0,1.83,3.25,4.0,2.16,1.6,,,,,,
2007-08-18,Sp Braga,Porto,1.0,2.0,3.6,3.3,1.85,2.03,1.69,,,,,,
2007-08-19,Guimaraes,Setubal,1.0,1.0,1.9,3.2,3.75,2.22,1.57,,,,,,
2007-08-19,Leiria,Boavista,0.0,0.0,2.15,3.2,3.1,2.3,1.53,,,,,,
2007-08-20,Naval,Belenenses,1.0,1.0,2.7,3.2,2.3,2.22,1.57,,,,,,
2007-08-25,Belenenses,Sp Braga,0.0,2.0,2.5,3.2,2.75,2.15,1.61,,,,,,
2007-08-25,Benfica,Guimaraes,0.0,0.0,1.45,4.0,6.5,1.87,1.86,,,,,,
2007-08-26,Academica,Leiria,1.0,1.0,2.37,3.1,2.7,2.18,1.59,,,,,,
2007-08-26,Boavista,Maritimo,0.0,2.0,2.0,3.2,3.75,2.13,1.61,,,,,,
2007-08-26,Est Amadora,Naval,3.0,1.0,2.0,3.25,3.4,2.28,1.54,,,,,,
2007-08-26,Pacos Ferreira,Leixoes,1.0,1.0,1.8,3.25,4.0,2.16,1.6,,,,,,
2007-08-26,Porto,Sp Lisbon,1.0,0.0,2.05,3.1,3.75,2.15,1.61,,,,,,
2007-08-27,Setubal,Nacional,1.0,1.0,2.55,3.2,2.7,2.23,1.56,,,,,,
2007-08-31,Leixoes,Guimaraes,2.0,2.0,2.45,3.2,2.8,2.32,1.53,,,,,,
2007-09-01,Pacos Ferreira,Boavista,1.0,1.0,2.3,3.1,3.1,2.26,1.55,,,,,,
2007-09-01,Sp Braga,Est Amadora,2.0,1.0,1.55,3.6,6.5,2.1,1.64,,,,,,
2007-09-02,Leiria,Porto,0.0,3.0,5.5,3.6,1.53,2.05,1.67,,,,,,
2007-09-02,Maritimo,Academica,2.0,0.0,1.65,3.4,4.75,2.09,1.64,,,,,,
2007-09-02,Nacional,Benfica,0.0,3.0,4.33,3.3,1.83,2.1,1.64,,,,,,
2007-09-02,Naval,Setubal,0.0,0.0,2.1,3.1,3.25,2.26,1.55,,,,,,
2007-09-02,Sp Lisbon,Belenenses,1.0,0.0,1.3,4.75,11.0,1.89,1.85,,,,,,
2007-09-14,Setubal,Sp Braga,3.0,1.0,3.75,3.2,2.05,2.18,1.59,,,,,,
2007-09-15,Benfica,Naval,3.0,0.0,1.28,5.25,11.0,1.8,1.92,,,,,,
2007-09-15,Boavista,Leixoes,0.0,0.0,1.9,3.3,3.6,2.2,1.59,,,,,,
2007-09-15,Porto,Maritimo,1.0,0.0,1.36,4.75,8.5,1.83,1.92,,,,,,
2007-09-16,Academica,Pacos Ferreira,1.0,0.0,2.2,3.2,2.9,2.2,1.59,,,,,,
2007-09-16,Belenenses,Leiria,2.0,1.0,2.0,3.2,4.0,2.24,1.57,,,,,,
2007-09-16,Est Amadora,Sp Lisbon,0.0,2.0,6.5,3.6,1.57,2.03,1.73,,,,,,
2007-09-17,Guimaraes,Nacional,1.0,0.0,1.9,3.2,3.75,2.26,1.56,,,,,,
2007-09-21,Naval,Guimaraes,1.0,4.0,2.5,3.2,2.87,2.25,1.57,,,,,,
2007-09-23,Leiria,Est Amadora,0.0,0.0,1.9,3.2,3.75,2.26,1.56,,,,,,
2007-09-23,Leixoes,Nacional,1.0,1.0,2.05,3.2,3.2,2.16,1.61,,,,,,
2007-09-23,Maritimo,Belenenses,2.0,0.0,1.83,3.25,4.0,2.15,1.61,,,,,,
2007-09-23,Pacos Ferreira,Porto,0.0,2.0,7.0,3.6,1.4,2.02,1.73,,,,,,
2007-09-23,Sp Braga,Benfica,0.0,0.0,3.5,3.2,1.95,2.06,1.67,,,,,,
2007-09-23,Sp Lisbon,Setubal,2.0,2.0,1.18,5.25,13.0,1.87,1.85,,,,,,
2007-09-24,Boavista,Academica,0.0,0.0,1.95,3.1,3.6,2.23,1.57,,,,,,
2007-09-29,Benfica,Sp Lisbon,0.0,0.0,2.15,3.2,3.0,2.19,1.59,,,,,,
2007-09-29,Porto,Boavista,2.0,0.0,1.22,5.5,8.5,1.97,1.77,,,,,,
2007-09-30,Belenenses,Pacos Ferreira,1.0,0.0,1.7,3.3,4.33,2.22,1.57,,,,,,
2007-09-30,Est Amadora,Maritimo,1.0,1.0,2.7,3.2,2.37,2.26,1.55,,,,,,
2007-09-30,Guimaraes,Sp Braga,1.0,0.0,2.1,3.2,3.1,2.15,1.61,,,,,,
2007-09-30,Nacional,Naval,2.0,0.0,1.7,3.4,4.33,2.14,1.62,,,,,,
2007-09-30,Setubal,Leiria,2.0,0.0,1.83,3.25,4.0,2.19,1.59,,,,,,
2007-10-01,Academica,Leixoes,1.0,1.0,2.15,3.2,3.0,2.28,1.54,,,,,,
2007-10-06,Sp Lisbon,Guimaraes,3.0,0.0,1.36,4.0,7.5,1.86,1.86,,,,,,
2007-10-07,Academica,Porto,0.0,1.0,7.5,4.2,1.36,1.96,1.78,,,,,,
2007-10-07,Leiria,Benfica,1.0,2.0,5.0,3.5,1.61,2.13,1.63,,,,,,
2007-10-07,Leixoes,Naval,0.0,1.0,1.72,3.3,4.5,2.16,1.6,,,,,,
2007-10-07,Maritimo,Setubal,0.0,0.0,1.72,3.3,4.75,2.15,1.59,,,,,,
2007-10-08,Boavista,Belenenses,2.0,4.0,2.37,3.0,3.0,2.39,1.48,,,,,,
2007-10-08,Pacos Ferreira,Est Amadora,2.0,1.0,2.05,3.0,3.6,2.39,1.49,,,,,,
2007-10-08,Sp Braga,Nacional,1.0,0.0,1.75,3.3,4.5,2.13,1.61,,,,,,
2007-10-26,Guimaraes,Leiria,2.0,1.0,1.72,3.4,4.75,2.26,1.56,,,,,,
2007-10-27,Belenenses,Academica,0.0,0.0,1.61,3.5,5.5,2.27,1.55,,,,,,
2007-10-27,Nacional,Sp Lisbon,0.0,0.0,4.75,3.5,1.7,2.14,1.62,,,,,,
2007-10-27,Setubal,Pacos Ferreira,3.0,1.0,1.75,3.3,5.0,2.25,1.56,,,,,,
2007-10-28,Benfica,Maritimo,2.0,1.0,1.44,4.0,6.5,2.06,1.67,,,,,,
2007-10-28,Est Amadora,Boavista,0.0,0.0,2.1,3.1,3.3,2.29,1.55,,,,,,
2007-10-29,Naval,Sp Braga,1.0,1.0,3.6,3.25,1.95,2.22,1.58,,,,,,
2007-10-29,Porto,Leixoes,3.0,0.0,1.16,6.5,12.0,1.84,1.89,,,,,,
2007-11-02,Porto,Belenenses,1.0,1.0,1.25,5.25,13.0,1.83,1.92,,,,,,
2007-11-03,Leixoes,Sp Braga,3.0,0.0,3.0,3.1,2.25,2.32,1.53,,,,,,
2007-11-03,Pacos Ferreira,Benfica,1.0,2.0,5.0,3.3,1.66,2.09,1.65,,,,,,
2007-11-04,Academica,Est Amadora,3.0,3.0,2.1,3.2,3.25,2.33,1.53,,,,,,
2007-11-04,Boavista,Setubal,3.0,3.0,2.4,3.0,2.8,2.29,1.55,,,,,,
2007-11-04,Leiria,Nacional,1.0,3.0,2.15,3.0,3.4,2.28,1.55,,,,,,
2007-11-04,Sp Lisbon,Naval,4.0,1.0,1.22,5.0,12.0,1.96,1.79,,,,,,
2007-11-05,Maritimo,Guimaraes,0.0,1.0,2.0,3.1,3.5,2.2,1.59,,,,,,
2007-11-09,Belenenses,Leixoes,1.0,1.0,1.75,3.4,5.0,2.19,1.59,,,,,,
2007-11-10,Guimaraes,Pacos Ferreira,0.0,0.0,1.7,3.4,5.5,2.15,1.61,,,,,,
2007-11-11,Benfica,Boavista,6.0,1.0,1.3,5.0,10.0,1.85,1.89,,,,,,
2007-11-11,Est Amadora,Porto,2.0,2.0,8.5,4.2,1.4,1.97,1.77,,,,,,
2007-11-11,Naval,Leiria,1.0,0.0,2.25,3.1,3.0,2.23,1.56,,,,,,
2007-11-11,Setubal,Academica,3.0,1.0,1.72,3.3,4.75,2.16,1.6,,,,,,
2007-11-11,Sp Braga,Sp Lisbon,3.0,0.0,3.3,3.2,2.1,2.15,1.61,,,,,,
2007-11-12,Nacional,Maritimo,0.0,2.0,2.37,3.2,3.0,2.27,1.55,,,,,,
2007-11-23,Leiria,Sp Braga,0.0,0.0,3.25,3.1,2.3,2.2,1.59,,,,,,
2007-11-24,Academica,Benfica,1.0,3.0,7.0,4.0,1.44,2.0,1.72,,,,,,
2007-11-24,Leixoes,Sp Lisbon,1.0,1.0,6.0,3.6,1.61,2.05,1.66,,,,,,
2007-11-25,Belenenses,Est Amadora,0.0,0.0,1.65,3.4,4.75,2.1,1.63,,,,,,
2007-11-25,Maritimo,Naval,0.0,1.0,1.55,3.6,5.75,2.1,1.63,,,,,,
2007-11-25,Pacos Ferreira,Nacional,1.0,0.0,2.25,3.0,3.25,2.23,1.56,,,,,,
2007-11-25,Porto,Setubal,2.0,0.0,1.28,4.75,10.0,1.88,1.85,,,,,,
2007-11-26,Boavista,Guimaraes,3.0,2.0,2.35,3.1,3.2,2.19,1.58,,,,,,
2007-11-30,Setubal,Belenenses,1.0,1.0,2.25,3.2,3.25,2.17,1.6,,,,,,
2007-12-01,Benfica,Porto,0.0,1.0,2.45,3.0,2.8,2.22,1.56,,,,,,
2007-12-02,Est Amadora,Leixoes,2.0,0.0,2.2,3.0,3.2,2.28,1.53,,,,,,
2007-12-02,Nacional,Boavista,2.0,0.0,2.05,3.2,3.4,2.28,1.54,,,,,,
2007-12-02,Naval,Pacos Ferreira,2.0,1.0,2.25,2.9,3.25,2.29,1.54,,,,,,
2007-12-02,Sp Braga,Maritimo,2.0,1.0,1.83,3.4,4.5,2.18,1.58,,,,,,
2007-12-02,Sp Lisbon,Leiria,1.0,1.0,1.25,5.25,13.0,1.88,1.86,,,,,,
2007-12-03,Guimaraes,Academica,2.0,1.0,1.7,3.5,5.25,2.09,1.63,,,,,,
2007-12-14,Pacos Ferreira,Sp Braga,0.0,2.0,2.9,3.1,2.5,2.22,1.58,,,,,,
2007-12-15,Belenenses,Benfica,1.0,0.0,4.75,3.3,1.83,2.1,1.64,,,,,,
2007-12-15,Porto,Guimaraes,2.0,0.0,1.3,4.5,9.0,1.92,1.81,,,,,,
2007-12-16,Academica,Nacional,1.0,0.0,2.37,3.1,2.87,2.3,1.53,,,,,,
2007-12-16,Boavista,Naval,2.0,0.0,2.0,3.3,3.4,2.21,1.57,,,,,,
2007-12-16,Est Amadora,Setubal,0.0,1.0,2.37,3.2,2.87,2.26,1.55,,,,,,
2007-12-16,Leixoes,Leiria,2.0,1.0,2.37,3.1,2.87,2.23,1.56,,,,,,
2007-12-16,Maritimo,Sp Lisbon,1.0,2.0,3.5,3.3,2.1,2.15,1.6,,,,,,
2007-12-18,Benfica,Est Amadora,3.0,0.0,1.28,5.25,11.0,1.83,1.92,,,,,,
2007-12-21,Nacional,Porto,1.0,0.0,7.0,3.75,1.53,2.14,1.62,,,,,,
2007-12-22,Guimaraes,Belenenses,1.0,0.0,2.0,3.2,4.0,2.21,1.56,,,,,,
2007-12-22,Naval,Academica,0.0,1.0,2.25,3.2,2.9,2.19,1.58,,,,,,
2007-12-22,Sp Lisbon,Pacos Ferreira,2.0,1.0,1.25,5.25,13.0,1.85,1.87,,,,,,
2007-12-23,Leiria,Maritimo,1.0,2.0,2.25,3.2,3.0,2.27,1.54,,,,,,
2007-12-23,Leixoes,Setubal,1.0,1.0,2.37,3.1,2.87,2.25,1.54,,,,,,
2008-02-04,Setubal,Naval,1.0,2.0,1.75,3.3,4.5,2.19,1.58,,,,,,
2008-02-15,Maritimo,Porto,0.0,3.0,5.25,3.2,1.8,2.15,1.62,,,,,,
2008-02-16,Leixoes,Boavista,2.0,2.0,2.2,3.1,3.2,2.28,1.53,,,,,,
2008-02-16,Nacional,Guimaraes,1.0,0.0,2.37,3.0,2.9,2.34,1.51,,,,,,
2008-02-17,Naval,Benfica,0.0,2.0,4.75,3.6,1.66,2.04,1.68,,,,,,
2008-02-17,Pacos Ferreira,Academica,1.0,1.0,2.1,3.2,3.25,2.28,1.54,,,,,,
2008-02-17,Sp Braga,Setubal,2.0,3.0,1.8,3.2,4.33,2.27,1.55,,,,,,
2008-02-17,Sp Lisbon,Est Amadora,2.0,0.0,1.3,4.75,9.0,1.96,1.79,,,,,,
2008-02-18,Leiria,Belenenses,1.0,2.0,2.8,3.1,2.45,2.31,1.52,,,,,,
2008-02-22,Guimaraes,Naval,1.0,0.0,1.7,3.4,5.5,2.2,1.6,,,,,,
2008-02-23,Belenenses,Maritimo,1.0,3.0,1.95,3.25,4.0,2.31,1.54,,,,,,
2008-02-23,Est Amadora,Leiria,4.0,2.0,2.05,3.1,3.6,2.28,1.56,,,,,,
2008-02-23,Porto,Pacos Ferreira,3.0,0.0,1.16,6.5,18.0,1.79,1.94,,,,,,
2008-02-24,Benfica,Sp Braga,1.0,1.0,1.53,3.75,7.0,1.98,1.75,,,,,,
2008-02-24,Nacional,Leixoes,1.0,0.0,1.8,3.2,4.75,2.35,1.52,,,,,,
2008-02-24,Setubal,Sp Lisbon,1.0,0.0,3.6,3.2,2.0,2.23,1.58,,,,,,
2008-02-25,Academica,Boavista,1.0,1.0,2.3,3.0,3.1,2.26,1.56,,,,,,
2008-02-29,Sp Braga,Guimaraes,0.0,0.0,2.3,3.1,3.2,2.29,1.55,,,,,,
2008-03-01,Boavista,Porto,0.0,0.0,4.0,3.3,2.0,2.18,1.6,,,,,,
2008-03-01,Leiria,Setubal,0.0,2.0,2.87,3.1,2.37,2.23,1.57,,,,,,
2008-03-01,Leixoes,Academica,2.0,2.0,2.15,3.1,3.6,2.26,1.56,,,,,,
2008-03-02,Maritimo,Est Amadora,1.0,1.0,1.83,3.25,4.0,2.2,1.59,,,,,,
2008-03-02,Naval,Nacional,1.0,1.0,2.7,3.1,2.5,2.42,1.49,,,,,,
2008-03-02,Sp Lisbon,Benfica,1.0,1.0,2.45,3.1,3.0,2.32,1.53,,,,,,
2008-03-03,Pacos Ferreira,Belenenses,1.0,2.0,2.62,3.1,2.75,2.32,1.53,,,,,,
2008-03-07,Setubal,Maritimo,1.0,0.0,2.1,3.2,3.6,2.24,1.58,,,,,,
2008-03-08,Est Amadora,Pacos Ferreira,1.0,0.0,1.9,3.1,4.0,2.3,1.54,,,,,,
2008-03-08,Nacional,Sp Braga,0.0,1.0,2.5,3.1,2.87,2.44,1.48,,,,,,
2008-03-09,Benfica,Leiria,2.0,2.0,1.16,7.0,16.0,1.76,1.97,,,,,,
2008-03-09,Guimaraes,Sp Lisbon,2.0,0.0,2.87,3.1,2.5,2.32,1.53,,,,,,
2008-03-09,Naval,Leixoes,2.0,1.0,2.2,2.9,3.4,2.4,1.5,,,,,,
2008-03-09,Porto,Academica,1.0,0.0,1.14,7.5,12.0,1.74,1.99,,,,,,
2008-03-10,Belenenses,Boavista,2.0,3.0,1.9,3.1,4.0,2.34,1.52,,,,,,
2008-03-14,Leiria,Guimaraes,0.0,1.0,4.2,3.2,1.95,2.32,1.54,,,,,,
2008-03-15,Academica,Belenenses,0.0,0.0,2.5,3.1,2.9,2.44,1.49,,,,,,
2008-03-15,Leixoes,Porto,1.0,2.0,7.5,3.6,1.53,2.15,1.63,,,,,,
2008-03-16,Boavista,Est Amadora,2.0,1.0,1.9,3.1,4.2,2.3,1.55,,,,,,
2008-03-16,Maritimo,Benfica,1.0,1.0,3.75,3.2,2.05,2.25,1.58,,,,,,
2008-03-16,Pacos Ferreira,Setubal,2.0,1.0,2.4,3.0,2.9,2.37,1.52,,,,,,
2008-03-16,Sp Braga,Naval,3.0,0.0,1.61,3.3,5.5,2.27,1.57,,,,,,
2008-03-17,Sp Lisbon,Nacional,4.0,1.0,1.53,3.6,7.5,2.21,1.59,,,,,,
2008-03-28,Guimaraes,Maritimo,1.0,0.0,1.7,3.5,5.25,2.28,1.56,,,,,,
2008-03-29,Est Amadora,Academica,3.0,1.0,2.05,3.1,3.5,2.3,1.54,,,,,,
2008-03-30,Belenenses,Porto,1.0,2.0,4.33,3.4,1.72,2.17,1.61,,,,,,
2008-03-30,Benfica,Pacos Ferreira,4.0,1.0,1.25,5.0,10.0,1.91,1.83,,,,,,
2008-03-30,Nacional,Leiria,2.0,0.0,1.53,3.75,7.0,2.17,1.61,,,,,,
2008-03-30,Naval,Sp Lisbon,1.0,4.0,4.5,3.4,1.72,2.24,1.57,,,,,,
2008-03-30,Sp Braga,Leixoes,0.0,0.0,1.57,3.75,6.5,2.18,1.6,,,,,,
2008-03-31,Setubal,Boavista,3.0,1.0,2.15,3.1,3.6,2.18,1.6,,,,,,
2008-04-04,Pacos Ferreira,Guimaraes,2.0,2.0,3.1,3.1,2.37,2.27,1.57,,,,,,
2008-04-05,Academica,Setubal,0.0,0.0,2.45,3.0,2.8,2.33,1.54,,,,,,
2008-04-05,Porto,Est Amadora,6.0,0.0,1.2,5.5,12.0,1.71,1.9,,,,,,
2008-04-06,Boavista,Benfica,0.0,0.0,3.6,3.3,1.95,2.2,1.6,,,,,,
2008-04-06,Leiria,Naval,0.0,2.0,2.6,3.1,2.6,2.31,1.55,,,,,,
2008-04-06,Maritimo,Nacional,1.0,0.0,2.25,3.0,3.2,2.35,1.53,,,,,,
2008-04-06,Sp Lisbon,Sp Braga,2.0,0.0,1.61,3.4,5.5,2.14,1.64,,,,,,
2008-04-07,Leixoes,Belenenses,1.0,2.0,2.25,2.9,3.25,2.35,1.53,,,,,,
2008-04-11,Benfica,Academica,0.0,3.0,1.25,5.5,12.0,1.86,1.87,,,,,,
2008-04-12,Est Amadora,Belenenses,0.0,2.0,2.4,3.0,2.9,2.3,1.56,,,,,,
2008-04-12,Guimaraes,Boavista,1.0,0.0,1.72,3.3,4.75,2.19,1.62,,,,,,
2008-04-12,Setubal,Porto,1.0,2.0,4.0,3.1,1.9,2.12,1.66,,,,,,
2008-04-13,Nacional,Pacos Ferreira,1.0,2.0,1.83,3.25,4.2,2.3,1.55,,,,,,
2008-04-13,Naval,Maritimo,0.0,3.0,2.5,3.1,2.7,2.31,1.54,,,,,,
2008-04-13,Sp Lisbon,Leixoes,2.0,0.0,1.2,5.5,13.0,1.87,1.83,,,,,,
2008-04-14,Sp Braga,Leiria,0.0,1.0,1.33,4.33,9.0,1.99,1.75,,,,,,
2008-04-18,Academica,Guimaraes,0.0,0.0,3.0,3.2,2.37,2.32,1.55,,,,,,
2008-04-19,Maritimo,Sp Braga,4.0,1.0,2.25,3.2,2.9,2.29,1.55,,,,,,
2008-04-20,Boavista,Nacional,1.0,0.0,2.0,3.0,3.75,2.26,1.58,,,,,,
2008-04-20,Leiria,Sp Lisbon,4.0,1.0,8.0,4.0,1.36,1.96,1.78,,,,,,
2008-04-20,Leixoes,Est Amadora,0.0,0.0,2.1,3.2,3.2,2.27,1.56,,,,,,
2008-04-20,Pacos Ferreira,Naval,2.0,2.0,2.0,3.25,3.5,2.17,1.62,,,,,,
2008-04-20,Porto,Benfica,2.0,0.0,2.0,3.25,3.5,2.17,1.62,,,,,,
2008-04-21,Belenenses,Setubal,5.0,0.0,2.37,3.1,2.87,2.28,1.55,,,,,,
2008-04-25,Sp Braga,Pacos Ferreira,2.0,1.0,2.1,3.3,3.5,2.25,1.58,,,,,,
2008-04-26,Benfica,Belenenses,2.0,0.0,1.57,3.6,5.5,2.05,1.69,,,,,,
2008-04-27,Guimaraes,Porto,0.0,5.0,2.75,3.2,2.37,2.14,1.63,,,,,,
2008-04-27,Leiria,Leixoes,1.0,3.0,2.7,3.1,2.5,2.24,1.58,,,,,,
2008-04-27,Nacional,Academica,0.0,3.0,2.15,3.1,3.25,2.32,1.54,,,,,,
2008-04-27,Naval,Boavista,1.0,0.0,2.25,3.1,3.0,2.27,1.57,,,,,,
2008-04-27,Sp Lisbon,Maritimo,2.0,1.0,1.44,4.0,6.5,1.96,1.78,,,,,,
2008-04-28,Setubal,Est Amadora,0.0,0.0,1.66,3.4,5.0,2.2,1.61,,,,,,
2008-05-03,Porto,Nacional,0.0,3.0,1.2,6.0,15.0,1.81,1.94,,,,,,
2008-05-04,Academica,Naval,1.0,1.0,1.9,3.3,3.6,2.26,1.56,,,,,,
2008-05-04,Belenenses,Guimaraes,1.0,1.0,2.2,3.2,2.9,2.23,1.58,,,,,,
2008-05-04,Boavista,Sp Braga,0.0,0.0,2.4,3.2,2.6,2.23,1.57,,,,,,
2008-05-04,Est Amadora,Benfica,0.0,0.0,5.25,3.5,1.57,2.12,1.64,,,,,,
2008-05-04,Maritimo,Leiria,2.0,0.0,1.4,4.0,7.0,1.97,1.77,,,,,,
2008-05-04,Pacos Ferreira,Sp Lisbon,0.0,1.0,4.5,3.25,1.72,2.04,1.72,,,,,,
2008-05-04,Setubal,Leixoes,2.0,0.0,1.83,3.2,4.2,2.22,1.58,,,,,,
2008-05-10,Nacional,Belenenses,1.0,2.0,2.6,3.2,2.7,2.3,1.54,,,,,,
2008-05-10,Naval,Porto,0.0,2.0,5.5,3.75,1.61,1.93,1.78,,,,,,
2008-05-10,Sp Braga,Academica,2.0,1.0,1.8,3.3,4.75,2.2,1.57,,,,,,
2008-05-11,Benfica,Setubal,3.0,0.0,1.44,4.0,6.5,2.03,1.72,,,,,,
2008-05-11,Guimaraes,Est Amadora,4.0,0.0,1.4,4.0,7.5,2.04,1.71,,,,,,
2008-05-11,Leiria,Pacos Ferreira,1.0,1.0,3.5,3.25,2.0,2.02,1.7,,,,,,
2008-05-11,Leixoes,Maritimo,0.0,1.0,2.05,3.1,3.5,2.22,1.59,,,,,,
2008-05-11,Sp Lisbon,Boavista,2.0,1.0,1.3,4.5,9.5,1.89,1.84,,,,,,
2008-08-22,Guimaraes,Setubal,1.0,1.0,2.1,3.25,3.6,2.25,1.57,,,,,,
2008-08-23,Pacos Ferreira,Sp Braga,0.0,2.0,3.2,3.1,2.2,2.26,1.58,,,,,,
2008-08-23,Sp Lisbon,Trofense,3.0,1.0,1.25,5.5,15.0,1.76,1.99,,,,,,
2008-08-24,Est Amadora,Academica,1.0,0.0,2.15,3.2,3.2,2.28,1.57,,,,,,
2008-08-24,Leixoes,Nacional,1.0,3.0,2.4,3.0,3.0,2.38,1.53,,,,,,
2008-08-24,Naval,Maritimo,1.0,0.0,2.45,3.1,2.8,2.35,1.54,,,,,,
2008-08-24,Porto,Belenenses,2.0,0.0,1.29,4.5,15.0,1.84,1.91,,,,,,
2008-08-24,Rio Ave,Benfica,1.0,1.0,6.0,3.5,1.62,2.1,1.68,,,,,,
2008-08-29,Belenenses,Pacos Ferreira,2.0,2.0,1.73,3.5,5.0,2.28,1.57,,,,,,
2008-08-30,Benfica,Porto,1.0,1.0,2.5,3.2,2.8,2.29,1.56,,,,,,
2008-08-31,Academica,Rio Ave,1.0,0.0,1.91,3.2,3.75,2.32,1.55,,,,,,
2008-08-31,Nacional,Naval,2.0,1.0,1.8,3.3,4.0,2.35,1.54,,,,,,
2008-08-31,Setubal,Est Amadora,1.0,0.0,1.85,3.3,4.5,2.29,1.56,,,,,,
2008-08-31,Trofense,Leixoes,1.0,2.0,2.2,3.1,3.1,2.37,1.53,,,,,,
2008-09-01,Maritimo,Guimaraes,0.0,1.0,2.45,3.1,3.0,2.33,1.55,,,,,,
2008-09-01,Sp Braga,Sp Lisbon,0.0,1.0,3.25,3.25,2.2,2.25,1.58,,,,,,
2008-09-20,Sp Lisbon,Belenenses,2.0,0.0,1.33,4.2,9.0,1.94,1.8,,,,,,
2008-09-21,Academica,Setubal,1.0,0.0,2.3,3.1,3.0,2.34,1.54,,,,,,
2008-09-21,Est Amadora,Maritimo,0.0,0.0,2.4,3.1,2.88,2.33,1.55,,,,,,
2008-09-21,Leixoes,Sp Braga,2.0,0.0,3.5,3.25,2.0,2.21,1.6,,,,,,
2008-09-21,Naval,Trofense,3.0,1.0,1.91,3.25,3.75,2.31,1.55,,,,,,
2008-09-21,Rio Ave,Porto,0.0,0.0,5.75,3.75,1.53,2.06,1.7,,,,,,
2008-09-22,Guimaraes,Nacional,0.0,2.0,1.83,3.3,4.0,2.24,1.59,,,,,,
2008-09-22,Pacos Ferreira,Benfica,3.0,4.0,5.25,3.5,1.62,2.07,1.69,,,,,,
2008-09-26,Porto,Pacos Ferreira,2.0,0.0,1.17,6.5,23.0,1.74,2.01,,,,,,
2008-09-27,Benfica,Sp Lisbon,2.0,0.0,2.3,3.1,3.3,2.23,1.58,,,,,,
2008-09-27,Setubal,Rio Ave,1.0,0.0,1.73,3.4,4.5,2.28,1.56,,,,,,
2008-09-27,Sp Braga,Naval,1.0,1.0,1.53,3.6,6.0,2.12,1.65,,,,,,
2008-09-28,Maritimo,Academica,2.0,0.0,2.0,3.2,3.5,2.31,1.55,,,,,,
2008-09-28,Nacional,Est Amadora,1.0,2.0,1.75,3.3,4.5,2.24,1.58,,,,,,
2008-09-28,Trofense,Guimaraes,1.0,3.0,3.25,3.2,2.1,2.28,1.57,,,,,,
2008-09-29,Belenenses,Leixoes,0.0,1.0,2.0,3.3,3.4,2.24,1.58,,,,,,
2008-10-04,Naval,Belenenses,1.0,1.0,2.1,3.1,3.4,2.31,1.55,,,,,,
2008-10-05,Academica,Nacional,1.0,1.0,2.38,3.1,2.88,2.34,1.54,,,,,,
2008-10-05,Est Amadora,Trofense,1.0,0.0,1.7,3.4,4.75,2.15,1.63,,,,,,
2008-10-05,Rio Ave,Pacos Ferreira,3.0,2.0,2.1,3.1,3.4,2.3,1.56,,,,,,
2008-10-05,Sp Lisbon,Porto,1.0,2.0,2.5,3.1,2.7,2.31,1.55,,,,,,
2008-10-06,Guimaraes,Sp Braga,0.0,0.0,2.1,3.1,3.4,2.34,1.53,,,,,,
2008-10-06,Leixoes,Benfica,1.0,1.0,4.5,3.4,1.73,2.18,1.62,,,,,,
2008-10-07,Setubal,Maritimo,0.0,2.0,2.1,3.25,3.5,2.32,1.55,,,,,,
2008-10-24,Trofense,Academica,0.0,0.0,2.62,3.2,2.7,2.34,1.55,,,,,,
2008-10-25,Belenenses,Guimaraes,1.0,1.0,2.5,3.1,2.9,2.34,1.54,,,,,,
2008-10-25,Porto,Leixoes,2.0,3.0,1.25,5.5,13.0,1.82,1.91,,,,,,
2008-10-26,Benfica,Naval,2.0,1.0,1.25,4.75,12.0,1.87,1.86,,,,,,
2008-10-26,Maritimo,Rio Ave,1.0,1.0,1.73,3.4,4.5,2.34,1.53,,,,,,
2008-10-26,Nacional,Setubal,1.0,0.0,1.83,3.4,4.0,2.33,1.55,,,,,,
2008-10-26,Pacos Ferreira,Sp Lisbon,0.0,0.0,5.25,3.6,1.67,2.04,1.71,,,,,,
2008-10-27,Sp Braga,Est Amadora,5.0,0.0,1.73,3.4,4.5,2.3,1.55,,,,,,
2008-10-31,Setubal,Trofense,0.0,2.0,1.7,3.4,5.5,2.29,1.57,,,,,,
2008-11-01,Naval,Porto,1.0,0.0,5.5,3.4,1.7,2.08,1.68,,,,,,
2008-11-01,Rio Ave,Sp Lisbon,0.0,1.0,5.5,3.4,1.7,2.19,1.61,,,,,,
2008-11-02,Academica,Sp Braga,1.0,1.0,2.9,3.0,2.4,2.42,1.51,,,,,,
2008-11-02,Est Amadora,Belenenses,1.0,1.0,2.25,3.2,3.0,2.37,1.53,,,,,,
2008-11-02,Guimaraes,Benfica,1.0,2.0,3.3,3.2,2.2,2.22,1.6,,,,,,
2008-11-02,Leixoes,Pacos Ferreira,2.0,1.0,1.8,3.25,4.33,2.11,1.65,,,,,,
2008-11-03,Maritimo,Nacional,4.0,2.0,2.2,3.2,3.3,2.34,1.54,,,,,,
2008-11-14,Trofense,Maritimo,0.0,2.0,2.9,3.1,2.5,2.37,1.53,,,,,,
2008-11-15,Porto,Guimaraes,2.0,0.0,1.33,4.5,9.0,1.97,1.77,,,,,,
2008-11-15,Sp Lisbon,Leixoes,0.0,1.0,1.36,4.2,8.0,1.98,1.76,,,,,,
2008-11-16,Benfica,Est Amadora,1.0,0.0,1.2,5.25,13.0,1.87,1.86,,,,,,
2008-11-16,Nacional,Rio Ave,0.0,0.0,1.62,3.4,5.25,2.22,1.59,,,,,,
2008-11-16,Pacos Ferreira,Naval,2.0,1.0,2.38,3.25,2.75,2.21,1.6,,,,,,
2008-11-16,Sp Braga,Setubal,1.0,0.0,1.53,3.6,6.0,2.26,1.56,,,,,,
2008-11-17,Belenenses,Academica,1.0,0.0,2.05,3.2,3.4,2.41,1.51,,,,,,
2008-11-21,Rio Ave,Leixoes,1.0,2.0,3.1,3.1,2.4,2.38,1.52,,,,,,
2008-11-22,Maritimo,Sp Braga,0.0,0.0,2.38,3.2,3.0,2.43,1.5,,,,,,
2008-11-22,Naval,Sp Lisbon,0.0,1.0,4.33,3.25,1.91,2.25,1.58,,,,,,
2008-11-23,Academica,Benfica,0.0,2.0,5.0,3.3,1.7,2.14,1.65,,,,,,
2008-11-23,Guimaraes,Pacos Ferreira,0.0,0.0,1.67,3.4,5.0,2.17,1.62,,,,,,
2008-11-23,Nacional,Trofense,1.0,0.0,1.5,3.6,7.0,2.14,1.64,,,,,,
2008-11-24,Setubal,Belenenses,2.0,0.0,2.25,3.0,3.2,2.46,1.49,,,,,,
2008-11-28,Leixoes,Naval,1.0,1.0,1.75,3.4,5.0,2.24,1.59,,,,,,
2008-11-29,Belenenses,Maritimo,0.0,2.0,2.5,3.0,2.8,2.44,1.5,,,,,,
2008-11-30,Pacos Ferreira,Est Amadora,1.0,0.0,2.2,3.1,3.2,2.28,1.57,,,,,,
2008-11-30,Sp Braga,Nacional,1.0,0.0,1.91,3.3,3.75,2.26,1.57,,,,,,
2008-11-30,Sp Lisbon,Guimaraes,2.0,0.0,1.5,3.6,7.0,2.16,1.62,,,,,,
2008-11-30,Trofense,Rio Ave,2.0,0.0,2.5,3.0,2.8,2.38,1.52,,,,,,
2008-12-01,Benfica,Setubal,2.0,2.0,1.25,5.0,11.0,1.94,1.79,,,,,,
2008-12-01,Porto,Academica,2.0,1.0,1.25,5.0,11.0,1.89,1.84,,,,,,
2008-12-05,Est Amadora,Sp Lisbon,1.0,3.0,5.0,3.5,1.73,2.28,1.57,,,,,,
2008-12-06,Academica,Pacos Ferreira,2.0,1.0,2.1,3.25,3.25,2.27,1.57,,,,,,
2008-12-06,Nacional,Belenenses,4.0,2.0,1.91,3.3,3.75,2.3,1.56,,,,,,
2008-12-06,Setubal,Porto,0.0,3.0,4.33,3.5,1.73,2.15,1.63,,,,,,
2008-12-07,Maritimo,Benfica,0.0,6.0,3.1,3.2,2.2,2.25,1.58,,,,,,
2008-12-07,Rio Ave,Naval,2.0,0.0,2.25,3.2,3.0,2.3,1.56,,,,,,
2008-12-08,Guimaraes,Leixoes,1.0,0.0,2.25,3.1,3.1,2.29,1.56,,,,,,
2008-12-08,Trofense,Sp Braga,0.0,0.0,3.4,3.2,2.05,2.3,1.55,,,,,,
2008-12-17,Est Amadora,Porto,2.0,4.0,6.5,3.75,1.5,2.13,1.64,,,,,,
2008-12-19,Naval,Guimaraes,0.0,0.0,2.7,3.1,2.8,2.47,1.5,,,,,,
2008-12-20,Sp Braga,Rio Ave,1.0,0.0,1.5,4.0,7.0,2.15,1.64,,,,,,
2008-12-20,Sp Lisbon,Academica,0.0,0.0,1.28,5.25,11.0,1.98,1.78,,,,,,
2008-12-21,Belenenses,Trofense,3.0,2.0,1.8,3.2,4.33,2.27,1.57,,,,,,
2008-12-21,Leixoes,Est Amadora,1.0,1.0,1.66,3.4,5.0,2.17,1.62,,,,,,
2008-12-21,Pacos Ferreira,Setubal,2.0,0.0,2.25,3.1,3.0,2.26,1.57,,,,,,
2008-12-21,Porto,Maritimo,0.0,0.0,1.36,4.2,7.5,2.02,1.73,,,,,,
2008-12-22,Benfica,Nacional,0.0,0.0,1.4,4.0,7.5,1.99,1.75,,,,,,
2009-01-02,Academica,Leixoes,0.0,0.0,2.63,3.0,2.88,2.43,1.51,,,,,,
2009-01-03,Rio Ave,Guimaraes,2.0,4.0,2.75,2.87,2.87,2.49,1.48,,,,,,
2009-01-03,Setubal,Sp Lisbon,0.0,2.0,5.0,3.6,1.7,2.21,1.6,,,,,,
2009-01-04,Est Amadora,Naval,1.0,0.0,2.25,3.0,3.2,2.31,1.55,,,,,,
2009-01-04,Maritimo,Pacos Ferreira,4.0,1.0,1.65,3.5,4.75,2.21,1.6,,,,,,
2009-01-04,Nacional,Porto,2.0,4.0,4.33,3.3,1.75,2.07,1.68,,,,,,
2009-01-04,Trofense,Benfica,2.0,0.0,8.0,3.75,1.4,1.94,1.8,,,,,,
2009-01-05,Sp Braga,Belenenses,2.0,0.0,1.57,3.6,5.5,2.25,1.58,,,,,,
2009-01-10,Guimaraes,Est Amadora,0.0,0.0,1.62,3.4,5.5,2.3,1.55,,,,,,
2009-01-10,Sp Lisbon,Maritimo,2.0,0.0,1.44,3.75,7.5,2.15,1.63,,,,,,
2009-01-11,Benfica,Sp Braga,1.0,0.0,1.67,3.4,5.0,2.24,1.58,,,,,,
2009-01-11,Leixoes,Setubal,0.0,0.0,1.8,3.3,4.2,2.34,1.54,,,,,,
2009-01-11,Naval,Academica,2.0,1.0,2.2,3.1,3.1,2.51,1.48,,,,,,
2009-01-11,Pacos Ferreira,Nacional,2.0,3.0,2.5,3.2,2.62,2.25,1.57,,,,,,
2009-01-11,Porto,Trofense,0.0,0.0,1.17,6.5,12.0,1.72,2.02,,,,,,
2009-01-11,Rio Ave,Belenenses,0.0,1.0,2.2,3.1,3.1,2.32,1.55,,,,,,
2009-01-23,Belenenses,Benfica,0.0,0.0,5.5,3.6,1.65,2.15,1.65,,,,,,
2009-01-23,Maritimo,Leixoes,0.0,0.0,2.0,3.3,3.8,2.37,1.53,,,,,,
2009-01-24,Est Amadora,Rio Ave,2.0,0.0,2.0,3.2,3.5,2.41,1.51,,,,,,
2009-01-24,Nacional,Sp Lisbon,1.0,1.0,4.0,3.3,1.83,2.19,1.61,,,,,,
2009-01-24,Setubal,Naval,0.0,1.0,2.1,3.1,3.3,2.44,1.5,,,,,,
2009-01-24,Sp Braga,Porto,0.0,2.0,3.0,3.25,2.2,2.23,1.59,,,,,,
2009-01-25,Academica,Guimaraes,2.0,1.0,2.5,3.1,2.7,2.54,1.47,,,,,,
2009-01-25,Trofense,Pacos Ferreira,1.0,3.0,2.15,3.1,3.25,2.2,1.61,,,,,,
2009-01-30,Setubal,Guimaraes,2.0,4.0,2.6,3.1,2.8,2.52,1.47,,,,,,
2009-01-31,Benfica,Rio Ave,1.0,0.0,1.2,5.5,11.0,1.89,1.85,,,,,,
2009-01-31,Trofense,Sp Lisbon,0.0,0.0,5.5,3.6,1.53,2.23,1.59,,,,,,
2009-02-01,Academica,Est Amadora,2.0,2.0,2.1,3.0,3.4,2.48,1.49,,,,,,
2009-02-01,Belenenses,Porto,1.0,3.0,5.25,3.6,1.57,2.17,1.62,,,,,,
2009-02-01,Maritimo,Naval,1.0,0.0,1.8,3.4,4.0,2.41,1.51,,,,,,
2009-02-01,Nacional,Leixoes,0.0,0.0,2.0,3.25,3.5,2.31,1.55,,,,,,
2009-02-01,Sp Braga,Pacos Ferreira,2.0,0.0,1.5,3.6,6.5,2.15,1.64,,,,,,
2009-02-06,Leixoes,Trofense,2.0,0.0,1.75,3.3,5.25,2.39,1.52,,,,,,
2009-02-07,Est Amadora,Setubal,0.0,0.0,1.95,3.2,3.75,2.42,1.5,,,,,,
2009-02-07,Guimaraes,Maritimo,2.0,1.0,2.0,3.2,3.5,2.52,1.47,,,,,,
2009-02-08,Naval,Nacional,0.0,4.0,2.5,3.0,2.75,2.37,1.53,,,,,,
2009-02-08,Porto,Benfica,1.0,1.0,1.95,3.0,4.0,2.24,1.58,,,,,,
2009-02-08,Rio Ave,Academica,1.0,0.0,2.3,3.1,3.0,2.46,1.5,,,,,,
2009-02-08,Sp Lisbon,Sp Braga,2.0,3.0,1.7,3.3,4.75,2.31,1.54,,,,,,
2009-02-09,Pacos Ferreira,Belenenses,1.0,1.0,2.2,3.1,3.1,2.22,1.59,,,,,,
2009-02-13,Nacional,Guimaraes,3.0,0.0,2.2,3.1,3.5,2.32,1.54,,,,,,
2009-02-14,Belenenses,Sp Lisbon,1.0,2.0,5.0,3.4,1.66,2.28,1.56,,,,,,
2009-02-14,Maritimo,Est Amadora,1.0,0.0,1.72,3.25,4.75,2.42,1.51,,,,,,
2009-02-14,Sp Braga,Leixoes,0.0,1.0,1.61,3.5,5.5,2.35,1.53,,,,,,
2009-02-15,Benfica,Pacos Ferreira,3.0,2.0,1.2,5.5,13.0,1.78,1.97,,,,,,
2009-02-15,Porto,Rio Ave,3.0,1.0,1.16,6.0,15.0,1.83,1.92,,,,,,
2009-02-15,Trofense,Naval,2.0,2.0,2.3,3.1,3.0,2.44,1.51,,,,,,
2009-02-16,Setubal,Academica,2.0,1.0,2.3,3.1,3.0,2.52,1.47,,,,,,
2009-02-20,Pacos Ferreira,Porto,0.0,2.0,6.0,3.75,1.57,1.93,1.81,,,,,,
2009-02-21,Rio Ave,Setubal,1.0,0.0,2.25,3.2,3.0,2.45,1.5,,,,,,
2009-02-21,Sp Lisbon,Benfica,3.0,2.0,2.25,3.1,3.1,2.34,1.54,,,,,,
2009-02-22,Academica,Maritimo,3.0,1.0,2.5,3.1,2.7,2.47,1.49,,,,,,
2009-02-22,Est Amadora,Nacional,1.0,0.0,2.5,3.1,2.7,2.34,1.53,,,,,,
2009-02-22,Guimaraes,Trofense,0.0,1.0,1.66,3.4,5.0,2.27,1.56,,,,,,
2009-02-22,Naval,Sp Braga,1.0,2.0,3.1,3.1,2.2,2.44,1.5,,,,,,
2009-02-23,Leixoes,Belenenses,2.0,2.0,1.8,3.25,4.33,2.41,1.51,,,,,,
2009-02-27,Benfica,Leixoes,2.0,1.0,1.57,3.6,7.0,2.24,1.6,,,,,,
2009-02-28,Nacional,Academica,3.0,1.0,1.66,3.4,5.0,2.22,1.59,,,,,,
2009-02-28,Pacos Ferreira,Rio Ave,2.0,0.0,2.0,3.2,3.5,2.27,1.57,,,,,,
2009-02-28,Porto,Sp Lisbon,0.0,0.0,1.83,3.4,4.2,2.29,1.56,,,,,,
2009-03-01,Belenenses,Naval,1.0,2.0,2.0,3.2,3.75,2.41,1.52,,,,,,
2009-03-01,Maritimo,Setubal,5.0,1.0,1.57,3.6,5.5,2.4,1.51,,,,,,
2009-03-01,Trofense,Est Amadora,1.0,1.0,2.25,3.0,3.1,2.49,1.48,,,,,,
2009-03-02,Sp Braga,Guimaraes,1.0,0.0,1.75,3.4,4.5,2.45,1.5,,,,,,
2009-03-06,Rio Ave,Maritimo,1.0,1.0,2.87,3.0,2.62,2.43,1.51,,,,,,
2009-03-07,Leixoes,Porto,1.0,4.0,4.2,3.3,1.9,2.2,1.61,,,,,,
2009-03-07,Sp Lisbon,Pacos Ferreira,2.0,0.0,1.28,5.25,10.0,1.74,2.0,,,,,,
2009-03-08,Academica,Trofense,1.0,0.0,1.85,3.3,4.0,2.42,1.51,,,,,,
2009-03-08,Est Amadora,Sp Braga,2.0,2.0,3.0,3.1,2.3,2.55,1.46,,,,,,
2009-03-08,Guimaraes,Belenenses,3.0,1.0,1.8,3.3,4.25,2.35,1.54,,,,,,
2009-03-08,Naval,Benfica,1.0,2.0,5.75,3.4,1.6,2.15,1.64,,,,,,
2009-03-09,Setubal,Nacional,2.0,0.0,2.87,3.1,2.4,2.32,1.54,,,,,,
2009-03-13,Pacos Ferreira,Leixoes,4.0,0.0,2.62,3.0,2.88,2.39,1.52,,,,,,
2009-03-14,Benfica,Guimaraes,0.0,1.0,1.36,4.2,7.0,2.02,1.75,,,,,,
2009-03-14,Sp Lisbon,Rio Ave,2.0,0.0,1.2,5.5,10.0,1.93,1.82,,,,,,
2009-03-15,Belenenses,Est Amadora,2.0,2.0,2.1,3.0,3.5,2.39,1.52,,,,,,
2009-03-15,Porto,Naval,2.0,0.0,1.2,5.5,10.0,1.85,1.9,,,,,,
2009-03-15,Sp Braga,Academica,1.0,1.0,1.57,3.5,5.75,2.25,1.58,,,,,,
2009-03-15,Trofense,Setubal,0.0,1.0,2.1,3.0,3.5,2.44,1.5,,,,,,
2009-03-16,Nacional,Maritimo,1.0,1.0,2.1,3.2,3.3,2.35,1.53,,,,,,
2009-04-03,Academica,Belenenses,1.0,0.0,2.15,3.1,3.6,2.45,1.5,,,,,,
2009-04-04,Guimaraes,Porto,1.0,3.0,4.0,3.4,1.8,2.17,1.62,,,,,,
2009-04-05,Est Amadora,Benfica,1.0,2.0,5.0,3.4,1.66,2.21,1.6,,,,,,
2009-04-05,Leixoes,Sp Lisbon,0.0,1.0,4.2,3.3,1.8,2.38,1.52,,,,,,
2009-04-05,Maritimo,Trofense,1.0,1.0,1.53,3.8,5.5,2.21,1.6,,,,,,
2009-04-05,Naval,Pacos Ferreira,0.0,0.0,2.15,3.0,3.4,2.18,1.62,,,,,,
2009-04-05,Setubal,Sp Braga,0.0,3.0,3.25,3.0,2.2,2.55,1.46,,,,,,
2009-04-06,Rio Ave,Nacional,0.0,3.0,2.7,3.0,2.55,2.49,1.48,,,,,,
2009-04-10,Pacos Ferreira,Guimaraes,1.0,1.0,2.7,3.0,2.8,2.21,1.6,,,,,,
2009-04-10,Sp Braga,Maritimo,1.0,1.0,1.83,3.25,4.75,2.43,1.51,,,,,,
2009-04-11,Belenenses,Setubal,2.0,1.0,2.0,3.1,4.2,2.38,1.53,,,,,,
2009-04-11,Benfica,Academica,0.0,1.0,1.36,4.5,9.0,1.95,1.82,,,,,,
2009-04-11,Leixoes,Rio Ave,1.0,0.0,1.83,3.2,4.5,2.41,1.51,,,,,,
2009-04-11,Porto,Est Amadora,3.0,0.0,1.29,5.5,10.0,1.84,1.91,,,,,,
2009-04-11,Sp Lisbon,Naval,3.0,1.0,1.3,4.75,12.0,1.9,1.84,,,,,,
2009-04-13,Trofense,Nacional,1.0,2.0,3.2,3.0,2.38,2.25,1.58,,,,,,
2009-04-17,Est Amadora,Pacos Ferreira,0.0,2.0,2.15,3.1,3.6,2.33,1.55,,,,,,
2009-04-18,Guimaraes,Sp Lisbon,1.0,2.0,4.2,3.2,1.85,2.3,1.55,,,,,,
2009-04-18,Nacional,Sp Braga,1.0,1.0,2.4,3.0,2.9,2.38,1.52,,,,,,
2009-04-19,Academica,Porto,0.0,3.0,5.5,3.6,1.57,2.15,1.64,,,,,,
2009-04-19,Maritimo,Belenenses,1.0,1.0,1.67,3.4,5.0,2.24,1.59,,,,,,
2009-04-19,Rio Ave,Trofense,2.0,1.0,2.1,3.1,3.4,2.42,1.51,,,,,,
2009-04-19,Setubal,Benfica,0.0,4.0,5.5,3.4,1.62,2.11,1.65,,,,,,
2009-04-20,Naval,Leixoes,1.0,0.0,2.2,3.1,3.2,2.39,1.52,,,,,,
2009-04-24,Sp Braga,Trofense,1.0,0.0,1.4,4.2,9.0,2.19,1.6,,,,,,
2009-04-25,Sp Lisbon,Est Amadora,2.0,1.0,1.22,5.0,12.0,1.82,1.91,,,,,,
2009-04-26,Belenenses,Nacional,1.0,2.0,2.5,3.0,2.8,2.28,1.56,,,,,,
2009-04-26,Benfica,Maritimo,3.0,2.0,1.4,4.2,7.5,2.05,1.71,,,,,,
2009-04-26,Naval,Rio Ave,0.0,1.0,2.05,3.25,3.4,2.34,1.54,,,,,,
2009-04-26,Porto,Setubal,2.0,0.0,1.2,5.5,13.0,1.68,2.06,,,,,,
2009-04-27,Leixoes,Guimaraes,2.0,2.0,2.4,3.0,2.9,2.37,1.52,,,,,,
2009-04-27,Pacos Ferreira,Academica,1.0,1.0,2.1,3.1,3.4,2.34,1.54,,,,,,
2009-05-01,Rio Ave,Sp Braga,0.0,0.0,3.25,3.0,2.35,2.47,1.49,,,,,,
2009-05-02,Academica,Sp Lisbon,0.0,0.0,5.5,3.6,1.57,2.24,1.59,,,,,,
2009-05-02,Nacional,Benfica,3.0,1.0,3.75,3.25,1.9,2.12,1.65,,,,,,
2009-05-03,Est Amadora,Leixoes,2.0,1.0,2.3,3.1,3.0,2.4,1.51,,,,,,
2009-05-03,Guimaraes,Naval,1.0,0.0,1.9,3.25,3.75,2.3,1.55,,,,,,
2009-05-03,Maritimo,Porto,0.0,3.0,5.5,3.6,1.57,2.07,1.68,,,,,,
2009-05-03,Setubal,Pacos Ferreira,2.0,1.0,2.25,3.1,3.1,2.29,1.56,,,,,,
2009-05-04,Trofense,Belenenses,2.0,1.0,2.25,3.1,3.1,2.29,1.56,,,,,,
2009-05-08,Guimaraes,Rio Ave,0.0,1.0,2.15,3.2,3.5,2.41,1.51,,,,,,
2009-05-09,Benfica,Trofense,2.0,2.0,1.22,5.5,11.0,1.86,1.88,,,,,,
2009-05-09,Sp Lisbon,Setubal,2.0,1.0,1.2,5.5,12.0,1.8,1.94,,,,,,
2009-05-10,Leixoes,Academica,0.0,1.0,2.0,3.2,3.5,2.4,1.51,,,,,,
2009-05-10,Naval,Est Amadora,0.0,0.0,2.2,3.1,3.2,2.39,1.52,,,,,,
2009-05-10,Pacos Ferreira,Maritimo,2.0,1.0,2.25,3.1,3.1,2.25,1.57,,,,,,
2009-05-10,Porto,Nacional,1.0,0.0,1.36,4.2,8.0,1.88,1.86,,,,,,
2009-05-11,Belenenses,Sp Braga,0.0,5.0,2.75,3.2,2.4,2.23,1.58,,,,,,
2009-05-16,Academica,Naval,3.0,1.0,2.0,3.0,4.0,2.39,1.51,,,,,,
2009-05-16,Belenenses,Rio Ave,1.0,0.0,2.3,3.0,3.1,2.22,1.59,,,,,,
2009-05-16,Est Amadora,Guimaraes,1.0,0.0,2.4,3.0,2.9,2.28,1.55,,,,,,
2009-05-16,Maritimo,Sp Lisbon,1.0,2.0,4.75,3.3,1.7,2.16,1.61,,,,,,
2009-05-16,Setubal,Leixoes,0.0,1.0,1.8,3.2,4.5,2.28,1.55,,,,,,
2009-05-16,Trofense,Porto,1.0,4.0,4.5,3.4,1.73,1.99,1.74,,,,,,
2009-05-17,Nacional,Pacos Ferreira,1.0,0.0,1.62,3.4,5.5,2.01,1.74,,,,,,
2009-05-17,Sp Braga,Benfica,1.0,3.0,2.5,3.0,2.75,2.17,1.61,,,,,,
2009-05-23,Benfica,Belenenses,3.0,1.0,1.8,3.6,4.5,1.88,1.87,,,,,,
2009-05-23,Guimaraes,Academica,3.0,2.0,2.1,3.2,3.6,2.27,1.56,,,,,,
2009-05-23,Leixoes,Maritimo,1.0,0.0,2.3,3.2,3.25,2.23,1.58,,,,,,
2009-05-23,Naval,Setubal,2.0,2.0,3.0,3.25,2.38,2.22,1.59,,,,,,
2009-05-23,Pacos Ferreira,Trofense,1.0,0.0,2.7,3.25,2.4,2.0,1.75,,,,,,
2009-05-23,Rio Ave,Est Amadora,2.0,1.0,1.83,3.2,4.2,2.31,1.54,,,,,,
2009-05-24,Porto,Sp Braga,1.0,1.0,1.5,3.6,6.5,1.9,1.85,,,,,,
2009-05-24,Sp Lisbon,Nacional,3.0,1.0,1.67,3.5,4.75,1.89,1.85,,,,,,
2009-08-14,Leixoes,Belenenses,0.0,0.0,2.1,3.2,3.75,2.34,1.54,,,,,,
2009-08-15,Nacional,Sp Lisbon,1.0,1.0,3.6,3.25,2.1,2.2,1.61,,,,,,
2009-08-15,Sp Braga,Academica,1.0,0.0,1.62,3.6,6.0,2.34,1.54,,,,,,
2009-08-16,Benfica,Maritimo,1.0,1.0,1.44,4.0,8.0,2.01,1.74,,,,,,
2009-08-16,Leiria,Rio Ave,1.0,1.0,2.2,3.2,3.4,2.34,1.54,,,,,,
2009-08-16,Naval,Olhanense,0.0,0.0,2.1,3.25,3.6,2.37,1.54,,,,,,
2009-08-16,Pacos Ferreira,Porto,1.0,1.0,8.0,4.0,1.44,1.99,1.75,,,,,,
2009-08-17,Setubal,Guimaraes,0.0,0.0,3.0,3.0,2.5,2.33,1.54,,,,,,
2009-08-21,Olhanense,Leiria,0.0,0.0,2.15,3.1,3.6,2.33,1.54,,,,,,
2009-08-22,Academica,Pacos Ferreira,1.0,1.0,2.3,3.1,3.0,2.33,1.56,,,,,,
2009-08-22,Sp Lisbon,Sp Braga,1.0,2.0,1.67,3.4,4.75,2.26,1.59,,,,,,
2009-08-23,Guimaraes,Benfica,0.0,1.0,3.6,3.25,1.85,2.22,1.6,,,,,,
2009-08-23,Maritimo,Leixoes,1.0,0.0,1.83,3.3,4.33,2.32,1.55,,,,,,
2009-08-23,Porto,Nacional,3.0,0.0,1.36,4.33,7.5,1.98,1.76,,,,,,
2009-08-23,Rio Ave,Setubal,1.0,0.0,2.1,3.1,3.4,2.38,1.53,,,,,,
2009-08-24,Belenenses,Naval,2.0,0.0,1.95,3.1,3.8,2.31,1.55,,,,,,
2009-08-29,Naval,Porto,1.0,3.0,8.0,4.0,1.44,2.11,1.67,,,,,,
2009-08-29,Pacos Ferreira,Guimaraes,0.0,0.0,2.63,3.0,2.88,2.42,1.51,,,,,,
2009-08-30,Academica,Sp Lisbon,0.0,2.0,6.0,3.4,1.67,2.33,1.55,,,,,,
2009-08-30,Leiria,Maritimo,0.0,0.0,2.75,3.0,2.7,2.4,1.52,,,,,,
2009-08-30,Leixoes,Rio Ave,0.0,0.0,2.2,3.2,3.4,2.41,1.51,,,,,,
2009-08-30,Sp Braga,Belenenses,3.0,1.0,1.5,3.75,7.5,2.27,1.58,,,,,,
2009-08-31,Benfica,Setubal,8.0,1.0,1.22,5.5,15.0,1.71,2.05,,,,,,
2009-08-31,Nacional,Olhanense,1.0,1.0,1.75,3.5,5.0,2.22,1.59,,,,,,
2009-09-11,Guimaraes,Naval,3.0,0.0,1.67,3.5,5.75,2.43,1.51,,,,,,
2009-09-12,Porto,Leixoes,4.0,1.0,1.22,6.0,13.0,1.87,1.86,,,,,,
2009-09-12,Rio Ave,Nacional,2.0,0.0,2.8,2.88,2.8,2.5,1.48,,,,,,
2009-09-13,Belenenses,Benfica,0.0,4.0,7.0,4.0,1.5,2.03,1.72,,,,,,
2009-09-13,Maritimo,Sp Braga,1.0,2.0,2.9,2.9,2.7,2.38,1.5,,,,,,
2009-09-13,Olhanense,Academica,2.0,1.0,2.3,3.0,3.4,2.55,1.46,,,,,,
2009-09-13,Setubal,Leiria,0.0,4.0,2.8,2.88,2.8,2.43,1.5,,,,,,
2009-09-13,Sp Lisbon,Pacos Ferreira,1.0,0.0,1.29,5.25,11.0,2.06,1.7,,,,,,
2009-09-18,Leixoes,Guimaraes,3.0,1.0,2.8,3.1,2.6,2.48,1.49,,,,,,
2009-09-19,Pacos Ferreira,Rio Ave,1.0,1.0,2.1,3.2,3.25,2.4,1.52,,,,,,
2009-09-19,Sp Braga,Porto,1.0,0.0,3.3,3.2,2.1,2.23,1.59,,,,,,
2009-09-20,Academica,Belenenses,1.0,1.0,2.1,3.1,3.4,2.42,1.51,,,,,,
2009-09-20,Leiria,Benfica,1.0,2.0,7.0,4.0,1.4,1.86,1.87,,,,,,
2009-09-20,Nacional,Maritimo,2.0,1.0,2.38,3.0,3.0,2.51,1.49,,,,,,
2009-09-20,Naval,Setubal,0.0,1.0,1.8,3.2,4.33,2.42,1.52,,,,,,
2009-09-21,Sp Lisbon,Olhanense,3.0,2.0,1.25,5.0,11.0,1.95,1.79,,,,,,
2009-09-25,Olhanense,Sp Braga,0.0,1.0,4.2,3.25,1.91,2.26,1.58,,,,,,
2009-09-26,Benfica,Leixoes,5.0,0.0,1.25,5.0,11.0,1.73,2.01,,,,,,
2009-09-26,Maritimo,Naval,1.0,2.0,1.62,3.4,5.5,2.35,1.54,,,,,,
2009-09-26,Porto,Sp Lisbon,1.0,0.0,1.83,3.25,4.2,2.17,1.62,,,,,,
2009-09-26,Rio Ave,Academica,0.0,0.0,1.91,3.1,4.0,2.52,1.47,,,,,,
2009-09-26,Setubal,Pacos Ferreira,0.0,1.0,2.5,3.0,2.8,2.36,1.53,,,,,,
2009-09-28,Guimaraes,Leiria,2.0,2.0,1.75,3.2,4.75,2.36,1.53,,,,,,
2009-10-02,Academica,Maritimo,2.0,4.0,2.5,3.0,3.0,2.51,1.46,,,,,,
2009-10-03,Naval,Rio Ave,3.0,2.0,2.5,3.0,3.0,2.54,1.45,,,,,,
2009-10-03,Sp Braga,Setubal,2.0,0.0,1.3,5.0,10.0,1.86,1.87,,,,,,
2009-10-04,Leixoes,Leiria,3.0,2.0,2.0,3.0,3.75,2.3,1.54,,,,,,
2009-10-04,Olhanense,Porto,0.0,3.0,7.0,3.8,1.44,2.09,1.68,,,,,,
2009-10-04,Sp Lisbon,Belenenses,0.0,0.0,1.3,4.5,8.5,1.87,1.86,,,,,,
2009-10-05,Nacional,Guimaraes,2.0,0.0,2.25,3.0,3.1,2.34,1.52,,,,,,
2009-10-05,Pacos Ferreira,Benfica,1.0,3.0,7.0,3.7,1.44,1.81,1.92,,,,,,
2009-10-12,Belenenses,Nacional,0.0,1.0,2.5,3.0,2.8,2.33,1.55,,,,,,
2009-10-23,Belenenses,Olhanense,0.0,0.0,2.25,3.0,3.5,2.41,1.51,,,,,,
2009-10-24,Leiria,Naval,2.0,0.0,2.0,3.2,4.0,2.32,1.55,,,,,,
2009-10-24,Rio Ave,Sp Braga,1.0,1.0,4.75,3.3,1.83,2.35,1.53,,,,,,
2009-10-25,Maritimo,Pacos Ferreira,3.0,1.0,1.8,3.4,4.75,2.25,1.57,,,,,,
2009-10-25,Porto,Academica,3.0,2.0,1.17,6.5,17.0,1.72,2.02,,,,,,
2009-10-25,Setubal,Leixoes,1.0,0.0,2.75,3.0,2.7,2.35,1.53,,,,,,
2009-10-26,Benfica,Nacional,6.0,1.0,1.25,5.5,12.0,1.68,2.07,,,,,,
2009-10-27,Guimaraes,Sp Lisbon,1.0,1.0,4.2,3.3,1.91,2.14,1.63,,,,,,
2009-10-30,Porto,Belenenses,1.0,1.0,1.17,6.75,14.0,1.62,2.18,,,,,,
2009-10-31,Naval,Leixoes,1.0,0.0,2.1,3.25,3.25,2.23,1.59,,,,,,
2009-10-31,Sp Braga,Benfica,2.0,0.0,3.25,3.25,2.1,1.9,1.83,,,,,,
2009-11-01,Nacional,Setubal,2.0,1.0,1.5,3.5,7.0,2.12,1.65,,,,,,
2009-11-01,Olhanense,Rio Ave,0.0,1.0,2.35,3.0,3.0,2.35,1.54,,,,,,
2009-11-01,Pacos Ferreira,Leiria,0.0,1.0,2.1,3.25,3.25,2.31,1.55,,,,,,
2009-11-01,Sp Lisbon,Maritimo,1.0,1.0,1.36,4.0,9.0,1.87,1.86,,,,,,
2009-11-02,Academica,Guimaraes,2.0,0.0,2.5,3.0,2.75,2.38,1.53,,,,,,
2009-11-06,Belenenses,Pacos Ferreira,0.0,3.0,2.3,3.1,3.3,2.34,1.53,,,,,,
2009-11-07,Guimaraes,Sp Braga,1.0,0.0,3.4,3.1,2.25,2.4,1.5,,,,,,
2009-11-07,Setubal,Olhanense,0.0,0.0,2.5,3.0,3.0,2.4,1.5,,,,,,
2009-11-08,Leiria,Academica,1.0,1.0,1.91,3.3,4.2,2.25,1.57,,,,,,
2009-11-08,Leixoes,Nacional,2.0,4.0,2.75,3.0,2.75,2.24,1.57,,,,,,
2009-11-08,Maritimo,Porto,1.0,0.0,4.75,3.5,1.75,2.01,1.74,,,,,,
2009-11-08,Rio Ave,Sp Lisbon,2.0,2.0,4.0,3.25,2.0,2.3,1.54,,,,,,
2009-11-09,Benfica,Naval,1.0,0.0,1.17,6.5,17.0,1.54,2.33,,,,,,
2009-11-27,Olhanense,Guimaraes,0.0,2.0,2.63,3.0,2.63,2.45,1.51,,,,,,
2009-11-28,Sp Lisbon,Benfica,0.0,0.0,2.9,3.2,2.3,2.07,1.7,,,,,,
2009-11-29,Academica,Setubal,3.0,0.0,1.91,3.2,4.0,2.44,1.5,,,,,,
2009-11-29,Belenenses,Maritimo,2.0,2.0,2.8,3.0,2.5,2.42,1.51,,,,,,
2009-11-29,Nacional,Naval,1.0,1.0,1.6,3.5,5.5,2.18,1.62,,,,,,
2009-11-29,Pacos Ferreira,Leixoes,1.0,1.0,2.0,3.1,3.75,2.36,1.53,,,,,,
2009-11-29,Porto,Rio Ave,2.0,1.0,1.25,5.0,11.0,1.91,1.83,,,,,,
2009-11-30,Sp Braga,Leiria,2.0,0.0,1.44,3.8,7.5,2.21,1.6,,,,,,
2009-12-04,Guimaraes,Porto,1.0,4.0,4.5,3.3,1.85,2.28,1.56,,,,,,
2009-12-05,Leixoes,Sp Braga,1.0,1.0,4.2,3.3,1.8,2.37,1.52,,,,,,
2009-12-05,Naval,Pacos Ferreira,1.0,0.0,2.25,3.0,3.2,2.38,1.52,,,,,,
2009-12-05,Rio Ave,Belenenses,0.0,0.0,1.8,3.3,4.2,2.49,1.48,,,,,,
2009-12-06,Benfica,Academica,4.0,0.0,1.2,6.0,11.0,1.67,2.09,,,,,,
2009-12-06,Maritimo,Olhanense,5.0,2.0,1.57,3.6,5.5,2.29,1.55,,,,,,
2009-12-07,Leiria,Nacional,1.0,2.0,2.5,3.0,2.75,2.32,1.54,,,,,,
2009-12-07,Setubal,Sp Lisbon,0.0,2.0,5.0,3.5,1.65,2.24,1.57,,,,,,
2009-12-11,Pacos Ferreira,Nacional,2.0,1.0,2.75,3.0,2.75,2.21,1.59,,,,,,
2009-12-12,Olhanense,Benfica,2.0,2.0,8.5,4.33,1.4,1.84,1.9,,,,,,
2009-12-12,Sp Lisbon,Leiria,0.0,1.0,1.44,4.0,8.0,2.1,1.67,,,,,,
2009-12-13,Academica,Leixoes,2.0,0.0,1.83,3.3,4.75,2.37,1.52,,,,,,
2009-12-13,Maritimo,Rio Ave,0.0,1.0,1.75,3.4,5.0,2.2,1.59,,,,,,
2009-12-13,Porto,Setubal,2.0,0.0,1.13,7.5,21.0,1.57,2.25,,,,,,
2009-12-13,Sp Braga,Naval,0.0,0.0,1.33,4.5,11.0,2.11,1.67,,,,,,
2009-12-14,Belenenses,Guimaraes,0.0,1.0,3.2,3.0,2.4,2.38,1.52,,,,,,
2009-12-18,Pacos Ferreira,Sp Braga,0.0,1.0,4.2,3.3,1.91,2.4,1.52,,,,,,
2009-12-19,Guimaraes,Rio Ave,1.0,0.0,1.83,3.3,4.75,2.4,1.51,,,,,,
2009-12-19,Naval,Sp Lisbon,0.0,1.0,4.5,3.4,1.83,2.31,1.55,,,,,,
2009-12-20,Benfica,Porto,1.0,0.0,2.3,3.2,3.2,2.14,1.63,,,,,,
2009-12-20,Leiria,Belenenses,1.0,0.0,1.95,3.2,4.2,2.41,1.51,,,,,,
2009-12-20,Nacional,Academica,4.0,3.0,1.91,3.3,4.2,2.16,1.63,,,,,,
2009-12-20,Setubal,Maritimo,3.0,2.0,4.5,3.4,1.83,2.18,1.61,,,,,,
2009-12-21,Leixoes,Olhanense,2.0,2.0,2.3,3.1,3.3,2.29,1.56,,,,,,
2010-01-08,Sp Braga,Nacional,2.0,0.0,1.7,3.4,5.5,2.25,1.57,,,,,,
2010-01-09,Maritimo,Guimaraes,0.0,1.0,2.25,3.1,3.1,2.35,1.53,,,,,,
2010-01-09,Rio Ave,Benfica,0.0,1.0,5.5,3.5,1.62,2.09,1.67,,,,,,
2010-01-09,Sp Lisbon,Leixoes,1.0,0.0,1.33,4.33,9.0,2.0,1.74,,,,,,
2010-01-10,Academica,Naval,2.0,0.0,1.95,3.1,3.75,2.33,1.54,,,,,,
2010-01-10,Olhanense,Pacos Ferreira,1.0,1.0,2.38,3.1,2.88,2.37,1.52,,,,,,
2010-01-10,Porto,Leiria,3.0,2.0,1.25,5.25,10.0,1.83,1.91,,,,,,
2010-01-11,Belenenses,Setubal,0.0,0.0,2.05,3.1,3.5,2.36,1.53,,,,,,
2010-01-16,Guimaraes,Setubal,2.0,2.0,1.53,3.7,7.0,2.26,1.57,,,,,,
2010-01-16,Olhanense,Naval,1.0,0.0,2.3,3.1,3.2,2.41,1.5,,,,,,
2010-01-16,Porto,Pacos Ferreira,1.0,1.0,1.25,5.5,12.0,1.76,1.98,,,,,,
2010-01-16,Sp Lisbon,Nacional,3.0,2.0,1.53,3.7,7.0,2.01,1.73,,,,,,
2010-01-17,Academica,Sp Braga,0.0,2.0,4.2,3.2,1.95,2.31,1.55,,,,,,
2010-01-17,Belenenses,Leixoes,1.0,3.0,2.3,3.1,3.2,2.5,1.48,,,,,,
2010-01-17,Maritimo,Benfica,0.0,5.0,5.0,3.6,1.7,1.93,1.8,,,,,,
2010-01-17,Rio Ave,Leiria,0.0,2.0,2.2,3.1,3.5,2.51,1.47,,,,,,
2010-01-29,Sp Braga,Sp Lisbon,1.0,0.0,2.4,3.0,3.2,2.57,1.45,,,,,,
2010-01-30,Benfica,Guimaraes,3.0,1.0,1.33,4.75,10.0,1.83,1.91,,,,,,
2010-01-30,Leiria,Olhanense,2.0,0.0,1.91,3.3,4.2,2.44,1.5,,,,,,
2010-01-30,Nacional,Porto,0.0,4.0,4.5,3.4,1.83,2.09,1.66,,,,,,
2010-01-30,Naval,Belenenses,1.0,0.0,2.25,3.0,3.5,2.55,1.45,,,,,,
2010-01-31,Pacos Ferreira,Academica,2.0,1.0,2.38,3.0,3.25,2.47,1.49,,,,,,
2010-01-31,Setubal,Rio Ave,2.0,2.0,2.5,3.0,3.0,2.52,1.46,,,,,,
2010-02-01,Leixoes,Maritimo,1.0,2.0,2.6,3.0,2.88,2.43,1.5,,,,,,
2010-02-03,Benfica,Leiria,3.0,0.0,1.25,5.25,13.0,1.67,2.08,,,,,,
2010-02-06,Setubal,Benfica,1.0,1.0,10.0,4.75,1.33,1.77,1.97,,,,,,
2010-02-06,Sp Lisbon,Academica,1.0,2.0,1.4,4.33,8.0,1.97,1.77,,,,,,
2010-02-07,Guimaraes,Pacos Ferreira,1.0,2.0,1.85,3.2,4.2,2.36,1.53,,,,,,
2010-02-07,Maritimo,Leiria,1.0,0.0,2.1,3.1,3.4,2.18,1.61,,,,,,
2010-02-07,Olhanense,Nacional,1.0,0.0,2.63,3.0,2.63,2.21,1.59,,,,,,
2010-02-07,Porto,Naval,3.0,0.0,1.2,6.0,11.0,1.69,2.07,,,,,,
2010-02-07,Rio Ave,Leixoes,2.0,0.0,1.95,3.2,3.75,2.53,1.46,,,,,,
2010-02-08,Belenenses,Sp Braga,1.0,3.0,5.5,3.5,1.6,2.34,1.54,,,,,,
2010-02-12,Pacos Ferreira,Sp Lisbon,0.0,0.0,4.0,3.2,2.0,2.43,1.5,,,,,,
2010-02-13,Benfica,Belenenses,1.0,0.0,1.17,6.5,17.0,1.61,2.17,,,,,,
2010-02-13,Leixoes,Porto,0.0,0.0,7.0,4.33,1.44,1.92,1.82,,,,,,
2010-02-14,Academica,Olhanense,1.0,1.0,1.83,3.3,4.75,2.37,1.52,,,,,,
2010-02-14,Leiria,Setubal,3.0,3.0,1.6,3.6,5.0,2.39,1.52,,,,,,
2010-02-14,Nacional,Rio Ave,1.0,1.0,2.05,3.25,3.75,2.34,1.54,,,,,,
2010-02-14,Sp Braga,Maritimo,2.0,1.0,1.53,3.8,6.5,2.06,1.71,,,,,,
2010-02-15,Naval,Guimaraes,0.0,0.0,3.0,3.0,2.5,2.5,1.47,,,,,,
2010-02-19,Maritimo,Nacional,1.0,1.0,2.2,3.3,3.3,2.08,1.69,,,,,,
2010-02-20,Guimaraes,Leixoes,2.0,0.0,1.67,3.5,5.5,2.25,1.57,,,,,,
2010-02-20,Olhanense,Sp Lisbon,0.0,0.0,4.5,3.4,1.83,2.41,1.51,,,,,,
2010-02-21,Porto,Sp Braga,5.0,1.0,1.83,3.2,4.33,2.33,1.54,,,,,,
2010-02-21,Rio Ave,Pacos Ferreira,1.0,2.0,2.3,3.1,3.3,2.51,1.47,,,,,,
2010-02-21,Setubal,Naval,0.0,1.0,2.3,3.1,3.3,2.46,1.49,,,,,,
2010-02-22,Belenenses,Academica,1.0,2.0,3.0,3.0,2.5,2.48,1.49,,,,,,
2010-02-26,Leiria,Guimaraes,0.0,1.0,2.55,3.0,2.9,2.42,1.51,,,,,,
2010-02-27,Leixoes,Benfica,0.0,4.0,9.0,4.5,1.36,1.95,1.79,,,,,,
2010-02-27,Naval,Maritimo,2.0,1.0,3.0,3.0,2.5,2.3,1.54,,,,,,
2010-02-27,Sp Braga,Olhanense,3.0,1.0,1.33,4.5,11.0,2.09,1.68,,,,,,
2010-02-28,Academica,Rio Ave,0.0,1.0,2.1,3.1,3.75,2.45,1.49,,,,,,
2010-02-28,Pacos Ferreira,Setubal,5.0,3.0,1.83,3.4,4.5,2.27,1.55,,,,,,
2010-02-28,Sp Lisbon,Porto,3.0,0.0,3.6,3.2,2.1,2.33,1.53,,,,,,
2010-03-02,Nacional,Belenenses,1.0,0.0,1.57,3.6,6.5,2.21,1.58,,,,,,
2010-03-05,Leiria,Leixoes,2.0,1.0,1.75,3.4,4.75,2.32,1.54,,,,,,
2010-03-06,Porto,Olhanense,2.0,2.0,1.2,5.5,13.0,1.7,2.05,,,,,,
2010-03-06,Rio Ave,Naval,0.0,0.0,2.05,3.1,3.5,2.58,1.45,,,,,,
2010-03-06,Setubal,Sp Braga,0.0,0.0,6.0,3.6,1.6,2.28,1.56,,,,,,
2010-03-07,Belenenses,Sp Lisbon,0.0,4.0,5.5,3.5,1.6,2.22,1.58,,,,,,
2010-03-07,Benfica,Pacos Ferreira,3.0,1.0,1.25,5.0,11.0,1.59,2.2,,,,,,
2010-03-07,Maritimo,Academica,0.0,0.0,2.05,3.1,3.5,2.25,1.57,,,,,,
2010-03-08,Guimaraes,Nacional,2.0,0.0,1.95,3.1,3.8,2.22,1.58,,,,,,
2010-03-12,Naval,Leiria,1.0,0.0,2.4,3.0,3.2,2.48,1.48,,,,,,
2010-03-13,Academica,Porto,1.0,2.0,5.5,3.5,1.67,2.09,1.67,,,,,,
2010-03-13,Sp Braga,Rio Ave,1.0,0.0,1.44,4.2,7.5,2.06,1.71,,,,,,
2010-03-14,Leixoes,Setubal,1.0,2.0,2.2,3.1,3.5,2.43,1.5,,,,,,
2010-03-14,Nacional,Benfica,0.0,1.0,6.5,3.8,1.53,1.8,1.95,,,,,,
2010-03-14,Olhanense,Belenenses,1.0,3.0,1.91,3.3,4.2,2.42,1.5,,,,,,
2010-03-14,Sp Lisbon,Guimaraes,3.0,1.0,1.57,3.75,6.0,2.14,1.63,,,,,,
2010-03-15,Pacos Ferreira,Maritimo,1.0,0.0,2.25,3.1,3.4,2.22,1.58,,,,,,
2010-03-26,Maritimo,Sp Lisbon,3.0,2.0,3.75,3.25,2.05,2.19,1.61,,,,,,
2010-03-27,Benfica,Sp Braga,1.0,0.0,1.62,3.6,6.0,2.06,1.7,,,,,,
2010-03-27,Guimaraes,Academica,1.0,0.0,1.83,3.4,4.5,2.23,1.58,,,,,,
2010-03-28,Belenenses,Porto,0.0,3.0,9.0,4.5,1.36,1.89,1.86,,,,,,
2010-03-28,Leiria,Pacos Ferreira,2.0,1.0,2.3,3.1,3.3,2.23,1.58,,,,,,
2010-03-28,Leixoes,Naval,1.0,0.0,2.3,3.0,3.4,2.44,1.49,,,,,,
2010-03-28,Rio Ave,Olhanense,1.0,5.0,2.1,3.2,3.6,2.42,1.51,,,,,,
2010-03-28,Setubal,Nacional,2.0,1.0,2.75,3.0,2.75,2.24,1.58,,,,,,
2010-04-02,Nacional,Leixoes,1.0,0.0,1.73,3.5,5.0,2.19,1.6,,,,,,
2010-04-02,Sp Braga,Guimaraes,3.0,2.0,1.65,3.6,5.5,2.32,1.54,,,,,,
2010-04-02,Sp Lisbon,Rio Ave,5.0,0.0,1.4,4.2,8.5,2.1,1.65,,,,,,
2010-04-03,Academica,Leiria,0.0,0.0,2.25,3.0,3.2,2.24,1.57,,,,,,
2010-04-03,Olhanense,Setubal,2.0,2.0,2.0,3.2,3.6,2.26,1.55,,,,,,
2010-04-03,Pacos Ferreira,Belenenses,0.0,0.0,1.62,3.4,5.5,2.18,1.61,,,,,,
2010-04-03,Porto,Maritimo,4.0,1.0,1.29,4.5,11.0,1.79,1.94,,,,,,
2010-04-05,Naval,Benfica,2.0,4.0,7.0,4.2,1.4,1.87,1.86,,,,,,
2010-04-09,Naval,Nacional,0.0,0.0,2.38,3.0,3.25,2.44,1.5,,,,,,
2010-04-10,Leiria,Sp Braga,1.0,2.0,3.6,3.2,2.1,2.44,1.5,,,,,,
2010-04-10,Rio Ave,Porto,0.0,1.0,8.0,4.5,1.4,1.85,1.88,,,,,,
2010-04-11,Guimaraes,Olhanense,1.0,1.0,1.8,3.4,4.75,2.19,1.6,,,,,,
2010-04-11,Leixoes,Pacos Ferreira,2.0,0.0,2.5,3.1,2.9,2.22,1.59,,,,,,
2010-04-11,Maritimo,Belenenses,3.0,3.0,1.67,3.5,5.5,1.94,1.8,,,,,,
2010-04-12,Setubal,Academica,1.0,1.0,2.4,3.2,3.0,2.19,1.6,,,,,,
2010-04-13,Benfica,Sp Lisbon,2.0,0.0,1.62,3.75,5.75,1.84,1.89,,,,,,
2010-04-16,Olhanense,Maritimo,1.0,2.0,2.2,3.2,3.4,2.21,1.59,,,,,,
2010-04-17,Pacos Ferreira,Naval,1.0,3.0,1.91,3.25,3.75,2.26,1.56,,,,,,
2010-04-17,Sp Braga,Leixoes,3.0,1.0,1.25,5.25,11.0,1.77,1.95,,,,,,
2010-04-18,Academica,Benfica,2.0,3.0,9.0,4.5,1.3,1.78,1.96,,,,,,
2010-04-18,Belenenses,Rio Ave,0.0,0.0,2.5,3.1,2.7,2.31,1.55,,,,,,
2010-04-18,Nacional,Leiria,2.0,0.0,2.1,3.2,3.3,2.26,1.56,,,,,,
2010-04-18,Porto,Guimaraes,3.0,0.0,1.33,4.5,8.5,1.73,2.02,,,,,,
2010-04-19,Sp Lisbon,Setubal,2.0,1.0,1.25,5.0,10.0,1.78,1.95,,,,,,
2010-04-23,Rio Ave,Maritimo,0.0,0.0,2.5,3.0,3.0,2.22,1.59,,,,,,
2010-04-24,Benfica,Olhanense,5.0,0.0,1.17,6.5,17.0,1.51,2.39,,,,,,
2010-04-24,Setubal,Porto,2.0,5.0,8.5,4.75,1.36,1.68,2.07,,,,,,
2010-04-25,Leiria,Sp Lisbon,1.0,1.0,4.0,3.4,1.91,2.2,1.6,,,,,,
2010-04-25,Leixoes,Academica,1.0,3.0,2.3,3.1,3.3,2.24,1.57,,,,,,
2010-04-25,Nacional,Pacos Ferreira,1.0,1.0,2.0,3.4,3.75,2.2,1.6,,,,,,
2010-04-25,Naval,Sp Braga,0.0,4.0,5.0,3.5,1.73,2.32,1.54,,,,,,
2010-04-26,Guimaraes,Belenenses,2.0,0.0,1.36,4.5,9.0,2.06,1.7,,,,,,
2010-05-02,Academica,Nacional,3.0,3.0,2.4,3.1,3.0,2.26,1.56,,,,,,
2010-05-02,Belenenses,Leiria,5.0,2.0,3.0,3.1,2.4,2.28,1.56,,,,,,
2010-05-02,Maritimo,Setubal,2.0,0.0,1.91,3.3,4.2,2.06,1.67,,,,,,
2010-05-02,Olhanense,Leixoes,1.0,0.0,1.95,3.2,4.1,2.2,1.6,,,,,,
2010-05-02,Porto,Benfica,3.0,1.0,2.45,3.1,2.9,1.99,1.76,,,,,,
2010-05-02,Rio Ave,Guimaraes,0.0,0.0,3.5,3.1,2.2,2.31,1.54,,,,,,
2010-05-02,Sp Braga,Pacos Ferreira,1.0,0.0,1.25,5.25,12.0,1.93,1.82,,,,,,
2010-05-02,Sp Lisbon,Naval,0.0,1.0,1.25,5.25,12.0,1.78,1.97,,,,,,
2010-05-08,Leiria,Porto,1.0,4.0,6.5,4.2,1.5,1.69,2.04,,,,,,
2010-05-08,Leixoes,Sp Lisbon,1.0,2.0,5.5,3.5,1.67,2.06,1.67,,,,,,
2010-05-08,Setubal,Belenenses,1.0,2.0,2.2,3.25,3.3,2.04,1.69,,,,,,
2010-05-09,Benfica,Rio Ave,2.0,1.0,1.13,8.0,19.0,1.48,2.47,,,,,,
2010-05-09,Guimaraes,Maritimo,1.0,2.0,2.05,3.25,3.75,2.11,1.65,,,,,,
2010-05-09,Nacional,Sp Braga,1.0,1.0,4.0,3.4,1.91,2.06,1.68,,,,,,
2010-05-09,Naval,Academica,0.0,1.0,2.5,3.0,3.0,2.13,1.63,,,,,,
2010-05-09,Pacos Ferreira,Olhanense,2.0,2.0,2.1,3.2,3.6,2.09,1.66,,,,,,
2010-08-13,Sp Braga,Portimonense,3.0,1.0,1.36,4.5,9.0,2.12,1.66,,,,,,
2010-08-14,Maritimo,Setubal,0.0,1.0,1.7,3.5,5.25,2.2,1.61,,,,,,
2010-08-14,Naval,Porto,0.0,1.0,9.0,4.5,1.36,2.1,1.67,,,,,,
2010-08-14,Pacos Ferreira,Sp Lisbon,1.0,0.0,4.75,3.4,1.8,2.22,1.59,,,,,,
2010-08-15,Beira Mar,Leiria,0.0,0.0,2.5,3.0,3.0,2.33,1.54,,,,,,
2010-08-15,Benfica,Academica,1.0,2.0,1.18,6.5,17.0,1.64,2.15,,,,,,
2010-08-15,Rio Ave,Nacional,0.0,1.0,2.63,3.0,2.88,2.35,1.53,,,,,,
2010-08-16,Olhanense,Guimaraes,0.0,0.0,3.0,3.0,2.5,2.41,1.51,,,,,,
2010-08-20,Academica,Olhanense,1.0,1.0,1.95,3.3,4.0,2.39,1.52,,,,,,
2010-08-21,Nacional,Benfica,2.0,1.0,6.0,3.5,1.62,2.0,1.76,,,,,,
2010-08-21,Setubal,Sp Braga,0.0,0.0,5.25,3.4,1.7,2.22,1.59,,,,,,
2010-08-22,Leiria,Pacos Ferreira,0.0,0.0,2.2,3.1,3.4,2.45,1.5,,,,,,
2010-08-22,Portimonense,Naval,0.0,1.0,2.4,3.2,2.9,2.49,1.48,,,,,,
2010-08-22,Porto,Beira Mar,3.0,0.0,1.18,6.5,13.0,1.72,2.04,,,,,,
2010-08-22,Sp Lisbon,Maritimo,1.0,0.0,1.55,3.7,6.5,2.2,1.6,,,,,,
2010-08-23,Guimaraes,Rio Ave,0.0,0.0,1.67,3.4,5.75,2.24,1.58,,,,,,
2010-08-28,Benfica,Setubal,3.0,0.0,1.22,5.5,15.0,1.6,2.2,,,,,,
2010-08-28,Nacional,Guimaraes,1.0,3.0,2.2,3.1,3.5,2.36,1.53,,,,,,
2010-08-29,Beira Mar,Academica,2.0,1.0,2.88,3.0,2.63,2.39,1.52,,,,,,
2010-08-29,Olhanense,Leiria,1.0,0.0,2.4,3.1,3.1,2.41,1.51,,,,,,
2010-08-29,Pacos Ferreira,Portimonense,2.0,2.0,1.83,3.4,4.5,2.27,1.55,,,,,,
2010-08-29,Rio Ave,Porto,0.0,2.0,8.5,4.33,1.4,2.0,1.75,,,,,,
2010-08-29,Sp Braga,Maritimo,1.0,0.0,1.57,3.8,6.0,2.01,1.74,,,,,,
2010-08-30,Naval,Sp Lisbon,1.0,3.0,5.0,3.4,1.75,2.29,1.55,,,,,,
2010-09-10,Guimaraes,Benfica,2.0,1.0,5.5,3.5,1.67,1.94,1.82,,,,,,
2010-09-11,Porto,Sp Braga,3.0,2.0,1.57,3.8,6.0,2.06,1.72,,,,,,
2010-09-11,Sp Lisbon,Olhanense,0.0,0.0,1.3,5.0,11.0,1.88,1.87,,,,,,
2010-09-12,Academica,Naval,3.0,0.0,2.0,3.2,4.0,2.43,1.51,,,,,,
2010-09-12,Leiria,Nacional,2.0,1.0,2.8,3.0,2.7,2.39,1.51,,,,,,
2010-09-12,Maritimo,Pacos Ferreira,1.0,1.0,2.05,3.25,3.75,2.37,1.53,,,,,,
2010-09-12,Portimonense,Rio Ave,3.0,1.0,2.63,3.0,2.8,2.5,1.48,,,,,,
2010-09-13,Setubal,Beira Mar,0.0,0.0,2.2,3.1,3.5,2.43,1.5,,,,,,
2010-09-17,Olhanense,Portimonense,2.0,0.0,2.1,3.1,3.75,2.36,1.53,,,,,,
2010-09-18,Beira Mar,Maritimo,1.0,1.0,2.5,3.0,2.75,2.3,1.55,,,,,,
2010-09-18,Guimaraes,Leiria,1.0,0.0,1.65,3.4,5.0,2.2,1.6,,,,,,
2010-09-19,Benfica,Sp Lisbon,2.0,0.0,1.8,3.25,4.33,2.03,1.74,,,,,,
2010-09-19,Naval,Setubal,0.0,0.0,2.2,3.0,3.25,2.44,1.5,,,,,,
2010-09-19,Pacos Ferreira,Sp Braga,2.0,2.0,4.33,3.25,1.8,2.21,1.6,,,,,,
2010-09-19,Rio Ave,Academica,2.0,2.0,2.4,3.0,2.9,2.42,1.51,,,,,,
2010-09-20,Nacional,Porto,0.0,2.0,6.0,3.7,1.53,1.96,1.8,,,,,,
2010-09-24,Sp Braga,Naval,3.0,1.0,1.44,4.2,7.5,2.01,1.76,,,,,,
2010-09-25,Academica,Guimaraes,3.0,1.0,2.5,3.0,3.0,2.37,1.52,,,,,,
2010-09-25,Maritimo,Benfica,0.0,1.0,5.0,3.5,1.73,1.98,1.78,,,,,,
2010-09-25,Porto,Olhanense,2.0,0.0,1.17,6.5,17.0,1.63,2.15,,,,,,
2010-09-26,Leiria,Rio Ave,1.0,0.0,2.1,3.2,3.6,2.44,1.5,,,,,,
2010-09-26,Portimonense,Beira Mar,1.0,0.0,2.4,3.0,3.2,2.4,1.51,,,,,,
2010-09-26,Sp Lisbon,Nacional,1.0,1.0,1.53,3.8,6.5,1.94,1.81,,,,,,
2010-09-27,Setubal,Pacos Ferreira,1.0,0.0,2.5,3.1,2.9,2.46,1.49,,,,,,
2010-10-01,Leiria,Academica,2.0,1.0,2.6,3.0,2.88,2.41,1.51,,,,,,
2010-10-02,Olhanense,Setubal,3.0,1.0,1.95,3.2,4.2,2.49,1.48,,,,,,
2010-10-03,Benfica,Sp Braga,1.0,0.0,1.75,3.4,5.0,2.06,1.71,,,,,,
2010-10-03,Nacional,Portimonense,3.0,1.0,1.75,3.3,5.25,2.27,1.57,,,,,,
2010-10-03,Naval,Pacos Ferreira,1.0,2.0,2.6,3.0,2.88,2.4,1.52,,,,,,
2010-10-03,Rio Ave,Maritimo,0.0,0.0,2.6,3.0,2.88,2.47,1.49,,,,,,
2010-10-04,Beira Mar,Sp Lisbon,1.0,1.0,4.33,3.25,1.91,2.18,1.61,,,,,,
2010-10-04,Guimaraes,Porto,1.0,1.0,6.0,3.6,1.62,2.06,1.7,,,,,,
2010-10-22,Academica,Nacional,2.0,1.0,2.25,3.1,3.4,2.27,1.57,,,,,,
2010-10-23,Pacos Ferreira,Beira Mar,1.0,1.0,2.0,3.2,3.9,2.39,1.52,,,,,,
2010-10-23,Setubal,Guimaraes,2.0,1.0,3.1,3.1,2.38,2.38,1.52,,,,,,
2010-10-23,Sp Braga,Olhanense,3.0,1.0,1.62,3.75,5.5,2.18,1.63,,,,,,
2010-10-24,Maritimo,Naval,1.0,0.0,1.85,3.4,4.33,2.36,1.54,,,,,,
2010-10-24,Portimonense,Benfica,0.0,1.0,7.5,4.5,1.4,2.03,1.74,,,,,,
2010-10-24,Sp Lisbon,Rio Ave,1.0,0.0,1.4,4.33,8.0,2.07,1.71,,,,,,
2010-10-25,Porto,Leiria,5.0,1.0,1.2,6.25,13.0,1.68,2.11,,,,,,
2010-10-29,Benfica,Pacos Ferreira,2.0,0.0,1.22,5.75,13.0,1.71,2.08,,,,,,
2010-10-30,Academica,Porto,0.0,1.0,7.0,3.8,1.5,1.81,1.95,,,,,,
2010-10-30,Rio Ave,Sp Braga,2.0,0.0,4.5,3.4,1.83,2.28,1.56,,,,,,
2010-10-31,Beira Mar,Naval,3.0,1.0,2.2,3.1,3.4,2.45,1.51,,,,,,
2010-10-31,Leiria,Sp Lisbon,1.0,2.0,4.2,3.25,1.91,2.23,1.6,,,,,,
2010-10-31,Nacional,Setubal,1.0,0.0,1.75,3.3,5.0,2.24,1.59,,,,,,
2010-10-31,Olhanense,Maritimo,1.0,1.0,2.4,3.1,3.0,2.44,1.51,,,,,,
2010-11-01,Guimaraes,Portimonense,2.0,0.0,1.65,3.6,5.5,2.19,1.62,,,,,,
2010-11-05,Setubal,Rio Ave,3.0,3.0,2.38,3.0,3.25,2.47,1.5,,,,,,
2010-11-06,Pacos Ferreira,Nacional,0.0,1.0,2.4,3.1,3.1,2.3,1.55,,,,,,
2010-11-06,Portimonense,Academica,2.0,2.0,2.9,3.1,2.5,2.28,1.56,,,,,,
2010-11-07,Maritimo,Leiria,1.0,1.0,1.91,3.25,4.2,2.44,1.51,,,,,,
2010-11-07,Naval,Olhanense,1.0,1.0,2.7,3.0,2.8,2.45,1.5,,,,,,
2010-11-07,Porto,Benfica,5.0,0.0,1.83,3.5,4.33,1.99,1.77,,,,,,
2010-11-07,Sp Braga,Beira Mar,2.0,3.0,1.5,4.0,7.0,2.07,1.71,,,,,,
2010-11-08,Sp Lisbon,Guimaraes,2.0,3.0,1.53,3.8,6.5,2.08,1.7,,,,,,
2010-11-12,Nacional,Maritimo,0.0,0.0,2.25,3.2,3.25,2.36,1.55,,,,,,
2010-11-13,Academica,Sp Lisbon,1.0,2.0,3.4,3.2,2.15,2.16,1.65,,,,,,
2010-11-13,Guimaraes,Sp Braga,2.0,1.0,2.5,3.2,2.8,2.3,1.56,,,,,,
2010-11-14,Benfica,Naval,4.0,0.0,1.2,6.0,14.0,1.61,2.21,,,,,,
2010-11-14,Leiria,Setubal,1.0,0.0,1.9,3.25,4.2,2.35,1.54,,,,,,
2010-11-14,Olhanense,Beira Mar,1.0,1.0,2.1,3.2,3.6,2.34,1.54,,,,,,
2010-11-14,Porto,Portimonense,2.0,0.0,1.14,7.0,19.0,1.44,2.63,,,,,,
2010-11-14,Rio Ave,Pacos Ferreira,3.0,1.0,2.2,3.2,3.3,2.42,1.51,,,,,,
2010-11-26,Setubal,Academica,0.0,1.0,2.88,3.2,2.5,2.35,1.54,,,,,,
2010-11-27,Maritimo,Guimaraes,2.0,0.0,2.6,3.1,2.75,2.4,1.52,,,,,,
2010-11-27,Pacos Ferreira,Olhanense,1.0,0.0,2.2,3.1,3.4,2.41,1.51,,,,,,
2010-11-27,Sp Lisbon,Porto,1.0,1.0,3.8,3.25,2.0,2.08,1.72,,,,,,
2010-11-28,Beira Mar,Benfica,1.0,3.0,7.0,3.7,1.53,1.91,1.86,,,,,,
2010-11-28,Naval,Rio Ave,0.0,1.0,2.5,3.2,2.88,2.4,1.52,,,,,,
2010-11-28,Sp Braga,Nacional,2.0,0.0,1.7,3.4,5.5,2.16,1.63,,,,,,
2010-11-29,Portimonense,Leiria,1.0,2.0,2.9,3.1,2.5,2.34,1.54,,,,,,
2010-12-03,Benfica,Olhanense,2.0,0.0,1.2,6.0,15.0,1.6,2.23,,,,,,
2010-12-04,Guimaraes,Pacos Ferreira,1.0,1.0,1.73,3.5,5.0,2.31,1.55,,,,,,
2010-12-04,Leiria,Sp Braga,3.0,1.0,3.25,3.1,2.3,2.29,1.56,,,,,,
2010-12-05,Portimonense,Sp Lisbon,1.0,3.0,6.5,3.6,1.57,2.07,1.72,,,,,,
2010-12-05,Rio Ave,Beira Mar,1.0,1.0,2.1,3.1,3.75,2.43,1.51,,,,,,
2010-12-06,Porto,Setubal,1.0,0.0,1.14,7.0,19.0,1.56,2.31,,,,,,
2010-12-07,Nacional,Naval,2.0,1.0,1.62,3.6,6.0,2.26,1.58,,,,,,
2010-12-08,Academica,Maritimo,1.0,5.0,2.0,3.25,3.5,2.21,1.6,,,,,,
2010-12-17,Sp Braga,Academica,5.0,0.0,1.65,3.6,5.5,2.16,1.65,,,,,,
2010-12-18,Beira Mar,Guimaraes,3.0,2.0,2.7,3.0,2.8,2.36,1.53,,,,,,
2010-12-18,Benfica,Rio Ave,5.0,2.0,1.2,6.0,15.0,1.68,2.11,,,,,,
2010-12-19,Maritimo,Portimonense,1.0,1.0,1.6,3.6,6.0,2.23,1.59,,,,,,
2010-12-19,Naval,Leiria,0.0,3.0,2.75,3.0,2.7,2.48,1.49,,,,,,
2010-12-19,Olhanense,Nacional,0.0,0.0,2.63,3.0,2.88,2.45,1.5,,,,,,
2010-12-19,Pacos Ferreira,Porto,0.0,3.0,8.0,4.0,1.44,1.96,1.81,,,,,,
2010-12-20,Setubal,Sp Lisbon,0.0,3.0,5.25,3.6,1.67,2.12,1.65,,,,,,
2011-01-07,Portimonense,Setubal,3.0,4.0,2.4,3.2,3.0,2.44,1.51,,,,,,
2011-01-08,Porto,Maritimo,4.0,1.0,1.17,6.75,17.0,1.63,2.19,,,,,,
2011-01-08,Sp Lisbon,Sp Braga,2.0,1.0,1.91,3.25,4.2,2.12,1.66,,,,,,
2011-01-09,Academica,Pacos Ferreira,0.0,0.0,2.3,3.1,3.25,2.37,1.53,,,,,,
2011-01-09,Guimaraes,Naval,1.0,2.0,1.5,3.75,7.5,2.13,1.68,,,,,,
2011-01-09,Leiria,Benfica,0.0,3.0,5.25,3.6,1.67,1.88,1.89,,,,,,
2011-01-09,Nacional,Beira Mar,0.0,0.0,1.91,3.25,4.2,2.31,1.56,,,,,,
2011-01-09,Rio Ave,Olhanense,0.0,1.0,2.25,3.0,3.5,2.47,1.5,,,,,,
2011-01-14,Portimonense,Sp Braga,0.0,3.0,5.5,3.5,1.67,2.11,1.71,,,,,,
2011-01-15,Guimaraes,Olhanense,1.0,0.0,1.8,3.4,4.75,2.28,1.57,,,,,,
2011-01-15,Sp Lisbon,Pacos Ferreira,2.0,3.0,1.36,4.5,9.0,1.98,1.8,,,,,,
2011-01-16,Academica,Benfica,0.0,1.0,6.0,3.8,1.57,1.82,1.95,,,,,,
2011-01-16,Leiria,Beira Mar,0.0,3.0,2.05,3.25,3.75,2.33,1.55,,,,,,
2011-01-16,Nacional,Rio Ave,1.0,0.0,1.83,3.4,4.5,2.31,1.56,,,,,,
2011-01-16,Porto,Naval,3.0,1.0,1.11,8.0,23.0,1.46,2.6,,,,,,
2011-01-16,Setubal,Maritimo,2.0,4.0,2.75,3.0,2.75,2.33,1.55,,,,,,
2011-01-22,Beira Mar,Porto,0.0,1.0,7.0,4.2,1.4,1.79,1.98,,,,,,
2011-01-22,Benfica,Nacional,4.0,2.0,1.25,5.25,13.0,1.62,2.17,,,,,,
2011-01-22,Naval,Portimonense,1.0,1.0,2.05,3.2,3.8,2.13,1.64,,,,,,
2011-01-22,Olhanense,Academica,2.0,1.0,2.3,3.1,3.2,2.36,1.52,,,,,,
2011-01-22,Pacos Ferreira,Leiria,1.0,1.0,2.05,3.2,3.75,2.27,1.57,,,,,,
2011-01-22,Rio Ave,Guimaraes,2.0,3.0,2.9,3.0,2.55,2.41,1.51,,,,,,
2011-01-22,Sp Braga,Setubal,2.0,2.0,1.4,4.4,8.0,1.83,1.93,,,,,,
2011-01-24,Maritimo,Sp Lisbon,0.0,3.0,4.33,3.1,1.83,2.13,1.64,,,,,,
2011-01-26,Porto,Nacional,3.0,0.0,1.2,5.5,13.0,1.61,2.23,,,,,,
2011-02-04,Sp Lisbon,Naval,3.0,3.0,1.29,5.25,10.0,1.77,2.0,,,,,,
2011-02-05,Maritimo,Sp Braga,1.0,2.0,2.8,3.2,2.5,2.16,1.64,,,,,,
2011-02-06,Academica,Beira Mar,3.0,3.0,2.2,3.2,3.3,2.36,1.52,,,,,,
2011-02-06,Guimaraes,Nacional,0.0,0.0,1.91,3.3,4.2,2.22,1.58,,,,,,
2011-02-06,Leiria,Olhanense,0.0,2.0,2.3,3.2,3.2,2.35,1.53,,,,,,
2011-02-06,Portimonense,Pacos Ferreira,0.0,1.0,2.9,3.2,2.45,2.19,1.6,,,,,,
2011-02-06,Porto,Rio Ave,1.0,0.0,1.14,7.5,17.0,1.53,2.35,,,,,,
2011-02-06,Setubal,Benfica,0.0,2.0,9.0,4.75,1.33,1.61,2.16,,,,,,
2011-02-12,Nacional,Leiria,0.0,1.0,1.91,3.25,4.2,2.3,1.56,,,,,,
2011-02-12,Olhanense,Sp Lisbon,2.0,2.0,4.2,3.3,1.91,2.2,1.62,,,,,,
2011-02-13,Benfica,Guimaraes,3.0,0.0,1.29,5.0,11.0,1.7,2.1,,,,,,
2011-02-13,Naval,Academica,3.0,1.0,2.63,3.1,2.8,2.16,1.64,,,,,,
2011-02-13,Pacos Ferreira,Maritimo,1.0,0.0,2.1,3.2,3.6,2.31,1.56,,,,,,
2011-02-13,Rio Ave,Portimonense,2.0,0.0,2.0,3.2,4.0,2.4,1.52,,,,,,
2011-02-13,Sp Braga,Porto,0.0,2.0,4.0,3.4,1.91,1.97,1.8,,,,,,
2011-02-14,Beira Mar,Setubal,0.0,0.0,1.91,3.3,4.2,2.25,1.59,,,,,,
2011-02-18,Leiria,Guimaraes,0.0,1.0,2.8,3.1,2.55,2.37,1.56,,,,,,
2011-02-19,Portimonense,Olhanense,1.0,1.0,2.8,3.1,2.6,2.31,1.55,,,,,,
2011-02-20,Academica,Rio Ave,0.0,1.0,2.1,3.2,3.6,2.16,1.62,,,,,,
2011-02-20,Maritimo,Beira Mar,1.0,0.0,2.0,3.25,3.8,2.3,1.55,,,,,,
2011-02-20,Setubal,Naval,1.0,1.0,2.25,3.25,3.25,2.17,1.63,,,,,,
2011-02-20,Sp Braga,Pacos Ferreira,1.0,2.0,1.7,3.5,5.0,2.07,1.72,,,,,,
2011-02-21,Sp Lisbon,Benfica,0.0,2.0,3.3,3.1,2.25,2.12,1.69,,,,,,
2011-02-25,Guimaraes,Academica,0.0,2.0,1.65,3.6,5.5,2.14,1.68,,,,,,
2011-02-26,Olhanense,Porto,0.0,3.0,7.0,4.33,1.44,1.94,1.83,,,,,,
2011-02-26,Pacos Ferreira,Setubal,2.0,0.0,1.75,3.4,5.0,2.19,1.61,,,,,,
2011-02-27,Beira Mar,Portimonense,0.0,1.0,1.8,3.4,4.75,2.26,1.58,,,,,,
2011-02-27,Benfica,Maritimo,2.0,1.0,1.25,5.5,12.0,1.62,2.2,,,,,,
2011-02-27,Nacional,Sp Lisbon,1.0,0.0,3.5,3.25,2.1,2.05,1.74,,,,,,
2011-02-27,Rio Ave,Leiria,1.0,0.0,2.1,3.2,3.6,2.39,1.52,,,,,,
2011-02-28,Naval,Sp Braga,0.0,0.0,3.5,3.25,2.1,2.06,1.73,,,,,,
2011-03-04,Academica,Leiria,0.0,0.0,2.25,3.1,3.4,2.32,1.54,,,,,,
2011-03-05,Porto,Guimaraes,2.0,0.0,1.25,5.5,12.0,1.67,2.11,,,,,,
2011-03-06,Maritimo,Rio Ave,0.0,1.0,1.95,3.2,4.2,2.37,1.53,,,,,,
2011-03-06,Setubal,Olhanense,0.0,0.0,2.5,3.1,2.9,2.44,1.5,,,,,,
2011-03-06,Sp Braga,Benfica,2.0,1.0,4.33,3.4,1.85,2.09,1.7,,,,,,
2011-03-06,Sp Lisbon,Beira Mar,1.0,0.0,1.44,4.2,7.5,2.12,1.69,,,,,,
2011-03-07,Pacos Ferreira,Naval,0.0,0.0,1.75,3.4,5.0,2.11,1.66,,,,,,
2011-03-07,Portimonense,Nacional,1.0,1.0,3.25,3.1,2.3,2.3,1.56,,,,,,
2011-03-11,Beira Mar,Pacos Ferreira,3.0,1.0,2.7,3.0,2.8,2.34,1.52,,,,,,
2011-03-12,Guimaraes,Setubal,1.0,1.0,1.62,3.6,6.0,2.11,1.66,,,,,,
2011-03-12,Rio Ave,Sp Lisbon,0.0,0.0,4.0,3.2,2.0,2.24,1.57,,,,,,
2011-03-13,Benfica,Portimonense,1.0,1.0,1.14,7.5,17.0,1.47,2.45,,,,,,
2011-03-13,Nacional,Academica,1.0,1.0,1.85,3.4,4.33,2.21,1.58,,,,,,
2011-03-13,Naval,Maritimo,0.0,3.0,2.5,3.0,3.0,2.33,1.53,,,,,,
2011-03-14,Leiria,Porto,0.0,2.0,9.0,4.5,1.36,1.9,1.87,,,,,,
2011-03-18,Portimonense,Guimaraes,2.0,1.0,3.3,3.1,2.25,2.27,1.6,,,,,,
2011-03-19,Sp Lisbon,Leiria,0.0,0.0,1.55,3.6,7.0,2.06,1.73,,,,,,
2011-03-20,Maritimo,Olhanense,4.0,0.0,2.0,3.25,3.8,2.36,1.53,,,,,,
2011-03-20,Naval,Beira Mar,2.0,2.0,2.25,3.1,3.3,2.37,1.52,,,,,,
2011-03-20,Porto,Academica,3.0,1.0,1.14,7.5,16.0,1.64,2.09,,,,,,
2011-03-20,Setubal,Nacional,2.0,1.0,2.75,3.1,2.6,2.42,1.51,,,,,,
2011-03-21,Pacos Ferreira,Benfica,1.0,5.0,6.0,3.5,1.62,1.9,1.88,,,,,,
2011-03-21,Sp Braga,Rio Ave,1.0,0.0,1.6,3.5,6.25,2.1,1.7,,,,,,
2011-03-27,Olhanense,Sp Braga,0.0,2.0,3.25,3.2,2.1,2.33,1.55,,,,,,
2011-04-01,Leiria,Maritimo,1.0,3.0,2.7,3.0,2.75,2.4,1.51,,,,,,
2011-04-02,Academica,Portimonense,1.0,0.0,2.0,3.2,4.0,2.26,1.57,,,,,,
2011-04-02,Beira Mar,Sp Braga,1.0,2.0,3.6,3.2,2.1,2.27,1.57,,,,,,
2011-04-03,Benfica,Porto,1.0,2.0,2.4,3.25,2.9,2.08,1.71,,,,,,
2011-04-03,Guimaraes,Sp Lisbon,1.0,1.0,3.1,3.2,2.3,2.19,1.61,,,,,,
2011-04-03,Olhanense,Naval,1.0,3.0,2.1,3.25,3.5,2.32,1.55,,,,,,
2011-04-03,Rio Ave,Setubal,2.0,0.0,1.95,3.25,4.0,2.38,1.52,,,,,,
2011-04-04,Nacional,Pacos Ferreira,1.0,0.0,2.25,3.1,3.4,2.11,1.66,,,,,,
2011-04-08,Maritimo,Nacional,1.0,1.0,2.0,3.3,3.8,2.26,1.58,,,,,,
2011-04-09,Sp Lisbon,Academica,2.0,0.0,1.5,4.0,7.0,2.09,1.68,,,,,,
2011-04-10,Beira Mar,Olhanense,1.0,0.0,2.2,3.1,3.5,2.34,1.53,,,,,,
2011-04-10,Naval,Benfica,2.0,1.0,4.5,3.5,1.8,1.84,1.93,,,,,,
2011-04-10,Pacos Ferreira,Rio Ave,1.0,6.0,2.4,3.1,3.1,2.28,1.56,,,,,,
2011-04-10,Portimonense,Porto,2.0,3.0,6.0,4.33,1.5,1.84,1.93,,,,,,
2011-04-10,Setubal,Leiria,4.0,1.0,2.3,3.0,3.4,2.42,1.5,,,,,,
2011-04-11,Sp Braga,Guimaraes,3.0,1.0,1.75,3.4,5.0,2.18,1.62,,,,,,
2011-04-15,Academica,Setubal,1.0,1.0,2.1,3.0,3.8,2.23,1.6,,,,,,
2011-04-16,Guimaraes,Maritimo,2.0,0.0,2.3,3.1,3.25,2.28,1.56,,,,,,
2011-04-16,Olhanense,Pacos Ferreira,0.0,0.0,2.4,3.1,3.1,2.26,1.57,,,,,,
2011-04-17,Benfica,Beira Mar,2.0,1.0,1.36,4.5,9.0,1.67,2.13,,,,,,
2011-04-17,Leiria,Portimonense,0.0,1.0,2.2,3.0,3.6,2.3,1.55,,,,,,
2011-04-17,Porto,Sp Lisbon,3.0,2.0,1.6,3.6,6.0,1.82,1.94,,,,,,
2011-04-17,Rio Ave,Naval,1.0,0.0,2.0,3.2,4.0,2.23,1.59,,,,,,
2011-04-18,Nacional,Sp Braga,1.0,1.0,3.1,3.1,2.38,2.27,1.56,,,,,,
2011-04-29,Pacos Ferreira,Guimaraes,2.0,1.0,2.5,3.1,2.9,2.33,1.53,,,,,,
2011-04-30,Sp Lisbon,Portimonense,2.0,1.0,1.36,4.75,8.0,1.91,1.84,,,,,,
2011-05-01,Beira Mar,Rio Ave,1.0,1.0,2.7,2.9,2.5,2.35,1.53,,,,,,
2011-05-01,Maritimo,Academica,1.0,0.0,1.91,3.25,4.25,2.23,1.59,,,,,,
2011-05-01,Naval,Nacional,1.0,2.0,2.2,3.1,3.4,2.25,1.58,,,,,,
2011-05-01,Olhanense,Benfica,1.0,1.0,5.25,3.4,1.73,1.88,1.87,,,,,,
2011-05-01,Setubal,Porto,0.0,4.0,5.5,3.5,1.67,1.73,2.03,,,,,,
2011-05-01,Sp Braga,Leiria,0.0,0.0,1.4,4.0,6.5,1.98,1.78,,,,,,
2011-05-08,Academica,Sp Braga,0.0,0.0,3.8,3.3,2.0,2.13,1.65,,,,,,
2011-05-08,Guimaraes,Beira Mar,1.0,0.0,1.85,3.3,4.5,2.14,1.64,,,,,,
2011-05-08,Leiria,Naval,1.0,0.0,2.7,3.25,2.6,2.18,1.61,,,,,,
2011-05-08,Nacional,Olhanense,0.0,1.0,1.57,3.75,6.0,2.11,1.66,,,,,,
2011-05-08,Portimonense,Maritimo,1.0,0.0,2.7,3.25,2.6,2.1,1.67,,,,,,
2011-05-08,Porto,Pacos Ferreira,3.0,3.0,1.22,6.0,12.0,1.55,2.33,,,,,,
2011-05-08,Rio Ave,Benfica,1.0,2.0,3.8,3.3,2.0,1.94,1.83,,,,,,
2011-05-08,Sp Lisbon,Setubal,0.0,1.0,1.4,4.33,8.0,1.82,1.95,,,,,,
2011-05-14,Beira Mar,Nacional,0.0,2.0,3.25,3.1,2.3,2.17,1.61,,,,,,
2011-05-14,Benfica,Leiria,3.0,3.0,1.29,5.0,12.0,1.58,2.21,,,,,,
2011-05-14,Maritimo,Porto,0.0,2.0,5.25,3.6,1.67,1.67,2.05,,,,,,
2011-05-14,Naval,Guimaraes,0.0,3.0,4.2,3.25,1.91,2.08,1.69,,,,,,
2011-05-14,Olhanense,Rio Ave,2.0,2.0,3.0,3.25,2.38,2.17,1.61,,,,,,
2011-05-14,Pacos Ferreira,Academica,5.0,1.0,1.7,3.4,5.25,1.99,1.77,,,,,,
2011-05-14,Setubal,Portimonense,3.0,1.0,1.91,3.25,4.33,2.04,1.71,,,,,,
2011-05-14,Sp Braga,Sp Lisbon,0.0,1.0,2.5,3.1,2.88,2.17,1.61,,,,,,
2012-08-17,Olhanense,Estoril,2.0,1.0,2.5,3.0,3.0,2.38,1.56,,,,,,
2012-08-18,Benfica,Sp Braga,2.0,2.0,1.73,3.6,4.75,1.81,1.97,,,,,,
2012-08-18,Rio Ave,Maritimo,0.0,1.0,2.9,3.1,2.5,2.37,1.54,,,,,,
2012-08-19,Gil Vicente,Porto,0.0,0.0,9.0,4.5,1.36,1.83,1.95,,,,,,
2012-08-19,Guimaraes,Sp Lisbon,0.0,0.0,3.6,3.2,2.1,2.24,1.61,,,,,,
2012-08-19,Nacional,Setubal,2.0,2.0,1.75,3.4,5.0,2.13,1.69,,,,,,
2012-08-19,Pacos Ferreira,Moreirense,1.0,1.0,2.1,3.2,3.6,2.36,1.55,,,,,,
2012-08-20,Beira Mar,Academica,3.0,3.0,2.5,3.0,3.0,2.37,1.54,,,,,,
2012-08-24,Academica,Olhanense,1.0,1.0,2.0,3.4,3.6,2.39,1.55,,,,,,
2012-08-25,Porto,Guimaraes,4.0,0.0,1.25,5.5,12.0,1.65,2.16,,,,,,
2012-08-25,Sp Braga,Beira Mar,3.0,1.0,1.4,4.0,9.5,1.99,1.8,,,,,,
2012-08-26,Estoril,Pacos Ferreira,1.0,1.0,2.3,3.25,3.1,2.34,1.56,,,,,,
2012-08-26,Maritimo,Gil Vicente,0.0,0.0,1.8,3.3,4.75,2.17,1.67,,,,,,
2012-08-26,Moreirense,Nacional,3.0,1.0,3.25,3.25,2.25,2.3,1.58,,,,,,
2012-08-26,Setubal,Benfica,0.0,5.0,10.0,5.0,1.3,1.68,2.11,,,,,,
2012-08-27,Sp Lisbon,Rio Ave,0.0,1.0,1.36,4.5,9.0,1.93,1.85,,,,,,
2012-09-01,Guimaraes,Estoril,2.0,2.0,1.95,3.2,4.2,2.32,1.56,,,,,,
2012-09-01,Olhanense,Porto,2.0,3.0,9.0,5.0,1.33,1.74,2.06,,,,,,
2012-09-02,Beira Mar,Moreirense,1.0,1.0,2.5,3.2,2.88,2.25,1.6,,,,,,
2012-09-02,Benfica,Nacional,3.0,0.0,1.22,6.0,13.0,1.49,2.55,,,,,,
2012-09-02,Gil Vicente,Setubal,0.0,0.0,1.83,3.4,4.5,2.25,1.6,,,,,,
2012-09-02,Pacos Ferreira,Sp Braga,2.0,0.0,4.0,3.4,1.91,1.97,1.81,,,,,,
2012-09-02,Rio Ave,Academica,0.0,0.0,2.2,3.1,3.5,2.36,1.55,,,,,,
2012-09-16,Maritimo,Sp Lisbon,1.0,1.0,3.4,3.1,2.25,2.29,1.56,,,,,,
2012-09-21,Moreirense,Guimaraes,0.0,1.0,2.3,3.25,3.1,2.19,1.65,,,,,,
2012-09-22,Porto,Beira Mar,4.0,0.0,1.17,7.0,15.0,1.51,2.45,,,,,,
2012-09-23,Academica,Benfica,2.0,2.0,7.0,4.0,1.5,1.98,1.81,,,,,,
2012-09-23,Nacional,Pacos Ferreira,3.0,3.0,2.0,3.3,3.8,2.12,1.67,,,,,,
2012-09-23,Setubal,Olhanense,1.0,0.0,2.6,3.1,2.8,2.24,1.6,,,,,,
2012-09-23,Sp Braga,Rio Ave,4.0,1.0,1.5,4.0,7.0,2.08,1.72,,,,,,
2012-09-24,Estoril,Maritimo,3.0,1.0,2.7,3.1,2.7,2.32,1.57,,,,,,
2012-09-24,Sp Lisbon,Gil Vicente,2.0,1.0,1.5,4.0,7.0,2.13,1.68,,,,,,
2012-09-28,Guimaraes,Sp Braga,0.0,2.0,3.75,3.3,2.0,2.17,1.67,,,,,,
2012-09-28,Pacos Ferreira,Benfica,1.0,2.0,7.5,4.2,1.44,1.71,2.11,,,,,,
2012-09-29,Rio Ave,Porto,2.0,2.0,10.0,4.33,1.36,1.77,2.03,,,,,,
2012-09-29,Sp Lisbon,Estoril,2.0,2.0,1.5,3.8,7.5,2.02,1.77,,,,,,
2012-09-30,Beira Mar,Setubal,1.0,1.0,2.0,3.2,4.0,2.34,1.56,,,,,,
2012-09-30,Gil Vicente,Moreirense,4.0,3.0,2.4,3.2,3.0,2.25,1.6,,,,,,
2012-09-30,Maritimo,Academica,0.0,2.0,2.0,3.3,3.8,2.3,1.58,,,,,,
2012-09-30,Olhanense,Nacional,1.0,2.0,2.5,3.2,2.88,2.15,1.66,,,,,,
2012-10-06,Benfica,Beira Mar,2.0,1.0,1.13,8.5,17.0,1.5,2.46,,,,,,
2012-10-07,Academica,Guimaraes,1.0,2.0,2.1,3.4,3.4,2.3,1.57,,,,,,
2012-10-07,Estoril,Rio Ave,1.0,3.0,2.38,3.25,3.0,2.3,1.57,,,,,,
2012-10-07,Nacional,Gil Vicente,0.0,1.0,1.91,3.4,4.0,1.99,1.8,,,,,,
2012-10-07,Porto,Sp Lisbon,2.0,0.0,1.53,3.8,6.5,1.95,1.84,,,,,,
2012-10-07,Setubal,Pacos Ferreira,0.0,0.0,2.55,3.25,2.75,2.15,1.66,,,,,,
2012-10-07,Sp Braga,Olhanense,4.0,4.0,1.4,4.2,9.0,1.86,1.94,,,,,,
2012-10-08,Moreirense,Maritimo,0.0,1.0,2.63,3.1,2.75,2.29,1.57,,,,,,
2012-10-26,Guimaraes,Setubal,2.0,1.0,1.8,3.5,4.5,2.18,1.67,,,,,,
2012-10-27,Beira Mar,Pacos Ferreira,0.0,2.0,2.7,3.1,2.7,2.21,1.62,,,,,,
2012-10-27,Gil Vicente,Benfica,0.0,3.0,7.5,4.2,1.44,1.8,1.99,,,,,,
2012-10-27,Olhanense,Moreirense,2.0,2.0,2.2,3.2,3.4,2.14,1.66,,,,,,
2012-10-28,Estoril,Porto,1.0,2.0,10.0,4.33,1.36,1.84,1.95,,,,,,
2012-10-28,Maritimo,Sp Braga,0.0,2.0,3.2,3.2,2.3,2.19,1.63,,,,,,
2012-10-28,Rio Ave,Nacional,2.0,1.0,2.4,3.1,3.1,2.12,1.67,,,,,,
2012-10-29,Sp Lisbon,Academica,0.0,0.0,1.53,4.0,6.0,2.12,1.68,,,,,,
2012-11-02,Porto,Maritimo,5.0,0.0,1.2,6.0,15.0,1.6,2.28,,,,,,
2012-11-03,Benfica,Guimaraes,3.0,0.0,1.22,6.0,12.0,1.54,2.38,,,,,,
2012-11-03,Sp Braga,Gil Vicente,3.0,1.0,1.44,4.2,7.5,1.92,1.87,,,,,,
2012-11-04,Academica,Estoril,0.0,2.0,2.05,3.25,3.75,2.22,1.61,,,,,,
2012-11-04,Moreirense,Rio Ave,0.0,1.0,2.6,3.1,2.8,2.2,1.63,,,,,,
2012-11-04,Nacional,Beira Mar,2.0,4.0,1.73,3.6,4.75,1.97,1.81,,,,,,
2012-11-04,Pacos Ferreira,Olhanense,0.0,0.0,1.95,3.5,3.8,2.09,1.71,,,,,,
2012-11-04,Setubal,Sp Lisbon,2.0,1.0,5.75,3.6,1.62,2.19,1.64,,,,,,
2012-11-09,Gil Vicente,Pacos Ferreira,0.0,1.0,2.5,3.2,2.88,2.23,1.64,,,,,,
2012-11-10,Guimaraes,Nacional,1.0,3.0,2.4,3.3,2.88,1.96,1.82,,,,,,
2012-11-11,Estoril,Moreirense,2.0,0.0,2.1,3.2,3.6,2.13,1.69,,,,,,
2012-11-11,Olhanense,Beira Mar,1.0,0.0,2.0,3.4,3.75,2.03,1.76,,,,,,
2012-11-11,Porto,Academica,2.0,1.0,1.17,7.0,15.0,1.56,2.32,,,,,,
2012-11-11,Rio Ave,Benfica,0.0,1.0,6.0,4.0,1.53,1.7,2.1,,,,,,
2012-11-11,Sp Lisbon,Sp Braga,1.0,0.0,2.38,3.25,3.0,2.09,1.71,,,,,,
2012-11-12,Maritimo,Setubal,1.0,1.0,1.8,3.4,4.75,2.14,1.68,,,,,,
2012-11-23,Beira Mar,Guimaraes,2.0,2.0,2.63,3.2,2.7,2.17,1.67,,,,,,
2012-11-24,Benfica,Olhanense,2.0,0.0,1.17,7.0,15.0,1.54,2.37,,,,,,
2012-11-25,Academica,Gil Vicente,2.0,2.0,2.2,3.2,3.4,2.25,1.59,,,,,,
2012-11-25,Nacional,Estoril,1.0,0.0,1.91,3.4,4.0,1.91,1.87,,,,,,
2012-11-25,Setubal,Rio Ave,3.0,5.0,2.63,3.1,2.75,2.3,1.57,,,,,,
2012-11-25,Sp Braga,Porto,0.0,2.0,3.6,3.3,2.05,2.0,1.78,,,,,,
2012-11-26,Moreirense,Sp Lisbon,2.0,2.0,4.2,3.2,1.95,2.18,1.63,,,,,,
2012-11-27,Pacos Ferreira,Maritimo,2.0,2.0,2.25,3.25,3.2,2.24,1.61,,,,,,
2012-12-07,Estoril,Setubal,3.0,0.0,2.0,3.2,4.0,2.16,1.67,,,,,,
2012-12-08,Porto,Moreirense,1.0,0.0,1.1,9.0,26.0,1.43,2.68,,,,,,
2012-12-09,Gil Vicente,Beira Mar,1.0,2.0,2.0,3.2,4.0,2.17,1.63,,,,,,
2012-12-09,Guimaraes,Olhanense,2.0,0.0,2.15,3.2,3.5,2.03,1.76,,,,,,
2012-12-09,Maritimo,Nacional,2.0,0.0,2.5,3.2,2.88,2.05,1.74,,,,,,
2012-12-09,Rio Ave,Pacos Ferreira,0.0,0.0,2.3,3.1,3.25,2.18,1.62,,,,,,
2012-12-10,Academica,Sp Braga,1.0,4.0,4.0,3.3,1.95,2.1,1.71,,,,,,
2012-12-10,Sp Lisbon,Benfica,1.0,3.0,3.75,3.4,2.0,2.15,1.68,,,,,,
2012-12-15,Beira Mar,Rio Ave,3.0,1.0,3.1,3.1,2.4,2.15,1.65,,,,,,
2012-12-15,Benfica,Maritimo,4.0,1.0,1.22,5.25,17.0,1.61,2.22,,,,,,
2012-12-15,Nacional,Sp Lisbon,1.0,1.0,2.88,3.3,2.4,1.99,1.79,,,,,,
2012-12-15,Olhanense,Gil Vicente,2.0,2.0,2.1,3.1,3.75,2.14,1.65,,,,,,
2012-12-16,Moreirense,Academica,2.0,2.0,2.4,3.1,3.1,2.23,1.6,,,,,,
2012-12-16,Pacos Ferreira,Guimaraes,2.0,1.0,2.1,3.3,3.5,2.2,1.62,,,,,,
2012-12-16,Sp Braga,Estoril,3.0,0.0,1.5,3.75,7.5,1.71,2.09,,,,,,
2013-01-05,Academica,Setubal,4.0,2.0,1.95,3.3,4.0,2.12,1.69,,,,,,
2013-01-05,Gil Vicente,Guimaraes,0.0,0.0,2.5,3.2,2.8,2.12,1.68,,,,,,
2013-01-05,Porto,Nacional,1.0,0.0,1.18,7.0,14.0,1.46,2.6,,,,,,
2013-01-05,Rio Ave,Olhanense,0.0,1.0,1.83,3.5,4.2,2.18,1.63,,,,,,
2013-01-05,Sp Lisbon,Pacos Ferreira,0.0,1.0,1.73,3.6,4.75,2.08,1.72,,,,,,
2013-01-06,Estoril,Benfica,1.0,3.0,8.5,4.75,1.36,1.66,2.13,,,,,,
2013-01-06,Maritimo,Beira Mar,1.0,1.0,2.0,3.3,3.75,2.03,1.75,,,,,,
2013-01-06,Sp Braga,Moreirense,1.0,0.0,1.33,5.0,9.0,1.63,2.18,,,,,,
2013-01-12,Guimaraes,Maritimo,1.0,1.0,2.5,3.2,2.8,2.14,1.66,,,,,,
2013-01-12,Nacional,Sp Braga,3.0,2.0,3.75,3.2,2.05,1.89,1.89,,,,,,
2013-01-13,Benfica,Porto,2.0,2.0,2.3,3.3,3.1,1.96,1.82,,,,,,
2013-01-13,Gil Vicente,Rio Ave,0.0,1.0,2.5,3.1,2.9,2.17,1.64,,,,,,
2013-01-13,Olhanense,Sp Lisbon,0.0,2.0,3.75,3.3,2.0,2.18,1.63,,,,,,
2013-01-13,Pacos Ferreira,Academica,1.0,0.0,2.0,3.3,3.75,2.13,1.68,,,,,,
2013-01-13,Setubal,Moreirense,5.0,0.0,2.3,3.25,3.1,2.15,1.65,,,,,,
2013-01-14,Beira Mar,Estoril,0.0,1.0,2.5,3.2,2.8,2.12,1.67,,,,,,
2013-01-18,Sp Lisbon,Beira Mar,1.0,0.0,1.44,4.2,7.5,1.95,1.83,,,,,,
2013-01-19,Porto,Pacos Ferreira,2.0,0.0,1.2,6.5,13.0,1.54,2.39,,,,,,
2013-01-20,Estoril,Gil Vicente,1.0,2.0,2.0,3.3,3.8,2.14,1.65,,,,,,
2013-01-20,Maritimo,Olhanense,1.0,0.0,1.91,3.4,4.0,2.18,1.63,,,,,,
2013-01-20,Rio Ave,Guimaraes,1.0,3.0,1.91,3.3,4.2,2.22,1.61,,,,,,
2013-01-20,Sp Braga,Setubal,4.0,1.0,1.33,5.0,9.0,1.59,2.24,,,,,,
2013-01-21,Academica,Nacional,2.0,1.0,2.5,3.2,2.88,2.0,1.79,,,,,,
2013-01-21,Moreirense,Benfica,0.0,2.0,11.0,5.75,1.25,1.54,2.35,,,,,,
2013-01-23,Setubal,Porto,0.0,3.0,15.0,5.5,1.22,1.54,2.38,,,,,,
2013-01-25,Academica,Beira Mar,3.0,1.0,2.0,3.4,3.75,2.13,1.69,,,,,,
2013-01-26,Sp Braga,Benfica,1.0,2.0,3.75,3.4,2.0,1.9,1.88,,,,,,
2013-01-27,Estoril,Olhanense,3.0,3.0,1.91,3.25,4.33,2.2,1.62,,,,,,
2013-01-27,Maritimo,Rio Ave,1.0,1.0,2.45,3.1,3.0,2.22,1.61,,,,,,
2013-01-27,Moreirense,Pacos Ferreira,0.0,5.0,3.75,3.2,2.05,2.24,1.6,,,,,,
2013-01-27,Setubal,Nacional,0.0,2.0,3.4,3.1,2.25,1.91,1.87,,,,,,
2013-01-27,Sp Lisbon,Guimaraes,1.0,1.0,1.5,3.75,7.5,2.04,1.75,,,,,,
2013-01-28,Porto,Gil Vicente,5.0,0.0,1.2,6.5,13.0,1.45,2.62,,,,,,
2013-02-02,Guimaraes,Porto,0.0,4.0,8.5,4.75,1.36,1.74,2.07,,,,,,
2013-02-02,Rio Ave,Sp Lisbon,2.0,1.0,3.25,3.25,2.25,2.16,1.65,,,,,,
2013-02-03,Beira Mar,Sp Braga,3.0,3.0,5.5,3.6,1.65,2.05,1.75,,,,,,
2013-02-03,Benfica,Setubal,3.0,0.0,1.1,9.0,21.0,1.37,2.96,,,,,,
2013-02-03,Gil Vicente,Maritimo,4.0,2.0,2.63,3.1,2.75,2.27,1.59,,,,,,
2013-02-03,Nacional,Moreirense,1.0,2.0,1.57,3.8,6.0,1.84,1.95,,,,,,
2013-02-03,Olhanense,Academica,0.0,0.0,2.6,3.2,2.75,2.12,1.69,,,,,,
2013-02-05,Pacos Ferreira,Estoril,1.0,0.0,2.05,3.25,3.75,2.12,1.7,,,,,,
2013-02-09,Estoril,Guimaraes,2.0,0.0,2.0,3.4,3.75,2.01,1.77,,,,,,
2013-02-10,Academica,Rio Ave,1.0,2.0,2.5,3.2,2.88,2.09,1.72,,,,,,
2013-02-10,Moreirense,Beira Mar,3.0,0.0,2.5,3.2,2.8,2.06,1.74,,,,,,
2013-02-10,Nacional,Benfica,2.0,2.0,8.0,4.0,1.44,1.57,2.31,,,,,,
2013-02-10,Porto,Olhanense,1.0,1.0,1.1,10.0,13.0,1.38,2.87,,,,,,
2013-02-10,Setubal,Gil Vicente,1.0,0.0,2.38,3.2,3.0,1.97,1.81,,,,,,
2013-02-10,Sp Lisbon,Maritimo,0.0,1.0,1.67,3.6,5.5,2.16,1.67,,,,,,
2013-02-11,Sp Braga,Pacos Ferreira,2.0,3.0,1.62,3.6,6.0,1.81,1.97,,,,,,
2013-02-15,Beira Mar,Porto,0.0,2.0,10.0,5.5,1.29,1.61,2.27,,,,,,
2013-02-16,Gil Vicente,Sp Lisbon,2.0,3.0,3.6,3.25,2.1,2.16,1.65,,,,,,
2013-02-17,Benfica,Academica,1.0,0.0,1.22,6.0,13.0,1.53,2.41,,,,,,
2013-02-17,Guimaraes,Moreirense,1.0,0.0,2.05,3.25,3.75,2.03,1.76,,,,,,
2013-02-17,Maritimo,Estoril,2.0,1.0,2.25,3.25,3.25,2.14,1.68,,,,,,
2013-02-17,Olhanense,Setubal,0.0,1.0,2.0,3.3,3.8,2.05,1.74,,,,,,
2013-02-17,Pacos Ferreira,Nacional,1.0,1.0,2.1,3.3,3.5,1.97,1.81,,,,,,
2013-02-18,Rio Ave,Sp Braga,1.0,1.0,3.4,3.4,2.1,1.84,1.94,,,,,,
2013-02-22,Estoril,Sp Lisbon,3.0,1.0,3.0,3.25,2.38,2.03,1.77,,,,,,
2013-02-23,Porto,Rio Ave,2.0,1.0,1.22,6.0,12.0,1.58,2.27,,,,,,
2013-02-23,Setubal,Beira Mar,1.0,0.0,2.38,3.25,3.0,2.16,1.66,,,,,,
2013-02-23,Sp Braga,Guimaraes,3.0,2.0,1.44,4.0,8.5,1.77,2.02,,,,,,
2013-02-24,Benfica,Pacos Ferreira,3.0,0.0,1.25,5.25,13.0,1.67,2.12,,,,,,
2013-02-24,Moreirense,Gil Vicente,0.0,0.0,2.3,3.2,3.2,2.13,1.69,,,,,,
2013-02-24,Nacional,Olhanense,3.0,1.0,1.8,3.5,4.5,2.04,1.75,,,,,,
2013-02-25,Academica,Maritimo,2.0,3.0,2.4,3.2,3.0,2.16,1.67,,,,,,
2013-03-02,Pacos Ferreira,Setubal,2.0,0.0,1.62,3.6,6.0,2.04,1.75,,,,,,
2013-03-02,Sp Lisbon,Porto,0.0,0.0,5.0,3.75,1.67,1.89,1.89,,,,,,
2013-03-03,Beira Mar,Benfica,0.0,1.0,12.0,5.5,1.25,1.64,2.17,,,,,,
2013-03-03,Gil Vicente,Nacional,1.0,2.0,3.2,3.2,2.25,1.94,1.84,,,,,,
2013-03-03,Maritimo,Moreirense,1.0,1.0,1.91,3.3,4.2,2.16,1.66,,,,,,
2013-03-03,Rio Ave,Estoril,0.0,2.0,2.05,3.25,3.75,2.11,1.7,,,,,,
2013-03-04,Guimaraes,Academica,2.0,0.0,2.4,3.2,3.0,2.18,1.61,,,,,,
2013-03-04,Olhanense,Sp Braga,0.0,1.0,5.5,3.8,1.62,1.77,2.01,,,,,,
2013-03-08,Porto,Estoril,2.0,0.0,1.25,5.25,13.0,1.71,2.11,,,,,,
2013-03-09,Academica,Sp Lisbon,1.0,1.0,3.1,3.4,2.25,2.03,1.77,,,,,,
2013-03-09,Sp Braga,Maritimo,2.0,0.0,1.53,4.2,5.75,1.76,2.04,,,,,,
2013-03-10,Benfica,Gil Vicente,5.0,0.0,1.17,6.0,23.0,1.52,2.45,,,,,,
2013-03-10,Moreirense,Olhanense,1.0,1.0,2.1,3.4,3.4,2.16,1.65,,,,,,
2013-03-10,Nacional,Rio Ave,1.0,1.0,2.0,3.5,3.6,1.85,1.94,,,,,,
2013-03-10,Pacos Ferreira,Beira Mar,1.0,1.0,1.57,4.0,5.75,2.06,1.75,,,,,,
2013-03-11,Setubal,Guimaraes,2.0,3.0,2.5,3.3,2.75,2.18,1.63,,,,,,
2013-03-15,Gil Vicente,Sp Braga,1.0,3.0,5.5,3.8,1.62,1.89,1.9,,,,,,
2013-03-16,Olhanense,Pacos Ferreira,1.0,2.0,3.5,3.1,2.2,2.26,1.59,,,,,,
2013-03-16,Sp Lisbon,Setubal,2.0,1.0,1.44,4.1,8.0,2.01,1.78,,,,,,
2013-03-17,Beira Mar,Nacional,2.0,2.0,3.0,3.25,2.38,2.03,1.77,,,,,,
2013-03-17,Estoril,Academica,2.0,0.0,1.83,3.3,4.5,2.18,1.65,,,,,,
2013-03-17,Guimaraes,Benfica,0.0,4.0,8.0,4.75,1.36,1.72,2.09,,,,,,
2013-03-17,Maritimo,Porto,1.0,1.0,8.5,4.33,1.4,1.95,1.83,,,,,,
2013-03-17,Rio Ave,Moreirense,0.0,1.0,1.75,3.4,5.0,2.2,1.62,,,,,,
2013-03-29,Pacos Ferreira,Gil Vicente,3.0,2.0,1.73,3.5,5.0,2.05,1.75,,,,,,
2013-03-30,Academica,Porto,0.0,3.0,10.0,4.75,1.33,1.76,2.03,,,,,,
2013-03-30,Beira Mar,Olhanense,0.0,1.0,2.3,3.2,3.2,2.2,1.63,,,,,,
2013-03-30,Benfica,Rio Ave,6.0,1.0,1.2,6.5,13.0,1.6,2.25,,,,,,
2013-03-30,Moreirense,Estoril,1.0,1.0,2.8,3.1,2.6,2.27,1.58,,,,,,
2013-03-30,Setubal,Maritimo,2.0,4.0,2.88,3.2,2.5,2.16,1.67,,,,,,
2013-04-01,Nacional,Guimaraes,2.0,1.0,1.91,3.5,4.0,1.84,1.94,,,,,,
2013-04-01,Sp Braga,Sp Lisbon,2.0,3.0,1.83,3.6,4.2,1.9,1.89,,,,,,
2013-04-05,Maritimo,Pacos Ferreira,1.0,1.0,2.38,3.0,3.2,2.16,1.68,,,,,,
2013-04-06,Sp Lisbon,Moreirense,3.0,2.0,1.53,3.8,6.5,1.94,1.85,,,,,,
2013-04-07,Estoril,Nacional,4.0,0.0,2.25,3.1,3.3,1.93,1.86,,,,,,
2013-04-07,Gil Vicente,Academica,2.0,1.0,2.3,3.25,3.1,2.14,1.66,,,,,,
2013-04-07,Guimaraes,Beira Mar,2.0,1.0,2.1,3.1,3.75,2.17,1.64,,,,,,
2013-04-07,Olhanense,Benfica,0.0,2.0,13.0,5.25,1.25,1.6,2.25,,,,,,
2013-04-07,Rio Ave,Setubal,2.0,1.0,1.83,3.3,4.75,2.09,1.72,,,,,,
2013-04-08,Porto,Sp Braga,3.0,1.0,1.44,4.33,7.0,1.75,2.06,,,,,,
2013-04-19,Sp Braga,Academica,1.0,0.0,1.4,4.5,8.0,1.76,2.04,,,,,,
2013-04-20,Moreirense,Porto,0.0,3.0,13.0,5.75,1.22,1.7,2.12,,,,,,
2013-04-20,Pacos Ferreira,Rio Ave,2.0,1.0,2.05,3.4,3.5,2.06,1.74,,,,,,
2013-04-21,Beira Mar,Gil Vicente,1.0,0.0,2.25,3.2,3.3,2.05,1.75,,,,,,
2013-04-21,Benfica,Sp Lisbon,2.0,0.0,1.36,4.75,8.5,1.7,2.12,,,,,,
2013-04-21,Nacional,Maritimo,2.0,1.0,2.2,3.3,3.3,1.83,1.96,,,,,,
2013-04-21,Setubal,Estoril,1.0,0.0,3.3,3.2,2.2,1.99,1.8,,,,,,
2013-04-22,Olhanense,Guimaraes,1.0,2.0,2.38,3.1,3.1,2.11,1.7,,,,,,
2013-04-26,Estoril,Sp Braga,2.0,1.0,3.4,3.25,2.15,1.9,1.89,,,,,,
2013-04-27,Porto,Setubal,2.0,0.0,1.13,9.0,15.0,1.44,2.68,,,,,,
2013-04-28,Academica,Moreirense,1.0,0.0,2.1,3.3,3.5,2.09,1.73,,,,,,
2013-04-28,Gil Vicente,Olhanense,2.0,0.0,2.3,3.25,3.1,2.1,1.72,,,,,,
2013-04-28,Guimaraes,Pacos Ferreira,2.0,2.0,3.0,3.3,2.2,2.03,1.77,,,,,,
2013-04-28,Rio Ave,Beira Mar,2.0,1.0,1.91,3.5,4.0,1.99,1.8,,,,,,
2013-04-28,Sp Lisbon,Nacional,2.0,1.0,1.75,3.6,4.75,1.86,1.94,,,,,,
2013-04-29,Maritimo,Benfica,1.0,2.0,8.5,4.33,1.4,1.77,2.02,,,,,,
2013-05-03,Moreirense,Sp Braga,2.0,3.0,4.75,3.6,1.73,1.79,2.02,,,,,,
2013-05-04,Nacional,Porto,1.0,3.0,10.0,5.0,1.3,1.68,2.13,,,,,,
2013-05-05,Beira Mar,Maritimo,4.0,2.0,2.4,3.3,2.88,2.17,1.65,,,,,,
2013-05-05,Guimaraes,Gil Vicente,3.0,1.0,2.1,3.25,3.5,2.12,1.71,,,,,,
2013-05-05,Olhanense,Rio Ave,1.0,0.0,2.4,3.25,2.9,2.2,1.65,,,,,,
2013-05-05,Pacos Ferreira,Sp Lisbon,1.0,0.0,2.5,3.2,2.88,2.07,1.74,,,,,,
2013-05-05,Setubal,Academica,0.0,1.0,2.4,3.2,3.0,2.14,1.69,,,,,,
2013-05-06,Benfica,Estoril,1.0,1.0,1.2,5.5,13.0,1.55,2.36,,,,,,
2013-05-11,Academica,Pacos Ferreira,1.0,1.0,3.2,3.0,2.4,2.11,1.68,,,,,,
2013-05-11,Estoril,Beira Mar,2.0,1.0,1.8,3.5,4.5,1.9,1.89,,,,,,
2013-05-11,Maritimo,Guimaraes,1.0,0.0,2.1,3.3,3.5,1.96,1.82,,,,,,
2013-05-11,Moreirense,Setubal,2.0,1.0,2.1,3.3,3.5,1.95,1.83,,,,,,
2013-05-11,Porto,Benfica,2.0,1.0,2.0,3.6,3.5,1.83,1.96,,,,,,
2013-05-11,Rio Ave,Gil Vicente,2.0,1.0,2.15,3.3,3.4,1.99,1.8,,,,,,
2013-05-11,Sp Braga,Nacional,1.0,3.0,1.5,4.0,7.0,1.58,2.28,,,,,,
2013-05-11,Sp Lisbon,Olhanense,1.0,0.0,1.5,4.0,7.0,1.98,1.8,,,,,,
2013-05-19,Beira Mar,Sp Lisbon,1.0,4.0,2.88,3.2,2.5,1.94,1.84,,,,,,
2013-05-19,Benfica,Moreirense,3.0,1.0,1.17,7.0,15.0,1.38,2.87,,,,,,
2013-05-19,Gil Vicente,Estoril,1.0,3.0,2.5,3.1,2.9,1.89,1.9,,,,,,
2013-05-19,Guimaraes,Rio Ave,0.0,1.0,1.95,3.5,3.75,1.86,1.93,,,,,,
2013-05-19,Nacional,Academica,2.0,1.0,2.0,3.4,3.75,1.8,1.99,,,,,,
2013-05-19,Olhanense,Maritimo,0.0,0.0,1.85,3.4,4.33,1.98,1.81,,,,,,
2013-05-19,Pacos Ferreira,Porto,0.0,2.0,9.0,5.5,1.3,1.64,2.17,,,,,,
2013-05-19,Setubal,Sp Braga,0.0,1.0,3.4,3.4,2.1,1.77,2.03,,,,,,
2013-08-16,Pacos Ferreira,Sp Braga,0.0,2.0,3.6,3.25,2.1,2.16,1.68,,,,,,
2013-08-17,Estoril,Nacional,3.0,1.0,2.3,3.25,3.1,2.16,1.67,,,,,,
2013-08-17,Guimaraes,Olhanense,2.0,0.0,2.0,3.4,3.75,2.2,1.65,,,,,,
2013-08-18,Belenenses,Rio Ave,0.0,3.0,2.63,3.1,2.75,2.28,1.59,,,,,,
2013-08-18,Gil Vicente,Academica,2.0,0.0,2.3,3.2,3.1,2.29,1.58,,,,,,
2013-08-18,Maritimo,Benfica,2.0,1.0,7.5,4.2,1.44,1.91,1.89,,,,,,
2013-08-18,Setubal,Porto,1.0,3.0,12.0,5.5,1.25,1.8,2.0,,,,,,
2013-08-18,Sp Lisbon,Arouca,5.0,1.0,1.4,4.5,8.0,1.95,1.85,,,,,,
2013-08-24,Academica,Sp Lisbon,0.0,4.0,4.0,3.4,1.91,2.16,1.68,,,,,,
2013-08-24,Olhanense,Pacos Ferreira,1.0,0.0,2.6,3.2,2.7,2.28,1.59,,,,,,
2013-08-25,Arouca,Estoril,1.0,2.0,2.9,3.25,2.4,2.26,1.6,,,,,,
2013-08-25,Benfica,Gil Vicente,2.0,1.0,1.17,7.0,15.0,1.52,2.44,,,,,,
2013-08-25,Nacional,Guimaraes,1.0,1.0,2.0,3.3,3.8,1.95,1.84,,,,,,
2013-08-25,Porto,Maritimo,3.0,0.0,1.17,7.5,13.0,1.5,2.47,,,,,,
2013-08-25,Rio Ave,Setubal,2.0,0.0,1.73,3.5,5.0,2.09,1.72,,,,,,
2013-08-26,Sp Braga,Belenenses,2.0,1.0,1.33,4.5,11.0,1.76,2.04,,,,,,
2013-08-31,Guimaraes,Setubal,1.0,4.0,1.8,3.5,4.5,1.95,1.83,,,,,,
2013-08-31,Sp Lisbon,Benfica,1.0,1.0,2.88,3.4,2.38,1.99,1.79,,,,,,
2013-09-01,Arouca,Rio Ave,1.0,0.0,3.3,3.3,2.2,2.02,1.78,,,,,,
2013-09-01,Belenenses,Nacional,2.0,3.0,2.8,3.25,2.5,2.03,1.77,,,,,,
2013-09-01,Gil Vicente,Sp Braga,1.0,0.0,4.75,3.6,1.75,1.85,1.94,,,,,,
2013-09-01,Maritimo,Olhanense,1.0,1.0,1.73,3.75,4.5,2.22,1.62,,,,,,
2013-09-01,Pacos Ferreira,Porto,0.0,1.0,12.0,5.5,1.25,1.79,2.0,,,,,,
2013-09-02,Estoril,Academica,1.0,1.0,1.57,3.8,6.0,1.92,1.87,,,,,,
2013-09-14,Benfica,Pacos Ferreira,3.0,1.0,1.25,5.5,12.0,1.53,2.42,,,,,,
2013-09-14,Porto,Gil Vicente,2.0,0.0,1.14,7.5,17.0,1.46,2.59,,,,,,
2013-09-14,Rio Ave,Guimaraes,0.0,1.0,1.85,3.4,4.33,1.93,1.86,,,,,,
2013-09-15,Academica,Belenenses,2.0,1.0,2.1,3.3,3.5,2.2,1.63,,,,,,
2013-09-15,Nacional,Arouca,0.0,1.0,1.75,3.5,4.75,1.88,1.91,,,,,,
2013-09-15,Olhanense,Sp Lisbon,0.0,2.0,7.0,4.0,1.5,1.98,1.8,,,,,,
2013-09-15,Setubal,Maritimo,2.0,4.0,2.9,3.2,2.45,2.05,1.74,,,,,,
2013-09-15,Sp Braga,Estoril,3.0,2.0,1.57,3.8,6.0,1.87,1.92,,,,,,
2013-09-20,Arouca,Sp Braga,0.0,1.0,4.75,3.6,1.73,2.03,1.77,,,,,,
2013-09-21,Belenenses,Maritimo,1.0,0.0,2.9,3.4,2.38,2.07,1.74,,,,,,
2013-09-21,Gil Vicente,Olhanense,1.0,1.0,2.0,3.4,3.75,2.24,1.61,,,,,,
2013-09-21,Sp Lisbon,Rio Ave,1.0,1.0,1.36,4.2,11.0,1.8,1.99,,,,,,
2013-09-22,Estoril,Porto,2.0,2.0,8.5,4.33,1.4,1.78,2.01,,,,,,
2013-09-22,Guimaraes,Benfica,0.0,1.0,8.5,4.33,1.4,1.8,1.99,,,,,,
2013-09-22,Nacional,Academica,1.0,0.0,1.91,3.4,4.0,1.92,1.86,,,,,,
2013-09-23,Pacos Ferreira,Setubal,1.0,1.0,1.85,3.4,4.33,2.0,1.8,,,,,,
2013-09-27,Porto,Guimaraes,1.0,0.0,1.18,6.5,15.0,1.59,2.27,,,,,,
2013-09-28,Academica,Arouca,0.0,0.0,2.1,3.4,3.3,2.11,1.7,,,,,,
2013-09-28,Benfica,Belenenses,1.0,1.0,1.13,8.5,17.0,1.46,2.6,,,,,,
2013-09-28,Maritimo,Pacos Ferreira,3.0,4.0,2.1,3.2,3.6,2.08,1.72,,,,,,
2013-09-28,Olhanense,Estoril,1.0,2.0,3.8,3.3,2.0,2.18,1.64,,,,,,
2013-09-28,Rio Ave,Nacional,0.0,3.0,2.1,3.2,3.6,2.09,1.71,,,,,,
2013-09-28,Sp Braga,Sp Lisbon,1.0,2.0,2.4,3.4,2.8,2.05,1.74,,,,,,
2013-09-30,Setubal,Gil Vicente,2.0,2.0,2.2,3.3,3.25,2.06,1.73,,,,,,
2013-10-04,Academica,Rio Ave,0.0,1.0,3.0,3.25,2.38,2.36,1.56,,,,,,
2013-10-05,Belenenses,Olhanense,2.0,0.0,2.05,3.2,3.8,2.17,1.65,,,,,,
2013-10-05,Sp Lisbon,Setubal,4.0,0.0,1.33,4.75,9.5,1.7,2.1,,,,,,
2013-10-06,Arouca,Porto,1.0,3.0,15.0,5.5,1.22,1.7,2.1,,,,,,
2013-10-06,Estoril,Benfica,1.0,2.0,5.5,3.5,1.67,1.8,1.98,,,,,,
2013-10-06,Gil Vicente,Pacos Ferreira,2.0,1.0,3.0,3.4,2.3,2.14,1.68,,,,,,
2013-10-06,Nacional,Sp Braga,3.0,0.0,3.75,3.3,2.0,2.01,1.77,,,,,,
2013-10-07,Guimaraes,Maritimo,1.0,0.0,2.2,3.4,3.2,2.16,1.65,,,,,,
2013-10-25,Sp Braga,Academica,0.0,1.0,1.4,4.33,8.5,1.87,1.91,,,,,,
2013-10-26,Olhanense,Arouca,1.0,0.0,2.6,3.1,2.8,2.38,1.52,,,,,,
2013-10-26,Rio Ave,Gil Vicente,0.0,1.0,1.83,3.4,4.5,2.11,1.7,,,,,,
2013-10-26,Setubal,Belenenses,0.0,0.0,2.5,3.2,2.8,2.0,1.77,,,,,,
2013-10-27,Benfica,Nacional,2.0,0.0,1.29,5.0,12.0,1.53,2.4,,,,,,
2013-10-27,Maritimo,Estoril,1.0,3.0,2.75,3.2,2.6,2.02,1.76,,,,,,
2013-10-27,Porto,Sp Lisbon,3.0,1.0,1.57,3.75,6.0,1.74,2.06,,,,,,
2013-10-28,Pacos Ferreira,Guimaraes,1.0,3.0,2.25,3.2,3.3,2.16,1.66,,,,,,
2013-11-01,Academica,Benfica,0.0,3.0,8.0,4.5,1.4,1.94,1.85,,,,,,
2013-11-02,Belenenses,Porto,1.0,1.0,11.0,4.5,1.33,1.8,1.98,,,,,,
2013-11-02,Sp Lisbon,Maritimo,3.0,2.0,1.36,4.5,9.5,1.76,2.02,,,,,,
2013-11-03,Arouca,Pacos Ferreira,0.0,0.0,2.8,3.2,2.5,2.36,1.54,,,,,,
2013-11-03,Estoril,Setubal,0.0,2.0,1.62,3.75,5.5,1.76,2.02,,,,,,
2013-11-03,Gil Vicente,Guimaraes,1.0,0.0,2.8,3.1,2.6,2.2,1.62,,,,,,
2013-11-03,Nacional,Olhanense,0.0,0.0,1.62,3.6,6.0,1.96,1.82,,,,,,
2013-11-03,Sp Braga,Rio Ave,0.0,1.0,1.6,3.6,6.0,2.12,1.69,,,,,,
2013-11-23,Benfica,Sp Braga,1.0,0.0,1.57,3.8,6.0,1.66,2.12,,,,,,
2013-11-23,Porto,Nacional,1.0,1.0,1.25,6.0,10.0,1.53,2.39,,,,,,
2013-11-24,Guimaraes,Sp Lisbon,0.0,1.0,4.2,3.6,1.83,2.09,1.71,,,,,,
2013-11-24,Maritimo,Gil Vicente,3.0,2.0,2.15,3.25,3.4,2.12,1.69,,,,,,
2013-11-24,Pacos Ferreira,Belenenses,1.0,0.0,2.05,3.3,3.6,2.1,1.7,,,,,,
2013-11-24,Rio Ave,Estoril,0.0,2.0,2.6,3.25,2.7,2.16,1.66,,,,,,
2013-11-24,Setubal,Arouca,1.0,0.0,2.38,3.2,3.0,2.19,1.62,,,,,,
2013-11-25,Olhanense,Academica,0.0,1.0,2.9,3.1,2.5,2.44,1.5,,,,,,
2013-11-29,Sp Braga,Olhanense,4.0,1.0,1.25,5.0,15.0,1.83,1.95,,,,,,
2013-11-30,Academica,Porto,1.0,0.0,11.0,4.5,1.33,1.93,1.84,,,,,,
2013-12-01,Arouca,Maritimo,1.0,2.0,2.88,3.2,2.5,2.31,1.56,,,,,,
2013-12-01,Belenenses,Gil Vicente,0.0,0.0,1.95,3.2,4.2,2.3,1.55,,,,,,
2013-12-01,Nacional,Setubal,2.0,2.0,1.75,3.5,4.75,1.98,1.8,,,,,,
2013-12-01,Rio Ave,Benfica,1.0,3.0,6.0,4.0,1.53,2.03,1.75,,,,,,
2013-12-01,Sp Lisbon,Pacos Ferreira,4.0,0.0,1.4,4.5,8.0,1.75,2.04,,,,,,
2013-12-02,Estoril,Guimaraes,0.0,2.0,1.91,3.4,4.0,2.2,1.61,,,,,,
2013-12-06,Benfica,Arouca,2.0,2.0,1.17,6.5,19.0,1.52,2.39,,,,,,
2013-12-07,Guimaraes,Belenenses,0.0,0.0,2.0,3.4,3.75,2.23,1.59,,,,,,
2013-12-07,Pacos Ferreira,Estoril,0.0,3.0,3.0,3.25,2.38,2.08,1.71,,,,,,
2013-12-07,Porto,Sp Braga,2.0,0.0,1.57,3.75,6.0,1.87,1.9,,,,,,
2013-12-08,Gil Vicente,Sp Lisbon,0.0,2.0,5.5,3.8,1.62,1.98,1.79,,,,,,
2013-12-08,Maritimo,Nacional,2.0,2.0,2.55,3.4,2.63,1.97,1.8,,,,,,
2013-12-08,Olhanense,Rio Ave,0.0,1.0,3.6,3.3,2.05,2.29,1.56,,,,,,
2013-12-09,Setubal,Academica,1.0,0.0,2.6,3.2,2.7,2.24,1.59,,,,,,
2013-12-13,Academica,Maritimo,1.0,1.0,2.6,3.0,2.88,2.3,1.58,,,,,,
2013-12-14,Sp Braga,Setubal,2.0,0.0,1.33,4.75,10.0,1.73,2.04,,,,,,
2013-12-14,Sp Lisbon,Belenenses,3.0,0.0,1.36,4.75,8.0,1.77,2.0,,,,,,
2013-12-15,Arouca,Guimaraes,0.0,2.0,3.2,3.25,2.25,2.36,1.53,,,,,,
2013-12-15,Olhanense,Benfica,2.0,3.0,13.0,5.25,1.25,1.58,2.26,,,,,,
2013-12-15,Rio Ave,Porto,1.0,3.0,7.0,4.0,1.5,2.03,1.75,,,,,,
2013-12-16,Estoril,Gil Vicente,2.0,0.0,1.57,3.8,6.0,2.03,1.75,,,,,,
2013-12-16,Nacional,Pacos Ferreira,2.0,1.0,2.1,3.25,3.6,2.04,1.74,,,,,,
2013-12-19,Maritimo,Sp Braga,2.0,2.0,3.6,3.3,2.05,2.01,1.77,,,,,,
2013-12-20,Porto,Olhanense,4.0,0.0,1.08,9.0,29.0,1.34,3.08,,,,,,
2013-12-20,Setubal,Benfica,0.0,2.0,9.0,5.0,1.33,1.61,2.25,,,,,,
2013-12-21,Guimaraes,Academica,3.0,0.0,1.85,3.3,4.5,2.25,1.59,,,,,,
2013-12-21,Pacos Ferreira,Rio Ave,0.0,0.0,2.2,3.1,3.5,2.2,1.61,,,,,,
2013-12-21,Sp Lisbon,Nacional,0.0,0.0,1.4,4.5,7.5,1.64,2.15,,,,,,
2013-12-22,Belenenses,Estoril,0.0,0.0,3.0,3.2,2.4,2.16,1.64,,,,,,
2013-12-22,Gil Vicente,Arouca,0.0,3.0,2.3,3.2,3.2,2.16,1.64,,,,,,
2014-01-10,Sp Braga,Guimaraes,3.0,0.0,1.67,3.5,5.5,2.13,1.69,,,,,,
2014-01-11,Estoril,Sp Lisbon,0.0,0.0,3.2,3.4,2.2,1.95,1.81,,,,,,
2014-01-11,Rio Ave,Maritimo,1.0,1.0,2.3,3.2,3.2,2.09,1.71,,,,,,
2014-01-12,Academica,Pacos Ferreira,4.0,2.0,2.5,3.1,2.9,2.34,1.55,,,,,,
2014-01-12,Arouca,Belenenses,2.0,0.0,2.6,3.0,2.9,2.48,1.5,,,,,,
2014-01-12,Benfica,Porto,2.0,0.0,2.38,3.25,3.0,2.01,1.77,,,,,,
2014-01-12,Nacional,Gil Vicente,2.0,0.0,1.73,3.5,5.0,2.02,1.75,,,,,,
2014-01-12,Olhanense,Setubal,2.0,1.0,2.9,3.1,2.5,2.37,1.54,,,,,,
2014-01-17,Olhanense,Guimaraes,0.0,1.0,4.2,3.25,1.91,2.34,1.57,,,,,,
2014-01-18,Arouca,Sp Lisbon,1.0,2.0,6.5,3.9,1.53,2.03,1.74,,,,,,
2014-01-19,Academica,Gil Vicente,1.0,0.0,2.05,3.25,3.75,2.36,1.55,,,,,,
2014-01-19,Benfica,Maritimo,2.0,0.0,1.22,6.5,11.0,1.54,2.38,,,,,,
2014-01-19,Porto,Setubal,3.0,0.0,1.11,8.5,21.0,1.47,2.55,,,,,,
2014-01-19,Rio Ave,Belenenses,1.0,0.0,2.05,3.2,3.75,2.45,1.51,,,,,,
2014-01-19,Sp Braga,Pacos Ferreira,1.0,1.0,1.5,4.0,7.0,1.84,1.93,,,,,,
2014-01-20,Nacional,Estoril,2.0,2.0,3.0,3.2,2.4,2.17,1.65,,,,,,
2014-01-31,Estoril,Arouca,1.0,1.0,1.5,4.0,7.0,1.92,1.85,,,,,,
2014-02-01,Gil Vicente,Benfica,1.0,1.0,12.0,5.0,1.29,1.71,2.08,,,,,,
2014-02-01,Maritimo,Porto,1.0,0.0,10.0,4.33,1.36,1.87,1.9,,,,,,
2014-02-01,Setubal,Rio Ave,2.0,0.0,2.9,3.1,2.5,2.39,1.53,,,,,,
2014-02-02,Belenenses,Sp Braga,2.0,1.0,4.8,3.3,1.8,2.15,1.66,,,,,,
2014-02-02,Sp Lisbon,Academica,0.0,0.0,1.33,4.75,9.5,1.77,2.0,,,,,,
2014-02-03,Guimaraes,Nacional,1.0,2.0,2.0,3.3,3.8,2.17,1.65,,,,,,
2014-02-05,Pacos Ferreira,Olhanense,3.0,1.0,1.6,3.6,6.0,2.13,1.67,,,,,,
2014-02-08,Nacional,Belenenses,2.0,0.0,1.91,3.4,4.0,2.17,1.71,,,,,,
2014-02-08,Setubal,Guimaraes,3.0,2.0,3.5,3.1,2.2,2.34,1.56,,,,,,
2014-02-09,Olhanense,Maritimo,1.0,1.0,3.75,3.4,2.0,2.18,1.63,,,,,,
2014-02-09,Porto,Pacos Ferreira,3.0,0.0,1.17,7.0,17.0,1.63,2.19,,,,,,
2014-02-09,Rio Ave,Arouca,1.0,1.0,1.91,3.3,4.2,2.4,1.53,,,,,,
2014-02-09,Sp Braga,Gil Vicente,4.0,1.0,1.3,5.0,10.0,1.79,1.99,,,,,,
2014-02-10,Academica,Estoril,0.0,1.0,4.33,3.2,1.91,2.36,1.55,,,,,,
2014-02-11,Benfica,Sp Lisbon,2.0,0.0,1.73,3.6,4.75,1.88,1.89,,,,,,
2014-02-15,Belenenses,Academica,0.0,0.0,2.3,3.0,3.4,2.56,1.47,,,,,,
2014-02-15,Sp Lisbon,Olhanense,1.0,0.0,1.17,7.0,15.0,1.66,2.15,,,,,,
2014-02-16,Arouca,Nacional,1.0,1.0,3.1,3.2,2.3,2.17,1.66,,,,,,
2014-02-16,Gil Vicente,Porto,1.0,2.0,10.0,6.0,1.25,1.71,2.09,,,,,,
2014-02-16,Guimaraes,Rio Ave,1.0,0.0,2.3,3.0,3.4,2.44,1.52,,,,,,
2014-02-16,Maritimo,Setubal,1.0,0.0,1.83,3.6,4.2,2.04,1.74,,,,,,
2014-02-16,Pacos Ferreira,Benfica,0.0,2.0,9.5,4.5,1.36,1.87,1.91,,,,,,
2014-02-17,Estoril,Sp Braga,2.0,1.0,2.55,3.25,2.75,2.18,1.65,,,,,,
2014-02-21,Academica,Nacional,0.0,0.0,2.75,3.1,2.63,2.38,1.54,,,,,,
2014-02-22,Rio Ave,Sp Lisbon,1.0,2.0,4.33,3.5,1.67,2.13,1.68,,,,,,
2014-02-22,Sp Braga,Arouca,2.0,2.0,1.4,4.2,9.5,1.95,1.82,,,,,,
2014-02-23,Maritimo,Belenenses,2.0,0.0,2.0,3.2,4.0,2.19,1.63,,,,,,
2014-02-23,Olhanense,Gil Vicente,2.0,1.0,2.9,3.1,2.5,2.36,1.54,,,,,,
2014-02-23,Porto,Estoril,0.0,1.0,1.44,4.2,7.5,1.91,1.86,,,,,,
2014-02-23,Setubal,Pacos Ferreira,4.0,0.0,2.6,3.2,2.7,2.23,1.6,,,,,,
2014-02-24,Benfica,Guimaraes,1.0,0.0,1.22,5.5,17.0,1.79,1.98,,,,,,
2014-03-01,Estoril,Olhanense,4.0,0.0,1.3,5.0,10.0,1.87,1.88,,,,,,
2014-03-01,Sp Lisbon,Sp Braga,2.0,1.0,2.0,3.4,3.75,1.89,1.87,,,,,,
2014-03-02,Belenenses,Benfica,0.0,1.0,10.0,4.75,1.33,1.86,1.91,,,,,,
2014-03-02,Gil Vicente,Setubal,1.0,0.0,2.4,3.1,3.1,2.21,1.61,,,,,,
2014-03-02,Guimaraes,Porto,2.0,2.0,7.0,4.0,1.5,1.99,1.77,,,,,,
2014-03-02,Nacional,Rio Ave,1.0,1.0,2.1,3.2,3.6,2.13,1.67,,,,,,
2014-03-02,Pacos Ferreira,Maritimo,3.0,1.0,2.5,3.25,2.8,2.04,1.73,,,,,,
2014-03-03,Arouca,Academica,0.0,3.0,2.5,3.0,3.0,2.63,1.44,,,,,,
2014-03-07,Rio Ave,Academica,0.0,0.0,1.95,3.2,4.2,2.79,1.41,,,,,,
2014-03-08,Sp Braga,Nacional,2.0,1.0,1.62,3.75,5.5,1.92,1.84,,,,,,
2014-03-09,Benfica,Estoril,2.0,0.0,1.4,4.5,8.0,1.87,1.89,,,,,,
2014-03-09,Olhanense,Belenenses,0.0,0.0,2.7,3.1,2.7,2.67,1.44,,,,,,
2014-03-09,Pacos Ferreira,Gil Vicente,0.0,2.0,1.75,3.5,4.75,2.13,1.68,,,,,,
2014-03-09,Porto,Arouca,4.0,1.0,1.18,6.5,15.0,1.63,2.18,,,,,,
2014-03-09,Setubal,Sp Lisbon,2.0,2.0,6.0,3.75,1.57,2.02,1.76,,,,,,
2014-03-10,Maritimo,Guimaraes,2.0,1.0,2.38,3.2,3.0,2.13,1.67,,,,,,
2014-03-14,Academica,Sp Braga,1.0,1.0,3.8,3.1,2.1,2.39,1.54,,,,,,
2014-03-15,Estoril,Maritimo,1.0,0.0,1.73,3.5,5.0,1.95,1.8,,,,,,
2014-03-15,Gil Vicente,Rio Ave,1.0,2.0,3.4,3.1,2.25,2.46,1.5,,,,,,
2014-03-15,Guimaraes,Pacos Ferreira,1.0,2.0,1.95,3.4,3.9,2.14,1.67,,,,,,
2014-03-16,Arouca,Olhanense,2.0,0.0,1.95,3.25,4.1,2.35,1.55,,,,,,
2014-03-16,Belenenses,Setubal,1.0,3.0,2.5,3.1,2.9,2.49,1.49,,,,,,
2014-03-16,Sp Lisbon,Porto,1.0,0.0,3.1,3.3,2.3,2.08,1.71,,,,,,
2014-03-17,Nacional,Benfica,2.0,4.0,5.75,3.75,1.6,1.9,1.86,,,,,,
2014-03-21,Rio Ave,Sp Braga,1.0,1.0,3.0,3.2,2.4,2.35,1.55,,,,,,
2014-03-22,Guimaraes,Gil Vicente,0.0,0.0,1.8,3.4,4.75,2.17,1.64,,,,,,
2014-03-22,Maritimo,Sp Lisbon,1.0,3.0,4.33,3.5,1.83,2.05,1.73,,,,,,
2014-03-23,Benfica,Academica,3.0,0.0,1.2,6.0,15.0,1.71,2.07,,,,,,
2014-03-23,Olhanense,Nacional,1.0,1.0,5.0,3.4,1.75,2.26,1.59,,,,,,
2014-03-23,Pacos Ferreira,Arouca,3.0,1.0,2.1,3.2,3.6,2.16,1.65,,,,,,
2014-03-23,Porto,Belenenses,1.0,0.0,1.17,7.0,15.0,1.62,2.19,,,,,,
2014-03-24,Setubal,Estoril,1.0,1.0,4.0,3.4,1.91,2.24,1.6,,,,,,
2014-03-28,Belenenses,Pacos Ferreira,1.0,1.0,2.63,3.1,2.8,2.29,1.59,,,,,,
2014-03-29,Sp Lisbon,Guimaraes,1.0,0.0,1.44,4.2,7.5,1.93,1.83,,,,,,
2014-03-30,Academica,Olhanense,2.0,1.0,1.57,3.5,7.0,2.47,1.5,,,,,,
2014-03-30,Arouca,Setubal,1.0,0.0,2.15,3.1,3.6,2.29,1.58,,,,,,
2014-03-30,Estoril,Rio Ave,0.0,1.0,1.73,3.6,4.75,2.28,1.59,,,,,,
2014-03-30,Gil Vicente,Maritimo,1.0,1.0,2.9,3.1,2.5,2.23,1.61,,,,,,
2014-03-30,Nacional,Porto,2.0,1.0,5.5,3.75,1.62,1.95,1.81,,,,,,
2014-03-30,Sp Braga,Benfica,0.0,1.0,4.2,3.5,1.85,2.09,1.7,,,,,,
2014-04-04,Guimaraes,Estoril,1.0,3.0,2.8,3.1,2.6,2.43,1.52,,,,,,
2014-04-05,Olhanense,Sp Braga,0.0,2.0,5.25,3.6,1.67,2.05,1.73,,,,,,
2014-04-05,Pacos Ferreira,Sp Lisbon,1.0,3.0,5.5,3.5,1.67,1.95,1.82,,,,,,
2014-04-06,Gil Vicente,Belenenses,0.0,1.0,2.38,3.1,3.1,2.41,1.53,,,,,,
2014-04-06,Maritimo,Arouca,1.0,0.0,1.91,3.4,4.0,2.22,1.62,,,,,,
2014-04-06,Porto,Academica,3.0,1.0,1.25,5.5,12.0,1.89,1.88,,,,,,
2014-04-06,Setubal,Nacional,3.0,0.0,3.0,3.2,2.38,2.23,1.61,,,,,,
2014-04-07,Benfica,Rio Ave,4.0,0.0,1.25,5.0,15.0,1.85,1.91,,,,,,
2014-04-11,Academica,Setubal,1.0,1.0,2.1,3.3,3.5,2.34,1.56,,,,,,
2014-04-12,Belenenses,Guimaraes,3.0,1.0,2.75,3.0,2.75,2.5,1.5,,,,,,
2014-04-12,Nacional,Maritimo,2.0,0.0,2.2,3.2,3.4,2.05,1.73,,,,,,
2014-04-12,Rio Ave,Olhanense,1.0,2.0,1.67,3.6,5.5,2.35,1.55,,,,,,
2014-04-12,Sp Lisbon,Gil Vicente,2.0,0.0,1.22,5.5,15.0,1.77,2.01,,,,,,
2014-04-13,Arouca,Benfica,0.0,2.0,13.0,4.5,1.3,1.93,1.84,,,,,,
2014-04-13,Sp Braga,Porto,1.0,3.0,4.5,3.5,1.8,2.1,1.7,,,,,,
2014-04-14,Estoril,Pacos Ferreira,1.0,0.0,1.75,3.5,4.75,2.05,1.73,,,,,,
2014-04-17,Guimaraes,Arouca,2.0,3.0,2.3,3.2,3.2,2.47,1.5,,,,,,
2014-04-19,Belenenses,Sp Lisbon,0.0,1.0,6.0,3.6,1.62,2.21,1.63,,,,,,
2014-04-19,Benfica,Olhanense,2.0,0.0,1.1,9.0,21.0,1.45,2.63,,,,,,
2014-04-19,Gil Vicente,Estoril,0.0,0.0,4.75,3.4,1.8,2.22,1.62,,,,,,
2014-04-19,Maritimo,Academica,3.0,1.0,2.0,3.3,3.8,2.28,1.59,,,,,,
2014-04-19,Pacos Ferreira,Nacional,0.0,5.0,2.3,3.25,3.1,2.08,1.71,,,,,,
2014-04-21,Porto,Rio Ave,3.0,0.0,1.25,5.0,15.0,1.8,1.98,,,,,,
2014-04-21,Setubal,Sp Braga,1.0,1.0,3.3,3.5,2.1,2.13,1.68,,,,,,
2014-05-03,Nacional,Sp Lisbon,1.0,1.0,3.75,3.4,2.0,1.82,1.95,,,,,,
2014-05-04,Academica,Guimaraes,0.0,0.0,2.3,3.0,3.4,2.4,1.53,,,,,,
2014-05-04,Arouca,Gil Vicente,1.0,0.0,2.25,3.1,3.4,2.41,1.53,,,,,,
2014-05-04,Benfica,Setubal,1.0,1.0,1.22,6.0,11.0,1.44,2.68,,,,,,
2014-05-04,Estoril,Belenenses,1.0,1.0,2.1,3.25,3.5,2.18,1.64,,,,,,
2014-05-04,Olhanense,Porto,2.0,1.0,5.5,3.8,1.62,1.69,2.1,,,,,,
2014-05-04,Rio Ave,Pacos Ferreira,0.0,0.0,3.5,3.2,2.15,2.38,1.54,,,,,,
2014-05-04,Sp Braga,Maritimo,1.0,1.0,1.91,3.4,4.0,1.82,1.95,,,,,,
2014-05-10,Belenenses,Arouca,1.0,0.0,1.57,3.8,6.0,2.1,1.69,,,,,,
2014-05-10,Guimaraes,Sp Braga,1.0,0.0,2.8,3.25,2.5,1.98,1.77,,,,,,
2014-05-10,Pacos Ferreira,Academica,2.0,4.0,1.62,3.6,6.0,2.05,1.73,,,,,,
2014-05-10,Porto,Benfica,2.0,1.0,1.73,3.75,4.5,1.85,1.91,,,,,,
2014-05-10,Setubal,Olhanense,3.0,1.0,2.7,3.25,2.6,1.89,1.87,,,,,,
2014-05-11,Gil Vicente,Nacional,1.0,0.0,2.8,3.25,2.5,2.04,1.73,,,,,,
2014-05-11,Maritimo,Rio Ave,1.0,0.0,2.0,3.3,3.8,2.07,1.71,,,,,,
2014-05-11,Sp Lisbon,Estoril,0.0,1.0,1.53,3.8,6.5,1.86,1.91,,,,,,
2014-08-15,Porto,Maritimo,2.0,0.0,1.17,6.5,17.0,1.62,2.23,,,,,,
2014-08-16,Academica,Sp Lisbon,1.0,1.0,4.75,3.6,1.73,2.18,1.65,,,,,,
2014-08-16,Gil Vicente,Guimaraes,1.0,3.0,2.75,3.2,2.6,2.3,1.57,,,,,,
2014-08-17,Benfica,Pacos Ferreira,2.0,0.0,1.25,5.5,12.0,1.63,2.19,,,,,,
2014-08-17,Nacional,Moreirense,0.0,1.0,2.0,3.5,3.6,2.19,1.64,,,,,,
2014-08-17,Penafiel,Belenenses,1.0,3.0,2.2,3.2,3.4,2.39,1.54,,,,,,
2014-08-17,Rio Ave,Setubal,2.0,0.0,2.0,3.3,3.75,2.3,1.57,,,,,,
2014-08-17,Sp Braga,Boavista,3.0,0.0,1.33,5.0,9.0,1.9,1.87,,,,,,
2014-08-18,Arouca,Estoril,1.0,1.0,3.4,3.2,2.2,2.27,1.59,,,,,,
2014-08-22,Guimaraes,Penafiel,3.0,0.0,1.65,3.6,5.5,2.25,1.62,,,,,,
2014-08-23,Maritimo,Academica,2.0,1.0,2.25,3.1,3.4,2.38,1.54,,,,,,
2014-08-23,Pacos Ferreira,Porto,0.0,1.0,8.5,4.33,1.4,1.82,1.95,,,,,,
2014-08-23,Sp Lisbon,Arouca,1.0,0.0,1.33,4.75,9.5,1.84,1.92,,,,,,
2014-08-24,Belenenses,Nacional,3.0,1.0,2.6,3.2,2.7,2.37,1.54,,,,,,
2014-08-24,Boavista,Benfica,0.0,1.0,15.0,6.0,1.2,1.82,1.94,,,,,,
2014-08-24,Estoril,Rio Ave,1.0,5.0,1.91,3.4,4.0,2.48,1.51,,,,,,
2014-08-24,Setubal,Gil Vicente,2.0,0.0,2.2,3.2,3.4,2.37,1.54,,,,,,
2014-08-25,Moreirense,Sp Braga,0.0,0.0,4.75,3.4,1.8,2.27,1.59,,,,,,
2014-08-29,Academica,Setubal,1.0,1.0,2.3,3.1,3.25,2.39,1.54,,,,,,
2014-08-30,Belenenses,Guimaraes,0.0,3.0,2.55,3.1,2.88,2.36,1.55,,,,,,
2014-08-30,Sp Braga,Estoril,2.0,1.0,1.85,3.4,4.33,2.24,1.6,,,,,,
2014-08-31,Benfica,Sp Lisbon,1.0,1.0,1.8,3.5,4.5,2.11,1.69,,,,,,
2014-08-31,Gil Vicente,Maritimo,1.0,2.0,2.7,3.2,2.6,2.39,1.53,,,,,,
2014-08-31,Nacional,Arouca,2.0,0.0,1.8,3.5,4.5,2.24,1.61,,,,,,
2014-08-31,Penafiel,Pacos Ferreira,0.0,1.0,2.8,3.3,2.45,2.47,1.51,,,,,,
2014-08-31,Porto,Moreirense,3.0,0.0,1.14,7.5,19.0,1.62,2.2,,,,,,
2014-09-01,Rio Ave,Boavista,4.0,0.0,1.53,3.75,7.0,2.13,1.67,,,,,,
2014-09-12,Setubal,Benfica,0.0,5.0,7.0,4.0,1.5,2.07,1.72,,,,,,
2014-09-13,Arouca,Sp Braga,1.0,0.0,3.8,3.3,2.0,2.31,1.57,,,,,,
2014-09-13,Moreirense,Rio Ave,1.0,1.0,2.6,3.2,2.75,2.44,1.51,,,,,,
2014-09-13,Sp Lisbon,Belenenses,1.0,1.0,1.36,4.5,9.0,2.1,1.69,,,,,,
2014-09-14,Boavista,Academica,1.0,0.0,2.88,3.3,2.4,2.49,1.5,,,,,,
2014-09-14,Estoril,Nacional,2.0,1.0,2.1,3.3,3.5,2.23,1.61,,,,,,
2014-09-14,Guimaraes,Porto,1.0,1.0,6.5,3.8,1.55,2.14,1.65,,,,,,
2014-09-14,Maritimo,Penafiel,2.0,0.0,1.67,3.6,5.25,2.29,1.58,,,,,,
2014-09-14,Pacos Ferreira,Gil Vicente,1.0,1.0,1.8,3.3,4.75,2.39,1.53,,,,,,
2014-09-19,Guimaraes,Pacos Ferreira,1.0,1.0,1.95,3.25,4.2,2.35,1.56,,,,,,
2014-09-20,Nacional,Sp Braga,1.0,1.0,2.88,3.2,2.5,2.28,1.58,,,,,,
2014-09-20,Penafiel,Setubal,2.0,0.0,2.63,3.2,2.7,2.45,1.51,,,,,,
2014-09-21,Belenenses,Maritimo,1.0,0.0,2.5,3.3,2.8,2.39,1.53,,,,,,
2014-09-21,Benfica,Moreirense,3.0,1.0,1.2,6.0,15.0,1.67,2.12,,,,,,
2014-09-21,Gil Vicente,Sp Lisbon,0.0,4.0,7.0,3.9,1.5,2.12,1.69,,,,,,
2014-09-21,Porto,Boavista,0.0,0.0,1.14,7.5,17.0,1.5,2.47,,,,,,
2014-09-21,Rio Ave,Arouca,1.0,2.0,1.7,3.5,5.25,2.32,1.56,,,,,,
2014-09-22,Academica,Estoril,2.0,2.0,2.75,3.3,2.5,2.48,1.5,,,,,,
2014-09-26,Sp Lisbon,Porto,1.0,1.0,3.1,3.1,2.4,2.25,1.61,,,,,,
2014-09-27,Estoril,Benfica,2.0,3.0,5.0,3.6,1.7,2.25,1.6,,,,,,
2014-09-27,Sp Braga,Rio Ave,3.0,0.0,1.73,3.5,5.0,2.2,1.63,,,,,,
2014-09-28,Arouca,Academica,0.0,1.0,2.25,3.25,3.2,2.64,1.45,,,,,,
2014-09-28,Boavista,Gil Vicente,3.0,2.0,2.5,3.25,2.8,2.49,1.5,,,,,,
2014-09-28,Maritimo,Guimaraes,4.0,0.0,2.4,3.25,2.9,2.29,1.58,,,,,,
2014-09-28,Moreirense,Penafiel,0.0,0.0,1.83,3.5,4.33,2.52,1.49,,,,,,
2014-09-28,Setubal,Nacional,2.0,0.0,2.6,3.2,2.7,2.25,1.6,,,,,,
2014-09-29,Pacos Ferreira,Belenenses,2.0,0.0,2.05,3.3,3.6,2.43,1.52,,,,,,
2014-10-03,Guimaraes,Boavista,3.0,0.0,1.62,3.6,6.0,2.16,1.66,,,,,,
2014-10-04,Penafiel,Sp Lisbon,0.0,4.0,8.0,4.0,1.44,2.1,1.69,,,,,,
2014-10-05,Academica,Moreirense,0.0,0.0,2.38,3.1,3.1,2.62,1.45,,,,,,
2014-10-05,Belenenses,Setubal,1.0,1.0,2.2,3.1,3.5,2.24,1.6,,,,,,
2014-10-05,Benfica,Arouca,4.0,0.0,1.2,6.5,13.0,1.62,2.21,,,,,,
2014-10-05,Gil Vicente,Estoril,1.0,1.0,3.8,3.3,2.0,2.12,1.68,,,,,,
2014-10-05,Nacional,Rio Ave,0.0,0.0,2.05,3.3,3.6,2.15,1.65,,,,,,
2014-10-05,Pacos Ferreira,Maritimo,3.0,2.0,2.25,3.1,3.4,2.26,1.59,,,,,,
2014-10-05,Porto,Sp Braga,2.0,1.0,1.44,4.0,8.0,1.98,1.79,,,,,,
2014-10-24,Setubal,Guimaraes,0.0,1.0,2.75,3.3,2.5,2.3,1.59,,,,,,
2014-10-25,Arouca,Porto,0.0,5.0,8.5,4.75,1.36,1.94,1.83,,,,,,
2014-10-25,Boavista,Pacos Ferreira,1.0,2.0,3.5,3.2,2.15,2.37,1.55,,,,,,
2014-10-25,Moreirense,Gil Vicente,2.0,0.0,1.91,3.25,4.33,2.4,1.54,,,,,,
2014-10-26,Estoril,Belenenses,1.0,2.0,1.75,3.4,5.0,2.29,1.58,,,,,,
2014-10-26,Nacional,Academica,1.0,0.0,1.85,3.4,4.33,2.37,1.55,,,,,,
2014-10-26,Sp Braga,Benfica,2.0,1.0,4.33,3.6,1.8,2.05,1.73,,,,,,
2014-10-26,Sp Lisbon,Maritimo,4.0,2.0,1.44,4.33,7.0,1.87,1.9,,,,,,
2014-10-27,Rio Ave,Penafiel,3.0,2.0,1.73,3.4,5.25,2.42,1.53,,,,,,
2014-10-31,Benfica,Rio Ave,1.0,0.0,1.33,4.5,11.0,1.68,2.14,,,,,,
2014-11-01,Guimaraes,Sp Lisbon,3.0,0.0,4.0,3.4,1.91,2.08,1.71,,,,,,
2014-11-01,Penafiel,Estoril,1.0,2.0,4.5,3.4,1.83,2.26,1.6,,,,,,
2014-11-01,Porto,Nacional,2.0,0.0,1.25,5.25,13.0,1.64,2.19,,,,,,
2014-11-02,Academica,Sp Braga,1.0,1.0,3.75,3.3,2.0,2.38,1.54,,,,,,
2014-11-02,Gil Vicente,Arouca,1.0,1.0,2.45,3.25,2.9,2.24,1.61,,,,,,
2014-11-02,Maritimo,Moreirense,1.0,2.0,2.0,3.4,3.75,2.28,1.59,,,,,,
2014-11-02,Pacos Ferreira,Setubal,4.0,1.0,1.85,3.4,4.33,2.18,1.64,,,,,,
2014-11-03,Belenenses,Boavista,3.0,1.0,1.8,3.5,4.5,2.24,1.61,,,,,,
2014-11-07,Arouca,Guimaraes,1.0,2.0,3.0,3.25,2.38,2.29,1.59,,,,,,
2014-11-08,Sp Braga,Gil Vicente,2.0,0.0,1.4,4.33,8.5,1.83,1.94,,,,,,
2014-11-09,Boavista,Penafiel,1.0,0.0,2.5,3.0,3.0,2.58,1.47,,,,,,
2014-11-09,Estoril,Porto,2.0,2.0,7.5,4.2,1.44,1.98,1.8,,,,,,
2014-11-09,Moreirense,Belenenses,0.0,1.0,2.25,3.1,3.4,2.53,1.49,,,,,,
2014-11-09,Nacional,Benfica,1.0,2.0,5.5,3.75,1.62,1.97,1.8,,,,,,
2014-11-09,Setubal,Maritimo,1.0,0.0,2.9,3.25,2.4,2.14,1.68,,,,,,
2014-11-09,Sp Lisbon,Pacos Ferreira,1.0,1.0,1.5,4.0,7.0,1.86,1.91,,,,,,
2014-11-10,Rio Ave,Academica,3.0,0.0,1.8,3.5,4.5,2.47,1.51,,,,,,
2014-11-28,Guimaraes,Moreirense,2.0,1.0,1.83,3.4,4.5,2.25,1.61,,,,,,
2014-11-29,Belenenses,Arouca,0.0,0.0,2.05,3.2,3.8,2.38,1.55,,,,,,
2014-11-29,Penafiel,Sp Braga,1.0,6.0,6.5,3.5,1.62,2.23,1.62,,,,,,
2014-11-29,Sp Lisbon,Setubal,3.0,0.0,1.2,5.75,17.0,1.69,2.12,,,,,,
2014-11-30,Academica,Benfica,0.0,2.0,8.0,4.0,1.44,2.04,1.75,,,,,,
2014-11-30,Gil Vicente,Nacional,0.0,0.0,3.4,3.1,2.25,2.32,1.57,,,,,,
2014-11-30,Maritimo,Boavista,4.0,0.0,1.57,3.75,6.0,2.16,1.65,,,,,,
2014-11-30,Porto,Rio Ave,5.0,0.0,1.25,5.5,12.0,1.81,1.97,,,,,,
2014-12-01,Pacos Ferreira,Estoril,1.0,1.0,2.25,3.25,3.2,2.18,1.64,,,,,,
2014-12-05,Boavista,Sp Lisbon,1.0,3.0,13.0,6.0,1.22,1.65,2.18,,,,,,
2014-12-06,Academica,Porto,0.0,3.0,10.0,5.25,1.29,1.96,1.81,,,,,,
2014-12-06,Benfica,Belenenses,3.0,0.0,1.25,5.5,12.0,1.69,2.12,,,,,,
2014-12-06,Estoril,Setubal,1.0,0.0,1.62,3.75,5.5,1.93,1.84,,,,,,
2014-12-06,Rio Ave,Gil Vicente,0.0,0.0,1.57,3.6,6.5,2.08,1.71,,,,,,
2014-12-07,Arouca,Penafiel,0.0,1.0,1.83,3.5,4.33,2.35,1.55,,,,,,
2014-12-07,Moreirense,Pacos Ferreira,2.0,0.0,2.75,3.1,2.63,2.32,1.57,,,,,,
2014-12-07,Sp Braga,Guimaraes,0.0,0.0,1.75,3.5,4.75,2.0,1.78,,,,,,
2014-12-08,Nacional,Maritimo,3.0,0.0,2.4,3.2,3.0,2.24,1.61,,,,,,
2014-12-12,Setubal,Boavista,0.0,1.0,1.85,3.5,4.2,2.29,1.59,,,,,,
2014-12-13,Belenenses,Sp Braga,0.0,1.0,4.0,3.4,1.91,2.24,1.61,,,,,,
2014-12-13,Gil Vicente,Academica,1.0,1.0,2.55,3.25,2.75,2.47,1.51,,,,,,
2014-12-13,Pacos Ferreira,Arouca,2.0,1.0,1.73,3.6,4.75,2.11,1.69,,,,,,
2014-12-13,Penafiel,Nacional,2.0,1.0,3.6,3.3,2.05,2.35,1.56,,,,,,
2014-12-14,Guimaraes,Rio Ave,0.0,0.0,2.1,3.25,3.6,2.2,1.63,,,,,,
2014-12-14,Maritimo,Estoril,0.0,0.0,2.45,3.2,2.88,2.13,1.68,,,,,,
2014-12-14,Porto,Benfica,0.0,2.0,1.83,3.6,4.2,2.07,1.72,,,,,,
2014-12-14,Sp Lisbon,Moreirense,1.0,1.0,1.3,5.0,11.0,1.71,2.1,,,,,,
2014-12-19,Porto,Setubal,4.0,0.0,1.1,9.0,23.0,1.45,2.65,,,,,,
2014-12-20,Estoril,Guimaraes,1.0,0.0,2.2,3.25,3.3,2.11,1.7,,,,,,
2014-12-21,Academica,Penafiel,1.0,1.0,1.8,3.3,4.75,2.43,1.52,,,,,,
2014-12-21,Arouca,Maritimo,1.0,0.0,3.0,3.2,2.4,2.24,1.6,,,,,,
2014-12-21,Benfica,Gil Vicente,1.0,0.0,1.13,8.5,17.0,1.55,2.36,,,,,,
2014-12-21,Moreirense,Boavista,1.0,0.0,1.57,3.6,6.5,2.25,1.6,,,,,,
2014-12-21,Nacional,Sp Lisbon,0.0,1.0,5.0,3.6,1.7,2.04,1.74,,,,,,
2014-12-22,Rio Ave,Belenenses,0.0,0.0,1.85,3.3,4.5,2.23,1.61,,,,,,
2014-12-22,Sp Braga,Pacos Ferreira,3.0,0.0,1.7,3.5,5.25,2.06,1.73,,,,,,
2015-01-02,Belenenses,Academica,0.0,0.0,1.95,3.25,4.2,2.52,1.49,,,,,,
2015-01-03,Gil Vicente,Porto,1.0,5.0,15.0,6.5,1.18,1.69,2.1,,,,,,
2015-01-03,Maritimo,Sp Braga,2.0,1.0,3.5,3.3,2.1,2.05,1.74,,,,,,
2015-01-03,Pacos Ferreira,Rio Ave,1.0,2.0,2.2,3.25,3.3,2.23,1.62,,,,,,
2015-01-03,Sp Lisbon,Estoril,3.0,0.0,1.53,3.8,6.5,1.9,1.87,,,,,,
2015-01-04,Boavista,Arouca,3.0,1.0,2.6,3.25,2.7,2.38,1.55,,,,,,
2015-01-04,Guimaraes,Nacional,4.0,0.0,2.0,3.25,3.9,2.27,1.59,,,,,,
2015-01-04,Penafiel,Benfica,0.0,3.0,12.0,5.5,1.25,1.81,1.97,,,,,,
2015-01-04,Setubal,Moreirense,2.0,1.0,2.75,3.3,2.5,2.46,1.52,,,,,,
2015-01-09,Estoril,Moreirense,1.0,1.0,1.85,3.3,4.5,2.48,1.5,,,,,,
2015-01-10,Academica,Pacos Ferreira,2.0,2.0,2.9,3.3,2.38,2.32,1.56,,,,,,
2015-01-10,Benfica,Guimaraes,3.0,0.0,1.33,4.75,9.5,1.86,1.91,,,,,,
2015-01-10,Porto,Belenenses,3.0,0.0,1.18,6.5,15.0,1.59,2.26,,,,,,
2015-01-11,Arouca,Setubal,1.0,0.0,2.05,3.2,3.8,2.39,1.54,,,,,,
2015-01-11,Gil Vicente,Penafiel,2.0,1.0,2.1,3.25,3.5,2.38,1.54,,,,,,
2015-01-11,Nacional,Boavista,2.0,1.0,1.62,3.6,6.0,2.26,1.59,,,,,,
2015-01-11,Rio Ave,Maritimo,0.0,0.0,2.2,3.25,3.3,2.2,1.63,,,,,,
2015-01-11,Sp Braga,Sp Lisbon,0.0,1.0,2.8,3.2,2.5,2.08,1.71,,,,,,
2015-01-17,Guimaraes,Academica,4.0,0.0,1.62,3.6,6.0,2.25,1.6,,,,,,
2015-01-17,Penafiel,Porto,1.0,3.0,17.0,6.5,1.17,1.62,2.21,,,,,,
2015-01-18,Belenenses,Gil Vicente,2.0,0.0,1.91,3.2,4.33,2.3,1.57,,,,,,
2015-01-18,Boavista,Estoril,1.0,2.0,3.6,3.2,2.1,2.29,1.58,,,,,,
2015-01-18,Maritimo,Benfica,0.0,4.0,5.75,4.2,1.53,1.97,1.8,,,,,,
2015-01-18,Moreirense,Arouca,1.0,0.0,2.05,3.25,3.75,2.41,1.53,,,,,,
2015-01-18,Pacos Ferreira,Nacional,2.0,3.0,2.05,3.3,3.6,2.15,1.67,,,,,,
2015-01-18,Setubal,Sp Braga,1.0,3.0,4.5,3.5,1.8,2.05,1.73,,,,,,
2015-01-18,Sp Lisbon,Rio Ave,4.0,2.0,1.4,4.33,8.5,1.83,1.93,,,,,,
2015-01-24,Guimaraes,Gil Vicente,2.0,2.0,1.5,4.0,7.0,1.89,1.87,,,,,,
2015-01-25,Belenenses,Penafiel,0.0,0.0,1.75,3.6,4.75,2.18,1.64,,,,,,
2015-01-25,Boavista,Sp Braga,1.0,0.0,5.5,3.6,1.65,2.07,1.71,,,,,,
2015-01-25,Estoril,Arouca,1.0,0.0,1.6,3.75,5.75,2.26,1.59,,,,,,
2015-01-25,Maritimo,Porto,1.0,0.0,7.0,4.75,1.4,1.73,2.05,,,,,,
2015-01-25,Moreirense,Nacional,2.0,3.0,2.25,3.2,3.25,2.32,1.56,,,,,,
2015-01-25,Setubal,Rio Ave,4.0,1.0,3.1,3.25,2.3,2.28,1.58,,,,,,
2015-01-25,Sp Lisbon,Academica,1.0,0.0,1.2,6.5,13.0,1.68,2.12,,,,,,
2015-01-26,Pacos Ferreira,Benfica,1.0,0.0,7.0,4.0,1.5,1.87,1.89,,,,,,
2015-01-30,Sp Braga,Moreirense,1.0,0.0,1.57,3.75,6.0,2.08,1.72,,,,,,
2015-01-31,Benfica,Boavista,3.0,0.0,1.18,6.5,15.0,1.54,2.39,,,,,,
2015-01-31,Nacional,Belenenses,2.0,1.0,1.91,3.3,4.2,2.29,1.58,,,,,,
2015-01-31,Penafiel,Guimaraes,1.0,1.0,4.5,3.75,1.73,2.2,1.64,,,,,,
2015-02-01,Academica,Maritimo,1.0,1.0,3.0,3.1,2.45,2.45,1.51,,,,,,
2015-02-01,Arouca,Sp Lisbon,1.0,3.0,9.5,4.0,1.4,2.0,1.77,,,,,,
2015-02-01,Gil Vicente,Setubal,1.0,1.0,2.5,3.0,3.0,2.35,1.55,,,,,,
2015-02-01,Porto,Pacos Ferreira,5.0,0.0,1.2,6.0,15.0,1.58,2.28,,,,,,
2015-02-01,Rio Ave,Estoril,2.0,1.0,2.63,3.0,2.88,2.29,1.58,,,,,,
2015-02-07,Moreirense,Porto,0.0,2.0,15.0,5.5,1.22,1.95,1.82,,,,,,
2015-02-08,Arouca,Nacional,3.0,3.0,2.75,3.3,2.5,2.39,1.54,,,,,,
2015-02-08,Estoril,Sp Braga,0.0,2.0,2.8,3.25,2.5,2.27,1.59,,,,,,
2015-02-08,Guimaraes,Belenenses,0.0,1.0,1.57,3.8,6.0,2.16,1.66,,,,,,
2015-02-08,Maritimo,Gil Vicente,1.0,2.0,1.5,3.8,7.5,2.13,1.67,,,,,,
2015-02-08,Pacos Ferreira,Penafiel,2.0,1.0,1.5,4.0,7.0,2.08,1.71,,,,,,
2015-02-08,Setubal,Academica,0.0,0.0,2.1,3.25,3.6,2.37,1.54,,,,,,
2015-02-08,Sp Lisbon,Benfica,1.0,1.0,2.5,3.25,2.8,2.04,1.73,,,,,,
2015-02-09,Boavista,Rio Ave,1.0,1.0,3.25,3.2,2.25,2.32,1.56,,,,,,
2015-02-13,Porto,Guimaraes,1.0,0.0,1.2,6.0,15.0,1.73,2.06,,,,,,
2015-02-14,Belenenses,Sp Lisbon,1.0,1.0,8.0,4.0,1.44,1.92,1.85,,,,,,
2015-02-14,Gil Vicente,Pacos Ferreira,1.0,0.0,2.9,3.3,2.4,2.19,1.63,,,,,,
2015-02-15,Academica,Boavista,0.0,0.0,2.1,3.2,3.6,2.63,1.45,,,,,,
2015-02-15,Benfica,Setubal,3.0,0.0,1.17,7.0,15.0,1.52,2.41,,,,,,
2015-02-15,Penafiel,Maritimo,3.0,4.0,3.1,3.1,2.38,2.33,1.56,,,,,,
2015-02-15,Rio Ave,Moreirense,1.0,1.0,2.05,3.2,3.8,2.26,1.59,,,,,,
2015-02-15,Sp Braga,Arouca,2.0,0.0,1.36,4.33,10.0,1.99,1.78,,,,,,
2015-02-16,Nacional,Estoril,1.0,0.0,2.2,3.25,3.3,2.23,1.61,,,,,,
2015-02-20,Pacos Ferreira,Guimaraes,2.0,2.0,2.6,3.2,2.75,2.22,1.62,,,,,,
2015-02-21,Moreirense,Benfica,1.0,3.0,9.0,5.0,1.33,1.96,1.81,,,,,,
2015-02-21,Setubal,Penafiel,0.0,1.0,2.0,3.2,4.0,2.3,1.57,,,,,,
2015-02-21,Sp Braga,Nacional,3.0,1.0,1.6,3.8,5.75,1.96,1.8,,,,,,
2015-02-22,Arouca,Rio Ave,1.0,0.0,3.0,3.2,2.4,2.31,1.57,,,,,,
2015-02-22,Estoril,Academica,1.0,2.0,1.73,3.5,5.0,2.37,1.55,,,,,,
2015-02-22,Maritimo,Belenenses,1.0,2.0,1.91,3.25,4.2,2.34,1.56,,,,,,
2015-02-22,Sp Lisbon,Gil Vicente,2.0,0.0,1.17,6.5,19.0,1.62,2.22,,,,,,
2015-02-23,Boavista,Porto,0.0,2.0,11.0,6.5,1.22,1.68,2.1,,,,,,
2015-02-27,Guimaraes,Maritimo,1.0,0.0,1.75,3.75,4.33,2.16,1.67,,,,,,
2015-02-28,Benfica,Estoril,6.0,0.0,1.22,5.75,13.0,1.63,2.19,,,,,,
2015-02-28,Gil Vicente,Boavista,1.0,1.0,2.3,3.2,3.1,2.39,1.53,,,,,,
2015-02-28,Rio Ave,Sp Braga,0.0,2.0,3.75,3.3,2.0,2.32,1.57,,,,,,
2015-03-01,Academica,Arouca,1.0,1.0,2.2,3.2,3.4,2.52,1.49,,,,,,
2015-03-01,Nacional,Setubal,3.0,0.0,1.57,3.75,6.0,2.08,1.71,,,,,,
2015-03-01,Penafiel,Moreirense,1.0,2.0,2.88,3.2,2.5,2.44,1.52,,,,,,
2015-03-01,Porto,Sp Lisbon,3.0,0.0,1.67,3.75,5.0,2.02,1.76,,,,,,
2015-03-02,Belenenses,Pacos Ferreira,0.0,1.0,2.38,3.2,3.0,2.31,1.57,,,,,,
2015-03-06,Sp Braga,Porto,0.0,1.0,4.33,3.4,1.85,2.12,1.7,,,,,,
2015-03-07,Setubal,Belenenses,1.0,1.0,2.5,3.0,3.0,2.42,1.53,,,,,,
2015-03-08,Arouca,Benfica,1.0,3.0,15.0,5.5,1.22,1.88,1.88,,,,,,
2015-03-08,Boavista,Guimaraes,3.0,1.0,3.6,3.3,2.05,2.42,1.52,,,,,,
2015-03-08,Estoril,Gil Vicente,1.0,1.0,1.73,3.6,4.75,2.15,1.66,,,,,,
2015-03-08,Maritimo,Pacos Ferreira,2.0,1.0,2.3,3.2,3.2,2.1,1.69,,,,,,
2015-03-08,Moreirense,Academica,0.0,2.0,1.91,3.3,4.2,2.65,1.45,,,,,,
2015-03-09,Rio Ave,Nacional,1.0,1.0,2.3,3.2,3.2,2.24,1.61,,,,,,
2015-03-09,Sp Lisbon,Penafiel,3.0,2.0,1.17,7.5,15.0,1.63,2.19,,,,,,
2015-03-13,Pacos Ferreira,Boavista,1.0,0.0,1.73,3.5,5.0,2.2,1.64,,,,,,
2015-03-14,Belenenses,Estoril,2.0,2.0,2.63,3.1,2.75,2.4,1.54,,,,,,
2015-03-14,Benfica,Sp Braga,2.0,0.0,1.4,4.33,8.0,1.84,1.93,,,,,,
2015-03-14,Guimaraes,Setubal,0.0,1.0,1.7,3.6,5.0,2.14,1.67,,,,,,
2015-03-15,Academica,Nacional,2.0,1.0,3.0,3.2,2.38,2.4,1.53,,,,,,
2015-03-15,Gil Vicente,Moreirense,0.0,1.0,2.6,3.1,2.8,2.39,1.54,,,,,,
2015-03-15,Maritimo,Sp Lisbon,0.0,1.0,6.5,3.6,1.57,1.98,1.78,,,,,,
2015-03-15,Penafiel,Rio Ave,0.0,2.0,3.5,3.1,2.2,2.3,1.58,,,,,,
2015-03-15,Porto,Arouca,1.0,0.0,1.13,7.5,23.0,1.45,2.64,,,,,,
2015-03-20,Sp Braga,Academica,0.0,0.0,1.33,4.33,8.0,2.07,1.72,,,,,,
2015-03-21,Estoril,Penafiel,3.0,3.0,1.53,3.6,5.75,2.15,1.66,,,,,,
2015-03-21,Nacional,Porto,1.0,1.0,9.0,4.33,1.33,1.88,1.89,,,,,,
2015-03-21,Rio Ave,Benfica,2.0,1.0,8.0,4.5,1.33,1.89,1.87,,,,,,
2015-03-22,Arouca,Gil Vicente,3.0,1.0,2.15,3.1,3.25,2.38,1.54,,,,,,
2015-03-22,Boavista,Belenenses,1.0,0.0,2.4,3.1,2.8,2.47,1.51,,,,,,
2015-03-22,Moreirense,Maritimo,1.0,1.0,2.25,3.2,3.0,2.32,1.56,,,,,,
2015-03-22,Sp Lisbon,Guimaraes,4.0,1.0,1.36,4.2,8.0,1.77,1.99,,,,,,
2015-03-23,Setubal,Pacos Ferreira,0.0,0.0,2.63,3.0,2.6,2.27,1.6,,,,,,
2015-04-03,Academica,Rio Ave,0.0,0.0,2.45,3.2,2.9,2.52,1.49,,,,,,
2015-04-03,Gil Vicente,Sp Braga,0.0,2.0,5.0,3.5,1.73,2.19,1.65,,,,,,
2015-04-03,Guimaraes,Arouca,1.0,0.0,1.67,3.6,5.25,2.13,1.68,,,,,,
2015-04-04,Belenenses,Moreirense,2.0,0.0,2.15,3.0,3.75,2.55,1.48,,,,,,
2015-04-04,Benfica,Nacional,3.0,1.0,1.22,6.0,12.0,1.62,2.22,,,,,,
2015-04-04,Pacos Ferreira,Sp Lisbon,1.0,1.0,5.75,3.9,1.57,1.92,1.85,,,,,,
2015-04-04,Penafiel,Boavista,2.0,2.0,2.5,3.1,2.9,2.54,1.49,,,,,,
2015-04-06,Maritimo,Setubal,1.0,1.0,1.95,3.3,4.0,2.2,1.63,,,,,,
2015-04-06,Porto,Estoril,5.0,0.0,1.18,7.0,13.0,1.54,2.39,,,,,,
2015-04-10,Arouca,Belenenses,0.0,1.0,2.25,3.0,3.5,2.56,1.47,,,,,,
2015-04-11,Benfica,Academica,5.0,1.0,1.14,7.5,17.0,1.54,2.39,,,,,,
2015-04-11,Boavista,Maritimo,0.0,2.0,2.5,3.2,2.88,2.36,1.55,,,,,,
2015-04-11,Moreirense,Guimaraes,2.0,1.0,3.0,3.2,2.38,2.39,1.53,,,,,,
2015-04-11,Rio Ave,Porto,1.0,3.0,9.0,5.25,1.3,1.92,1.85,,,,,,
2015-04-12,Nacional,Gil Vicente,3.0,2.0,1.57,3.6,6.5,2.11,1.69,,,,,,
2015-04-12,Setubal,Sp Lisbon,1.0,2.0,7.5,4.2,1.44,1.93,1.84,,,,,,
2015-04-12,Sp Braga,Penafiel,4.0,0.0,1.22,6.0,13.0,1.79,1.99,,,,,,
2015-04-13,Estoril,Pacos Ferreira,1.0,0.0,2.25,3.2,3.25,2.16,1.67,,,,,,
2015-04-17,Guimaraes,Sp Braga,1.0,0.0,3.4,3.3,2.15,2.23,1.62,,,,,,
2015-04-18,Belenenses,Benfica,0.0,2.0,15.0,6.0,1.2,1.86,1.92,,,,,,
2015-04-18,Porto,Academica,1.0,0.0,1.08,10.0,26.0,1.5,2.51,,,,,,
2015-04-19,Gil Vicente,Rio Ave,0.0,0.0,3.0,3.0,2.5,2.21,1.63,,,,,,
2015-04-19,Pacos Ferreira,Moreirense,0.0,0.0,2.0,3.3,3.8,2.18,1.65,,,,,,
2015-04-19,Penafiel,Arouca,0.0,2.0,3.0,3.0,2.5,2.26,1.6,,,,,,
2015-04-19,Setubal,Estoril,1.0,2.0,2.7,3.1,2.7,2.3,1.58,,,,,,
2015-04-19,Sp Lisbon,Boavista,2.0,1.0,1.17,6.5,19.0,1.61,2.24,,,,,,
2015-04-20,Maritimo,Nacional,1.0,1.0,2.5,3.1,2.9,2.1,1.7,,,,,,
2015-04-24,Sp Braga,Belenenses,1.0,1.0,1.4,4.2,9.0,2.08,1.72,,,,,,
2015-04-25,Academica,Gil Vicente,1.0,2.0,2.05,3.2,3.8,2.35,1.56,,,,,,
2015-04-25,Estoril,Maritimo,1.0,1.0,2.0,3.3,3.75,2.15,1.68,,,,,,
2015-04-25,Rio Ave,Guimaraes,1.0,1.0,2.63,3.1,2.8,2.3,1.58,,,,,,
2015-04-26,Arouca,Pacos Ferreira,1.0,3.0,2.7,3.0,2.75,2.34,1.56,,,,,,
2015-04-26,Benfica,Porto,0.0,0.0,2.4,3.3,2.88,2.15,1.66,,,,,,
2015-04-26,Boavista,Setubal,0.0,0.0,2.4,3.1,3.1,2.39,1.54,,,,,,
2015-04-26,Nacional,Penafiel,2.0,0.0,1.57,3.6,6.5,1.91,1.86,,,,,,
2015-04-27,Moreirense,Sp Lisbon,1.0,4.0,7.0,3.75,1.53,2.0,1.79,,,,,,
2015-05-01,Guimaraes,Estoril,2.0,0.0,1.85,3.4,4.33,2.15,1.67,,,,,,
2015-05-02,Gil Vicente,Benfica,0.0,5.0,13.0,6.5,1.2,1.61,2.25,,,,,,
2015-05-02,Sp Lisbon,Nacional,2.0,0.0,1.33,5.0,9.0,1.69,2.12,,,,,,
2015-05-03,Boavista,Moreirense,3.0,1.0,2.5,3.1,2.9,2.47,1.5,,,,,,
2015-05-03,Maritimo,Arouca,1.0,1.0,2.05,3.2,3.75,2.27,1.59,,,,,,
2015-05-03,Penafiel,Academica,0.0,0.0,3.1,3.1,2.4,2.31,1.57,,,,,,
2015-05-03,Setubal,Porto,0.0,2.0,13.0,6.5,1.2,1.68,2.14,,,,,,
2015-05-04,Belenenses,Rio Ave,1.0,3.0,2.25,3.2,3.25,2.37,1.55,,,,,,
2015-05-04,Pacos Ferreira,Sp Braga,2.0,2.0,3.5,3.2,2.15,2.13,1.68,,,,,,
2015-05-09,Academica,Belenenses,1.0,1.0,2.5,3.0,3.0,2.45,1.52,,,,,,
2015-05-09,Benfica,Penafiel,4.0,0.0,1.05,13.0,26.0,1.35,3.08,,,,,,
2015-05-09,Rio Ave,Pacos Ferreira,0.0,0.0,2.38,3.4,2.88,2.21,1.62,,,,,,
2015-05-09,Sp Braga,Maritimo,1.0,3.0,1.44,4.33,7.0,1.88,1.89,,,,,,
2015-05-10,Arouca,Boavista,0.0,0.0,1.91,3.4,4.0,2.3,1.58,,,,,,
2015-05-10,Estoril,Sp Lisbon,1.0,1.0,5.5,3.5,1.67,1.93,1.84,,,,,,
2015-05-10,Moreirense,Setubal,3.0,1.0,2.1,3.4,3.4,2.28,1.59,,,,,,
2015-05-10,Porto,Gil Vicente,2.0,0.0,1.06,12.0,26.0,1.37,2.94,,,,,,
2015-05-11,Nacional,Guimaraes,2.0,2.0,2.3,3.4,3.0,2.01,1.76,,,,,,
2015-05-17,Belenenses,Porto,1.0,1.0,15.0,6.0,1.2,1.61,2.23,,,,,,
2015-05-17,Guimaraes,Benfica,0.0,0.0,11.0,6.0,1.25,1.6,2.26,,,,,,
2015-05-17,Maritimo,Rio Ave,4.0,0.0,2.1,3.3,3.5,2.15,1.67,,,,,,
2015-05-17,Moreirense,Estoril,1.0,1.0,2.25,3.25,3.2,2.15,1.66,,,,,,
2015-05-17,Pacos Ferreira,Academica,3.0,2.0,1.8,3.6,4.33,2.13,1.68,,,,,,
2015-05-17,Penafiel,Gil Vicente,2.0,1.0,3.1,3.25,2.3,2.11,1.69,,,,,,
2015-05-17,Setubal,Arouca,2.0,1.0,2.2,3.2,3.4,2.14,1.67,,,,,,
2015-05-17,Sp Lisbon,Sp Braga,4.0,1.0,1.73,3.6,4.75,1.91,1.87,,,,,,
2015-05-18,Boavista,Nacional,0.0,1.0,3.0,3.2,2.4,2.14,1.67,,,,,,
2015-05-22,Porto,Penafiel,2.0,0.0,1.06,11.0,26.0,1.29,3.39,,,,,,
2015-05-23,Academica,Guimaraes,2.0,4.0,3.0,3.5,2.25,2.02,1.76,,,,,,
2015-05-23,Arouca,Moreirense,1.0,2.0,2.15,3.3,3.4,2.04,1.74,,,,,,
2015-05-23,Benfica,Maritimo,4.0,1.0,1.17,7.5,13.0,1.37,2.96,,,,,,
2015-05-23,Estoril,Boavista,2.0,0.0,1.8,3.5,4.5,2.1,1.7,,,,,,
2015-05-23,Gil Vicente,Belenenses,0.0,2.0,4.33,3.6,1.8,1.93,1.84,,,,,,
2015-05-23,Nacional,Pacos Ferreira,3.0,0.0,2.2,3.25,3.3,1.78,2.0,,,,,,
2015-05-23,Rio Ave,Sp Lisbon,0.0,1.0,5.75,3.8,1.6,1.76,2.01,,,,,,
2015-05-23,Sp Braga,Setubal,5.0,0.0,1.4,4.5,7.5,1.81,1.96,,,,,,
2015-08-14,Tondela,Sp Lisbon,1.0,2.0,13.0,5.25,1.25,2.01,1.77,,,,,,
2015-08-15,Belenenses,Rio Ave,3.0,3.0,2.45,3.1,3.0,2.41,1.52,,,,,,
2015-08-15,Porto,Guimaraes,3.0,0.0,1.18,6.5,15.0,1.64,2.17,,,,,,
2015-08-16,Benfica,Estoril,4.0,0.0,1.3,5.5,9.0,1.72,2.06,,,,,,
2015-08-16,Moreirense,Arouca,0.0,2.0,2.2,3.2,3.4,2.43,1.52,,,,,,
2015-08-16,Setubal,Boavista,2.0,2.0,2.25,3.2,3.25,2.4,1.52,,,,,,
2015-08-16,Sp Braga,Nacional,2.0,1.0,1.73,3.5,5.0,2.14,1.65,,,,,,
2015-08-16,Uniao Madeira,Maritimo,2.0,1.0,2.8,3.25,2.5,2.29,1.57,,,,,,
2015-08-17,Pacos Ferreira,Academica,1.0,0.0,1.8,3.3,4.75,2.28,1.57,,,,,,
2015-08-21,Rio Ave,Sp Braga,1.0,0.0,3.25,3.2,2.25,2.21,1.63,,,,,,
2015-08-22,Maritimo,Porto,1.0,1.0,9.0,4.5,1.36,2.01,1.76,,,,,,
2015-08-22,Sp Lisbon,Pacos Ferreira,1.0,1.0,1.33,5.0,9.0,1.95,1.81,,,,,,
2015-08-23,Arouca,Benfica,1.0,0.0,10.0,4.75,1.33,1.96,1.8,,,,,,
2015-08-23,Boavista,Tondela,1.0,0.0,1.95,3.3,4.0,2.3,1.58,,,,,,
2015-08-23,Estoril,Moreirense,2.0,0.0,1.7,3.5,5.25,2.3,1.57,,,,,,
2015-08-23,Guimaraes,Belenenses,1.0,1.0,1.85,3.3,4.5,2.3,1.57,,,,,,
2015-08-23,Nacional,Uniao Madeira,1.0,0.0,1.8,3.4,4.75,2.24,1.61,,,,,,
2015-08-24,Academica,Setubal,0.0,4.0,2.15,3.3,3.4,2.57,1.47,,,,,,
2015-08-29,Benfica,Moreirense,3.0,2.0,1.2,6.0,15.0,1.73,2.06,,,,,,
2015-08-29,Porto,Estoril,2.0,0.0,1.17,6.5,17.0,1.75,2.02,,,,,,
2015-08-29,Setubal,Rio Ave,2.0,2.0,2.38,3.1,3.1,2.55,1.47,,,,,,
2015-08-30,Academica,Sp Lisbon,1.0,3.0,8.5,4.33,1.4,2.08,1.71,,,,,,
2015-08-30,Pacos Ferreira,Arouca,1.0,1.0,2.1,3.2,3.6,2.37,1.54,,,,,,
2015-08-30,Sp Braga,Boavista,4.0,0.0,1.5,3.6,8.5,2.34,1.55,,,,,,
2015-08-30,Tondela,Nacional,1.0,0.0,2.9,3.1,2.5,2.55,1.47,,,,,,
2015-08-31,Belenenses,Maritimo,1.0,1.0,2.3,3.1,3.25,2.58,1.46,,,,,,
2015-08-31,Uniao Madeira,Guimaraes,0.0,0.0,2.9,3.1,2.5,2.57,1.47,,,,,,
2015-09-11,Benfica,Belenenses,6.0,0.0,1.25,5.5,13.0,1.75,2.03,,,,,,
2015-09-12,Arouca,Porto,1.0,3.0,9.5,4.5,1.36,1.98,1.79,,,,,,
2015-09-12,Estoril,Sp Braga,1.0,0.0,3.0,3.2,2.4,2.36,1.54,,,,,,
2015-09-13,Guimaraes,Tondela,1.0,0.0,1.95,3.2,4.2,2.43,1.51,,,,,,
2015-09-13,Maritimo,Setubal,5.0,2.0,1.83,3.4,4.5,2.37,1.54,,,,,,
2015-09-13,Moreirense,Uniao Madeira,0.0,0.0,2.25,3.1,3.4,2.52,1.48,,,,,,
2015-09-13,Nacional,Academica,2.0,0.0,1.65,3.6,5.5,2.45,1.51,,,,,,
2015-09-13,Rio Ave,Sp Lisbon,1.0,2.0,7.0,4.0,1.5,2.02,1.75,,,,,,
2015-09-14,Boavista,Pacos Ferreira,0.0,1.0,2.88,3.0,2.63,2.58,1.46,,,,,,
2015-09-18,Setubal,Guimaraes,2.0,2.0,2.45,3.1,3.0,2.38,1.54,,,,,,
2015-09-19,Pacos Ferreira,Rio Ave,0.0,3.0,1.95,3.2,4.2,2.32,1.57,,,,,,
2015-09-19,Tondela,Estoril,0.0,1.0,2.8,3.1,2.6,2.51,1.49,,,,,,
2015-09-20,Academica,Boavista,0.0,2.0,2.88,3.0,2.63,2.66,1.44,,,,,,
2015-09-20,Porto,Benfica,1.0,0.0,2.0,3.2,4.0,2.24,1.61,,,,,,
2015-09-20,Uniao Madeira,Arouca,0.0,0.0,2.6,3.1,2.8,2.54,1.48,,,,,,
2015-09-21,Belenenses,Moreirense,2.0,0.0,2.1,3.25,3.5,2.59,1.46,,,,,,
2015-09-21,Sp Braga,Maritimo,5.0,1.0,1.75,3.5,4.75,2.2,1.64,,,,,,
2015-09-21,Sp Lisbon,Nacional,1.0,0.0,1.29,5.0,12.0,1.71,2.09,,,,,,
2015-09-25,Moreirense,Porto,2.0,2.0,15.0,5.5,1.22,1.85,1.92,,,,,,
2015-09-26,Benfica,Pacos Ferreira,3.0,0.0,1.25,5.5,13.0,1.75,2.04,,,,,,
2015-09-26,Boavista,Sp Lisbon,0.0,0.0,9.5,5.0,1.33,1.95,1.83,,,,,,
2015-09-27,Arouca,Belenenses,2.0,2.0,2.4,3.0,3.2,2.61,1.46,,,,,,
2015-09-27,Estoril,Uniao Madeira,2.0,1.0,1.73,3.4,5.25,2.5,1.49,,,,,,
2015-09-27,Guimaraes,Sp Braga,0.0,1.0,3.5,3.0,2.25,2.34,1.56,,,,,,
2015-09-27,Maritimo,Tondela,1.0,0.0,1.73,3.6,4.75,2.29,1.58,,,,,,
2015-09-27,Nacional,Setubal,1.0,1.0,1.91,3.4,4.0,2.11,1.7,,,,,,
2015-09-28,Rio Ave,Academica,1.0,0.0,1.62,3.6,6.0,2.37,1.54,,,,,,
2015-10-02,Setubal,Estoril,1.0,0.0,2.5,3.2,2.88,2.29,1.59,,,,,,
2015-10-03,Academica,Maritimo,1.0,0.0,4.0,3.1,2.05,2.38,1.54,,,,,,
2015-10-03,Pacos Ferreira,Nacional,3.0,1.0,2.2,3.5,3.1,2.28,1.58,,,,,,
2015-10-03,Rio Ave,Boavista,1.0,0.0,2.05,3.3,3.6,2.51,1.49,,,,,,
2015-10-03,Tondela,Moreirense,1.0,1.0,2.38,3.1,3.1,2.63,1.45,,,,,,
2015-10-04,Porto,Belenenses,4.0,0.0,1.14,7.0,21.0,1.67,2.14,,,,,,
2015-10-04,Sp Braga,Arouca,0.0,0.0,1.53,4.0,6.0,2.13,1.68,,,,,,
2015-10-04,Sp Lisbon,Guimaraes,5.0,1.0,1.29,5.5,10.0,1.66,2.15,,,,,,
2015-10-23,Nacional,Boavista,0.0,0.0,1.91,3.25,4.33,2.5,1.49,,,,,,
2015-10-24,Estoril,Rio Ave,2.0,2.0,2.2,3.1,3.5,2.33,1.55,,,,,,
2015-10-24,Guimaraes,Academica,1.0,1.0,1.7,3.6,5.0,2.31,1.56,,,,,,
2015-10-24,Maritimo,Pacos Ferreira,0.0,2.0,1.91,3.4,4.0,2.04,1.74,,,,,,
2015-10-25,Arouca,Tondela,1.0,1.0,1.85,3.2,4.75,2.52,1.49,,,,,,
2015-10-25,Benfica,Sp Lisbon,0.0,3.0,2.2,3.2,3.4,2.24,1.61,,,,,,
2015-10-25,Moreirense,Setubal,0.0,2.0,2.3,3.2,3.2,2.42,1.52,,,,,,
2015-10-25,Porto,Sp Braga,0.0,0.0,1.33,4.75,9.5,1.86,1.91,,,,,,
2015-10-26,Belenenses,Uniao Madeira,1.0,0.0,1.83,3.4,4.5,2.49,1.5,,,,,,
2015-10-30,Tondela,Benfica,0.0,4.0,13.0,5.25,1.25,1.87,1.9,,,,,,
2015-10-31,Sp Braga,Belenenses,4.0,0.0,1.5,4.0,6.5,2.11,1.69,,,,,,
2015-10-31,Sp Lisbon,Estoril,1.0,0.0,1.2,6.0,15.0,1.67,2.14,,,,,,
2015-11-01,Academica,Moreirense,1.0,1.0,2.35,3.0,3.25,2.75,1.41,,,,,,
2015-11-01,Boavista,Maritimo,0.0,1.0,2.7,3.2,2.6,2.55,1.47,,,,,,
2015-11-01,Rio Ave,Nacional,1.0,0.0,2.3,3.1,3.3,2.23,1.61,,,,,,
2015-11-01,Setubal,Arouca,0.0,0.0,2.1,3.1,3.75,2.39,1.53,,,,,,
2015-11-02,Pacos Ferreira,Guimaraes,0.0,1.0,2.15,3.2,3.5,2.34,1.55,,,,,,
2015-11-06,Estoril,Academica,1.0,1.0,1.75,3.4,5.0,2.26,1.61,,,,,,
2015-11-07,Guimaraes,Nacional,0.0,1.0,2.1,3.25,3.5,2.23,1.62,,,,,,
2015-11-08,Arouca,Sp Lisbon,0.0,1.0,9.0,4.5,1.36,1.87,1.9,,,,,,
2015-11-08,Benfica,Boavista,2.0,0.0,1.14,7.5,19.0,1.66,2.14,,,,,,
2015-11-08,Maritimo,Rio Ave,3.0,2.0,2.1,3.1,3.8,2.16,1.66,,,,,,
2015-11-08,Moreirense,Pacos Ferreira,2.0,0.0,2.63,3.1,2.75,2.38,1.54,,,,,,
2015-11-08,Porto,Setubal,2.0,0.0,1.18,7.0,13.0,1.56,2.34,,,,,,
2015-11-09,Belenenses,Tondela,2.0,1.0,1.75,3.5,4.75,2.38,1.54,,,,,,
2015-11-09,Uniao Madeira,Sp Braga,0.0,1.0,4.0,3.4,1.91,2.17,1.66,,,,,,
2015-11-27,Nacional,Maritimo,3.0,1.0,2.38,3.1,3.1,2.24,1.62,,,,,,
2015-11-28,Boavista,Guimaraes,1.0,2.0,2.5,3.0,3.0,2.68,1.44,,,,,,
2015-11-28,Setubal,Uniao Madeira,2.0,2.0,1.91,3.2,4.33,2.38,1.54,,,,,,
2015-11-28,Tondela,Porto,0.0,1.0,19.0,6.5,1.17,1.75,2.03,,,,,,
2015-11-29,Academica,Arouca,1.0,1.0,2.5,3.0,3.0,2.67,1.44,,,,,,
2015-11-29,Pacos Ferreira,Estoril,2.0,0.0,2.1,3.1,3.8,2.34,1.55,,,,,,
2015-11-29,Rio Ave,Moreirense,0.0,1.0,1.83,3.4,4.5,2.5,1.5,,,,,,
2015-11-30,Sp Braga,Benfica,0.0,2.0,3.0,3.25,2.38,2.14,1.66,,,,,,
2015-11-30,Sp Lisbon,Belenenses,1.0,0.0,1.17,7.5,13.0,1.61,2.25,,,,,,
2015-12-02,Uniao Madeira,Porto,0.0,4.0,11.0,5.0,1.29,1.89,1.88,,,,,,
2015-12-04,Benfica,Academica,3.0,0.0,1.17,6.5,19.0,1.79,1.96,,,,,,
2015-12-05,Belenenses,Setubal,0.0,3.0,2.3,3.0,3.4,2.3,1.56,,,,,,
2015-12-05,Maritimo,Sp Lisbon,0.0,1.0,7.5,3.8,1.5,1.88,1.88,,,,,,
2015-12-05,Porto,Pacos Ferreira,2.0,1.0,1.18,6.5,15.0,1.59,2.27,,,,,,
2015-12-06,Arouca,Boavista,3.0,2.0,2.15,3.0,3.75,2.71,1.43,,,,,,
2015-12-06,Estoril,Nacional,1.0,1.0,2.38,3.1,3.1,2.29,1.58,,,,,,
2015-12-06,Moreirense,Sp Braga,0.0,0.0,5.75,3.3,1.7,2.24,1.61,,,,,,
2015-12-06,Uniao Madeira,Tondela,2.0,0.0,2.1,3.0,4.0,2.38,1.54,,,,,,
2015-12-07,Guimaraes,Rio Ave,3.0,1.0,2.3,3.1,3.3,2.38,1.54,,,,,,
2015-12-11,Boavista,Estoril,1.0,1.0,2.6,2.9,3.0,2.67,1.44,,,,,,
2015-12-12,Guimaraes,Maritimo,3.0,4.0,2.4,3.0,3.2,2.26,1.6,,,,,,
2015-12-12,Pacos Ferreira,Uniao Madeira,6.0,0.0,1.8,3.2,5.0,2.38,1.54,,,,,,
2015-12-12,Rio Ave,Arouca,3.0,1.0,2.0,3.1,4.2,2.36,1.55,,,,,,
2015-12-12,Setubal,Benfica,2.0,4.0,7.0,4.33,1.44,1.95,1.83,,,,,,
2015-12-13,Sp Lisbon,Moreirense,3.0,1.0,1.17,7.0,15.0,1.58,2.29,,,,,,
2015-12-13,Tondela,Sp Braga,0.0,1.0,7.0,3.75,1.53,2.16,1.66,,,,,,
2015-12-14,Academica,Belenenses,4.0,3.0,2.5,3.0,3.0,2.65,1.45,,,,,,
2015-12-14,Nacional,Porto,1.0,2.0,7.5,4.5,1.4,1.91,1.86,,,,,,
2015-12-15,Uniao Madeira,Benfica,0.0,0.0,10.0,4.75,1.33,1.8,1.97,,,,,,
2015-12-19,Arouca,Maritimo,4.0,1.0,2.5,3.2,2.88,2.3,1.57,,,,,,
2015-12-19,Estoril,Guimaraes,0.0,1.0,2.2,3.1,3.5,2.29,1.58,,,,,,
2015-12-20,Benfica,Rio Ave,3.0,1.0,1.29,4.5,15.0,1.83,1.94,,,,,,
2015-12-20,Moreirense,Nacional,2.0,0.0,2.5,3.25,2.8,2.35,1.55,,,,,,
2015-12-20,Porto,Academica,3.0,1.0,1.14,7.0,21.0,1.63,2.22,,,,,,
2015-12-20,Tondela,Setubal,1.0,3.0,2.8,3.25,2.5,2.36,1.55,,,,,,
2015-12-20,Uniao Madeira,Sp Lisbon,1.0,0.0,9.0,5.0,1.33,1.91,1.86,,,,,,
2015-12-21,Belenenses,Boavista,1.0,0.0,2.2,3.1,3.5,2.59,1.46,,,,,,
2015-12-21,Sp Braga,Pacos Ferreira,1.0,1.0,1.62,3.4,6.5,2.14,1.67,,,,,,
2016-01-02,Academica,Uniao Madeira,3.0,1.0,2.38,3.0,3.2,2.6,1.46,,,,,,
2016-01-02,Boavista,Moreirense,0.0,3.0,2.5,3.0,3.0,2.82,1.4,,,,,,
2016-01-02,Guimaraes,Benfica,0.0,1.0,6.5,3.8,1.53,1.98,1.79,,,,,,
2016-01-02,Maritimo,Estoril,1.0,1.0,1.91,3.3,4.2,2.15,1.67,,,,,,
2016-01-02,Nacional,Arouca,2.0,2.0,2.05,3.1,4.0,2.38,1.54,,,,,,
2016-01-02,Pacos Ferreira,Belenenses,2.0,2.0,1.85,3.5,4.2,2.23,1.62,,,,,,
2016-01-02,Setubal,Sp Braga,1.0,1.0,4.0,3.4,1.91,2.13,1.69,,,,,,
2016-01-02,Sp Lisbon,Porto,2.0,0.0,2.4,3.2,3.0,2.29,1.58,,,,,,
2016-01-03,Rio Ave,Tondela,2.0,3.0,1.57,3.5,7.0,2.1,1.7,,,,,,
2016-01-06,Arouca,Estoril,1.0,0.0,2.38,3.1,3.1,2.5,1.5,,,,,,
2016-01-06,Belenenses,Nacional,2.0,2.0,2.45,3.1,3.0,2.34,1.56,,,,,,
2016-01-06,Benfica,Maritimo,6.0,0.0,1.33,5.0,9.0,1.7,2.09,,,,,,
2016-01-06,Moreirense,Guimaraes,3.0,4.0,2.63,3.1,2.75,2.52,1.49,,,,,,
2016-01-06,Porto,Rio Ave,1.0,1.0,1.18,6.5,15.0,1.67,2.14,,,,,,
2016-01-06,Setubal,Sp Lisbon,0.0,6.0,8.5,4.33,1.4,1.86,1.91,,,,,,
2016-01-06,Sp Braga,Academica,3.0,0.0,1.3,5.0,11.0,1.94,1.83,,,,,,
2016-01-06,Tondela,Pacos Ferreira,0.0,2.0,3.5,3.1,2.2,2.29,1.58,,,,,,
2016-01-06,Uniao Madeira,Boavista,1.0,0.0,2.25,3.0,3.5,2.74,1.42,,,,,,
2016-01-09,Guimaraes,Arouca,2.0,2.0,2.0,3.3,3.8,2.34,1.56,,,,,,
2016-01-10,Academica,Tondela,2.0,1.0,2.0,3.1,4.2,2.51,1.49,,,,,,
2016-01-10,Boavista,Porto,0.0,5.0,15.0,5.25,1.25,1.98,1.8,,,,,,
2016-01-10,Estoril,Belenenses,2.0,0.0,2.1,3.1,3.75,2.51,1.49,,,,,,
2016-01-10,Maritimo,Moreirense,5.0,1.0,2.0,3.2,4.0,2.26,1.6,,,,,,
2016-01-10,Rio Ave,Uniao Madeira,1.0,0.0,1.75,3.5,4.75,2.24,1.61,,,,,,
2016-01-10,Sp Lisbon,Sp Braga,3.0,2.0,1.57,3.8,6.0,1.99,1.78,,,,,,
2016-01-11,Nacional,Benfica,1.0,4.0,5.0,4.0,1.62,1.93,1.84,,,,,,
2016-01-11,Pacos Ferreira,Setubal,2.0,1.0,1.85,3.3,4.5,2.14,1.68,,,,,,
2016-01-15,Sp Lisbon,Tondela,2.0,2.0,1.08,10.0,23.0,1.41,2.76,,,,,,
2016-01-16,Academica,Pacos Ferreira,1.0,1.0,3.0,3.2,2.38,2.27,1.59,,,,,,
2016-01-16,Estoril,Benfica,1.0,2.0,8.0,4.0,1.45,2.01,1.76,,,,,,
2016-01-16,Maritimo,Uniao Madeira,0.0,1.0,1.67,3.75,5.0,1.96,1.81,,,,,,
2016-01-17,Arouca,Moreirense,1.0,2.0,2.05,3.2,3.8,2.29,1.58,,,,,,
2016-01-17,Guimaraes,Porto,1.0,0.0,8.5,4.33,1.4,1.9,1.87,,,,,,
2016-01-17,Nacional,Sp Braga,2.0,3.0,4.0,3.4,1.91,2.14,1.67,,,,,,
2016-01-17,Rio Ave,Belenenses,1.0,2.0,1.8,3.5,4.5,2.15,1.67,,,,,,
2016-01-18,Boavista,Setubal,4.0,0.0,2.7,3.0,2.8,2.43,1.52,,,,,,
2016-01-22,Setubal,Academica,2.0,1.0,2.25,3.0,3.5,2.21,1.63,,,,,,
2016-01-23,Benfica,Arouca,3.0,1.0,1.17,6.5,19.0,1.62,2.22,,,,,,
2016-01-23,Moreirense,Estoril,1.0,3.0,2.38,3.0,3.2,2.26,1.59,,,,,,
2016-01-23,Pacos Ferreira,Sp Lisbon,1.0,3.0,8.5,4.0,1.44,1.91,1.85,,,,,,
2016-01-23,Uniao Madeira,Nacional,3.0,0.0,3.1,3.1,2.38,2.29,1.57,,,,,,
2016-01-24,Belenenses,Guimaraes,3.0,3.0,2.6,3.0,2.9,2.22,1.62,,,,,,
2016-01-24,Porto,Maritimo,1.0,0.0,1.17,6.5,17.0,1.58,2.28,,,,,,
2016-01-24,Sp Braga,Rio Ave,5.0,1.0,1.53,3.9,6.25,1.88,1.89,,,,,,
2016-01-25,Tondela,Boavista,1.0,2.0,2.5,3.0,3.0,2.59,1.46,,,,,,
2016-01-29,Guimaraes,Uniao Madeira,3.0,1.0,1.62,3.75,5.75,2.07,1.72,,,,,,
2016-01-30,Estoril,Porto,1.0,3.0,9.0,5.0,1.33,1.99,1.79,,,,,,
2016-01-30,Sp Lisbon,Academica,3.0,2.0,1.17,7.0,15.0,1.52,2.42,,,,,,
2016-01-31,Arouca,Pacos Ferreira,2.0,2.0,2.5,3.1,2.9,2.25,1.6,,,,,,
2016-01-31,Boavista,Sp Braga,0.0,0.0,6.0,3.6,1.6,2.19,1.64,,,,,,
2016-01-31,Moreirense,Benfica,1.0,4.0,11.0,5.0,1.29,1.77,2.0,,,,,,
2016-01-31,Nacional,Tondela,3.0,1.0,1.62,3.5,6.25,1.97,1.8,,,,,,
2016-01-31,Rio Ave,Setubal,2.0,1.0,1.83,3.25,4.75,1.96,1.8,,,,,,
2016-02-01,Maritimo,Belenenses,1.0,2.0,1.85,3.4,4.33,2.02,1.76,,,,,,
2016-02-05,Belenenses,Benfica,0.0,5.0,11.0,4.75,1.3,1.62,2.23,,,,,,
2016-02-06,Setubal,Maritimo,1.0,1.0,2.75,3.25,2.55,1.96,1.81,,,,,,
2016-02-06,Tondela,Guimaraes,1.0,1.0,3.8,3.2,2.05,2.11,1.69,,,,,,
2016-02-07,Academica,Nacional,2.0,2.0,2.8,3.2,2.55,2.23,1.62,,,,,,
2016-02-07,Pacos Ferreira,Boavista,0.0,1.0,2.0,3.1,4.2,2.39,1.53,,,,,,
2016-02-07,Porto,Arouca,1.0,2.0,1.17,6.5,19.0,1.54,2.38,,,,,,
2016-02-07,Uniao Madeira,Moreirense,0.0,1.0,2.3,3.3,3.1,2.3,1.57,,,,,,
2016-02-08,Sp Braga,Estoril,2.0,0.0,1.5,4.0,7.0,1.88,1.87,,,,,,
2016-02-08,Sp Lisbon,Rio Ave,0.0,0.0,1.22,5.5,15.0,1.54,2.37,,,,,,
2016-02-12,Benfica,Porto,1.0,2.0,2.15,3.1,3.5,2.25,1.62,,,,,,
2016-02-13,Guimaraes,Setubal,2.0,2.0,1.8,3.3,4.75,2.1,1.7,,,,,,
2016-02-13,Moreirense,Belenenses,2.0,3.0,2.3,3.1,3.3,2.13,1.68,,,,,,
2016-02-13,Nacional,Sp Lisbon,0.0,4.0,7.0,4.33,1.44,1.8,1.97,,,,,,
2016-02-14,Arouca,Uniao Madeira,3.0,0.0,1.75,3.5,4.75,2.26,1.6,,,,,,
2016-02-14,Boavista,Academica,0.0,0.0,2.05,3.1,4.0,2.39,1.53,,,,,,
2016-02-14,Estoril,Tondela,2.0,1.0,1.85,3.4,4.33,2.24,1.62,,,,,,
2016-02-14,Maritimo,Sp Braga,1.0,3.0,4.5,3.4,1.83,1.99,1.79,,,,,,
2016-02-15,Rio Ave,Pacos Ferreira,1.0,1.0,1.95,3.2,4.2,2.12,1.68,,,,,,
2016-02-19,Uniao Madeira,Estoril,1.0,1.0,2.6,3.0,2.9,2.49,1.5,,,,,,
2016-02-20,Academica,Rio Ave,0.0,2.0,2.88,3.0,2.63,2.19,1.64,,,,,,
2016-02-20,Pacos Ferreira,Benfica,1.0,3.0,9.0,5.0,1.33,1.76,2.02,,,,,,
2016-02-21,Belenenses,Arouca,0.0,2.0,2.38,3.1,3.1,2.18,1.65,,,,,,
2016-02-21,Porto,Moreirense,3.0,2.0,1.2,6.5,13.0,1.67,2.13,,,,,,
2016-02-21,Setubal,Nacional,1.0,1.0,2.9,3.1,2.5,2.09,1.71,,,,,,
2016-02-21,Sp Braga,Guimaraes,3.0,3.0,1.55,3.6,7.0,1.92,1.85,,,,,,
2016-02-21,Tondela,Maritimo,3.0,4.0,2.9,3.1,2.5,2.19,1.64,,,,,,
2016-02-22,Sp Lisbon,Boavista,2.0,0.0,1.22,6.0,13.0,1.78,2.0,,,,,,
2016-02-26,Nacional,Pacos Ferreira,3.0,0.0,2.0,3.3,3.75,2.09,1.7,,,,,,
2016-02-27,Arouca,Sp Braga,0.0,0.0,4.0,3.1,2.05,2.11,1.68,,,,,,
2016-02-27,Boavista,Rio Ave,1.0,2.0,2.9,3.0,2.6,2.49,1.5,,,,,,
2016-02-27,Estoril,Setubal,3.0,0.0,2.1,3.2,3.6,2.15,1.66,,,,,,
2016-02-28,Belenenses,Porto,1.0,2.0,11.0,4.5,1.33,1.79,1.99,,,,,,
2016-02-28,Maritimo,Academica,1.0,0.0,1.83,3.5,4.33,2.04,1.74,,,,,,
2016-02-28,Moreirense,Tondela,1.0,2.0,1.8,3.5,4.5,2.01,1.76,,,,,,
2016-02-29,Benfica,Uniao Madeira,2.0,0.0,1.13,8.0,21.0,1.44,,,,,,,
2016-02-29,Guimaraes,Sp Lisbon,0.0,0.0,6.5,3.6,1.57,1.91,1.84,,,,,,
2016-03-04,Pacos Ferreira,Maritimo,2.0,2.0,2.45,3.25,2.9,2.11,1.7,,,,,,
2016-03-05,Sp Lisbon,Benfica,0.0,1.0,2.4,3.1,3.1,2.18,1.64,,,,,,
2016-03-06,Academica,Guimaraes,2.0,0.0,3.1,3.2,2.3,2.08,1.7,,,,,,
2016-03-06,Boavista,Nacional,0.0,1.0,2.6,3.1,2.8,2.36,1.55,,,,,,
2016-03-06,Setubal,Moreirense,0.0,1.0,2.38,3.2,3.0,2.06,1.72,,,,,,
2016-03-06,Sp Braga,Porto,3.0,1.0,4.0,3.5,1.91,2.1,1.69,,,,,,
2016-03-06,Tondela,Arouca,0.0,1.0,3.1,3.0,2.45,2.19,1.64,,,,,,
2016-03-06,Uniao Madeira,Belenenses,0.0,0.0,2.9,3.1,2.5,2.22,1.62,,,,,,
2016-03-07,Rio Ave,Estoril,1.0,3.0,2.0,3.3,3.8,2.18,1.64,,,,,,
2016-03-11,Maritimo,Boavista,0.0,3.0,1.91,3.3,4.2,2.45,1.51,,,,,,
2016-03-12,Estoril,Sp Lisbon,1.0,2.0,9.0,4.2,1.4,1.94,1.83,,,,,,
2016-03-12,Porto,Uniao Madeira,3.0,2.0,1.17,7.0,15.0,1.52,2.41,,,,,,
2016-03-13,Arouca,Setubal,1.0,0.0,1.91,3.2,4.33,2.13,1.68,,,,,,
2016-03-13,Belenenses,Sp Braga,3.0,0.0,3.6,3.2,2.1,2.03,1.75,,,,,,
2016-03-13,Guimaraes,Pacos Ferreira,0.0,1.0,2.0,3.2,4.0,2.13,1.67,,,,,,
2016-03-13,Moreirense,Academica,2.0,2.0,2.1,3.25,3.5,2.14,1.68,,,,,,
2016-03-13,Nacional,Rio Ave,1.0,0.0,2.25,3.2,3.3,2.1,1.69,,,,,,
2016-03-14,Benfica,Tondela,4.0,1.0,1.11,8.0,26.0,1.43,2.66,,,,,,
2016-03-18,Rio Ave,Maritimo,1.0,0.0,1.83,3.6,4.2,2.02,1.75,,,,,,
2016-03-19,Setubal,Porto,0.0,1.0,9.0,5.0,1.33,1.7,2.09,,,,,,
2016-03-19,Sp Lisbon,Arouca,5.0,1.0,1.2,6.0,15.0,1.67,2.13,,,,,,
2016-03-20,Academica,Estoril,0.0,3.0,2.38,3.2,3.0,2.23,1.61,,,,,,
2016-03-20,Boavista,Benfica,0.0,1.0,13.0,5.25,1.25,1.86,1.9,,,,,,
2016-03-20,Nacional,Guimaraes,3.0,2.0,2.3,3.1,3.25,2.1,1.7,,,,,,
2016-03-20,Pacos Ferreira,Moreirense,0.0,0.0,2.0,3.3,3.8,2.14,1.68,,,,,,
2016-03-20,Sp Braga,Uniao Madeira,2.0,0.0,1.33,5.0,9.0,1.79,1.98,,,,,,
2016-03-20,Tondela,Belenenses,2.0,2.0,3.1,3.1,2.4,2.14,1.66,,,,,,
2016-04-01,Benfica,Sp Braga,5.0,1.0,1.53,3.75,7.0,1.91,1.85,,,,,,
2016-04-02,Arouca,Academica,3.0,2.0,2.1,3.25,3.6,2.23,1.61,,,,,,
2016-04-02,Guimaraes,Boavista,1.0,1.0,2.05,3.1,4.0,2.41,1.52,,,,,,
2016-04-02,Maritimo,Nacional,2.0,0.0,2.38,3.2,3.0,1.96,1.81,,,,,,
2016-04-03,Estoril,Pacos Ferreira,1.0,0.0,2.2,3.2,3.4,2.18,1.63,,,,,,
2016-04-03,Moreirense,Rio Ave,0.0,1.0,2.8,3.3,2.45,2.1,1.7,,,,,,
2016-04-03,Uniao Madeira,Setubal,2.0,2.0,2.25,3.1,3.4,2.28,1.58,,,,,,
2016-04-04,Belenenses,Sp Lisbon,2.0,5.0,9.0,5.0,1.33,1.79,1.97,,,,,,
2016-04-04,Porto,Tondela,0.0,1.0,1.1,9.0,23.0,1.41,2.72,,,,,,
2016-04-08,Boavista,Arouca,0.0,0.0,2.38,3.0,3.25,2.59,1.46,,,,,,
2016-04-09,Academica,Benfica,1.0,2.0,12.0,4.75,1.3,1.8,1.97,,,,,,
2016-04-09,Sp Lisbon,Maritimo,3.0,1.0,1.2,6.0,15.0,1.51,2.46,,,,,,
2016-04-10,Nacional,Estoril,4.0,1.0,2.15,3.1,3.6,2.12,1.68,,,,,,
2016-04-10,Pacos Ferreira,Porto,1.0,0.0,8.5,4.33,1.4,1.87,1.88,,,,,,
2016-04-10,Setubal,Belenenses,0.0,1.0,2.38,3.25,3.0,1.93,1.82,,,,,,
2016-04-10,Sp Braga,Moreirense,1.0,1.0,1.44,4.0,8.0,1.8,1.96,,,,,,
2016-04-10,Tondela,Uniao Madeira,1.0,0.0,2.3,3.1,3.2,2.21,1.62,,,,,,
2016-04-11,Rio Ave,Guimaraes,2.0,0.0,2.0,3.2,4.0,2.12,1.68,,,,,,
2016-04-16,Arouca,Rio Ave,0.0,0.0,2.6,3.2,2.7,2.18,1.63,,,,,,
2016-04-16,Estoril,Boavista,1.0,0.0,2.25,3.1,3.4,2.49,1.49,,,,,,
2016-04-16,Moreirense,Sp Lisbon,0.0,1.0,13.0,5.25,1.25,1.68,2.12,,,,,,
2016-04-17,Belenenses,Academica,1.0,1.0,2.2,3.2,3.4,2.05,1.73,,,,,,
2016-04-17,Maritimo,Guimaraes,3.0,0.0,2.38,3.2,3.0,2.0,1.77,,,,,,
2016-04-17,Porto,Nacional,4.0,0.0,1.29,5.5,10.0,1.66,2.11,,,,,,
2016-04-17,Uniao Madeira,Pacos Ferreira,3.0,4.0,2.6,3.1,2.8,2.28,1.57,,,,,,
2016-04-18,Benfica,Setubal,2.0,1.0,1.14,7.5,17.0,1.39,2.85,,,,,,
2016-04-18,Sp Braga,Tondela,3.0,0.0,1.36,4.75,8.0,1.69,2.1,,,,,,
2016-04-22,Boavista,Belenenses,1.0,0.0,1.95,3.1,4.33,2.29,1.57,,,,,,
2016-04-23,Academica,Porto,1.0,2.0,9.0,4.5,1.36,1.76,2.0,,,,,,
2016-04-23,Pacos Ferreira,Sp Braga,1.0,0.0,3.8,3.3,2.0,2.02,1.74,,,,,,
2016-04-23,Sp Lisbon,Uniao Madeira,2.0,0.0,1.13,8.0,21.0,1.38,2.85,,,,,,
2016-04-24,Guimaraes,Estoril,1.0,1.0,2.4,3.1,3.1,2.09,1.7,,,,,,
2016-04-24,Maritimo,Arouca,1.0,2.0,2.2,3.2,3.4,2.09,1.7,,,,,,
2016-04-24,Nacional,Moreirense,0.0,1.0,2.0,3.4,3.75,2.03,1.73,,,,,,
2016-04-24,Rio Ave,Benfica,0.0,1.0,8.0,4.5,1.4,1.78,1.98,,,,,,
2016-04-24,Setubal,Tondela,0.0,1.0,2.05,3.4,3.6,2.02,1.75,,,,,,
2016-04-29,Benfica,Guimaraes,1.0,0.0,1.11,9.0,19.0,1.45,2.59,,,,,,
2016-04-29,Sp Braga,Setubal,3.0,2.0,1.44,4.33,7.0,1.76,2.01,,,,,,
2016-04-30,Belenenses,Pacos Ferreira,0.0,2.0,2.6,3.0,2.88,1.97,1.79,,,,,,
2016-04-30,Porto,Sp Lisbon,1.0,3.0,3.25,3.1,2.3,2.1,1.7,,,,,,
2016-04-30,Tondela,Rio Ave,1.0,1.0,3.1,3.1,2.4,2.1,1.69,,,,,,
2016-05-01,Arouca,Nacional,3.0,0.0,1.85,3.4,4.33,2.04,1.73,,,,,,
2016-05-01,Estoril,Maritimo,2.0,1.0,2.05,3.4,3.6,1.92,1.84,,,,,,
2016-05-01,Moreirense,Boavista,1.0,1.0,2.63,3.0,2.88,2.39,1.53,,,,,,
2016-05-01,Uniao Madeira,Academica,3.0,1.0,2.5,3.2,2.8,2.07,1.72,,,,,,
2016-05-06,Pacos Ferreira,Tondela,1.0,4.0,1.7,3.6,5.0,1.84,1.93,,,,,,
2016-05-07,Academica,Sp Braga,0.0,0.0,3.75,3.4,2.0,1.89,1.86,,,,,,
2016-05-07,Rio Ave,Porto,1.0,3.0,4.2,3.5,1.85,1.92,1.83,,,,,,
2016-05-07,Sp Lisbon,Setubal,5.0,0.0,1.1,9.0,23.0,1.36,2.98,,,,,,
2016-05-08,Boavista,Uniao Madeira,1.0,0.0,2.2,3.1,3.5,2.37,1.54,,,,,,
2016-05-08,Guimaraes,Moreirense,4.0,1.0,2.0,3.3,3.8,1.96,1.8,,,,,,
2016-05-08,Maritimo,Benfica,0.0,2.0,9.0,5.0,1.33,1.61,2.23,,,,,,
2016-05-08,Nacional,Belenenses,2.0,2.0,2.15,3.25,3.4,1.77,1.99,,,,,,
2016-05-09,Estoril,Arouca,1.0,1.0,2.25,3.2,3.3,2.12,1.67,,,,,,
2016-05-14,Arouca,Guimaraes,2.0,2.0,2.38,3.5,2.8,1.81,1.95,,,,,,
2016-05-14,Belenenses,Estoril,2.0,1.0,3.1,3.5,2.2,1.78,1.98,,,,,,
2016-05-14,Porto,Boavista,4.0,0.0,1.29,5.5,9.5,1.7,2.08,,,,,,
2016-05-14,Setubal,Pacos Ferreira,0.0,0.0,2.3,3.5,2.9,1.84,1.91,,,,,,
2016-05-14,Tondela,Academica,2.0,0.0,1.57,4.0,5.75,1.8,1.96,,,,,,
2016-05-14,Uniao Madeira,Rio Ave,1.0,2.0,2.45,3.1,3.0,2.0,1.76,,,,,,
2016-05-15,Benfica,Nacional,4.0,1.0,1.1,9.0,21.0,1.36,2.98,,,,,,
2016-05-15,Moreirense,Maritimo,2.0,1.0,2.05,3.5,3.5,1.73,2.04,,,,,,
2016-05-15,Sp Braga,Sp Lisbon,0.0,4.0,7.0,4.33,1.44,1.63,2.2,,,,,,
2016-08-12,Rio Ave,Porto,1.0,3.0,5.75,3.75,1.6,2.14,1.68,,,,,,
2016-08-13,Moreirense,Pacos Ferreira,1.0,1.0,2.6,3.0,2.9,2.46,1.51,,,,,,
2016-08-13,Sp Lisbon,Maritimo,2.0,0.0,1.22,5.75,13.0,1.6,2.24,,,,,,
2016-08-13,Tondela,Benfica,0.0,2.0,10.0,5.0,1.3,1.74,2.04,,,,,,
2016-08-14,Boavista,Arouca,2.0,0.0,2.9,3.0,2.6,2.75,1.42,,,,,,
2016-08-14,Guimaraes,Sp Braga,0.0,1.0,3.4,3.2,2.2,2.13,1.67,,,,,,
2016-08-14,Setubal,Belenenses,2.0,0.0,2.0,3.0,3.8,2.38,1.53,,,,,,
2016-08-15,Estoril,Feirense,0.0,2.0,2.05,3.1,4.0,2.49,1.49,,,,,,
2016-08-19,Belenenses,Boavista,0.0,0.0,2.5,3.0,3.1,2.63,2.4,,,,,,
2016-08-20,Chaves,Tondela,1.0,1.0,2.1,3.1,3.8,2.61,1.46,,,,,,
2016-08-20,Maritimo,Guimaraes,0.0,2.0,2.5,3.1,2.9,2.32,1.56,,,,,,
2016-08-20,Pacos Ferreira,Sp Lisbon,0.0,1.0,9.0,4.2,1.4,1.83,1.92,,,,,,
2016-08-20,Porto,Estoril,1.0,0.0,1.29,5.5,9.5,1.77,2.0,,,,,,
2016-08-21,Arouca,Nacional,2.0,0.0,2.05,3.2,3.8,2.47,1.5,,,,,,
2016-08-21,Benfica,Setubal,1.0,1.0,1.17,7.0,15.0,1.6,2.25,,,,,,
2016-08-21,Feirense,Moreirense,0.0,3.0,2.3,3.0,3.4,2.55,1.48,,,,,,
2016-08-22,Sp Braga,Rio Ave,1.0,1.0,1.57,3.8,6.0,1.9,1.84,,,,,,
2016-08-26,Guimaraes,Pacos Ferreira,5.0,3.0,2.0,3.1,4.2,2.21,1.62,,,,,,
2016-08-27,Estoril,Sp Braga,1.0,3.0,3.75,3.25,2.05,2.21,1.62,,,,,,
2016-08-27,Nacional,Benfica,1.0,3.0,8.0,4.5,1.4,1.96,1.8,,,,,,
2016-08-27,Tondela,Belenenses,0.0,1.0,2.45,3.25,2.88,2.55,1.48,,,,,,
2016-08-28,Boavista,Chaves,2.0,2.0,2.3,3.0,3.4,2.75,1.41,,,,,,
2016-08-28,Moreirense,Maritimo,0.0,1.0,2.38,3.2,3.0,2.26,1.59,,,,,,
2016-08-28,Rio Ave,Feirense,1.0,0.0,1.91,3.25,4.33,2.29,1.58,,,,,,
2016-08-28,Setubal,Arouca,2.0,0.0,2.3,3.1,3.3,2.39,1.53,,,,,,
2016-08-28,Sp Lisbon,Porto,2.0,1.0,2.1,3.2,3.6,2.15,1.65,,,,,,
2016-09-04,Nacional,Chaves,0.0,1.0,2.5,3.0,3.0,2.52,1.48,,,,,,
2016-09-09,Arouca,Benfica,1.0,2.0,7.5,4.2,1.45,2.01,1.76,,,,,,
2016-09-10,Belenenses,Nacional,2.0,1.0,2.1,3.1,3.75,2.37,1.54,,,,,,
2016-09-10,Porto,Guimaraes,3.0,0.0,1.36,5.0,7.5,1.67,2.13,,,,,,
2016-09-10,Sp Lisbon,Moreirense,3.0,0.0,1.29,5.0,12.0,1.72,2.06,,,,,,
2016-09-11,Chaves,Setubal,0.0,0.0,2.5,3.0,3.0,2.35,1.55,,,,,,
2016-09-11,Maritimo,Rio Ave,0.0,1.0,2.5,3.0,3.0,2.28,1.58,,,,,,
2016-09-11,Pacos Ferreira,Estoril,0.0,0.0,2.0,3.2,4.0,2.13,1.67,,,,,,
2016-09-11,Sp Braga,Boavista,3.0,0.0,1.44,4.0,8.0,2.13,1.67,,,,,,
2016-09-12,Feirense,Tondela,2.0,1.0,2.38,3.1,3.1,2.5,1.48,,,,,,
2016-09-16,Nacional,Maritimo,2.0,0.0,2.55,3.2,2.8,2.07,1.72,,,,,,
2016-09-17,Estoril,Moreirense,2.0,0.0,2.38,3.0,3.25,2.3,1.57,,,,,,
2016-09-17,Guimaraes,Belenenses,1.0,1.0,1.91,3.25,4.33,2.11,1.68,,,,,,
2016-09-17,Setubal,Pacos Ferreira,1.0,4.0,2.4,3.1,3.1,2.27,1.58,,,,,,
2016-09-18,Arouca,Chaves,0.0,1.0,2.2,3.0,3.6,2.52,1.49,,,,,,
2016-09-18,Boavista,Feirense,1.0,2.0,2.2,3.1,3.5,2.71,1.42,,,,,,
2016-09-18,Rio Ave,Sp Lisbon,3.0,1.0,5.5,4.0,1.57,1.92,1.84,,,,,,
2016-09-18,Tondela,Porto,0.0,0.0,8.5,4.75,1.36,1.8,1.96,,,,,,
2016-09-19,Benfica,Sp Braga,3.0,1.0,1.55,4.0,6.0,2.01,1.75,,,,,,
2016-09-23,Porto,Boavista,3.0,1.0,1.18,6.5,15.0,1.61,2.24,,,,,,
2016-09-23,Sp Lisbon,Estoril,4.0,2.0,1.17,6.5,19.0,1.62,2.23,,,,,,
2016-09-24,Chaves,Benfica,0.0,2.0,9.0,4.0,1.44,1.99,1.78,,,,,,
2016-09-24,Feirense,Nacional,0.0,3.0,2.5,3.1,2.9,2.29,1.57,,,,,,
2016-09-24,Sp Braga,Setubal,2.0,1.0,1.5,4.2,6.5,1.87,1.88,,,,,,
2016-09-25,Maritimo,Tondela,2.0,0.0,2.05,3.25,3.75,2.15,1.66,,,,,,
2016-09-25,Moreirense,Guimaraes,0.0,1.0,2.88,3.1,2.55,2.23,1.6,,,,,,
2016-09-25,Pacos Ferreira,Rio Ave,2.0,1.0,2.88,3.1,2.55,2.28,1.58,,,,,,
2016-09-26,Belenenses,Arouca,1.0,1.0,2.25,3.1,3.4,2.28,1.57,,,,,,
2016-09-30,Tondela,Pacos Ferreira,2.0,1.0,2.5,3.0,3.0,2.3,1.59,,,,,,
2016-10-01,Chaves,Belenenses,3.0,1.0,2.2,3.1,3.5,2.33,1.57,,,,,,
2016-10-01,Guimaraes,Sp Lisbon,3.0,3.0,5.25,3.6,1.67,1.99,1.79,,,,,,
2016-10-01,Nacional,Porto,0.0,4.0,8.5,4.75,1.36,1.82,1.95,,,,,,
2016-10-01,Rio Ave,Estoril,1.0,2.0,1.85,3.4,4.33,2.17,1.66,,,,,,
2016-10-02,Arouca,Sp Braga,1.0,1.0,3.5,3.3,2.1,2.22,1.62,,,,,,
2016-10-02,Benfica,Feirense,4.0,0.0,1.14,7.5,19.0,1.55,2.38,,,,,,
2016-10-02,Boavista,Moreirense,2.0,0.0,2.4,3.1,3.1,2.54,1.48,,,,,,
2016-10-02,Setubal,Maritimo,0.0,1.0,2.1,3.2,3.6,2.17,1.65,,,,,,
2016-10-21,Maritimo,Boavista,1.0,1.0,2.0,3.2,4.0,2.33,1.56,,,,,,
2016-10-21,Pacos Ferreira,Nacional,1.0,1.0,2.15,3.25,3.4,2.06,1.73,,,,,,
2016-10-22,Feirense,Setubal,1.0,1.0,2.45,3.2,2.9,2.37,1.54,,,,,,
2016-10-22,Porto,Arouca,3.0,0.0,1.18,6.5,15.0,1.59,2.27,,,,,,
2016-10-22,Sp Lisbon,Tondela,1.0,1.0,1.18,6.5,15.0,1.5,2.5,,,,,,
2016-10-23,Belenenses,Benfica,0.0,2.0,7.5,4.2,1.44,1.79,1.98,,,,,,
2016-10-23,Estoril,Guimaraes,0.0,2.0,3.1,3.2,2.35,2.1,1.7,,,,,,
2016-10-23,Moreirense,Rio Ave,1.0,1.0,3.0,3.2,2.4,2.25,1.6,,,,,,
2016-10-24,Sp Braga,Chaves,1.0,0.0,1.62,3.8,5.5,1.95,1.81,,,,,,
2016-10-28,Benfica,Pacos Ferreira,3.0,0.0,1.2,6.0,15.0,1.51,2.49,,,,,,
2016-10-28,Nacional,Sp Lisbon,0.0,0.0,7.5,4.5,1.4,1.73,2.07,,,,,,
2016-10-29,Boavista,Estoril,0.0,0.0,2.15,3.1,3.6,2.42,1.53,,,,,,
2016-10-29,Setubal,Porto,0.0,0.0,9.0,5.75,1.29,1.74,2.05,,,,,,
2016-10-29,Tondela,Moreirense,1.0,2.0,2.3,3.1,3.2,2.37,1.55,,,,,,
2016-10-30,Arouca,Maritimo,1.0,0.0,2.45,3.1,3.0,2.27,1.59,,,,,,
2016-10-30,Rio Ave,Guimaraes,0.0,3.0,2.6,3.25,2.7,2.06,1.73,,,,,,
2016-10-30,Sp Braga,Belenenses,2.0,1.0,1.53,3.8,6.5,1.94,1.83,,,,,,
2016-10-31,Chaves,Feirense,1.0,1.0,1.91,3.25,4.33,2.35,1.55,,,,,,
2016-11-04,Guimaraes,Nacional,2.0,1.0,1.57,3.8,6.0,1.88,1.88,,,,,,
2016-11-05,Estoril,Tondela,2.0,0.0,2.2,3.2,3.4,2.26,1.6,,,,,,
2016-11-05,Feirense,Belenenses,0.0,1.0,2.63,3.1,2.75,2.28,1.59,,,,,,
2016-11-05,Pacos Ferreira,Chaves,1.0,1.0,2.38,3.1,3.1,2.32,1.57,,,,,,
2016-11-05,Rio Ave,Boavista,1.0,2.0,1.85,3.3,4.5,2.49,1.51,,,,,,
2016-11-06,Maritimo,Sp Braga,1.0,0.0,3.4,3.2,2.2,2.09,1.71,,,,,,
2016-11-06,Moreirense,Setubal,1.0,2.0,2.2,3.1,3.5,2.37,1.55,,,,,,
2016-11-06,Porto,Benfica,1.0,1.0,2.1,3.4,3.4,2.17,1.66,,,,,,
2016-11-06,Sp Lisbon,Arouca,3.0,0.0,1.2,6.5,13.0,1.59,2.28,,,,,,
2016-11-25,Setubal,Rio Ave,0.0,1.0,2.88,3.1,2.5,2.28,1.6,,,,,,
2016-11-26,Belenenses,Porto,0.0,0.0,10.0,5.25,1.29,1.77,2.02,,,,,,
2016-11-26,Boavista,Sp Lisbon,0.0,1.0,9.0,5.0,1.33,2.03,1.76,,,,,,
2016-11-26,Chaves,Maritimo,0.0,0.0,2.25,3.0,3.5,2.39,1.54,,,,,,
2016-11-26,Nacional,Estoril,0.0,1.0,2.25,3.2,3.3,2.13,1.68,,,,,,
2016-11-27,Arouca,Pacos Ferreira,1.0,0.0,2.25,3.1,3.4,2.28,1.59,,,,,,
2016-11-27,Benfica,Moreirense,3.0,0.0,1.17,7.0,15.0,1.52,2.44,,,,,,
2016-11-27,Tondela,Guimaraes,2.0,1.0,3.4,3.25,2.15,2.09,1.71,,,,,,
2016-11-28,Sp Braga,Feirense,6.0,2.0,1.5,4.0,7.0,1.9,1.87,,,,,,
2016-12-02,Maritimo,Benfica,2.0,1.0,9.5,4.5,1.36,1.85,1.93,,,,,,
2016-12-03,Porto,Sp Braga,1.0,0.0,1.36,4.75,8.0,1.81,1.97,,,,,,
2016-12-03,Rio Ave,Tondela,3.0,1.0,1.75,3.4,5.0,2.19,1.65,,,,,,
2016-12-03,Sp Lisbon,Setubal,2.0,0.0,1.2,6.0,15.0,1.58,2.31,,,,,,
2016-12-04,Estoril,Belenenses,1.0,1.0,2.38,3.1,3.1,2.27,1.61,,,,,,
2016-12-04,Feirense,Arouca,0.0,2.0,2.45,3.0,3.1,2.41,1.54,,,,,,
2016-12-04,Guimaraes,Chaves,1.0,1.0,1.85,3.3,4.5,2.1,1.71,,,,,,
2016-12-04,Moreirense,Nacional,3.0,1.0,2.25,3.1,3.4,2.14,1.68,,,,,,
2016-12-05,Pacos Ferreira,Boavista,2.0,1.0,2.2,3.0,3.6,2.43,1.52,,,,,,
2016-12-09,Setubal,Estoril,2.0,0.0,2.0,3.3,3.8,2.36,1.56,,,,,,
2016-12-10,Belenenses,Maritimo,1.0,0.0,2.38,3.0,3.25,2.26,1.61,,,,,,
2016-12-10,Boavista,Guimaraes,1.0,2.0,3.4,3.0,2.3,2.38,1.55,,,,,,
2016-12-10,Chaves,Moreirense,2.0,1.0,2.1,3.1,3.8,2.4,1.54,,,,,,
2016-12-11,Benfica,Sp Lisbon,2.0,1.0,2.2,3.1,3.5,2.19,1.65,,,,,,
2016-12-11,Feirense,Porto,0.0,4.0,10.0,5.25,1.29,1.79,1.99,,,,,,
2016-12-11,Nacional,Tondela,3.0,2.0,2.05,3.2,3.8,2.08,1.72,,,,,,
2016-12-11,Sp Braga,Pacos Ferreira,3.0,0.0,1.6,3.5,6.5,1.84,1.94,,,,,,
2016-12-12,Arouca,Rio Ave,0.0,2.0,2.6,3.0,2.88,2.44,1.52,,,,,,
2016-12-15,Porto,Maritimo,2.0,1.0,1.2,6.0,15.0,1.56,2.37,,,,,,
2016-12-16,Pacos Ferreira,Belenenses,1.0,0.0,2.45,3.1,3.0,2.31,1.59,,,,,,
2016-12-17,Estoril,Benfica,0.0,1.0,13.0,5.75,1.22,1.74,2.06,,,,,,
2016-12-17,Moreirense,Arouca,1.0,4.0,2.15,3.1,3.6,2.33,1.58,,,,,,
2016-12-18,Guimaraes,Setubal,3.0,1.0,1.67,3.6,5.5,2.01,1.79,,,,,,
2016-12-18,Rio Ave,Nacional,2.0,1.0,1.85,3.3,4.5,2.08,1.73,,,,,,
2016-12-18,Sp Lisbon,Sp Braga,0.0,1.0,1.44,4.0,8.0,1.88,1.9,,,,,,
2016-12-18,Tondela,Boavista,1.0,1.0,2.4,3.0,3.2,2.35,1.57,,,,,,
2016-12-19,Maritimo,Feirense,2.0,0.0,1.67,3.75,5.0,2.33,1.57,,,,,,
2016-12-19,Porto,Chaves,2.0,1.0,1.17,7.5,14.0,1.57,2.33,,,,,,
2016-12-21,Benfica,Rio Ave,2.0,0.0,1.2,6.0,15.0,1.62,2.25,,,,,,
2016-12-22,Belenenses,Sp Lisbon,0.0,1.0,8.5,4.75,1.36,1.94,1.85,,,,,,
2016-12-22,Chaves,Estoril,1.0,0.0,2.05,3.1,4.0,2.49,1.51,,,,,,
2016-12-22,Feirense,Pacos Ferreira,2.0,0.0,3.0,3.2,2.4,2.27,1.61,,,,,,
2016-12-22,Nacional,Boavista,0.0,2.0,2.0,3.4,3.75,2.27,1.61,,,,,,
2016-12-22,Sp Braga,Moreirense,2.0,1.0,1.53,4.0,6.0,1.79,2.0,,,,,,
2016-12-23,Arouca,Guimaraes,0.0,1.0,3.0,3.2,2.38,2.17,1.66,,,,,,
2016-12-23,Setubal,Tondela,3.0,0.0,2.05,3.2,3.75,2.29,1.59,,,,,,
2017-01-07,Estoril,Maritimo,0.0,1.0,2.88,3.0,2.63,2.44,1.53,,,,,,
2017-01-07,Guimaraes,Benfica,0.0,2.0,5.5,3.75,1.62,1.86,1.92,,,,,,
2017-01-07,Nacional,Sp Braga,0.0,0.0,3.5,3.3,2.1,2.05,1.75,,,,,,
2017-01-07,Pacos Ferreira,Porto,0.0,0.0,8.0,4.75,1.36,1.8,1.99,,,,,,
2017-01-08,Boavista,Setubal,1.0,0.0,2.3,3.1,3.3,2.54,1.49,,,,,,
2017-01-08,Rio Ave,Chaves,2.0,2.0,1.85,3.1,5.0,2.38,1.55,,,,,,
2017-01-08,Sp Lisbon,Feirense,2.0,1.0,1.17,7.0,15.0,1.49,2.52,,,,,,
2017-01-08,Tondela,Arouca,1.0,2.0,2.4,3.1,3.1,2.35,1.57,,,,,,
2017-01-09,Moreirense,Belenenses,1.0,0.0,2.3,3.5,2.88,2.35,1.56,,,,,,
2017-01-13,Arouca,Estoril,2.0,1.0,1.83,3.25,4.75,2.46,1.53,,,,,,
2017-01-14,Benfica,Boavista,3.0,3.0,1.14,7.5,17.0,1.57,2.36,,,,,,
2017-01-14,Chaves,Sp Lisbon,2.0,2.0,6.5,3.6,1.57,2.17,1.67,,,,,,
2017-01-14,Feirense,Guimaraes,0.0,0.0,3.6,3.2,2.1,2.14,1.68,,,,,,
2017-01-14,Setubal,Nacional,1.0,0.0,2.2,3.1,3.5,2.21,1.64,,,,,,
2017-01-15,Belenenses,Rio Ave,1.0,0.0,2.63,3.1,2.75,2.38,1.56,,,,,,
2017-01-15,Maritimo,Pacos Ferreira,3.0,1.0,2.05,3.2,3.75,2.28,1.61,,,,,,
2017-01-15,Porto,Moreirense,3.0,0.0,1.2,6.5,13.0,1.52,2.47,,,,,,
2017-01-16,Sp Braga,Tondela,2.0,0.0,1.44,4.2,7.5,1.82,1.96,,,,,,
2017-01-20,Pacos Ferreira,Moreirense,0.0,2.0,2.4,3.0,3.2,2.53,1.5,,,,,,
2017-01-21,Arouca,Boavista,1.0,2.0,2.1,3.2,3.6,2.52,1.5,,,,,,
2017-01-21,Maritimo,Sp Lisbon,2.0,2.0,5.25,3.6,1.67,2.02,1.78,,,,,,
2017-01-21,Porto,Rio Ave,4.0,2.0,1.25,5.5,12.0,1.69,2.14,,,,,,
2017-01-22,Belenenses,Setubal,1.0,2.0,2.1,3.1,3.75,2.42,1.54,,,,,,
2017-01-22,Benfica,Tondela,4.0,0.0,1.11,9.0,19.0,1.38,2.95,,,,,,
2017-01-22,Feirense,Estoril,1.0,0.0,2.25,3.0,3.5,2.44,1.53,,,,,,
2017-01-22,Sp Braga,Guimaraes,1.0,2.0,1.91,3.4,4.0,2.02,1.77,,,,,,
2017-01-23,Chaves,Nacional,2.0,0.0,2.0,3.1,4.2,2.27,1.61,,,,,,
2017-01-27,Boavista,Belenenses,0.0,1.0,2.3,3.0,3.4,2.63,1.47,,,,,,
2017-01-28,Estoril,Porto,1.0,2.0,11.0,5.75,1.25,1.86,1.92,,,,,,
2017-01-28,Guimaraes,Maritimo,0.0,0.0,2.0,3.4,3.75,2.14,1.69,,,,,,
2017-01-28,Nacional,Arouca,1.0,1.0,2.25,3.1,3.4,2.23,1.63,,,,,,
2017-01-28,Sp Lisbon,Pacos Ferreira,4.0,2.0,1.25,5.75,11.0,1.64,2.21,,,,,,
2017-01-28,Tondela,Chaves,2.0,0.0,2.75,3.25,2.55,2.41,1.55,,,,,,
2017-01-30,Setubal,Benfica,1.0,0.0,8.5,5.0,1.33,1.77,2.01,,,,,,
2017-02-02,Moreirense,Feirense,1.0,1.0,2.1,3.25,3.5,2.3,1.59,,,,,,
2017-02-02,Rio Ave,Sp Braga,1.0,0.0,2.38,3.1,3.1,2.24,1.63,,,,,,
2017-02-03,Pacos Ferreira,Guimaraes,2.0,0.0,3.6,3.2,2.1,2.26,1.62,,,,,,
2017-02-04,Chaves,Boavista,0.0,0.0,2.2,3.1,3.5,2.55,1.49,,,,,,
2017-02-04,Porto,Sp Lisbon,2.0,1.0,2.0,3.6,3.5,2.15,1.68,,,,,,
2017-02-05,Arouca,Setubal,2.0,1.0,2.2,3.1,3.5,2.39,1.55,,,,,,
2017-02-05,Belenenses,Tondela,0.0,0.0,1.95,3.3,4.0,2.31,1.58,,,,,,
2017-02-05,Benfica,Nacional,3.0,0.0,1.17,7.0,15.0,1.44,2.68,,,,,,
2017-02-06,Feirense,Rio Ave,2.0,1.0,3.0,3.2,2.4,2.4,1.54,,,,,,
2017-02-06,Maritimo,Moreirense,1.0,0.0,2.0,3.2,4.0,2.43,1.53,,,,,,
2017-02-06,Sp Braga,Estoril,1.0,1.0,1.44,4.0,8.0,1.99,1.79,,,,,,
2017-02-10,Benfica,Arouca,3.0,0.0,1.18,6.5,15.0,1.51,2.52,,,,,,
2017-02-11,Estoril,Pacos Ferreira,2.0,1.0,2.38,3.1,3.1,2.32,1.59,,,,,,
2017-02-11,Guimaraes,Porto,0.0,2.0,6.5,3.8,1.53,1.93,1.86,,,,,,
2017-02-11,Setubal,Chaves,0.0,0.0,2.4,3.0,3.2,2.53,1.5,,,,,,
2017-02-11,Tondela,Feirense,0.0,1.0,2.25,3.0,3.5,2.34,1.57,,,,,,
2017-02-12,Boavista,Sp Braga,1.0,1.0,3.0,3.0,2.5,2.52,1.5,,,,,,
2017-02-12,Moreirense,Sp Lisbon,2.0,3.0,6.5,3.75,1.55,2.06,1.74,,,,,,
2017-02-12,Nacional,Belenenses,1.0,1.0,2.38,3.0,3.2,2.32,1.58,,,,,,
2017-02-13,Rio Ave,Maritimo,0.0,0.0,2.05,3.2,3.8,2.19,1.64,,,,,,
2017-02-17,Porto,Tondela,4.0,0.0,1.13,7.5,23.0,1.49,2.56,,,,,,
2017-02-18,Chaves,Arouca,2.0,0.0,2.05,3.1,4.0,2.4,1.55,,,,,,
2017-02-18,Feirense,Boavista,0.0,1.0,2.63,2.88,3.0,2.77,1.43,,,,,,
2017-02-18,Moreirense,Estoril,1.0,1.0,2.1,3.1,3.8,2.44,1.53,,,,,,
2017-02-18,Sp Lisbon,Rio Ave,1.0,0.0,1.36,4.75,8.5,1.83,1.96,,,,,,
2017-02-19,Belenenses,Guimaraes,1.0,1.0,3.3,2.9,2.38,2.44,1.53,,,,,,
2017-02-19,Pacos Ferreira,Setubal,2.0,1.0,2.4,3.0,3.2,2.56,1.49,,,,,,
2017-02-19,Sp Braga,Benfica,0.0,1.0,5.0,3.5,1.73,2.04,1.75,,,,,,
2017-02-20,Maritimo,Nacional,0.0,0.0,1.83,3.4,4.5,2.16,1.66,,,,,,
2017-02-24,Benfica,Chaves,3.0,1.0,1.18,6.5,15.0,1.63,2.24,,,,,,
2017-02-24,Guimaraes,Moreirense,1.0,0.0,1.75,3.5,4.75,2.2,1.65,,,,,,
2017-02-25,Estoril,Sp Lisbon,0.0,2.0,8.0,4.5,1.4,1.99,1.79,,,,,,
2017-02-25,Rio Ave,Pacos Ferreira,0.0,0.0,1.85,3.2,4.75,2.35,1.57,,,,,,
2017-02-25,Tondela,Maritimo,1.0,1.0,2.8,2.88,2.75,2.43,1.54,,,,,,
2017-02-26,Boavista,Porto,0.0,1.0,9.5,4.5,1.36,2.15,1.68,,,,,,
2017-02-26,Nacional,Feirense,0.0,0.0,2.05,3.0,4.2,2.36,1.57,,,,,,
2017-02-26,Setubal,Sp Braga,1.0,1.0,3.25,2.9,2.4,2.58,1.48,,,,,,
2017-02-27,Arouca,Belenenses,1.0,2.0,2.3,2.88,3.5,2.53,1.5,,,,,,
2017-03-03,Moreirense,Boavista,0.0,0.0,2.38,2.88,3.4,2.64,1.46,,,,,,
2017-03-04,Feirense,Benfica,0.0,1.0,8.0,4.75,1.36,1.84,1.95,,,,,,
2017-03-04,Porto,Nacional,7.0,0.0,1.13,8.0,19.0,1.51,2.51,,,,,,
2017-03-04,Sp Braga,Arouca,3.0,1.0,1.6,3.5,6.5,2.14,1.69,,,,,,
2017-03-05,Belenenses,Chaves,2.0,1.0,2.3,2.88,3.5,2.73,1.44,,,,,,
2017-03-05,Maritimo,Setubal,1.0,0.0,2.05,3.1,4.0,2.57,1.49,,,,,,
2017-03-05,Pacos Ferreira,Tondela,0.0,0.0,1.95,3.3,4.0,2.31,1.59,,,,,,
2017-03-05,Sp Lisbon,Guimaraes,1.0,1.0,1.44,4.33,7.0,1.76,2.04,,,,,,
2017-03-06,Estoril,Rio Ave,0.0,2.0,3.1,3.0,2.45,2.54,1.49,,,,,,
2017-03-10,Arouca,Porto,0.0,4.0,13.0,5.25,1.25,1.69,2.14,,,,,,
2017-03-11,Chaves,Sp Braga,0.0,0.0,3.4,3.1,2.25,2.6,1.47,,,,,,
2017-03-11,Setubal,Feirense,1.0,2.0,2.0,3.2,4.0,2.66,1.45,,,,,,
2017-03-11,Tondela,Sp Lisbon,1.0,4.0,9.0,5.0,1.33,1.91,1.86,,,,,,
2017-03-12,Boavista,Maritimo,3.0,0.0,2.3,3.0,3.4,2.85,1.41,,,,,,
2017-03-12,Guimaraes,Estoril,3.0,3.0,1.57,3.75,6.0,2.15,1.68,,,,,,
2017-03-12,Rio Ave,Moreirense,3.0,2.0,1.85,3.5,4.2,2.37,1.56,,,,,,
2017-03-13,Nacional,Pacos Ferreira,1.0,1.0,2.3,3.0,3.4,2.28,1.6,,,,,,
2017-03-13,Benfica,Belenenses,4.0,0.0,1.18,6.5,15.0,1.57,2.34,,,,,,
2017-03-17,Estoril,Boavista,0.0,0.0,3.5,3.0,2.25,2.65,1.46,,,,,,
2017-03-18,Belenenses,Sp Braga,1.0,2.0,3.3,2.88,2.4,2.42,1.54,,,,,,
2017-03-18,Moreirense,Tondela,1.0,1.0,2.0,2.9,4.5,2.36,1.57,,,,,,
2017-03-18,Pacos Ferreira,Benfica,0.0,0.0,11.0,5.0,1.3,1.85,1.93,,,,,,
2017-03-18,Sp Lisbon,Nacional,2.0,0.0,1.18,6.5,15.0,1.46,2.62,,,,,,
2017-03-19,Feirense,Chaves,3.0,2.0,2.45,2.9,3.2,2.55,1.49,,,,,,
2017-03-19,Guimaraes,Rio Ave,3.0,0.0,2.2,3.0,3.6,2.19,1.65,,,,,,
2017-03-19,Maritimo,Arouca,3.0,1.0,1.91,3.1,4.5,2.29,1.6,,,,,,
2017-03-19,Porto,Setubal,1.0,1.0,1.17,7.0,15.0,1.58,2.32,,,,,,
2017-03-31,Chaves,Pacos Ferreira,1.0,0.0,2.05,3.1,4.0,2.38,1.55,,,,,,
2017-03-31,Nacional,Guimaraes,1.0,2.0,3.2,3.2,2.3,2.12,1.7,,,,,,
2017-04-01,Benfica,Porto,1.0,1.0,2.45,3.1,3.0,2.31,1.58,,,,,,
2017-04-01,Boavista,Rio Ave,0.0,1.0,2.63,2.88,2.9,2.43,1.53,,,,,,
2017-04-01,Tondela,Estoril,0.0,2.0,2.25,3.0,3.5,2.38,1.55,,,,,,
2017-04-02,Arouca,Sp Lisbon,1.0,2.0,8.0,4.0,1.44,1.88,1.9,,,,,,
2017-04-02,Belenenses,Feirense,1.0,2.0,2.0,3.2,4.0,2.48,1.51,,,,,,
2017-04-02,Setubal,Moreirense,2.0,0.0,2.25,3.0,3.5,2.51,1.5,,,,,,
2017-04-02,Sp Braga,Maritimo,3.0,3.0,1.73,3.4,5.25,2.18,1.66,,,,,,
2017-04-07,Feirense,Sp Braga,0.0,1.0,3.6,3.1,2.2,2.31,1.6,,,,,,
2017-04-08,Pacos Ferreira,Arouca,1.0,1.0,2.15,3.1,3.6,2.31,1.58,,,,,,
2017-04-08,Porto,Belenenses,3.0,0.0,1.13,8.0,19.0,1.57,2.36,,,,,,
2017-04-08,Sp Lisbon,Boavista,4.0,0.0,1.33,5.0,9.0,1.8,1.99,,,,,,
2017-04-09,Estoril,Nacional,0.0,1.0,2.45,3.1,3.0,2.3,1.59,,,,,,
2017-04-09,Guimaraes,Tondela,2.0,1.0,1.44,4.0,8.0,1.87,1.91,,,,,,
2017-04-09,Moreirense,Benfica,0.0,1.0,8.5,4.75,1.36,1.79,2.0,,,,,,
2017-04-09,Rio Ave,Setubal,0.0,0.0,1.83,3.4,4.5,2.39,1.55,,,,,,
2017-04-10,Maritimo,Chaves,2.0,1.0,1.95,3.1,4.33,2.36,1.56,,,,,,
2017-04-14,Belenenses,Estoril,1.0,3.0,2.05,3.2,3.75,2.33,1.58,,,,,,
2017-04-14,Benfica,Maritimo,3.0,0.0,1.2,6.5,13.0,1.54,2.42,,,,,,
2017-04-14,Boavista,Pacos Ferreira,0.0,0.0,2.15,2.9,4.0,2.61,1.47,,,,,,
2017-04-14,Setubal,Sp Lisbon,0.0,3.0,7.5,4.2,1.45,2.06,1.74,,,,,,
2017-04-15,Arouca,Feirense,2.0,0.0,2.05,3.1,4.0,2.35,1.57,,,,,,
2017-04-15,Chaves,Guimaraes,2.0,3.0,3.0,3.1,2.45,2.36,1.56,,,,,,
2017-04-15,Sp Braga,Porto,1.0,1.0,7.0,4.0,1.5,2.0,1.79,,,,,,
2017-04-15,Tondela,Rio Ave,2.0,1.0,4.0,3.3,1.95,2.25,1.62,,,,,,
2017-04-17,Nacional,Moreirense,0.0,1.0,2.15,3.2,3.5,2.25,1.61,,,,,,
2017-04-21,Rio Ave,Arouca,3.0,0.0,1.55,3.75,6.5,2.06,1.74,,,,,,
2017-04-22,Estoril,Setubal,3.0,0.0,2.38,3.0,3.2,2.42,1.53,,,,,,
2017-04-22,Maritimo,Belenenses,3.0,0.0,1.8,3.5,4.5,2.22,1.63,,,,,,
2017-04-22,Sp Lisbon,Benfica,1.0,1.0,2.75,3.1,2.63,2.13,1.7,,,,,,
2017-04-22,Tondela,Nacional,2.0,0.0,2.45,3.25,2.9,2.14,1.68,,,,,,
2017-04-23,Guimaraes,Boavista,2.0,0.0,1.5,3.7,8.0,2.1,1.71,,,,,,
2017-04-23,Pacos Ferreira,Sp Braga,3.0,1.0,3.1,3.25,2.3,2.32,1.58,,,,,,
2017-04-23,Porto,Feirense,0.0,0.0,1.13,8.0,21.0,1.47,2.58,,,,,,
2017-04-24,Moreirense,Chaves,0.0,0.0,2.1,3.1,3.75,2.16,1.66,,,,,,
2017-04-28,Setubal,Guimaraes,0.0,2.0,3.6,3.25,2.1,2.17,1.66,,,,,,
2017-04-29,Benfica,Estoril,2.0,1.0,1.14,7.5,19.0,1.42,2.76,,,,,,
2017-04-29,Boavista,Tondela,1.0,0.0,2.4,3.0,3.2,2.4,1.54,,,,,,
2017-04-29,Chaves,Porto,0.0,2.0,9.0,4.5,1.36,1.82,1.96,,,,,,
2017-04-29,Nacional,Rio Ave,0.0,2.0,3.1,3.2,2.3,2.06,1.73,,,,,,
2017-04-30,Arouca,Moreirense,2.0,2.0,2.5,3.0,3.0,2.23,1.62,,,,,,
2017-04-30,Belenenses,Pacos Ferreira,1.0,2.0,2.2,3.2,3.4,2.37,1.55,,,,,,
2017-04-30,Feirense,Maritimo,2.0,1.0,2.75,3.0,2.7,2.32,1.57,,,,,,
2017-04-30,Sp Braga,Sp Lisbon,2.0,3.0,3.6,3.3,2.05,2.02,1.76,,,,,,
2017-05-05,Moreirense,Sp Braga,2.0,1.0,2.8,3.1,2.6,2.17,1.68,,,,,,
2017-05-06,Boavista,Nacional,2.0,2.0,2.2,3.2,3.4,2.16,1.67,,,,,,
2017-05-06,Maritimo,Porto,1.0,1.0,7.5,4.2,1.44,1.86,1.91,,,,,,
2017-05-06,Pacos Ferreira,Feirense,0.0,1.0,2.05,3.1,4.0,2.21,1.63,,,,,,
2017-05-07,Guimaraes,Arouca,1.0,0.0,1.4,4.33,8.5,1.77,2.01,,,,,,
2017-05-07,Rio Ave,Benfica,0.0,1.0,7.0,4.0,1.5,1.87,1.9,,,,,,
2017-05-07,Sp Lisbon,Belenenses,1.0,3.0,1.22,6.0,12.0,1.51,2.46,,,,,,
2017-05-07,Tondela,Setubal,2.0,1.0,1.91,3.3,4.2,2.28,1.59,,,,,,
2017-05-08,Estoril,Chaves,2.0,1.0,2.2,3.2,3.4,2.15,1.66,,,,,,
2017-05-12,Belenenses,Moreirense,1.0,1.0,3.2,3.2,2.3,2.22,1.64,,,,,,
2017-05-13,Arouca,Tondela,1.0,2.0,2.3,3.1,3.25,2.09,1.72,,,,,,
2017-05-13,Benfica,Guimaraes,5.0,0.0,1.25,5.25,13.0,1.57,2.34,,,,,,
2017-05-13,Feirense,Sp Lisbon,2.0,1.0,6.75,4.0,1.5,1.86,1.91,,,,,,
2017-05-14,Chaves,Rio Ave,2.0,2.0,3.3,3.25,2.2,2.17,1.66,,,,,,
2017-05-14,Maritimo,Estoril,1.0,1.0,1.67,3.6,5.25,2.09,1.7,,,,,,
2017-05-14,Porto,Pacos Ferreira,4.0,1.0,1.14,8.0,15.0,1.44,2.67,,,,,,
2017-05-14,Sp Braga,Nacional,4.0,0.0,1.3,5.5,9.5,1.61,2.26,,,,,,
2017-05-15,Setubal,Boavista,0.0,1.0,2.45,3.1,3.0,2.42,1.53,,,,,,
2017-05-20,Boavista,Benfica,2.0,2.0,7.5,4.2,1.45,1.84,1.94,,,,,,
2017-05-20,Guimaraes,Feirense,0.0,1.0,1.62,3.6,6.0,1.99,1.8,,,,,,
2017-05-20,Nacional,Setubal,1.0,2.0,2.45,3.1,3.0,1.94,1.84,,,,,,
2017-05-20,Pacos Ferreira,Maritimo,0.0,0.0,3.0,3.0,2.5,2.16,1.67,,,,,,
2017-05-20,Rio Ave,Belenenses,2.0,0.0,1.5,4.0,7.0,1.96,1.81,,,,,,
2017-05-21,Estoril,Arouca,4.0,2.0,2.2,3.25,3.3,2.04,1.74,,,,,,
2017-05-21,Moreirense,Porto,3.0,1.0,4.5,3.75,1.73,1.78,2.01,,,,,,
2017-05-21,Sp Lisbon,Chaves,4.0,1.0,1.29,5.25,10.0,1.64,2.2,,,,,,
2017-05-21,Tondela,Sp Braga,2.0,0.0,1.67,3.7,5.25,1.82,1.96,,,,,,
2017-08-06,Aves,Sp Lisbon,0.0,2.0,9.0,4.2,1.4,1.95,1.83,12.0,12.0,2.0,9.0,6.0,3.0
2017-08-06,Setubal,Moreirense,1.0,1.0,2.5,3.0,3.0,2.55,1.48,6.0,12.0,2.0,4.0,4.0,8.0
2017-08-07,Feirense,Tondela,1.0,1.0,2.2,3.2,3.4,2.35,1.56,12.0,13.0,5.0,6.0,5.0,3.0
2017-08-07,Portimonense,Boavista,2.0,1.0,2.4,2.9,3.25,2.57,1.47,12.0,5.0,4.0,2.0,9.0,4.0
2017-08-07,Rio Ave,Belenenses,1.0,0.0,1.91,3.4,4.0,2.31,1.57,11.0,10.0,5.0,3.0,4.0,8.0
2017-08-08,Maritimo,Pacos Ferreira,1.0,0.0,2.0,3.2,4.0,2.3,1.57,7.0,4.0,3.0,1.0,0.0,7.0
2017-08-09,Benfica,Sp Braga,3.0,1.0,1.36,4.75,8.5,1.73,2.05,15.0,6.0,9.0,1.0,6.0,2.0
2017-08-09,Porto,Estoril,4.0,0.0,1.18,6.5,15.0,1.58,2.3,17.0,10.0,8.0,4.0,10.0,5.0
2017-08-10,Guimaraes,Chaves,3.0,2.0,1.65,3.6,5.5,2.08,1.71,16.0,15.0,8.0,3.0,9.0,7.0
2017-08-11,Sp Lisbon,Setubal,1.0,0.0,1.2,6.5,13.0,1.61,2.27,12.0,3.0,5.0,1.0,7.0,1.0
2017-08-12,Belenenses,Maritimo,1.0,0.0,2.4,3.0,3.2,2.41,1.53,10.0,7.0,4.0,5.0,9.0,4.0
2017-08-12,Boavista,Rio Ave,1.0,2.0,3.0,3.0,2.5,2.57,1.47,5.0,7.0,2.0,2.0,2.0,3.0
2017-08-12,Moreirense,Feirense,0.0,0.0,2.4,3.0,3.2,2.44,1.52,11.0,6.0,0.0,4.0,8.0,4.0
2017-08-13,Pacos Ferreira,Aves,2.0,2.0,1.91,3.3,4.2,2.33,1.56,16.0,7.0,5.0,3.0,2.0,3.0
2017-08-13,Sp Braga,Portimonense,2.0,1.0,1.53,4.0,6.0,1.88,1.88,8.0,8.0,4.0,1.0,5.0,7.0
2017-08-13,Tondela,Porto,0.0,1.0,11.0,5.0,1.29,1.72,2.07,5.0,15.0,2.0,6.0,2.0,6.0
2017-08-14,Chaves,Benfica,0.0,1.0,7.0,4.75,1.4,1.75,2.02,9.0,21.0,4.0,9.0,5.0,13.0
2017-08-14,Estoril,Guimaraes,3.0,0.0,3.2,3.2,2.3,2.21,1.62,18.0,11.0,5.0,1.0,4.0,7.0
2017-08-18,Rio Ave,Portimonense,2.0,0.0,1.7,3.6,5.0,2.12,1.7,11.0,11.0,7.0,4.0,4.0,6.0
2017-08-19,Benfica,Belenenses,5.0,0.0,1.2,6.25,15.0,1.47,2.54,20.0,7.0,14.0,4.0,6.0,2.0
2017-08-19,Guimaraes,Sp Lisbon,0.0,5.0,4.75,3.6,1.75,1.94,1.84,8.0,13.0,3.0,10.0,5.0,3.0
2017-08-19,Tondela,Estoril,2.0,3.0,2.25,3.25,3.2,2.28,1.59,14.0,8.0,7.0,4.0,6.0,1.0
2017-08-20,Aves,Sp Braga,0.0,2.0,3.1,3.25,2.3,2.23,1.61,9.0,18.0,4.0,9.0,4.0,8.0
2017-08-20,Maritimo,Boavista,1.0,0.0,2.15,3.1,3.6,2.47,1.51,10.0,9.0,2.0,1.0,2.0,6.0
2017-08-20,Porto,Moreirense,3.0,0.0,1.14,7.5,17.0,1.51,2.45,27.0,6.0,11.0,2.0,13.0,3.0
2017-08-20,Setubal,Chaves,1.0,1.0,2.6,3.0,2.9,2.41,1.53,19.0,5.0,9.0,2.0,8.0,1.0
2017-08-21,Feirense,Pacos Ferreira,2.0,1.0,2.5,3.1,2.9,2.36,1.55,12.0,12.0,7.0,3.0,5.0,5.0
2017-08-25,Belenenses,Setubal,1.0,1.0,2.4,3.0,3.2,2.56,1.48,12.0,12.0,5.0,4.0,6.0,6.0
2017-08-26,Chaves,Feirense,0.0,2.0,1.91,3.3,4.2,2.38,1.55,17.0,7.0,5.0,5.0,13.0,3.0
2017-08-26,Moreirense,Tondela,0.0,3.0,2.1,3.0,4.0,2.32,1.57,11.0,12.0,3.0,6.0,8.0,5.0
2017-08-26,Pacos Ferreira,Guimaraes,0.0,0.0,2.6,2.88,3.0,2.05,1.75,7.0,14.0,4.0,2.0,4.0,7.0
2017-08-26,Rio Ave,Benfica,1.0,1.0,6.5,4.0,1.53,1.98,1.8,9.0,10.0,3.0,4.0,4.0,5.0
2017-08-27,Boavista,Aves,1.0,0.0,2.25,3.0,3.5,2.66,1.44,12.0,14.0,3.0,4.0,2.0,2.0
2017-08-27,Sp Braga,Porto,0.0,1.0,8.5,4.2,1.4,1.95,1.83,14.0,21.0,0.0,7.0,5.0,7.0
2017-08-27,Sp Lisbon,Estoril,2.0,1.0,1.14,8.0,15.0,1.48,2.55,13.0,8.0,4.0,3.0,7.0,3.0
2017-08-28,Portimonense,Maritimo,1.0,2.0,2.2,2.9,3.75,2.37,1.55,13.0,7.0,3.0,3.0,4.0,5.0
2017-09-08,Benfica,Portimonense,2.0,1.0,1.14,7.5,17.0,1.42,2.75,15.0,5.0,8.0,2.0,5.0,3.0
2017-09-08,Feirense,Sp Lisbon,2.0,3.0,9.5,4.5,1.36,1.78,2.03,10.0,13.0,7.0,10.0,5.0,10.0
2017-09-09,Maritimo,Rio Ave,1.0,0.0,2.88,3.0,2.63,2.34,1.56,9.0,4.0,4.0,1.0,8.0,3.0
2017-09-09,Porto,Chaves,3.0,0.0,1.14,7.5,19.0,1.53,2.43,14.0,8.0,7.0,3.0,8.0,2.0
2017-09-09,Tondela,Pacos Ferreira,2.0,2.0,2.4,3.1,3.1,2.35,1.56,12.0,10.0,8.0,7.0,10.0,4.0
2017-09-10,Estoril,Moreirense,0.0,2.0,1.95,3.1,4.33,2.31,1.58,13.0,6.0,8.0,4.0,7.0,4.0
2017-09-10,Guimaraes,Boavista,1.0,0.0,1.95,3.4,3.8,2.26,1.61,7.0,5.0,4.0,5.0,10.0,5.0
2017-09-10,Setubal,Sp Braga,2.0,0.0,3.1,3.0,2.45,2.33,1.57,5.0,9.0,3.0,4.0,2.0,8.0
2017-09-11,Aves,Belenenses,2.0,1.0,2.15,3.2,3.5,2.4,1.54,13.0,7.0,4.0,4.0,4.0,3.0
2017-09-15,Pacos Ferreira,Setubal,1.0,0.0,2.3,3.0,3.4,2.91,1.38,5.0,9.0,3.0,4.0,5.0,4.0
2017-09-16,Boavista,Benfica,2.0,1.0,7.5,4.5,1.4,1.88,1.89,6.0,13.0,4.0,9.0,3.0,11.0
2017-09-16,Maritimo,Aves,2.0,1.0,2.1,3.2,3.6,2.3,1.58,7.0,11.0,5.0,6.0,3.0,7.0
2017-09-16,Sp Lisbon,Tondela,2.0,0.0,1.14,7.5,17.0,1.41,2.76,8.0,1.0,4.0,0.0,3.0,4.0
2017-09-17,Belenenses,Estoril,2.0,1.0,2.3,3.1,3.3,2.27,1.59,12.0,14.0,7.0,7.0,6.0,4.0
2017-09-17,Rio Ave,Porto,1.0,2.0,9.0,4.5,1.36,1.9,1.87,5.0,8.0,2.0,5.0,2.0,4.0
2017-09-17,Sp Braga,Guimaraes,2.0,1.0,1.95,3.2,4.2,1.95,1.82,8.0,5.0,3.0,2.0,1.0,1.0
2017-09-18,Chaves,Moreirense,3.0,0.0,2.15,3.0,3.8,2.27,1.6,9.0,9.0,4.0,4.0,3.0,2.0
2017-09-18,Portimonense,Feirense,2.0,1.0,2.15,3.1,3.6,2.19,1.64,12.0,5.0,7.0,1.0,7.0,4.0
2017-09-22,Porto,Portimonense,5.0,2.0,1.14,8.0,15.0,1.42,2.72,16.0,9.0,9.0,6.0,5.0,4.0
2017-09-23,Benfica,Pacos Ferreira,2.0,0.0,1.17,7.5,15.0,1.46,2.6,17.0,3.0,9.0,2.0,11.0,2.0
2017-09-23,Estoril,Chaves,0.0,2.0,2.05,3.2,3.8,2.1,1.7,7.0,10.0,1.0,5.0,10.0,6.0
2017-09-23,Moreirense,Sp Lisbon,1.0,1.0,8.0,4.5,1.4,1.84,1.93,11.0,5.0,6.0,1.0,3.0,8.0
2017-09-24,Aves,Rio Ave,0.0,0.0,2.8,3.0,2.7,2.35,1.56,10.0,9.0,6.0,1.0,2.0,3.0
2017-09-24,Feirense,Belenenses,1.0,4.0,2.38,3.0,3.25,2.29,1.58,7.0,14.0,3.0,7.0,8.0,1.0
2017-09-24,Guimaraes,Maritimo,2.0,1.0,2.0,3.1,4.2,2.25,1.61,12.0,5.0,5.0,2.0,10.0,4.0
2017-09-24,Tondela,Sp Braga,1.0,2.0,3.2,3.2,2.25,2.17,1.65,6.0,11.0,2.0,3.0,3.0,6.0
2017-09-25,Setubal,Boavista,1.0,1.0,2.15,3.0,3.75,2.91,1.38,7.0,9.0,4.0,4.0,4.0,6.0
2017-09-29,Chaves,Tondela,1.0,1.0,1.75,3.4,5.0,2.11,1.69,15.0,5.0,7.0,1.0,10.0,3.0
2017-09-30,Boavista,Feirense,1.0,0.0,2.0,3.1,4.2,2.57,1.47,9.0,5.0,2.0,3.0,6.0,8.0
2017-09-30,Pacos Ferreira,Moreirense,3.0,2.0,2.05,3.1,4.0,2.45,1.51,6.0,13.0,5.0,8.0,2.0,6.0
2017-09-30,Portimonense,Aves,2.0,2.0,2.15,3.1,3.6,2.3,1.58,15.0,8.0,5.0,2.0,11.0,1.0
2017-09-30,Rio Ave,Setubal,2.0,1.0,1.91,3.25,4.33,2.48,1.5,9.0,5.0,6.0,1.0,3.0,4.0
2017-10-01,Belenenses,Guimaraes,1.0,0.0,2.38,3.1,3.1,2.09,1.7,4.0,8.0,2.0,2.0,1.0,11.0
2017-10-01,Maritimo,Benfica,1.0,1.0,8.0,4.0,1.45,1.96,1.82,10.0,11.0,6.0,5.0,4.0,8.0
2017-10-01,Sp Braga,Estoril,6.0,0.0,1.57,3.8,6.0,1.93,1.84,12.0,10.0,9.0,3.0,4.0,5.0
2017-10-01,Sp Lisbon,Porto,0.0,0.0,2.45,3.2,2.9,2.16,1.66,3.0,9.0,1.0,6.0,10.0,2.0
2017-10-20,Estoril,Boavista,0.0,3.0,2.2,3.0,3.6,2.5,1.49,11.0,9.0,4.0,6.0,11.0,2.0
2017-10-21,Feirense,Rio Ave,1.0,0.0,2.89,3.0,2.6,2.34,1.56,6.0,6.0,2.0,3.0,5.0,5.0
2017-10-21,Porto,Pacos Ferreira,6.0,1.0,1.12,8.5,23.0,1.47,2.56,17.0,6.0,12.0,3.0,6.0,2.0
2017-10-21,Setubal,Maritimo,3.0,1.0,2.37,3.0,3.25,2.6,1.46,14.0,4.0,6.0,3.0,6.0,2.0
2017-10-22,Aves,Benfica,1.0,3.0,8.0,4.75,1.36,1.77,2.0,8.0,17.0,3.0,12.0,5.0,10.0
2017-10-22,Sp Lisbon,Chaves,5.0,1.0,1.19,6.5,13.0,1.54,2.38,8.0,7.0,5.0,2.0,4.0,4.0
2017-10-22,Tondela,Belenenses,2.0,0.0,2.45,3.0,3.1,2.21,1.62,16.0,8.0,5.0,2.0,2.0,1.0
2017-10-23,Guimaraes,Portimonense,3.0,3.0,1.83,3.39,4.5,1.92,1.85,14.0,8.0,8.0,6.0,8.0,3.0
2017-10-23,Moreirense,Sp Braga,0.0,1.0,3.75,3.2,2.04,2.2,1.63,1.0,13.0,1.0,6.0,4.0,7.0
2017-10-27,Benfica,Feirense,1.0,0.0,1.14,8.5,13.0,1.41,2.77,11.0,6.0,5.0,4.0,7.0,6.0
2017-10-27,Rio Ave,Sp Lisbon,0.0,1.0,7.5,3.6,1.53,2.05,1.74,19.0,5.0,5.0,1.0,8.0,3.0
2017-10-28,Belenenses,Moreirense,3.0,0.0,2.1,3.0,4.0,2.34,1.56,7.0,9.0,4.0,2.0,3.0,6.0
2017-10-28,Boavista,Porto,0.0,3.0,9.0,4.5,1.36,2.04,1.74,6.0,12.0,1.0,6.0,7.0,5.0
2017-10-28,Maritimo,Tondela,2.0,0.0,1.95,3.2,4.2,2.35,1.56,7.0,9.0,4.0,3.0,3.0,2.0
2017-10-29,Aves,Guimaraes,1.0,3.0,2.45,3.0,3.1,2.13,1.68,12.0,9.0,4.0,5.0,6.0,1.0
2017-10-29,Pacos Ferreira,Estoril,1.0,0.0,2.04,3.1,4.0,2.17,1.65,5.0,6.0,1.0,1.0,6.0,7.0
2017-10-29,Sp Braga,Chaves,1.0,0.0,1.53,4.0,6.0,1.84,1.93,8.0,6.0,5.0,2.0,12.0,5.0
2017-10-30,Portimonense,Setubal,5.0,2.0,2.14,3.1,3.6,2.22,1.62,13.0,7.0,11.0,4.0,4.0,2.0
2017-11-03,Setubal,Aves,0.0,1.0,2.1,3.2,3.6,2.31,1.58,7.0,6.0,4.0,5.0,2.0,7.0
2017-11-04,Estoril,Rio Ave,0.0,2.0,3.6,3.1,2.14,2.2,1.64,8.0,12.0,3.0,8.0,2.0,5.0
2017-11-04,Moreirense,Portimonense,1.0,1.0,2.39,3.1,3.1,1.96,1.81,7.0,12.0,5.0,4.0,3.0,4.0
2017-11-04,Porto,Belenenses,2.0,0.0,1.1,9.0,21.0,1.47,2.58,17.0,6.0,9.0,3.0,8.0,3.0
2017-11-04,Tondela,Boavista,3.0,2.0,2.37,3.0,3.25,2.52,1.49,15.0,11.0,6.0,4.0,3.0,9.0
2017-11-05,Chaves,Pacos Ferreira,4.0,2.0,2.04,3.1,4.0,2.25,1.61,12.0,12.0,7.0,6.0,7.0,4.0
2017-11-05,Feirense,Maritimo,0.0,1.0,2.39,3.0,3.2,2.35,1.55,8.0,6.0,1.0,4.0,9.0,4.0
2017-11-05,Guimaraes,Benfica,1.0,3.0,6.5,3.6,1.57,1.76,2.02,6.0,9.0,1.0,5.0,7.0,5.0
2017-11-05,Sp Lisbon,Sp Braga,2.0,2.0,1.44,4.2,7.5,1.82,1.96,11.0,8.0,6.0,4.0,5.0,9.0
2017-11-24,Belenenses,Chaves,0.0,1.0,2.25,3.1,3.39,2.2,1.64,8.0,8.0,4.0,1.0,10.0,4.0
2017-11-25,Aves,Porto,1.0,1.0,11.0,5.0,1.3,1.71,2.08,11.0,8.0,3.0,1.0,2.0,4.0
2017-11-25,Boavista,Moreirense,1.0,0.0,2.04,3.25,3.75,2.63,1.45,10.0,6.0,3.0,1.0,3.0,6.0
2017-11-25,Portimonense,Tondela,2.0,0.0,1.9,3.5,3.89,1.93,1.83,13.0,8.0,7.0,3.0,5.0,5.0
2017-11-26,Benfica,Setubal,6.0,0.0,1.18,7.0,13.0,1.59,2.28,17.0,3.0,12.0,2.0,12.0,2.0
2017-11-26,Maritimo,Estoril,0.0,0.0,2.0,3.2,4.0,2.15,1.66,2.0,13.0,1.0,4.0,2.0,6.0
2017-11-26,Pacos Ferreira,Sp Lisbon,1.0,2.0,8.0,4.75,1.36,1.84,1.93,12.0,7.0,5.0,5.0,10.0,5.0
2017-11-27,Rio Ave,Guimaraes,0.0,1.0,2.0,3.39,3.75,2.08,1.71,11.0,6.0,4.0,2.0,12.0,5.0
2017-11-27,Sp Braga,Feirense,3.0,1.0,1.44,4.2,7.5,1.81,1.95,10.0,8.0,7.0,4.0,6.0,3.0
2017-12-01,Porto,Benfica,0.0,0.0,1.75,3.5,4.75,2.06,1.73,9.0,3.0,5.0,1.0,7.0,5.0
2017-12-01,Sp Lisbon,Belenenses,1.0,0.0,1.18,7.0,14.0,1.53,2.4,8.0,8.0,4.0,3.0,5.0,3.0
2017-12-02,Chaves,Boavista,0.0,0.0,2.04,3.0,4.09,2.42,1.53,9.0,7.0,3.0,5.0,6.0,1.0
2017-12-02,Moreirense,Maritimo,1.0,1.0,2.5,3.0,3.0,2.5,1.5,11.0,2.0,5.0,2.0,8.0,3.0
2017-12-02,Tondela,Rio Ave,1.0,3.0,2.89,3.25,2.39,2.25,1.61,4.0,7.0,2.0,3.0,4.0,2.0
2017-12-03,Feirense,Aves,0.0,1.0,2.45,3.1,3.0,2.26,1.6,6.0,15.0,3.0,8.0,4.0,9.0
2017-12-03,Setubal,Guimaraes,1.0,2.0,3.1,3.1,2.39,2.23,1.61,13.0,6.0,4.0,2.0,7.0,3.0
2017-12-03,Sp Braga,Pacos Ferreira,3.0,0.0,1.44,4.2,7.5,1.78,2.01,11.0,2.0,6.0,1.0,8.0,4.0
2017-12-04,Estoril,Portimonense,0.0,0.0,2.45,3.1,3.0,1.84,1.92,14.0,7.0,6.0,2.0,7.0,4.0
2017-12-08,Rio Ave,Moreirense,2.0,1.0,1.64,3.5,5.75,2.29,1.6,11.0,4.0,6.0,2.0,3.0,1.0
2017-12-09,Aves,Tondela,0.0,1.0,1.95,3.29,4.0,2.19,1.65,16.0,10.0,8.0,4.0,1.0,4.0
2017-12-09,Benfica,Estoril,3.0,1.0,1.12,8.0,21.0,1.42,2.77,7.0,7.0,3.0,5.0,5.0,9.0
2017-12-09,Boavista,Sp Lisbon,1.0,3.0,7.0,4.33,1.44,2.09,1.72,4.0,9.0,2.0,6.0,2.0,5.0
2017-12-10,Belenenses,Pacos Ferreira,1.0,1.0,1.95,3.2,4.2,2.25,2.85,11.0,6.0,4.0,3.0,10.0,3.0
2017-12-10,Portimonense,Chaves,0.0,1.0,2.04,3.39,3.5,1.86,1.91,14.0,3.0,7.0,1.0,8.0,7.0
2017-12-10,Setubal,Porto,0.0,5.0,15.0,6.5,1.18,1.74,2.05,4.0,14.0,1.0,9.0,2.0,7.0
2017-12-11,Guimaraes,Feirense,1.0,0.0,1.61,3.6,6.0,2.01,1.76,9.0,2.0,3.0,0.0,8.0,2.0
2017-12-11,Maritimo,Sp Braga,1.0,0.0,3.29,3.25,2.2,2.31,1.58,5.0,7.0,2.0,2.0,2.0,4.0
2017-12-15,Pacos Ferreira,Boavista,1.0,2.0,2.5,3.0,3.0,2.61,1.47,11.0,5.0,6.0,4.0,4.0,4.0
2017-12-16,Estoril,Aves,3.0,2.0,2.25,3.1,3.39,2.14,1.68,17.0,6.0,11.0,4.0,5.0,3.0
2017-12-16,Sp Braga,Belenenses,4.0,0.0,1.39,4.33,8.5,1.85,1.94,12.0,3.0,6.0,2.0,1.0,3.0
2017-12-17,Chaves,Rio Ave,1.0,1.0,2.75,3.0,2.75,2.34,1.57,10.0,9.0,7.0,5.0,9.0,4.0
2017-12-17,Feirense,Setubal,1.0,0.0,2.25,3.0,3.5,2.56,1.48,3.0,4.0,1.0,2.0,4.0,2.0
2017-12-17,Sp Lisbon,Portimonense,2.0,0.0,1.19,6.5,13.0,1.44,2.68,11.0,6.0,6.0,1.0,3.0,2.0
2017-12-17,Tondela,Benfica,1.0,5.0,9.5,4.33,1.36,1.75,2.04,2.0,8.0,1.0,7.0,2.0,6.0
2017-12-18,Moreirense,Guimaraes,2.0,1.0,3.0,3.0,2.5,2.23,1.62,8.0,10.0,5.0,4.0,5.0,8.0
2017-12-18,Porto,Maritimo,3.0,1.0,1.12,8.0,19.0,1.54,2.4,15.0,4.0,5.0,2.0,9.0,1.0
2017-12-23,Guimaraes,Tondela,0.0,1.0,1.55,3.75,6.5,1.89,1.89,14.0,8.0,6.0,3.0,9.0,4.0
2018-01-03,Aves,Moreirense,1.0,2.0,2.04,3.2,3.75,2.31,1.58,17.0,8.0,7.0,3.0,6.0,5.0
2018-01-03,Benfica,Sp Lisbon,1.0,1.0,2.1,3.2,3.6,2.09,1.71,14.0,5.0,3.0,3.0,10.0,5.0
2018-01-03,Boavista,Sp Braga,1.0,3.0,3.75,3.1,2.1,2.4,1.54,6.0,5.0,5.0,4.0,6.0,2.0
2018-01-03,Feirense,Porto,1.0,2.0,17.0,5.75,1.19,1.73,2.08,2.0,10.0,2.0,5.0,2.0,10.0
2018-01-03,Maritimo,Chaves,1.0,2.0,2.0,3.2,4.0,2.31,1.58,13.0,10.0,7.0,5.0,6.0,3.0
2018-01-03,Rio Ave,Pacos Ferreira,4.0,2.0,1.8,3.39,4.75,2.17,1.66,15.0,8.0,8.0,5.0,5.0,3.0
2018-01-04,Portimonense,Belenenses,0.0,0.0,2.2,3.2,3.39,2.04,1.74,12.0,7.0,3.0,3.0,3.0,3.0
2018-01-04,Setubal,Estoril,2.0,2.0,2.29,3.1,3.29,2.3,1.58,5.0,8.0,3.0,3.0,8.0,4.0
2018-01-06,Sp Braga,Rio Ave,2.0,1.0,1.8,3.5,4.5,2.04,1.76,12.0,12.0,4.0,5.0,5.0,5.0
2018-01-07,Chaves,Aves,1.0,1.0,2.0,3.2,4.0,2.2,1.64,9.0,8.0,5.0,5.0,9.0,0.0
2018-01-07,Moreirense,Benfica,0.0,2.0,11.0,5.75,1.25,1.64,2.19,5.0,13.0,2.0,11.0,2.0,10.0
2018-01-07,Porto,Guimaraes,4.0,2.0,1.14,8.0,15.0,1.48,2.55,14.0,4.0,8.0,2.0,5.0,3.0
2018-01-07,Sp Lisbon,Maritimo,5.0,0.0,1.19,6.5,13.0,1.69,2.12,13.0,6.0,6.0,2.0,7.0,5.0
2018-01-08,Estoril,Feirense,0.0,2.0,2.0,3.25,3.89,2.2,1.64,6.0,2.0,1.0,2.0,5.0,4.0
2018-01-08,Pacos Ferreira,Portimonense,1.0,1.0,2.5,3.1,2.89,2.03,1.75,11.0,7.0,5.0,5.0,10.0,3.0
2018-01-09,Belenenses,Boavista,1.0,1.0,2.29,3.0,3.29,2.95,1.38,7.0,6.0,4.0,4.0,5.0,4.0
2018-01-09,Tondela,Setubal,1.0,1.0,2.14,3.1,3.6,2.28,1.61,11.0,5.0,2.0,2.0,4.0,7.0
2018-01-12,Chaves,Guimaraes,4.0,3.0,2.39,3.25,2.89,2.01,1.78,19.0,10.0,8.0,7.0,5.0,2.0
2018-01-13,Pacos Ferreira,Maritimo,0.0,0.0,2.29,3.1,3.2,2.34,1.57,9.0,3.0,1.0,2.0,8.0,1.0
2018-01-13,Sp Braga,Benfica,1.0,3.0,3.79,3.2,2.04,1.96,1.83,9.0,10.0,5.0,7.0,4.0,2.0
2018-01-14,Belenenses,Rio Ave,1.0,2.0,2.89,3.0,2.6,2.29,1.59,8.0,6.0,6.0,4.0,3.0,5.0
2018-01-14,Boavista,Portimonense,2.0,0.0,2.39,3.1,3.1,2.35,1.56,11.0,10.0,6.0,5.0,4.0,6.0
2018-01-14,Sp Lisbon,Aves,3.0,0.0,1.14,8.0,19.0,1.46,2.62,11.0,6.0,5.0,3.0,4.0,7.0
2018-01-14,Tondela,Feirense,3.0,1.0,2.1,3.1,3.75,2.26,1.6,11.0,8.0,6.0,4.0,4.0,9.0
2018-01-15,Moreirense,Setubal,2.0,2.0,2.25,3.0,3.5,2.42,1.53,9.0,5.0,6.0,3.0,7.0,2.0
2018-01-19,Porto,Tondela,1.0,0.0,1.11,9.0,19.0,1.36,3.0,17.0,2.0,10.0,0.0,12.0,7.0
2018-01-19,Setubal,Sp Lisbon,1.0,1.0,8.5,4.75,1.36,1.84,1.95,3.0,10.0,1.0,2.0,0.0,8.0
2018-01-20,Benfica,Chaves,3.0,0.0,1.19,6.5,13.0,1.5,2.52,11.0,6.0,8.0,1.0,8.0,2.0
2018-01-20,Maritimo,Belenenses,0.0,0.0,2.29,3.0,3.39,2.49,1.51,3.0,10.0,1.0,3.0,2.0,4.0
2018-01-20,Portimonense,Sp Braga,1.0,2.0,3.75,3.39,2.0,1.89,1.9,11.0,4.0,4.0,2.0,6.0,2.0
2018-01-21,Aves,Pacos Ferreira,0.0,2.0,2.1,3.1,3.7,2.08,1.72,10.0,8.0,4.0,5.0,12.0,7.0
2018-01-21,Feirense,Moreirense,1.0,0.0,2.45,3.0,3.1,2.44,1.52,1.0,9.0,1.0,4.0,2.0,6.0
2018-01-21,Guimaraes,Estoril,3.0,1.0,1.75,3.5,4.75,1.81,1.97,13.0,13.0,7.0,5.0,10.0,3.0
2018-01-21,Rio Ave,Boavista,2.0,0.0,1.9,3.29,4.2,2.37,1.56,12.0,7.0,9.0,3.0,3.0,7.0
2018-01-29,Belenenses,Benfica,1.0,1.0,9.0,4.5,1.36,1.86,1.91,5.0,6.0,2.0,2.0,7.0,6.0
2018-01-29,Pacos Ferreira,Feirense,2.0,1.0,1.95,3.1,4.33,2.35,1.57,8.0,6.0,3.0,5.0,6.0,6.0
2018-01-29,Portimonense,Rio Ave,4.0,1.0,2.37,3.1,3.1,1.94,1.84,10.0,5.0,7.0,1.0,1.0,3.0
2018-01-30,Estoril,Tondela,3.0,0.0,2.04,3.0,4.09,2.07,1.73,10.0,6.0,4.0,2.0,1.0,4.0
2018-01-30,Moreirense,Porto,0.0,0.0,15.0,5.5,1.22,1.72,2.07,1.0,12.0,0.0,2.0,2.0,4.0
2018-01-30,Sp Braga,Aves,2.0,0.0,1.44,4.2,7.5,1.74,2.06,15.0,6.0,8.0,2.0,4.0,6.0
2018-01-31,Boavista,Maritimo,2.0,1.0,2.14,3.0,3.79,2.86,1.39,12.0,6.0,8.0,2.0,2.0,3.0
2018-01-31,Chaves,Setubal,2.0,2.0,2.0,3.2,4.0,2.18,1.65,7.0,8.0,5.0,5.0,4.0,8.0
2018-01-31,Sp Lisbon,Guimaraes,1.0,0.0,1.28,5.5,9.5,1.5,2.5,12.0,7.0,5.0,4.0,9.0,3.0
2018-02-03,Benfica,Rio Ave,5.0,1.0,1.25,5.5,12.0,1.57,2.34,13.0,2.0,8.0,1.0,10.0,3.0
2018-02-03,Porto,Sp Braga,3.0,1.0,1.3,5.0,11.0,1.76,2.03,11.0,7.0,6.0,3.0,7.0,3.0
2018-02-04,Estoril,Sp Lisbon,2.0,0.0,7.5,4.2,1.44,1.79,1.99,13.0,11.0,6.0,7.0,10.0,16.0
2018-02-04,Feirense,Chaves,1.0,2.0,2.7,3.0,2.75,2.32,1.57,6.0,8.0,1.0,5.0,8.0,5.0
2018-02-04,Guimaraes,Pacos Ferreira,3.0,2.0,1.66,3.6,5.25,1.96,1.82,8.0,5.0,4.0,1.0,6.0,4.0
2018-02-04,Tondela,Moreirense,1.0,2.0,2.2,3.1,3.5,2.3,1.58,12.0,7.0,6.0,5.0,7.0,4.0
2018-02-05,Maritimo,Portimonense,0.0,3.0,2.7,3.0,2.79,2.2,1.64,9.0,8.0,2.0,3.0,7.0,1.0
2018-02-05,Setubal,Belenenses,3.0,0.0,2.29,3.1,3.29,2.39,1.54,11.0,4.0,4.0,2.0,3.0,7.0
2018-02-06,Aves,Boavista,3.0,0.0,2.25,3.0,3.5,2.42,1.53,14.0,3.0,7.0,1.0,5.0,5.0
2018-02-09,Pacos Ferreira,Tondela,0.0,2.0,2.14,3.0,3.75,2.17,1.66,7.0,6.0,2.0,3.0,2.0,7.0
2018-02-10,Portimonense,Benfica,1.0,3.0,6.5,4.09,1.5,1.66,2.17,6.0,11.0,2.0,7.0,5.0,4.0
2018-02-10,Rio Ave,Maritimo,3.0,0.0,1.72,3.39,5.25,2.13,1.69,7.0,4.0,5.0,2.0,4.0,2.0
2018-02-10,Sp Braga,Setubal,3.0,1.0,1.39,4.0,10.0,1.8,1.98,10.0,3.0,6.0,3.0,7.0,2.0
2018-02-11,Belenenses,Aves,2.0,5.0,2.25,3.0,3.5,2.25,1.61,9.0,6.0,3.0,4.0,4.0,5.0
2018-02-11,Boavista,Guimaraes,1.0,0.0,2.62,2.89,3.0,2.15,1.67,11.0,5.0,4.0,2.0,4.0,4.0
2018-02-11,Chaves,Porto,0.0,4.0,7.5,4.75,1.36,1.79,1.98,5.0,12.0,2.0,6.0,1.0,3.0
2018-02-11,Sp Lisbon,Feirense,2.0,0.0,1.16,6.5,17.0,1.57,2.32,17.0,5.0,10.0,1.0,15.0,5.0
2018-02-12,Moreirense,Estoril,1.0,2.0,2.39,3.1,3.1,2.18,1.65,7.0,7.0,2.0,4.0,1.0,3.0
2018-02-16,Feirense,Portimonense,1.0,3.0,3.1,3.1,2.39,2.16,1.67,10.0,10.0,4.0,7.0,6.0,3.0
2018-02-17,Aves,Maritimo,0.0,0.0,1.75,3.39,5.0,2.21,1.63,7.0,4.0,3.0,1.0,6.0,5.0
2018-02-17,Benfica,Boavista,4.0,0.0,1.18,6.5,15.0,1.57,2.33,15.0,4.0,11.0,1.0,9.0,6.0
2018-02-17,Estoril,Belenenses,0.0,2.0,1.9,3.25,4.33,2.15,1.67,10.0,8.0,3.0,4.0,6.0,4.0
2018-02-18,Guimaraes,Sp Braga,0.0,5.0,2.45,3.2,2.89,1.98,1.8,5.0,13.0,0.0,7.0,8.0,6.0
2018-02-18,Moreirense,Chaves,0.0,1.0,2.54,3.2,2.79,2.2,1.64,6.0,2.0,1.0,2.0,8.0,0.0
2018-02-18,Porto,Rio Ave,5.0,0.0,1.16,7.0,15.0,1.47,2.56,12.0,5.0,7.0,4.0,9.0,4.0
2018-02-18,Setubal,Pacos Ferreira,1.0,0.0,2.25,3.2,3.29,2.28,1.59,8.0,11.0,2.0,2.0,2.0,3.0
2018-02-19,Tondela,Sp Lisbon,1.0,2.0,6.5,4.5,1.44,1.94,1.84,7.0,16.0,3.0,6.0,5.0,9.0
2018-02-21,Estoril,Porto,1.0,3.0,12.0,5.5,1.25,1.57,2.32,11.0,24.0,3.0,13.0,3.0,7.0
2018-02-23,Rio Ave,Aves,0.0,0.0,2.04,3.39,3.6,2.01,1.78,13.0,8.0,6.0,4.0,8.0,2.0
2018-02-24,Belenenses,Feirense,1.0,0.0,1.85,3.39,4.33,2.3,1.59,7.0,3.0,4.0,1.0,9.0,2.0
2018-02-24,Maritimo,Guimaraes,3.0,2.0,3.1,3.1,2.37,2.16,1.66,7.0,4.0,4.0,2.0,6.0,1.0
2018-02-24,Pacos Ferreira,Benfica,1.0,3.0,9.0,4.5,1.36,1.74,2.05,7.0,11.0,3.0,7.0,2.0,12.0
2018-02-25,Boavista,Setubal,4.0,0.0,2.14,3.1,3.6,2.43,1.53,9.0,8.0,5.0,2.0,5.0,5.0
2018-02-25,Chaves,Estoril,2.0,0.0,1.95,3.29,4.0,2.04,1.75,6.0,12.0,4.0,3.0,7.0,10.0
2018-02-25,Portimonense,Porto,1.0,5.0,8.0,4.75,1.36,1.63,2.21,9.0,7.0,5.0,6.0,1.0,4.0
2018-02-26,Sp Braga,Tondela,1.0,0.0,1.3,5.0,10.0,1.74,2.05,16.0,6.0,11.0,2.0,9.0,4.0
2018-02-26,Sp Lisbon,Moreirense,1.0,0.0,1.16,7.0,15.0,1.62,2.23,13.0,8.0,7.0,3.0,4.0,5.0
2018-03-02,Porto,Sp Lisbon,2.0,1.0,1.57,3.6,6.5,2.05,1.75,8.0,11.0,3.0,5.0,7.0,9.0
2018-03-03,Benfica,Maritimo,5.0,0.0,1.16,7.0,15.0,1.46,2.61,14.0,4.0,7.0,1.0,6.0,2.0
2018-03-03,Estoril,Sp Braga,0.0,6.0,4.2,3.29,1.9,1.9,1.87,13.0,10.0,3.0,6.0,5.0,4.0
2018-03-03,Feirense,Boavista,3.0,0.0,2.87,3.0,2.62,2.58,1.48,14.0,6.0,8.0,5.0,7.0,8.0
2018-03-04,Guimaraes,Belenenses,0.0,0.0,1.8,3.5,4.5,1.98,1.8,10.0,6.0,6.0,3.0,4.0,5.0
2018-03-04,Moreirense,Pacos Ferreira,2.0,0.0,2.25,3.25,3.2,2.29,1.59,10.0,7.0,7.0,6.0,12.0,7.0
2018-03-04,Setubal,Rio Ave,1.0,0.0,2.54,3.2,2.79,2.2,1.64,7.0,6.0,4.0,2.0,5.0,5.0
2018-03-04,Tondela,Chaves,2.0,0.0,2.75,3.2,2.6,2.11,1.7,9.0,12.0,7.0,5.0,4.0,8.0
2018-03-05,Aves,Portimonense,3.0,0.0,2.39,3.2,3.0,1.92,1.85,11.0,9.0,6.0,2.0,3.0,4.0
2018-03-09,Sp Braga,Moreirense,3.0,0.0,1.44,4.5,6.5,1.86,1.93,12.0,9.0,4.0,0.0,4.0,15.0
2018-03-10,Benfica,Aves,2.0,0.0,1.14,8.0,15.0,1.38,2.91,12.0,6.0,7.0,1.0,14.0,1.0
2018-03-10,Boavista,Estoril,1.0,0.0,2.04,3.2,3.79,2.15,1.67,5.0,7.0,2.0,3.0,4.0,3.0
2018-03-10,Rio Ave,Feirense,2.0,1.0,1.6,3.5,7.0,2.12,1.69,10.0,7.0,6.0,6.0,6.0,3.0
2018-03-11,Belenenses,Tondela,0.0,0.0,1.9,3.25,4.33,2.24,1.62,8.0,8.0,1.0,2.0,4.0,7.0
2018-03-11,Maritimo,Setubal,4.0,2.0,2.2,3.1,3.5,2.39,1.54,10.0,6.0,8.0,5.0,3.0,3.0
2018-03-11,Pacos Ferreira,Porto,1.0,0.0,11.0,5.75,1.25,1.64,2.19,9.0,9.0,4.0,3.0,3.0,15.0
2018-03-11,Portimonense,Guimaraes,2.0,1.0,2.04,3.29,3.6,1.84,1.93,16.0,4.0,6.0,4.0,6.0,5.0
2018-03-12,Chaves,Sp Lisbon,1.0,2.0,6.5,3.6,1.57,1.93,1.85,10.0,10.0,6.0,6.0,9.0,5.0
2018-03-16,Setubal,Portimonense,1.0,1.0,2.39,3.25,2.89,2.02,1.77,7.0,5.0,3.0,4.0,5.0,7.0
2018-03-17,Estoril,Pacos Ferreira,1.0,1.0,2.2,3.29,3.25,2.02,1.76,10.0,6.0,4.0,4.0,4.0,3.0
2018-03-17,Feirense,Benfica,0.0,2.0,15.0,6.0,1.19,1.7,2.11,4.0,25.0,1.0,16.0,0.0,9.0
2018-03-17,Porto,Boavista,2.0,0.0,1.11,8.5,21.0,1.49,2.55,9.0,4.0,5.0,2.0,10.0,3.0
2018-03-17,Tondela,Maritimo,1.0,2.0,2.25,3.1,3.39,2.34,1.57,6.0,9.0,2.0,8.0,5.0,6.0
2018-03-18,Chaves,Sp Braga,1.0,4.0,3.75,3.39,2.0,1.95,1.82,11.0,12.0,5.0,8.0,2.0,6.0
2018-03-18,Guimaraes,Aves,2.0,1.0,2.04,3.39,3.5,1.94,1.83,9.0,10.0,5.0,6.0,2.0,2.0
2018-03-18,Moreirense,Belenenses,2.0,1.0,2.45,3.0,3.1,2.39,1.54,9.0,5.0,6.0,4.0,9.0,4.0
2018-03-18,Sp Lisbon,Rio Ave,2.0,0.0,1.25,6.0,10.0,1.63,2.21,11.0,3.0,6.0,1.0,7.0,1.0
2018-03-29,Aves,Setubal,1.0,4.0,2.04,3.29,3.6,2.14,1.68,5.0,10.0,2.0,6.0,7.0,3.0
2018-03-30,Boavista,Tondela,1.0,1.0,2.0,3.25,3.89,2.28,1.6,7.0,5.0,6.0,3.0,8.0,12.0
2018-03-30,Maritimo,Feirense,4.0,1.0,1.75,3.39,5.0,2.23,1.62,13.0,10.0,10.0,7.0,13.0,3.0
2018-03-30,Rio Ave,Estoril,2.0,0.0,1.8,3.5,4.5,1.85,1.92,9.0,11.0,9.0,5.0,3.0,6.0
2018-03-31,Benfica,Guimaraes,2.0,0.0,1.16,7.0,15.0,1.38,2.87,13.0,3.0,6.0,2.0,5.0,4.0
2018-03-31,Pacos Ferreira,Chaves,2.0,0.0,2.45,3.1,3.0,2.12,1.69,6.0,9.0,2.0,3.0,9.0,5.0
2018-03-31,Portimonense,Moreirense,4.0,3.0,1.9,3.29,4.2,2.01,1.77,8.0,9.0,5.0,7.0,5.0,1.0
2018-03-31,Sp Braga,Sp Lisbon,1.0,0.0,2.87,3.39,2.37,2.1,1.7,13.0,6.0,6.0,2.0,4.0,4.0
2018-04-02,Belenenses,Porto,2.0,0.0,13.0,5.25,1.25,1.7,2.1,4.0,17.0,3.0,8.0,0.0,9.0
2018-04-06,Guimaraes,Rio Ave,3.0,0.0,2.2,3.29,3.29,1.89,1.88,11.0,12.0,6.0,4.0,5.0,7.0
2018-04-07,Estoril,Maritimo,1.0,1.0,2.2,3.1,3.5,2.05,1.74,13.0,4.0,4.0,2.0,5.0,4.0
2018-04-07,Feirense,Sp Braga,2.0,2.0,6.0,3.79,1.57,1.92,1.85,15.0,10.0,4.0,4.0,4.0,6.0
2018-04-07,Setubal,Benfica,1.0,2.0,11.0,5.25,1.28,1.69,2.12,6.0,9.0,2.0,5.0,3.0,5.0
2018-04-07,Tondela,Portimonense,2.0,2.0,2.45,3.0,3.1,1.95,1.83,8.0,12.0,4.0,7.0,3.0,5.0
2018-04-08,Chaves,Belenenses,1.0,1.0,2.2,3.0,3.6,2.24,1.61,11.0,9.0,3.0,6.0,4.0,5.0
2018-04-08,Porto,Aves,2.0,0.0,1.12,8.0,19.0,1.41,2.75,16.0,4.0,8.0,0.0,7.0,4.0
2018-04-08,Sp Lisbon,Pacos Ferreira,2.0,0.0,1.14,7.5,17.0,1.45,2.63,8.0,4.0,5.0,2.0,5.0,4.0
2018-04-09,Moreirense,Boavista,1.0,0.0,2.5,3.0,3.0,2.46,1.51,7.0,5.0,4.0,3.0,7.0,7.0
2018-04-13,Pacos Ferreira,Sp Braga,1.0,5.0,4.0,3.6,1.85,1.82,1.96,6.0,13.0,3.0,10.0,7.0,10.0
2018-04-14,Aves,Feirense,1.0,0.0,1.75,3.39,5.0,2.05,1.74,4.0,7.0,2.0,1.0,5.0,6.0
2018-04-14,Boavista,Chaves,3.0,3.0,2.25,3.1,3.39,2.25,1.61,12.0,8.0,5.0,4.0,4.0,2.0
2018-04-14,Guimaraes,Setubal,1.0,1.0,1.7,3.6,5.0,2.0,1.78,5.0,6.0,4.0,1.0,3.0,6.0
2018-04-14,Portimonense,Estoril,0.0,1.0,2.04,3.5,3.39,1.71,2.09,8.0,9.0,3.0,4.0,7.0,7.0
2018-04-15,Belenenses,Sp Lisbon,3.0,4.0,6.5,3.6,1.57,1.99,1.78,9.0,10.0,6.0,6.0,3.0,4.0
2018-04-15,Benfica,Porto,0.0,1.0,2.29,3.2,3.1,2.1,1.7,5.0,6.0,2.0,2.0,7.0,3.0
2018-04-15,Maritimo,Moreirense,1.0,1.0,2.04,3.29,3.6,2.14,1.67,10.0,4.0,5.0,1.0,5.0,3.0
2018-04-16,Rio Ave,Tondela,1.0,1.0,1.7,3.5,5.25,1.95,1.82,8.0,6.0,3.0,4.0,9.0,5.0
2018-04-20,Sp Braga,Maritimo,2.0,0.0,1.33,4.75,10.0,1.59,2.29,11.0,3.0,4.0,2.0,9.0,8.0
2018-04-21,Estoril,Benfica,1.0,2.0,8.5,5.0,1.36,1.6,2.26,7.0,10.0,3.0,7.0,3.0,3.0
2018-04-21,Feirense,Guimaraes,2.0,1.0,2.62,3.1,2.75,2.02,1.76,13.0,9.0,7.0,3.0,5.0,4.0
2018-04-21,Pacos Ferreira,Belenenses,1.0,1.0,2.0,3.2,4.0,2.08,1.72,10.0,7.0,4.0,3.0,6.0,3.0
2018-04-22,Chaves,Portimonense,2.0,1.0,2.2,3.25,3.29,1.71,2.09,13.0,13.0,9.0,7.0,11.0,4.0
2018-04-22,Moreirense,Rio Ave,2.0,1.0,2.45,3.1,3.0,2.04,1.74,8.0,12.0,5.0,4.0,4.0,14.0
2018-04-22,Sp Lisbon,Boavista,1.0,0.0,1.22,5.5,15.0,1.65,2.17,13.0,1.0,8.0,0.0,9.0,3.0
2018-04-22,Tondela,Aves,3.0,0.0,2.5,3.0,3.0,2.08,1.72,5.0,9.0,4.0,4.0,5.0,10.0
2018-04-23,Porto,Setubal,5.0,1.0,1.12,7.5,21.0,1.42,2.73,6.0,7.0,5.0,3.0,3.0,3.0
2018-04-27,Guimaraes,Moreirense,1.0,0.0,1.8,3.5,4.5,1.91,1.87,10.0,2.0,3.0,2.0,2.0,3.0
2018-04-28,Benfica,Tondela,2.0,3.0,1.12,8.0,19.0,1.35,3.08,15.0,3.0,8.0,3.0,14.0,0.0
2018-04-28,Portimonense,Sp Lisbon,1.0,2.0,8.5,4.75,1.36,1.48,2.56,8.0,14.0,4.0,7.0,4.0,5.0
2018-04-28,Setubal,Feirense,0.0,2.0,1.8,3.39,4.75,2.17,1.66,9.0,7.0,3.0,4.0,6.0,4.0
2018-04-29,Belenenses,Sp Braga,0.0,1.0,7.0,4.0,1.5,1.8,1.96,8.0,14.0,2.0,7.0,5.0,5.0
2018-04-29,Boavista,Pacos Ferreira,1.0,0.0,2.37,3.0,3.25,2.21,1.63,7.0,2.0,3.0,1.0,1.0,7.0
2018-04-29,Maritimo,Porto,0.0,1.0,13.0,6.0,1.22,1.72,2.07,2.0,12.0,1.0,6.0,3.0,7.0
2018-04-29,Rio Ave,Chaves,2.0,1.0,1.9,3.2,4.33,1.86,1.9,10.0,4.0,5.0,2.0,1.0,6.0
2018-04-30,Aves,Estoril,1.0,0.0,2.0,3.2,4.0,1.94,1.82,5.0,8.0,3.0,3.0,7.0,7.0
2018-05-04,Sp Braga,Boavista,1.0,1.0,1.22,6.0,12.0,1.56,2.36,11.0,11.0,6.0,2.0,6.0,3.0
2018-05-05,Belenenses,Portimonense,3.0,2.0,2.37,3.1,3.1,1.77,2.01,8.0,10.0,6.0,5.0,4.0,5.0
2018-05-05,Sp Lisbon,Benfica,0.0,0.0,2.14,3.0,3.79,1.96,1.82,5.0,5.0,1.0,1.0,8.0,3.0
2018-05-05,Tondela,Guimaraes,1.0,4.0,2.6,3.1,2.79,1.86,1.92,8.0,7.0,2.0,4.0,2.0,4.0
2018-05-06,Chaves,Maritimo,4.0,1.0,2.2,3.1,3.5,1.97,1.8,14.0,15.0,5.0,3.0,6.0,3.0
2018-05-06,Estoril,Setubal,2.0,1.0,2.1,3.2,3.6,2.03,1.75,8.0,14.0,5.0,4.0,0.0,10.0
2018-05-06,Moreirense,Aves,0.0,3.0,2.25,3.2,3.25,2.02,1.77,7.0,11.0,2.0,8.0,4.0,6.0
2018-05-06,Porto,Feirense,2.0,1.0,1.08,11.0,34.0,1.32,3.19,16.0,6.0,4.0,1.0,3.0,5.0
2018-05-07,Pacos Ferreira,Rio Ave,0.0,0.0,2.5,3.2,2.87,1.95,1.82,10.0,5.0,4.0,1.0,7.0,6.0
2018-05-11,Aves,Chaves,2.0,3.0,2.45,3.2,2.89,1.79,1.99,12.0,13.0,5.0,7.0,2.0,7.0
2018-05-12,Boavista,Belenenses,1.0,0.0,2.14,3.2,3.5,2.09,1.7,13.0,7.0,6.0,4.0,4.0,4.0
2018-05-12,Guimaraes,Porto,0.0,1.0,6.5,4.5,1.44,1.66,2.15,5.0,16.0,2.0,8.0,0.0,8.0
2018-05-13,Benfica,Moreirense,1.0,0.0,1.12,7.5,21.0,1.39,2.83,8.0,2.0,2.0,1.0,6.0,3.0
2018-05-13,Feirense,Estoril,0.0,0.0,2.0,3.5,3.6,1.79,1.98,8.0,13.0,4.0,5.0,1.0,5.0
2018-05-13,Maritimo,Sp Lisbon,2.0,1.0,10.0,5.25,1.3,1.76,2.02,5.0,7.0,2.0,2.0,4.0,8.0
2018-05-13,Portimonense,Pacos Ferreira,3.0,1.0,3.89,3.5,1.9,1.6,2.25,11.0,9.0,5.0,4.0,6.0,10.0
2018-05-13,Rio Ave,Sp Braga,1.0,0.0,4.33,3.6,1.8,1.75,2.03,7.0,8.0,4.0,3.0,7.0,9.0
2018-05-13,Setubal,Tondela,1.0,0.0,1.57,3.79,6.0,1.84,1.93,7.0,2.0,2.0,1.0,8.0,6.0
2018-08-10,Benfica,Guimaraes,3.0,2.0,1.25,5.75,11.0,1.53,2.44,9.0,9.0,7.0,5.0,5.0,2.0
2018-08-11,Porto,Chaves,5.0,0.0,1.14,7.0,21.0,1.51,2.49,14.0,2.0,6.0,0.0,7.0,0.0
2018-08-11,Setubal,Aves,2.0,0.0,2.25,3.1,3.4,2.37,1.56,13.0,2.0,5.0,1.0,9.0,3.0
2018-08-11,Tondela,Belenenses,0.0,1.0,2.25,3.1,3.4,2.31,1.58,14.0,6.0,4.0,3.0,10.0,5.0
2018-08-12,Feirense,Rio Ave,2.0,0.0,3.0,3.0,2.5,2.31,1.58,12.0,7.0,5.0,1.0,3.0,4.0
2018-08-12,Maritimo,Santa Clara,1.0,0.0,1.75,3.4,5.0,2.28,1.6,10.0,9.0,4.0,5.0,7.0,3.0
2018-08-12,Moreirense,Sp Lisbon,1.0,3.0,7.5,4.2,1.44,1.89,1.87,3.0,6.0,3.0,4.0,6.0,4.0
2018-08-12,Sp Braga,Nacional,4.0,2.0,1.33,5.0,8.5,1.65,2.18,16.0,10.0,12.0,8.0,4.0,2.0
2018-08-13,Portimonense,Boavista,0.0,2.0,2.14,3.1,3.6,2.34,1.56,8.0,9.0,3.0,4.0,9.0,4.0
2018-08-17,Aves,Tondela,2.0,2.0,2.14,3.0,3.8,2.21,1.64,16.0,12.0,6.0,5.0,5.0,9.0
2018-08-18,Boavista,Benfica,0.0,2.0,7.0,4.0,1.5,1.99,1.79,4.0,17.0,1.0,8.0,2.0,9.0
2018-08-18,Chaves,Portimonense,2.0,0.0,2.14,3.1,3.6,2.13,1.69,12.0,9.0,5.0,2.0,2.0,11.0
2018-08-18,Sp Lisbon,Setubal,2.0,1.0,1.25,5.5,12.0,1.62,2.25,17.0,9.0,5.0,3.0,7.0,3.0
2018-08-19,Belenenses,Porto,2.0,3.0,12.0,4.33,1.33,1.84,1.93,12.0,16.0,5.0,6.0,6.0,5.0
2018-08-19,Nacional,Moreirense,1.0,2.0,2.37,3.0,3.2,2.16,1.67,17.0,14.0,8.0,8.0,8.0,2.0
2018-08-19,Rio Ave,Maritimo,3.0,1.0,2.04,3.2,3.75,2.29,1.59,13.0,16.0,5.0,4.0,4.0,3.0
2018-08-19,Santa Clara,Sp Braga,3.0,3.0,5.5,3.75,1.61,1.94,1.83,12.0,14.0,8.0,8.0,5.0,4.0
2018-08-20,Guimaraes,Feirense,0.0,1.0,1.64,3.6,5.5,2.15,1.67,10.0,7.0,3.0,4.0,8.0,5.0
2018-08-24,Maritimo,Chaves,2.0,1.0,2.0,3.3,3.75,2.34,1.58,13.0,10.0,6.0,3.0,5.0,2.0
2018-08-25,Benfica,Sp Lisbon,1.0,1.0,2.0,3.2,4.0,2.13,1.69,19.0,11.0,10.0,4.0,11.0,1.0
2018-08-25,Portimonense,Santa Clara,2.0,2.0,2.1,3.2,3.6,2.08,1.72,26.0,9.0,11.0,3.0,6.0,5.0
2018-08-25,Porto,Guimaraes,2.0,3.0,1.14,7.5,17.0,1.49,2.52,18.0,8.0,10.0,3.0,8.0,3.0
2018-08-26,Feirense,Boavista,1.0,1.0,2.4,3.0,3.2,2.44,1.53,17.0,7.0,5.0,4.0,4.0,1.0
2018-08-26,Setubal,Nacional,1.0,2.0,2.0,3.2,4.0,2.11,1.7,11.0,11.0,4.0,4.0,4.0,2.0
2018-08-26,Sp Braga,Aves,3.0,1.0,1.3,5.25,9.5,1.63,2.22,20.0,8.0,6.0,4.0,9.0,1.0
2018-08-26,Tondela,Rio Ave,1.0,1.0,2.2,3.0,3.6,2.21,1.63,12.0,14.0,5.0,4.0,3.0,7.0
2018-08-27,Moreirense,Belenenses,1.0,1.0,2.14,3.1,3.6,2.3,1.59,17.0,9.0,7.0,3.0,8.0,1.0
2018-08-31,Chaves,Sp Braga,0.0,1.0,5.0,3.75,1.66,1.75,2.04,17.0,9.0,2.0,3.0,9.0,4.0
2018-08-31,Guimaraes,Tondela,1.0,0.0,1.61,3.6,6.0,2.07,1.73,6.0,9.0,2.0,3.0,2.0,10.0
2018-09-01,Belenenses,Setubal,0.0,0.0,2.4,3.1,3.1,2.15,1.68,8.0,6.0,4.0,2.0,2.0,5.0
2018-09-01,Santa Clara,Boavista,4.0,2.0,2.37,3.0,3.1,2.39,1.55,11.0,15.0,5.0,6.0,9.0,6.0
2018-09-01,Sp Lisbon,Feirense,1.0,0.0,1.3,5.25,9.5,1.73,2.07,26.0,6.0,12.0,2.0,9.0,0.0
2018-09-02,Aves,Maritimo,0.0,1.0,2.4,3.0,3.2,2.34,1.57,12.0,16.0,2.0,3.0,4.0,4.0
2018-09-02,Nacional,Benfica,0.0,4.0,8.5,4.75,1.36,1.66,2.17,5.0,16.0,2.0,7.0,2.0,5.0
2018-09-02,Porto,Moreirense,3.0,0.0,1.14,7.5,21.0,1.43,2.71,15.0,7.0,5.0,3.0,11.0,4.0
2018-09-02,Rio Ave,Portimonense,2.0,1.0,2.04,3.3,3.6,2.02,1.76,22.0,11.0,5.0,4.0,8.0,3.0
2018-09-21,Boavista,Chaves,1.0,2.0,2.2,3.1,3.5,2.5,1.5,19.0,7.0,4.0,3.0,10.0,2.0
2018-09-22,Maritimo,Belenenses,0.0,0.0,1.95,3.3,4.0,2.27,1.6,10.0,16.0,3.0,5.0,7.0,9.0
2018-09-22,Santa Clara,Rio Ave,1.0,3.0,2.5,3.1,2.9,2.06,1.75,20.0,10.0,8.0,4.0,11.0,3.0
2018-09-22,Setubal,Porto,0.0,2.0,12.0,5.0,1.28,1.7,2.12,10.0,11.0,2.0,4.0,6.0,2.0
2018-09-23,Benfica,Aves,2.0,0.0,1.16,7.0,15.0,1.46,2.58,26.0,12.0,7.0,4.0,13.0,3.0
2018-09-23,Feirense,Nacional,0.0,0.0,1.95,3.2,4.2,2.0,1.77,4.0,10.0,0.0,2.0,4.0,3.0
2018-09-23,Portimonense,Guimaraes,3.0,2.0,2.45,3.1,3.0,1.92,1.85,13.0,9.0,6.0,3.0,5.0,6.0
2018-09-23,Tondela,Moreirense,2.0,0.0,2.2,3.1,3.5,2.13,1.67,9.0,12.0,4.0,0.0,0.0,6.0
2018-09-24,Sp Braga,Sp Lisbon,1.0,0.0,2.5,3.2,2.87,2.03,1.74,13.0,12.0,4.0,3.0,5.0,4.0
2018-09-27,Chaves,Benfica,2.0,2.0,10.0,4.75,1.33,1.77,2.01,10.0,12.0,5.0,5.0,3.0,3.0
2018-09-28,Porto,Tondela,1.0,0.0,1.14,7.5,17.0,1.36,2.99,31.0,7.0,9.0,0.0,11.0,2.0
2018-09-29,Moreirense,Feirense,1.0,0.0,2.25,3.1,3.4,2.39,1.55,19.0,6.0,5.0,2.0,7.0,6.0
2018-09-29,Rio Ave,Boavista,2.0,1.0,1.9,3.25,4.2,2.28,1.6,19.0,15.0,4.0,5.0,7.0,9.0
2018-09-29,Sp Lisbon,Maritimo,2.0,0.0,1.33,5.0,9.0,1.69,2.14,12.0,7.0,3.0,1.0,4.0,1.0
2018-09-30,Belenenses,Sp Braga,0.0,3.0,4.75,3.6,1.72,1.86,1.91,8.0,18.0,0.0,8.0,6.0,4.0
2018-09-30,Guimaraes,Setubal,1.0,1.0,2.0,3.2,4.0,2.2,1.63,14.0,15.0,5.0,4.0,3.0,3.0
2018-09-30,Nacional,Santa Clara,0.0,3.0,2.04,3.2,3.75,1.89,1.87,12.0,12.0,1.0,4.0,6.0,10.0
2018-10-01,Aves,Portimonense,3.0,0.0,2.62,3.2,2.7,2.0,1.78,12.0,17.0,4.0,2.0,6.0,5.0
2018-10-05,Feirense,Belenenses,0.0,0.0,2.4,3.0,3.2,2.41,1.54,11.0,9.0,1.0,1.0,10.0,2.0
2018-10-05,Santa Clara,Chaves,1.0,0.0,2.25,3.1,3.4,2.07,1.73,12.0,8.0,4.0,2.0,7.0,7.0
2018-10-05,Tondela,Nacional,1.0,1.0,1.9,3.6,3.8,1.87,1.91,16.0,16.0,3.0,4.0,3.0,7.0
2018-10-06,Maritimo,Guimaraes,1.0,3.0,2.25,3.2,3.25,2.22,1.63,20.0,15.0,5.0,6.0,7.0,6.0
2018-10-06,Setubal,Moreirense,3.0,0.0,2.04,3.2,3.75,2.28,1.59,12.0,11.0,5.0,3.0,3.0,2.0
2018-10-06,Sp Braga,Rio Ave,1.0,1.0,1.4,4.5,7.5,1.65,2.18,13.0,8.0,5.0,3.0,4.0,7.0
2018-10-07,Benfica,Porto,1.0,0.0,2.45,3.1,3.0,2.05,1.73,10.0,11.0,2.0,1.0,2.0,4.0
2018-10-07,Boavista,Aves,1.0,0.0,2.0,3.4,3.75,2.3,1.58,20.0,11.0,5.0,2.0,11.0,4.0
2018-10-07,Portimonense,Sp Lisbon,4.0,2.0,4.75,3.6,1.72,1.71,2.08,12.0,17.0,6.0,5.0,5.0,5.0
2018-10-26,Guimaraes,Sp Braga,1.0,1.0,3.25,3.4,2.14,1.89,1.89,13.0,15.0,4.0,1.0,7.0,4.0
2018-10-26,Nacional,Portimonense,0.0,1.0,2.62,3.4,2.6,1.66,2.18,8.0,7.0,3.0,2.0,1.0,1.0
2018-10-27,Aves,Santa Clara,1.0,2.0,2.1,3.3,3.5,2.09,1.72,17.0,9.0,6.0,4.0,8.0,9.0
2018-10-27,Belenenses,Benfica,2.0,0.0,7.5,5.0,1.36,1.93,1.86,7.0,24.0,6.0,7.0,5.0,11.0
2018-10-27,Rio Ave,Chaves,1.0,0.0,1.95,3.5,3.75,1.8,1.98,7.0,12.0,5.0,2.0,3.0,8.0
2018-10-28,Moreirense,Maritimo,1.0,0.0,2.3,3.3,3.1,2.21,1.63,19.0,11.0,5.0,2.0,4.0,4.0
2018-10-28,Porto,Feirense,2.0,0.0,1.14,7.5,17.0,1.46,2.61,17.0,6.0,7.0,3.0,4.0,6.0
2018-10-28,Sp Lisbon,Boavista,3.0,0.0,1.3,5.25,9.5,1.78,2.0,21.0,10.0,9.0,1.0,9.0,4.0
2018-10-28,Tondela,Setubal,1.0,2.0,2.3,3.1,3.2,2.33,1.57,10.0,9.0,6.0,3.0,7.0,6.0
2018-11-02,Benfica,Moreirense,1.0,3.0,1.14,7.5,17.0,1.46,2.65,21.0,9.0,8.0,4.0,8.0,2.0
2018-11-03,Boavista,Guimaraes,0.0,0.0,2.8,3.1,2.6,2.26,1.61,7.0,20.0,3.0,4.0,7.0,11.0
2018-11-03,Maritimo,Porto,0.0,2.0,9.5,4.75,1.33,1.89,1.88,6.0,15.0,2.0,4.0,4.0,11.0
2018-11-03,Portimonense,Belenenses,1.0,1.0,2.0,3.3,3.8,1.96,1.82,12.0,8.0,3.0,1.0,1.0,6.0
2018-11-04,Feirense,Tondela,2.0,4.0,2.3,3.0,3.5,2.48,1.51,12.0,15.0,5.0,7.0,7.0,5.0
2018-11-04,Santa Clara,Sp Lisbon,1.0,2.0,6.0,4.0,1.55,1.87,1.91,8.0,18.0,1.0,7.0,3.0,7.0
2018-11-04,Sp Braga,Setubal,2.0,1.0,1.4,4.75,7.5,1.7,2.11,17.0,13.0,3.0,5.0,2.0,5.0
2018-11-05,Chaves,Aves,1.0,2.0,2.0,3.2,4.2,2.06,1.73,13.0,11.0,2.0,5.0,6.0,4.0
2018-11-05,Rio Ave,Nacional,3.0,3.0,1.64,3.8,5.0,1.81,1.98,13.0,13.0,5.0,6.0,3.0,3.0
2018-11-09,Moreirense,Portimonense,2.0,0.0,2.37,3.4,2.9,1.93,1.84,12.0,12.0,4.0,4.0,8.0,6.0
2018-11-09,Setubal,Feirense,2.0,1.0,1.83,3.4,4.5,2.38,1.55,10.0,6.0,2.0,1.0,7.0,3.0
2018-11-10,Aves,Rio Ave,2.0,1.0,2.75,3.4,2.45,1.95,1.83,19.0,11.0,8.0,5.0,13.0,4.0
2018-11-10,Belenenses,Boavista,0.0,0.0,2.25,3.2,3.25,2.41,1.54,12.0,11.0,2.0,3.0,4.0,2.0
2018-11-10,Nacional,Maritimo,1.0,0.0,2.4,3.3,2.87,1.98,1.8,16.0,9.0,3.0,2.0,0.0,3.0
2018-11-10,Porto,Sp Braga,1.0,0.0,1.4,4.5,7.5,1.85,1.94,17.0,10.0,3.0,2.0,9.0,5.0
2018-11-11,Guimaraes,Santa Clara,2.0,0.0,1.57,3.6,6.5,2.02,1.76,20.0,7.0,6.0,1.0,10.0,3.0
2018-11-11,Sp Lisbon,Chaves,2.0,1.0,1.33,5.0,10.0,1.65,2.2,17.0,3.0,5.0,1.0,10.0,2.0
2018-11-11,Tondela,Benfica,1.0,3.0,7.5,4.5,1.4,1.79,1.99,7.0,15.0,4.0,5.0,2.0,7.0
2018-11-30,Santa Clara,Belenenses,2.0,3.0,2.14,3.1,3.6,2.31,1.59,14.0,10.0,4.0,6.0,5.0,7.0
2018-12-01,Benfica,Feirense,4.0,0.0,1.16,7.5,13.0,1.53,2.43,15.0,3.0,7.0,1.0,7.0,0.0
2018-12-01,Maritimo,Setubal,0.0,1.0,2.37,3.1,3.1,2.33,1.58,12.0,10.0,3.0,4.0,4.0,6.0
2018-12-01,Sp Braga,Moreirense,2.0,0.0,1.36,4.75,8.0,1.65,2.2,14.0,15.0,5.0,2.0,2.0,5.0
2018-12-02,Aves,Nacional,2.0,3.0,2.0,3.3,3.8,1.94,1.84,15.0,16.0,5.0,7.0,9.0,4.0
2018-12-02,Boavista,Porto,0.0,1.0,11.0,4.5,1.33,2.0,1.79,4.0,24.0,2.0,6.0,1.0,8.0
2018-12-02,Chaves,Guimaraes,0.0,1.0,3.1,3.1,2.4,2.11,1.7,13.0,15.0,8.0,7.0,7.0,4.0
2018-12-02,Portimonense,Tondela,3.0,2.0,1.83,3.6,4.0,1.91,1.86,16.0,10.0,6.0,5.0,8.0,9.0
2018-12-03,Rio Ave,Sp Lisbon,1.0,3.0,4.5,3.5,1.8,1.85,1.93,12.0,20.0,4.0,6.0,6.0,11.0
2018-12-07,Porto,Portimonense,4.0,1.0,1.14,7.5,17.0,1.42,2.78,25.0,8.0,9.0,4.0,8.0,0.0
2018-12-08,Belenenses,Chaves,1.0,0.0,2.1,3.2,3.6,2.12,1.7,10.0,12.0,4.0,4.0,5.0,6.0
2018-12-08,Setubal,Benfica,0.0,1.0,7.5,4.2,1.44,1.96,1.82,14.0,12.0,3.0,3.0,3.0,5.0
2018-12-08,Tondela,Sp Braga,0.0,1.0,5.0,3.75,1.66,1.85,1.93,8.0,6.0,3.0,3.0,6.0,2.0
2018-12-09,Guimaraes,Rio Ave,3.0,2.0,2.0,3.5,3.6,1.96,1.83,12.0,11.0,7.0,3.0,3.0,7.0
2018-12-09,Moreirense,Santa Clara,0.0,1.0,1.95,3.2,4.2,2.14,1.68,11.0,11.0,3.0,3.0,9.0,6.0
2018-12-09,Nacional,Boavista,0.0,0.0,2.37,3.1,3.1,2.04,1.76,26.0,5.0,7.0,1.0,16.0,1.0
2018-12-09,Sp Lisbon,Aves,4.0,1.0,1.25,5.25,13.0,1.58,2.32,10.0,15.0,5.0,4.0,3.0,6.0
2018-12-10,Feirense,Maritimo,1.0,1.0,2.4,3.1,3.1,2.42,1.53,10.0,9.0,5.0,4.0,3.0,5.0
2018-12-14,Portimonense,Setubal,3.0,1.0,2.1,3.4,3.4,1.96,1.83,18.0,15.0,7.0,7.0,5.0,5.0
2018-12-14,Sp Braga,Feirense,4.0,0.0,1.3,5.5,9.0,1.74,2.07,16.0,4.0,6.0,1.0,4.0,4.0
2018-12-15,Aves,Guimaraes,1.0,1.0,3.1,3.25,2.3,2.1,1.72,15.0,13.0,5.0,6.0,10.0,5.0
2018-12-15,Boavista,Tondela,2.0,0.0,2.25,3.4,3.1,2.29,1.6,18.0,10.0,6.0,3.0,5.0,10.0
2018-12-15,Chaves,Moreirense,1.0,2.0,2.14,3.4,3.25,2.17,1.68,8.0,13.0,1.0,5.0,2.0,6.0
2018-12-15,Santa Clara,Porto,1.0,2.0,10.0,5.25,1.28,1.7,2.13,10.0,14.0,3.0,8.0,6.0,8.0
2018-12-16,Maritimo,Benfica,0.0,1.0,8.5,4.33,1.4,1.83,1.95,6.0,14.0,0.0,5.0,4.0,7.0
2018-12-16,Rio Ave,Belenenses,2.0,2.0,1.83,3.5,4.33,1.95,1.83,8.0,12.0,1.0,4.0,6.0,6.0
2018-12-16,Sp Lisbon,Nacional,5.0,2.0,1.16,7.5,13.0,1.36,3.01,20.0,15.0,9.0,5.0,6.0,7.0
2018-12-22,Belenenses,Aves,5.0,2.0,2.0,3.25,3.9,2.18,1.66,12.0,7.0,8.0,4.0,3.0,5.0
2018-12-22,Feirense,Portimonense,0.0,1.0,2.87,3.3,2.4,2.05,1.75,12.0,16.0,2.0,6.0,1.0,5.0
2018-12-22,Moreirense,Boavista,2.0,1.0,2.14,3.1,3.6,2.42,1.55,13.0,12.0,6.0,4.0,7.0,2.0
2018-12-22,Setubal,Santa Clara,0.0,2.0,1.95,3.3,4.0,2.15,1.68,8.0,10.0,5.0,3.0,5.0,2.0
2018-12-22,Tondela,Maritimo,2.0,1.0,2.4,3.2,3.0,2.31,1.59,15.0,10.0,6.0,2.0,6.0,3.0
2018-12-23,Benfica,Sp Braga,6.0,2.0,1.61,3.8,5.5,1.85,1.94,13.0,11.0,8.0,5.0,8.0,2.0
2018-12-23,Guimaraes,Sp Lisbon,1.0,0.0,3.6,3.75,1.9,1.61,2.28,19.0,17.0,7.0,2.0,10.0,7.0
2018-12-23,Nacional,Chaves,2.0,0.0,2.04,3.4,3.6,1.98,1.81,10.0,11.0,3.0,3.0,7.0,4.0
2018-12-23,Porto,Rio Ave,2.0,1.0,1.18,7.0,13.0,1.42,2.79,17.0,7.0,4.0,4.0,4.0,2.0
2019-01-02,Boavista,Setubal,1.0,0.0,2.5,3.1,2.9,2.37,1.56,12.0,16.0,3.0,7.0,4.0,7.0
2019-01-02,Nacional,Guimaraes,1.0,0.0,3.1,3.25,2.3,1.93,1.86,11.0,6.0,3.0,2.0,4.0,3.0
2019-01-02,Portimonense,Benfica,2.0,0.0,6.0,4.0,1.53,1.66,2.18,9.0,14.0,5.0,3.0,3.0,8.0
2019-01-02,Rio Ave,Moreirense,1.0,2.0,2.0,3.4,3.75,1.93,1.86,12.0,15.0,3.0,4.0,5.0,10.0
2019-01-02,Santa Clara,Tondela,1.0,2.0,2.1,3.4,3.4,2.11,1.71,9.0,12.0,4.0,4.0,4.0,1.0
2019-01-02,Sp Braga,Maritimo,2.0,0.0,1.28,5.25,10.0,1.72,2.1,14.0,6.0,5.0,1.0,6.0,1.0
2019-01-03,Aves,Porto,0.0,1.0,9.5,5.25,1.3,1.64,2.22,13.0,10.0,2.0,4.0,4.0,4.0
2019-01-03,Chaves,Feirense,0.0,0.0,2.04,3.2,3.75,2.28,1.44,12.0,6.0,4.0,1.0,7.0,5.0
2019-01-03,Sp Lisbon,Belenenses,2.0,1.0,1.28,5.25,10.0,1.57,2.35,12.0,11.0,4.0,4.0,4.0,1.0
2019-01-05,Maritimo,Portimonense,2.0,1.0,2.62,3.1,2.75,2.11,1.71,9.0,17.0,4.0,8.0,2.0,5.0
2019-01-06,Belenenses,Guimaraes,1.0,0.0,2.87,3.2,2.55,2.15,1.68,5.0,16.0,4.0,2.0,1.0,5.0
2019-01-06,Benfica,Rio Ave,4.0,2.0,1.22,6.0,12.0,1.53,2.44,11.0,13.0,6.0,5.0,5.0,4.0
2019-01-06,Feirense,Santa Clara,2.0,2.0,2.3,3.1,3.2,2.32,1.59,6.0,11.0,4.0,3.0,8.0,6.0
2019-01-06,Setubal,Chaves,0.0,0.0,2.0,3.2,4.0,2.2,1.65,13.0,12.0,1.0,3.0,4.0,8.0
2019-01-06,Sp Braga,Boavista,1.0,0.0,1.22,5.5,15.0,1.72,2.1,9.0,20.0,5.0,3.0,6.0,4.0
2019-01-07,Moreirense,Aves,1.0,0.0,1.95,3.3,4.0,2.05,1.76,17.0,8.0,9.0,4.0,5.0,2.0
2019-01-07,Porto,Nacional,3.0,1.0,1.14,7.5,17.0,1.33,3.23,13.0,8.0,4.0,3.0,6.0,6.0
2019-01-07,Tondela,Sp Lisbon,2.0,1.0,6.0,3.8,1.57,1.81,1.99,7.0,22.0,5.0,7.0,4.0,11.0
2019-01-10,Portimonense,Sp Braga,1.0,1.0,4.0,3.6,1.83,1.76,2.03,11.0,14.0,5.0,6.0,4.0,9.0
2019-01-11,Aves,Feirense,1.0,1.0,1.83,3.4,4.5,2.34,1.59,21.0,7.0,7.0,3.0,6.0,1.0
2019-01-11,Guimaraes,Moreirense,1.0,0.0,1.85,3.4,4.33,2.08,1.73,9.0,8.0,3.0,0.0,6.0,6.0
2019-01-11,Santa Clara,Benfica,0.0,2.0,8.0,4.75,1.36,1.75,2.06,7.0,20.0,5.0,4.0,2.0,6.0
2019-01-12,Boavista,Maritimo,0.0,1.0,2.05,3.0,4.2,2.59,1.48,23.0,8.0,4.0,3.0,8.0,3.0
2019-01-12,Sp Lisbon,Porto,0.0,0.0,3.3,3.2,2.25,1.98,1.81,12.0,9.0,3.0,1.0,7.0,3.0
2019-01-13,Chaves,Tondela,2.0,1.0,2.15,3.0,3.8,2.26,1.62,12.0,14.0,3.0,3.0,4.0,8.0
2019-01-13,Nacional,Belenenses,0.0,1.0,2.3,3.1,3.25,2.07,1.73,20.0,11.0,4.0,4.0,5.0,6.0
2019-01-13,Rio Ave,Setubal,1.0,1.0,1.95,3.3,4.0,2.02,1.77,8.0,14.0,6.0,8.0,1.0,9.0
2019-01-18,Chaves,Porto,1.0,4.0,9.0,4.5,1.36,1.91,1.88,10.0,15.0,3.0,6.0,5.0,6.0
2019-01-18,Guimaraes,Benfica,0.0,1.0,4.5,3.5,1.8,2.02,1.78,10.0,11.0,2.0,3.0,6.0,6.0
2019-01-18,Nacional,Sp Braga,0.0,3.0,4.75,3.75,1.72,1.73,2.1,4.0,15.0,0.0,6.0,2.0,4.0
2019-01-19,Belenenses,Tondela,2.0,2.0,2.1,3.1,3.75,2.26,1.62,13.0,13.0,4.0,3.0,2.0,4.0
2019-01-19,Santa Clara,Maritimo,0.0,1.0,2.37,3.1,3.1,2.43,1.55,13.0,12.0,1.0,4.0,11.0,2.0
2019-01-19,Sp Lisbon,Moreirense,2.0,1.0,1.4,4.5,8.0,1.71,2.11,10.0,7.0,4.0,2.0,2.0,4.0
2019-01-20,Aves,Setubal,2.0,1.0,2.4,3.3,2.87,2.27,1.62,16.0,6.0,4.0,1.0,9.0,9.0
2019-01-20,Boavista,Portimonense,0.0,2.0,2.4,3.0,3.2,2.24,1.63,13.0,12.0,1.0,4.0,6.0,1.0
2019-01-20,Rio Ave,Feirense,0.0,0.0,1.66,3.75,5.0,2.09,1.73,12.0,7.0,2.0,3.0,11.0,2.0
2019-01-28,Feirense,Guimaraes,1.0,2.0,4.0,3.2,2.05,2.45,1.53,7.0,16.0,3.0,6.0,1.0,11.0
2019-01-28,Maritimo,Rio Ave,0.0,2.0,2.45,3.1,3.0,2.22,1.64,12.0,11.0,2.0,6.0,3.0,4.0
2019-01-28,Moreirense,Nacional,2.0,1.0,1.95,3.3,4.0,1.99,1.8,15.0,6.0,5.0,3.0,4.0,5.0
2019-01-28,Tondela,Aves,0.0,2.0,1.95,3.2,4.2,2.11,1.71,6.0,14.0,3.0,8.0,6.0,7.0
2019-01-29,Benfica,Boavista,5.0,1.0,1.16,7.0,15.0,1.58,2.35,18.0,7.0,9.0,3.0,16.0,4.0
2019-01-29,Portimonense,Chaves,0.0,1.0,1.75,3.8,4.33,1.93,1.86,14.0,10.0,4.0,5.0,8.0,5.0
2019-01-29,Sp Braga,Santa Clara,1.0,0.0,1.25,5.5,12.0,1.7,2.13,16.0,12.0,2.0,2.0,5.0,4.0
2019-01-30,Porto,Belenenses,3.0,0.0,1.16,7.5,13.0,1.51,2.5,17.0,12.0,8.0,2.0,4.0,2.0
2019-01-30,Setubal,Sp Lisbon,1.0,1.0,5.25,4.0,1.61,1.99,1.81,10.0,23.0,5.0,9.0,4.0,9.0
2019-02-01,Rio Ave,Tondela,2.0,2.0,2.0,3.4,3.75,1.9,1.88,7.0,13.0,4.0,4.0,5.0,7.0
2019-02-02,Aves,Sp Braga,0.0,2.0,5.25,3.6,1.66,1.91,1.87,7.0,13.0,0.0,5.0,3.0,5.0
2019-02-02,Boavista,Feirense,2.0,0.0,1.95,3.1,4.33,2.79,1.42,12.0,7.0,7.0,1.0,4.0,4.0
2019-02-02,Chaves,Maritimo,1.0,0.0,2.2,3.1,3.5,2.32,2.77,11.0,9.0,3.0,2.0,7.0,6.0
2019-02-03,Guimaraes,Porto,0.0,0.0,6.0,3.75,1.57,2.06,1.74,8.0,22.0,3.0,6.0,1.0,9.0
2019-02-03,Nacional,Setubal,0.0,0.0,2.37,3.2,3.0,2.06,1.74,16.0,8.0,1.0,2.0,8.0,5.0
2019-02-03,Santa Clara,Portimonense,2.0,1.0,2.55,3.2,2.8,2.07,1.74,23.0,14.0,11.0,6.0,7.0,6.0
2019-02-03,Sp Lisbon,Benfica,2.0,4.0,3.1,3.1,2.37,2.08,1.73,17.0,13.0,6.0,7.0,5.0,4.0
2019-02-04,Belenenses,Moreirense,0.0,1.0,2.5,3.1,2.9,2.29,1.59,7.0,14.0,3.0,4.0,3.0,7.0
2019-02-08,Moreirense,Porto,1.0,1.0,7.5,4.0,1.5,2.02,1.78,14.0,13.0,2.0,3.0,4.0,8.0
2019-02-09,Maritimo,Aves,0.0,1.0,2.3,3.1,3.3,2.31,1.59,8.0,14.0,0.0,4.0,4.0,8.0
2019-02-09,Portimonense,Rio Ave,0.0,1.0,2.1,3.3,3.5,1.83,1.96,14.0,8.0,4.0,3.0,4.0,4.0
2019-02-09,Tondela,Guimaraes,1.0,0.0,3.2,3.1,2.3,2.19,1.66,12.0,10.0,5.0,3.0,8.0,3.0
2019-02-10,Benfica,Nacional,10.0,0.0,1.14,7.5,17.0,1.35,3.1,24.0,5.0,14.0,2.0,8.0,2.0
2019-02-10,Boavista,Santa Clara,1.0,0.0,2.15,3.0,3.8,2.46,1.53,13.0,10.0,1.0,4.0,5.0,3.0
2019-02-10,Feirense,Sp Lisbon,1.0,3.0,8.5,3.8,1.44,1.94,1.85,10.0,6.0,5.0,5.0,8.0,6.0
2019-02-10,Sp Braga,Chaves,2.0,1.0,1.33,4.75,11.0,1.79,2.0,15.0,9.0,6.0,2.0,8.0,3.0
2019-02-11,Setubal,Belenenses,0.0,0.0,2.1,3.2,3.6,2.45,1.53,8.0,9.0,3.0,2.0,5.0,2.0
2019-02-15,Rio Ave,Santa Clara,1.0,2.0,1.8,3.5,4.5,2.06,1.74,15.0,9.0,4.0,4.0,7.0,0.0
2019-02-16,Guimaraes,Portimonense,2.0,0.0,1.72,3.6,4.75,2.06,1.73,14.0,9.0,9.0,1.0,2.0,3.0
2019-02-16,Nacional,Feirense,4.0,0.0,2.05,3.25,3.75,2.13,1.69,12.0,6.0,6.0,0.0,2.0,5.0
2019-02-16,Porto,Setubal,2.0,0.0,1.14,7.5,17.0,1.54,2.42,20.0,3.0,6.0,0.0,7.0,2.0
2019-02-17,Belenenses,Maritimo,0.0,1.0,2.05,3.2,3.75,2.46,1.52,15.0,14.0,1.0,5.0,6.0,3.0
2019-02-17,Chaves,Boavista,1.0,1.0,2.1,3.2,3.6,2.4,1.55,14.0,13.0,3.0,5.0,10.0,8.0
2019-02-17,Moreirense,Tondela,2.0,0.0,1.85,3.4,4.33,2.1,1.71,12.0,8.0,5.0,2.0,7.0,9.0
2019-02-17,Sp Lisbon,Sp Braga,3.0,0.0,2.37,3.3,2.9,1.9,1.88,13.0,5.0,7.0,1.0,5.0,2.0
2019-02-18,Aves,Benfica,0.0,3.0,7.0,4.75,1.4,1.67,2.15,15.0,12.0,4.0,6.0,8.0,6.0
2019-02-22,Sp Braga,Belenenses,0.0,2.0,1.33,4.75,9.0,1.82,1.98,17.0,6.0,5.0,4.0,12.0,3.0
2019-02-22,Tondela,Porto,0.0,3.0,7.5,3.75,1.5,1.96,1.84,11.0,15.0,2.0,5.0,3.0,6.0
2019-02-23,Feirense,Moreirense,1.0,3.0,3.8,3.2,2.0,2.38,1.57,11.0,10.0,4.0,5.0,5.0,5.0
2019-02-23,Portimonense,Aves,1.0,1.0,1.9,3.4,4.0,1.95,1.84,11.0,7.0,5.0,2.0,5.0,6.0
2019-02-23,Setubal,Guimaraes,1.0,1.0,3.6,3.0,2.2,2.51,1.51,14.0,21.0,5.0,6.0,5.0,7.0
2019-02-24,Boavista,Rio Ave,1.0,0.0,2.2,3.1,3.5,2.27,1.61,7.0,16.0,5.0,4.0,4.0,10.0
2019-02-24,Santa Clara,Nacional,2.0,0.0,2.15,3.4,3.25,1.9,1.89,7.0,13.0,3.0,3.0,7.0,3.0
2019-02-25,Benfica,Chaves,4.0,0.0,1.14,7.5,17.0,1.41,2.81,25.0,5.0,11.0,2.0,5.0,2.0
2019-02-25,Maritimo,Sp Lisbon,0.0,0.0,4.33,3.6,1.8,1.95,1.84,6.0,17.0,2.0,5.0,1.0,7.0
2019-03-01,Aves,Boavista,2.0,0.0,2.05,3.1,4.0,2.42,1.55,22.0,3.0,7.0,1.0,4.0,3.0
2019-03-02,Moreirense,Setubal,1.0,1.0,1.83,3.2,4.75,2.26,1.62,14.0,5.0,2.0,1.0,8.0,3.0
2019-03-02,Nacional,Tondela,3.0,2.0,2.62,3.1,2.75,2.07,1.75,19.0,13.0,6.0,4.0,8.0,7.0
2019-03-02,Porto,Benfica,1.0,2.0,2.25,3.2,3.3,2.14,1.7,21.0,9.0,7.0,4.0,4.0,3.0
2019-03-03,Belenenses,Feirense,4.0,0.0,1.72,3.5,5.0,2.2,1.66,12.0,13.0,6.0,2.0,3.0,1.0
2019-03-03,Chaves,Santa Clara,0.0,0.0,2.1,3.1,3.8,2.39,1.56,11.0,7.0,2.0,1.0,9.0,3.0
2019-03-03,Rio Ave,Sp Braga,1.0,2.0,4.0,3.4,1.9,1.89,1.9,8.0,14.0,2.0,3.0,1.0,6.0
2019-03-03,Sp Lisbon,Portimonense,3.0,1.0,1.36,5.0,7.5,1.6,2.3,15.0,15.0,5.0,7.0,8.0,7.0
2019-03-04,Guimaraes,Maritimo,1.0,0.0,1.8,3.25,4.75,2.37,1.58,18.0,15.0,7.0,4.0,11.0,6.0
2019-03-08,Chaves,Rio Ave,1.0,1.0,2.3,3.1,3.25,2.22,1.65,20.0,7.0,5.0,1.0,11.0,5.0
2019-03-09,Boavista,Sp Lisbon,1.0,2.0,6.5,3.6,1.6,2.21,1.65,7.0,22.0,2.0,4.0,7.0,11.0
2019-03-09,Maritimo,Moreirense,3.0,2.0,2.6,3.0,2.9,2.47,1.53,12.0,15.0,4.0,5.0,4.0,4.0
2019-03-09,Sp Braga,Guimaraes,1.0,0.0,1.61,3.6,5.75,2.24,1.64,10.0,11.0,6.0,3.0,5.0,8.0
2019-03-10,Feirense,Porto,1.0,2.0,13.0,6.5,1.2,1.75,2.07,5.0,17.0,1.0,5.0,3.0,10.0
2019-03-10,Portimonense,Nacional,5.0,1.0,1.83,3.75,4.0,1.75,2.06,20.0,12.0,12.0,5.0,7.0,7.0
2019-03-10,Santa Clara,Aves,0.0,0.0,2.55,3.1,2.87,2.21,1.66,10.0,9.0,2.0,2.0,9.0,4.0
2019-03-10,Setubal,Tondela,0.0,0.0,2.0,3.2,4.0,2.3,1.6,11.0,5.0,2.0,0.0,7.0,6.0
2019-03-11,Benfica,Belenenses,2.0,2.0,1.18,7.0,13.0,1.49,2.58,22.0,8.0,2.0,3.0,7.0,1.0
2019-03-15,Sp Lisbon,Santa Clara,1.0,0.0,1.25,5.25,13.0,1.63,2.26,16.0,6.0,7.0,2.0,14.0,2.0
2019-03-16,Belenenses,Portimonense,2.0,2.0,2.37,3.2,3.0,2.17,1.68,10.0,17.0,4.0,6.0,7.0,4.0
2019-03-16,Guimaraes,Boavista,3.0,1.0,1.61,3.6,6.0,2.45,1.54,16.0,10.0,10.0,3.0,6.0,2.0
2019-03-16,Porto,Maritimo,3.0,0.0,1.16,7.0,15.0,1.56,2.4,31.0,0.0,8.0,0.0,11.0,0.0
2019-03-16,Setubal,Sp Braga,0.0,1.0,4.75,3.4,1.8,2.26,1.63,15.0,13.0,8.0,6.0,11.0,4.0
2019-03-17,Aves,Chaves,0.0,1.0,2.05,3.25,3.75,2.38,1.57,26.0,7.0,5.0,2.0,11.0,7.0
2019-03-17,Moreirense,Benfica,0.0,4.0,7.0,4.0,1.5,1.81,1.99,11.0,9.0,3.0,4.0,4.0,6.0
2019-03-17,Nacional,Rio Ave,0.0,1.0,2.7,3.1,2.75,1.82,1.97,19.0,4.0,5.0,2.0,13.0,2.0
2019-03-17,Tondela,Feirense,1.0,1.0,1.85,3.5,4.2,2.14,1.7,12.0,12.0,3.0,4.0,1.0,6.0
2019-03-29,Portimonense,Moreirense,0.0,2.0,2.0,3.4,3.75,1.79,2.01,23.0,13.0,8.0,5.0,9.0,6.0
2019-03-30,Benfica,Tondela,1.0,0.0,1.14,7.5,17.0,1.34,3.15,15.0,12.0,4.0,4.0,5.0,3.0
2019-03-30,Chaves,Sp Lisbon,1.0,3.0,4.5,3.4,1.83,2.02,1.79,8.0,19.0,2.0,7.0,6.0,6.0
2019-03-30,Santa Clara,Guimaraes,1.0,0.0,3.1,3.25,2.3,2.35,1.57,9.0,11.0,4.0,2.0,4.0,4.0
2019-03-30,Sp Braga,Porto,2.0,3.0,4.0,3.4,1.9,2.21,1.66,9.0,14.0,3.0,6.0,4.0,5.0
2019-03-31,Boavista,Belenenses,2.0,0.0,2.5,3.2,2.87,2.59,1.48,14.0,6.0,4.0,3.0,6.0,6.0
2019-03-31,Maritimo,Nacional,3.0,2.0,1.95,3.3,4.0,2.0,1.79,11.0,20.0,5.0,6.0,6.0,8.0
2019-03-31,Rio Ave,Aves,0.0,2.0,2.15,3.25,3.4,2.13,1.7,20.0,17.0,3.0,5.0,12.0,7.0
2019-04-01,Feirense,Setubal,0.0,1.0,2.5,3.2,2.8,2.58,1.48,16.0,9.0,3.0,3.0,5.0,5.0
2019-04-05,Porto,Boavista,2.0,0.0,1.14,8.0,15.0,1.6,2.28,17.0,5.0,7.0,1.0,8.0,0.0
2019-04-06,Belenenses,Santa Clara,1.0,1.0,2.1,3.1,3.8,2.39,1.55,8.0,15.0,2.0,1.0,1.0,2.0
2019-04-06,Guimaraes,Chaves,4.0,0.0,1.61,3.6,6.0,2.25,1.62,13.0,18.0,6.0,6.0,4.0,9.0
2019-04-06,Moreirense,Sp Braga,1.0,0.0,3.6,3.3,2.05,2.11,1.71,8.0,6.0,2.0,2.0,8.0,7.0
2019-04-06,Nacional,Aves,0.0,0.0,2.87,3.1,2.55,2.07,1.74,14.0,9.0,5.0,2.0,11.0,5.0
2019-04-07,Feirense,Benfica,1.0,4.0,15.0,6.0,1.2,1.61,2.28,6.0,18.0,1.0,7.0,3.0,5.0
2019-04-07,Setubal,Maritimo,1.0,0.0,2.1,3.25,3.6,2.52,1.5,13.0,5.0,4.0,2.0,8.0,4.0
2019-04-07,Sp Lisbon,Rio Ave,3.0,0.0,1.33,5.0,8.5,1.56,2.38,12.0,8.0,5.0,3.0,7.0,4.0
2019-04-08,Tondela,Portimonense,3.0,2.0,2.55,3.25,2.75,1.88,1.91,27.0,12.0,8.0,5.0,7.0,8.0
2019-04-12,Chaves,Belenenses,2.0,2.0,2.05,3.2,4.0,2.35,1.58,13.0,22.0,3.0,4.0,4.0,4.0
2019-04-13,Aves,Sp Lisbon,1.0,3.0,5.0,3.8,1.66,1.89,1.89,21.0,13.0,5.0,8.0,11.0,3.0
2019-04-13,Portimonense,Porto,0.0,3.0,7.5,4.0,1.45,1.72,2.1,9.0,11.0,1.0,5.0,3.0,7.0
2019-04-13,Santa Clara,Moreirense,1.0,1.0,2.7,3.2,2.62,2.23,1.63,11.0,16.0,6.0,5.0,6.0,4.0
2019-04-14,Benfica,Setubal,4.0,2.0,1.2,7.0,11.0,1.5,2.51,20.0,15.0,8.0,4.0,4.0,5.0
2019-04-14,Boavista,Nacional,1.0,0.0,1.9,3.25,4.33,2.07,1.75,15.0,14.0,6.0,0.0,9.0,10.0
2019-04-14,Maritimo,Feirense,2.0,0.0,1.7,3.6,5.0,2.35,1.57,8.0,5.0,2.0,2.0,2.0,5.0
2019-04-14,Rio Ave,Guimaraes,2.0,1.0,2.87,3.25,2.45,2.07,1.74,8.0,13.0,7.0,7.0,8.0,3.0
2019-04-14,Sp Braga,Tondela,3.0,0.0,1.33,4.75,9.5,1.77,2.03,20.0,9.0,8.0,0.0,5.0,2.0
2019-04-19,Guimaraes,Aves,0.0,2.0,1.8,3.4,4.75,2.19,1.66,18.0,14.0,4.0,6.0,7.0,3.0
2019-04-19,Nacional,Sp Lisbon,0.0,1.0,5.5,4.2,1.55,1.65,2.21,3.0,23.0,1.0,10.0,2.0,9.0
2019-04-19,Setubal,Portimonense,1.0,1.0,2.3,3.0,3.4,2.14,1.69,10.0,11.0,2.0,5.0,6.0,5.0
2019-04-19,Tondela,Boavista,1.0,0.0,2.15,3.1,3.6,2.25,1.63,19.0,16.0,4.0,4.0,4.0,7.0
2019-04-20,Belenenses,Rio Ave,1.0,3.0,2.15,3.2,3.5,2.21,1.65,16.0,16.0,3.0,7.0,5.0,2.0
2019-04-20,Feirense,Sp Braga,0.0,2.0,7.5,4.33,1.4,1.97,1.83,8.0,21.0,4.0,5.0,4.0,9.0
2019-04-20,Moreirense,Chaves,0.0,1.0,1.9,3.25,4.33,2.23,1.63,18.0,7.0,4.0,2.0,5.0,6.0
2019-04-20,Porto,Santa Clara,1.0,0.0,1.12,8.0,19.0,1.49,2.57,14.0,6.0,5.0,2.0,4.0,2.0
2019-04-22,Benfica,Maritimo,6.0,0.0,1.16,7.0,15.0,1.44,2.69,25.0,1.0,11.0,0.0,10.0,1.0
2019-04-26,Rio Ave,Porto,2.0,2.0,9.5,5.25,1.28,1.61,2.28,10.0,10.0,4.0,4.0,3.0,4.0
2019-04-27,Aves,Belenenses,3.0,0.0,1.85,3.3,4.5,2.29,1.6,14.0,10.0,8.0,3.0,6.0,2.0
2019-04-27,Portimonense,Feirense,1.0,0.0,1.36,4.75,8.0,1.73,2.08,18.0,5.0,6.0,3.0,5.0,2.0
2019-04-27,Santa Clara,Setubal,0.0,0.0,2.2,3.2,3.3,2.41,1.55,10.0,9.0,4.0,2.0,2.0,3.0
2019-04-27,Sp Lisbon,Guimaraes,2.0,0.0,1.4,5.0,6.5,1.64,2.22,24.0,10.0,7.0,1.0,7.0,4.0
2019-04-28,Boavista,Moreirense,3.0,1.0,2.3,3.2,3.2,2.41,1.55,8.0,7.0,4.0,4.0,6.0,4.0
2019-04-28,Chaves,Nacional,4.0,1.0,1.8,3.4,4.75,1.8,2.0,12.0,17.0,4.0,4.0,1.0,11.0
2019-04-28,Maritimo,Tondela,2.0,0.0,2.2,3.25,3.25,2.14,1.7,8.0,9.0,2.0,3.0,3.0,11.0
2019-04-28,Sp Braga,Benfica,1.0,4.0,5.25,3.75,1.65,1.9,1.89,12.0,17.0,3.0,9.0,5.0,5.0
2019-05-03,Moreirense,Rio Ave,1.0,2.0,2.25,3.5,3.0,1.87,1.93,14.0,6.0,6.0,2.0,5.0,1.0
2019-05-04,Benfica,Portimonense,5.0,1.0,1.12,8.5,17.0,1.29,3.46,19.0,11.0,12.0,5.0,7.0,1.0
2019-05-04,Feirense,Chaves,4.0,4.0,5.0,3.8,1.66,1.99,1.81,12.0,13.0,6.0,7.0,5.0,4.0
2019-05-04,Maritimo,Sp Braga,1.0,0.0,4.33,3.75,1.75,1.85,1.94,6.0,20.0,3.0,5.0,3.0,13.0
2019-05-04,Porto,Aves,4.0,0.0,1.16,7.5,13.0,1.46,2.64,19.0,7.0,11.0,1.0,6.0,3.0
2019-05-05,Belenenses,Sp Lisbon,1.0,8.0,7.0,4.75,1.4,1.73,2.09,9.0,21.0,3.0,10.0,2.0,0.0
2019-05-05,Guimaraes,Nacional,2.0,2.0,1.5,4.0,7.0,1.81,1.98,10.0,12.0,5.0,5.0,4.0,7.0
2019-05-05,Tondela,Santa Clara,1.0,3.0,1.72,3.6,4.75,1.96,1.73,15.0,10.0,7.0,4.0,8.0,3.0
2019-05-06,Setubal,Boavista,0.0,3.0,2.3,3.0,3.4,2.28,1.52,11.0,12.0,2.0,5.0,6.0,3.0
2019-05-10,Aves,Moreirense,0.0,1.0,2.2,3.2,3.4,2.14,1.7,12.0,7.0,4.0,3.0,4.0,5.0
2019-05-11,Boavista,Sp Braga,4.0,2.0,4.5,3.75,1.75,1.92,1.87,14.0,25.0,6.0,9.0,2.0,9.0
2019-05-11,Portimonense,Maritimo,3.0,2.0,1.8,3.6,4.5,1.85,1.94,16.0,6.0,5.0,3.0,3.0,3.0
2019-05-11,Santa Clara,Feirense,4.0,4.0,1.45,4.5,6.5,1.92,1.87,11.0,9.0,5.0,6.0,6.0,7.0
2019-05-11,Sp Lisbon,Tondela,1.0,1.0,1.3,5.5,8.5,1.49,2.54,17.0,15.0,6.0,4.0,5.0,7.0
2019-05-12,Chaves,Setubal,1.0,2.0,1.7,3.6,5.0,2.21,1.65,9.0,8.0,2.0,4.0,7.0,6.0
2019-05-12,Guimaraes,Belenenses,5.0,1.0,1.45,4.75,6.0,1.7,2.12,14.0,8.0,8.0,2.0,6.0,1.0
2019-05-12,Nacional,Porto,0.0,4.0,13.0,7.5,1.16,1.44,2.69,11.0,17.0,3.0,6.0,5.0,4.0
2019-05-12,Rio Ave,Benfica,2.0,3.0,12.0,7.0,1.18,1.4,2.87,12.0,13.0,6.0,6.0,5.0,2.0
2019-05-16,Belenenses,Nacional,3.0,0.0,1.95,3.5,3.75,1.66,2.18,9.0,18.0,5.0,4.0,5.0,7.0
2019-05-17,Sp Braga,Portimonense,2.0,0.0,1.3,5.5,8.5,1.44,2.67,13.0,7.0,7.0,1.0,5.0,3.0
2019-05-18,Benfica,Santa Clara,4.0,1.0,1.08,11.0,21.0,1.28,3.47,21.0,17.0,8.0,3.0,4.0,8.0
2019-05-18,Feirense,Aves,2.0,1.0,2.7,3.2,2.7,2.08,1.72,17.0,15.0,8.0,4.0,5.0,4.0
2019-05-18,Maritimo,Boavista,0.0,1.0,2.4,3.0,3.2,2.23,1.63,17.0,9.0,5.0,3.0,7.0,3.0
2019-05-18,Porto,Sp Lisbon,2.0,1.0,1.44,4.75,6.5,1.61,2.26,29.0,2.0,8.0,1.0,17.0,1.0
2019-05-18,Setubal,Rio Ave,1.0,3.0,2.4,3.3,2.87,1.84,1.94,9.0,15.0,4.0,7.0,4.0,7.0
2019-05-19,Moreirense,Guimaraes,1.0,3.0,2.6,3.0,2.9,2.18,1.66,16.0,14.0,6.0,6.0,12.0,2.0
2019-05-19,Tondela,Chaves,5.0,2.0,2.1,3.4,3.4,1.72,2.09,13.0,18.0,7.0,5.0,6.0,3.0
2019-08-09,Portimonense,Belenenses,0.0,0.0,1.98,3.38,3.78,2.03,1.77,16.0,8.0,5.0,2.0,5.0,5.0
2019-08-10,Santa Clara,Famalicao,0.0,2.0,2.04,3.18,3.77,2.24,1.63,22.0,14.0,6.0,6.0,14.0,6.0
2019-08-10,Gil Vicente,Porto,2.0,1.0,9.88,5.21,1.29,1.65,2.19,13.0,16.0,7.0,5.0,4.0,6.0
2019-08-10,Benfica,Pacos Ferreira,5.0,0.0,1.12,8.26,18.66,1.44,2.71,15.0,7.0,7.0,0.0,10.0,3.0
2019-08-11,Boavista,Aves,2.0,1.0,2.26,3.04,3.37,2.52,1.5,8.0,17.0,3.0,2.0,3.0,8.0
2019-08-11,Maritimo,Sp Lisbon,1.0,1.0,5.07,3.68,1.67,1.96,1.83,10.0,17.0,3.0,2.0,2.0,8.0
2019-08-11,Sp Braga,Moreirense,3.0,1.0,1.43,4.3,7.43,1.9,1.89,19.0,11.0,9.0,4.0,7.0,4.0
2019-08-12,Setubal,Tondela,0.0,0.0,2.15,3.15,3.46,2.31,1.59,7.0,7.0,4.0,2.0,3.0,3.0
2019-08-16,Famalicao,Rio Ave,1.0,0.0,2.78,3.43,2.43,1.77,2.05,16.0,13.0,4.0,1.0,5.0,2.0
2019-08-17,Moreirense,Gil Vicente,3.0,0.0,2.24,3.18,3.28,2.23,1.64,12.0,16.0,4.0,2.0,3.0,5.0
2019-08-17,Belenenses,Benfica,0.0,2.0,14.32,6.88,1.18,1.5,2.53,7.0,21.0,1.0,5.0,5.0,4.0
2019-08-17,Porto,Setubal,4.0,0.0,1.16,6.97,16.64,1.61,2.27,23.0,6.0,10.0,5.0,7.0,0.0
2019-08-18,Aves,Maritimo,3.0,1.0,2.27,3.16,3.25,2.27,1.61,11.0,10.0,4.0,1.0,4.0,6.0
2019-08-18,Pacos Ferreira,Santa Clara,0.0,1.0,2.36,3.21,3.03,2.17,1.67,19.0,6.0,3.0,3.0,8.0,3.0
2019-08-18,Guimaraes,Boavista,1.0,1.0,1.63,3.72,5.42,2.2,1.66,16.0,5.0,4.0,2.0,4.0,2.0
2019-08-18,Sp Lisbon,Sp Braga,2.0,1.0,1.97,3.4,3.78,2.02,1.79,11.0,21.0,6.0,7.0,2.0,7.0
2019-08-19,Tondela,Portimonense,1.0,2.0,2.71,3.27,2.55,2.09,1.73,8.0,14.0,3.0,6.0,6.0,3.0
2019-08-23,Setubal,Moreirense,0.0,0.0,2.57,3.02,2.89,2.41,1.55,18.0,5.0,1.0,2.0,9.0,5.0
2019-08-23,Rio Ave,Aves,5.0,1.0,1.8,3.61,4.34,1.94,1.86,17.0,7.0,9.0,1.0,3.0,6.0
2019-08-24,Benfica,Porto,0.0,2.0,1.9,3.43,4.03,2.0,1.81,6.0,11.0,1.0,5.0,5.0,4.0
2019-08-24,Boavista,Pacos Ferreira,1.0,1.0,2.14,3.13,3.58,2.49,1.52,15.0,14.0,2.0,5.0,6.0,8.0
2019-08-25,Maritimo,Tondela,2.0,3.0,2.02,3.16,3.94,2.29,1.6,15.0,10.0,5.0,7.0,4.0,6.0
2019-08-25,Santa Clara,Belenenses,0.0,0.0,2.11,3.2,3.58,2.17,1.67,15.0,6.0,3.0,1.0,9.0,2.0
2019-08-25,Portimonense,Sp Lisbon,1.0,3.0,4.15,3.54,1.85,1.81,1.99,16.0,11.0,2.0,6.0,3.0,6.0
2019-08-25,Gil Vicente,Sp Braga,1.0,1.0,4.85,3.55,1.73,2.03,1.77,15.0,8.0,6.0,4.0,5.0,1.0
2019-08-25,Guimaraes,Famalicao,1.0,1.0,1.73,3.54,4.9,2.07,1.75,18.0,15.0,4.0,3.0,12.0,5.0
2019-08-30,Moreirense,Portimonense,1.0,0.0,2.3,3.27,3.12,2.09,1.74,9.0,10.0,3.0,2.0,0.0,3.0
2019-08-30,Belenenses,Boavista,0.0,1.0,2.43,3.04,3.09,2.4,1.56,9.0,12.0,3.0,7.0,5.0,1.0
2019-08-31,Aves,Famalicao,2.0,3.0,2.41,3.26,2.9,2.02,1.78,18.0,12.0,6.0,7.0,4.0,7.0
2019-08-31,Pacos Ferreira,Maritimo,0.0,1.0,2.04,3.24,3.74,2.27,1.61,21.0,9.0,3.0,2.0,7.0,0.0
2019-08-31,Sp Lisbon,Rio Ave,2.0,3.0,1.37,4.92,7.54,1.47,2.6,9.0,6.0,5.0,3.0,1.0,2.0
2019-08-31,Gil Vicente,Setubal,0.0,0.0,2.21,3.12,3.42,2.28,1.61,15.0,8.0,2.0,3.0,7.0,6.0
2019-09-01,Tondela,Santa Clara,0.0,0.0,2.31,3.2,3.14,2.26,1.62,11.0,13.0,4.0,4.0,7.0,10.0
2019-09-01,Porto,Guimaraes,3.0,0.0,1.18,6.78,14.55,1.48,2.61,18.0,8.0,10.0,3.0,7.0,5.0
2019-09-01,Sp Braga,Benfica,0.0,4.0,5.02,3.94,1.64,1.72,2.1,11.0,12.0,2.0,6.0,4.0,5.0
2019-09-08,Rio Ave,Guimaraes,1.0,1.0,1.89,3.55,3.92,1.93,1.87,6.0,15.0,2.0,5.0,5.0,8.0
2019-09-13,Setubal,Sp Braga,1.0,0.0,4.75,3.54,1.76,2.2,1.66,7.0,22.0,4.0,6.0,1.0,7.0
2019-09-14,Famalicao,Pacos Ferreira,4.0,2.0,2.09,3.34,3.48,2.07,1.74,11.0,15.0,5.0,3.0,1.0,9.0
2019-09-14,Benfica,Gil Vicente,2.0,0.0,1.12,8.22,20.22,1.39,2.88,13.0,8.0,4.0,1.0,9.0,7.0
2019-09-14,Guimaraes,Aves,5.0,1.0,1.53,4.05,6.03,2.0,1.8,18.0,12.0,8.0,2.0,9.0,6.0
2019-09-15,Maritimo,Belenenses,1.0,3.0,2.08,3.2,3.68,2.38,1.57,12.0,13.0,4.0,7.0,8.0,9.0
2019-09-15,Rio Ave,Tondela,2.0,4.0,1.64,3.97,4.96,1.81,1.99,23.0,5.0,6.0,4.0,8.0,0.0
2019-09-15,Santa Clara,Moreirense,2.0,0.0,2.31,3.07,3.26,2.38,1.57,18.0,12.0,5.0,2.0,6.0,3.0
2019-09-15,Portimonense,Porto,2.0,3.0,6.8,4.52,1.43,1.6,2.3,8.0,21.0,4.0,6.0,1.0,10.0
2019-09-15,Boavista,Sp Lisbon,1.0,1.0,4.8,3.58,1.73,2.03,1.77,11.0,13.0,4.0,3.0,5.0,8.0
2019-09-20,Pacos Ferreira,Aves,2.0,1.0,1.88,3.46,4.13,2.09,1.73,15.0,8.0,2.0,3.0,9.0,2.0
2019-09-21,Belenenses,Rio Ave,0.0,2.0,3.19,3.35,2.21,1.94,1.86,9.0,16.0,2.0,4.0,4.0,1.0
2019-09-21,Moreirense,Benfica,1.0,2.0,8.61,5.02,1.33,1.65,2.21,6.0,20.0,2.0,2.0,3.0,5.0
2019-09-22,Gil Vicente,Boavista,0.0,0.0,2.25,3.07,3.39,2.46,1.53,15.0,4.0,6.0,0.0,10.0,4.0
2019-09-22,Setubal,Portimonense,0.0,0.0,2.82,3.08,2.58,2.4,1.55,7.0,7.0,3.0,1.0,4.0,2.0
2019-09-22,Tondela,Guimaraes,1.0,3.0,3.26,3.38,2.16,1.94,1.86,5.0,20.0,3.0,6.0,5.0,5.0
2019-09-22,Porto,Santa Clara,2.0,0.0,1.16,7.12,16.06,1.49,2.55,19.0,6.0,7.0,2.0,9.0,0.0
2019-09-23,Sp Braga,Maritimo,2.0,2.0,1.36,4.72,8.43,1.77,2.03,26.0,6.0,6.0,3.0,9.0,3.0
2019-09-23,Sp Lisbon,Famalicao,1.0,2.0,1.54,4.11,5.71,1.58,2.33,20.0,13.0,5.0,7.0,6.0,6.0
2019-09-27,Boavista,Tondela,0.0,0.0,2.02,3.28,3.81,2.36,1.58,16.0,5.0,3.0,0.0,6.0,4.0
2019-09-28,Maritimo,Moreirense,2.0,1.0,2.48,3.07,2.96,2.37,1.57,12.0,12.0,4.0,4.0,6.0,2.0
2019-09-28,Benfica,Setubal,1.0,0.0,1.14,7.66,18.02,1.55,2.4,13.0,9.0,3.0,2.0,14.0,3.0
2019-09-28,Famalicao,Belenenses,3.0,1.0,1.78,3.51,4.54,2.09,1.73,16.0,9.0,6.0,3.0,6.0,2.0
2019-09-29,Guimaraes,Pacos Ferreira,1.0,0.0,1.52,4.01,6.31,1.95,1.85,14.0,5.0,4.0,1.0,10.0,3.0
2019-09-29,Santa Clara,Gil Vicente,1.0,0.0,2.08,3.2,3.67,2.35,1.58,14.0,7.0,6.0,5.0,6.0,6.0
2019-09-29,Portimonense,Sp Braga,0.0,1.0,3.42,3.4,2.09,1.91,1.88,12.0,9.0,5.0,3.0,2.0,7.0
2019-09-29,Rio Ave,Porto,0.0,1.0,5.69,4.27,1.52,1.59,2.32,8.0,13.0,1.0,5.0,0.0,6.0
2019-09-30,Aves,Sp Lisbon,0.0,1.0,5.26,4.19,1.57,1.66,2.21,7.0,15.0,2.0,3.0,3.0,7.0
2019-10-05,Aves,Tondela,0.0,1.0,2.43,3.31,2.84,1.98,1.82,12.0,11.0,1.0,2.0,6.0,8.0
2019-10-25,Pacos Ferreira,Rio Ave,0.0,0.0,2.73,3.18,2.62,2.07,1.75,16.0,4.0,3.0,0.0,2.0,4.0
2019-10-26,Belenenses,Aves,3.0,2.0,2.07,3.27,3.6,2.1,1.73,11.0,8.0,5.0,2.0,7.0,6.0
2019-10-26,Gil Vicente,Portimonense,1.0,1.0,2.45,3.11,2.96,2.3,1.6,6.0,10.0,2.0,4.0,2.0,3.0
2019-10-26,Setubal,Maritimo,0.0,0.0,2.25,3.0,3.46,2.78,1.43,11.0,10.0,2.0,3.0,5.0,5.0
2019-10-26,Moreirense,Boavista,1.0,1.0,2.24,3.07,3.4,2.55,1.5,9.0,23.0,4.0,4.0,1.0,10.0
2019-10-27,Tondela,Benfica,0.0,1.0,9.0,5.27,1.31,1.59,2.33,9.0,12.0,4.0,3.0,5.0,5.0
2019-10-27,Porto,Famalicao,3.0,0.0,1.23,6.06,11.31,1.5,2.55,19.0,5.0,9.0,2.0,4.0,3.0
2019-10-27,Sp Lisbon,Guimaraes,3.0,1.0,1.79,3.65,4.26,1.76,2.05,13.0,13.0,6.0,3.0,3.0,4.0
2019-10-28,Sp Braga,Santa Clara,2.0,0.0,1.44,4.49,6.71,1.65,2.19,20.0,8.0,12.0,5.0,4.0,6.0
2019-10-30,Rio Ave,Moreirense,1.0,1.0,1.73,3.74,4.54,1.96,1.83,20.0,8.0,7.0,4.0,13.0,3.0
2019-10-30,Maritimo,Porto,1.0,1.0,9.14,4.85,1.33,1.78,2.01,6.0,14.0,2.0,5.0,6.0,9.0
2019-10-30,Guimaraes,Belenenses,5.0,0.0,1.42,4.39,7.4,1.82,1.98,14.0,6.0,6.0,2.0,6.0,3.0
2019-10-30,Benfica,Portimonense,4.0,0.0,1.19,6.47,13.95,1.52,2.46,17.0,8.0,6.0,2.0,5.0,1.0
2019-10-30,Famalicao,Gil Vicente,2.0,1.0,1.78,3.59,4.41,1.93,1.87,10.0,12.0,2.0,4.0,9.0,2.0
2019-10-31,Pacos Ferreira,Sp Lisbon,1.0,2.0,3.89,3.42,1.93,1.9,1.89,12.0,12.0,5.0,4.0,10.0,4.0
2019-10-31,Boavista,Sp Braga,2.0,0.0,3.75,3.36,1.99,2.16,1.68,10.0,19.0,2.0,2.0,3.0,7.0
2019-10-31,Santa Clara,Setubal,1.0,1.0,2.03,3.14,3.89,2.66,1.46,20.0,13.0,4.0,3.0,7.0,6.0
2019-11-02,Benfica,Rio Ave,2.0,0.0,1.3,5.34,9.25,1.52,2.48,20.0,3.0,4.0,0.0,10.0,2.0
2019-11-02,Moreirense,Guimaraes,1.0,1.0,3.74,3.36,1.99,2.09,1.72,7.0,15.0,1.0,6.0,8.0,9.0
2019-11-03,Gil Vicente,Maritimo,2.0,0.0,1.96,3.26,4.03,2.38,1.56,15.0,8.0,6.0,1.0,4.0,3.0
2019-11-03,Tondela,Sp Lisbon,1.0,0.0,4.55,3.81,1.71,1.7,2.12,5.0,15.0,3.0,3.0,1.0,7.0
2019-11-03,Porto,Aves,1.0,0.0,1.11,8.29,21.04,1.43,2.72,12.0,9.0,4.0,0.0,6.0,2.0
2019-11-03,Sp Braga,Famalicao,2.0,2.0,1.48,4.48,5.96,1.61,2.27,18.0,6.0,5.0,4.0,11.0,2.0
2019-11-04,Belenenses,Pacos Ferreira,1.0,0.0,2.48,3.15,2.89,2.25,1.63,8.0,16.0,2.0,5.0,1.0,9.0
2019-11-04,Portimonense,Santa Clara,1.0,1.0,2.16,3.19,3.44,2.3,1.6,14.0,15.0,4.0,4.0,4.0,8.0
2019-11-04,Setubal,Boavista,1.0,0.0,2.49,2.83,3.19,3.06,1.36,7.0,27.0,2.0,5.0,2.0,11.0
2019-11-08,Aves,Gil Vicente,1.0,2.0,2.72,2.99,2.76,2.43,1.55,5.0,5.0,4.0,4.0,7.0,4.0
2019-11-09,Rio Ave,Setubal,1.0,0.0,1.55,3.9,6.17,2.13,1.71,7.0,10.0,3.0,3.0,9.0,4.0
2019-11-09,Santa Clara,Benfica,1.0,2.0,6.86,4.33,1.45,1.84,1.97,12.0,11.0,3.0,6.0,2.0,4.0
2019-11-09,Famalicao,Moreirense,3.0,3.0,1.8,3.58,4.32,1.92,1.87,17.0,9.0,14.0,5.0,2.0,2.0
2019-11-10,Maritimo,Portimonense,1.0,1.0,2.54,3.11,2.85,2.33,1.59,15.0,10.0,4.0,2.0,3.0,1.0
2019-11-10,Pacos Ferreira,Tondela,1.0,0.0,1.98,3.32,3.83,2.24,1.64,9.0,13.0,2.0,5.0,3.0,5.0
2019-11-10,Sp Lisbon,Belenenses,2.0,0.0,1.34,4.84,8.6,1.57,2.37,19.0,9.0,5.0,3.0,6.0,5.0
2019-11-10,Guimaraes,Sp Braga,0.0,2.0,2.26,3.54,2.93,1.71,2.12,14.0,9.0,2.0,5.0,11.0,2.0
2019-11-10,Boavista,Porto,0.0,1.0,7.1,3.95,1.49,2.11,1.72,7.0,9.0,1.0,1.0,3.0,6.0
2019-11-29,Santa Clara,Boavista,1.0,2.0,2.11,3.02,3.84,2.63,1.48,15.0,17.0,2.0,7.0,10.0,2.0
2019-11-30,Moreirense,Aves,3.0,2.0,1.99,3.29,3.84,2.12,1.71,18.0,12.0,5.0,3.0,11.0,5.0
2019-11-30,Benfica,Maritimo,4.0,0.0,1.13,7.83,18.22,1.49,2.55,12.0,12.0,9.0,1.0,4.0,3.0
2019-11-30,Portimonense,Famalicao,2.0,1.0,2.0,3.58,3.49,1.76,2.05,12.0,12.0,5.0,4.0,6.0,3.0
2019-12-01,Tondela,Belenenses,0.0,1.0,2.03,3.22,3.75,2.24,1.64,15.0,11.0,3.0,3.0,8.0,7.0
2019-12-01,Setubal,Guimaraes,1.0,1.0,4.17,3.35,1.89,2.29,1.61,17.0,13.0,4.0,3.0,10.0,7.0
2019-12-01,Gil Vicente,Sp Lisbon,3.0,1.0,4.13,3.4,1.88,2.15,1.69,7.0,9.0,4.0,2.0,1.0,3.0
2019-12-02,Sp Braga,Rio Ave,2.0,0.0,1.56,4.12,5.43,1.69,2.14,12.0,9.0,4.0,2.0,7.0,3.0
2019-12-02,Porto,Pacos Ferreira,2.0,0.0,1.18,6.64,14.84,1.55,2.39,8.0,5.0,6.0,4.0,8.0,1.0
2019-12-06,Boavista,Benfica,1.0,4.0,6.26,3.82,1.55,2.06,1.75,9.0,11.0,5.0,6.0,3.0,5.0
2019-12-07,Maritimo,Santa Clara,2.0,2.0,2.5,3.04,2.96,2.46,1.53,12.0,6.0,7.0,2.0,11.0,4.0
2019-12-07,Famalicao,Tondela,2.0,3.0,1.96,3.53,3.67,1.82,1.98,27.0,8.0,10.0,5.0,9.0,3.0
2019-12-07,Aves,Sp Braga,1.0,0.0,6.3,4.42,1.47,1.7,2.12,6.0,13.0,1.0,2.0,3.0,13.0
2019-12-08,Guimaraes,Portimonense,2.0,0.0,1.52,4.24,5.78,1.67,2.17,10.0,13.0,5.0,2.0,8.0,3.0
2019-12-08,Pacos Ferreira,Setubal,2.0,3.0,2.01,3.11,4.05,2.68,1.46,21.0,9.0,4.0,4.0,8.0,5.0
2019-12-08,Sp Lisbon,Moreirense,1.0,0.0,1.34,4.87,8.7,1.65,2.2,28.0,9.0,9.0,1.0,8.0,2.0
2019-12-08,Belenenses,Porto,1.0,1.0,9.99,5.23,1.29,1.66,2.18,5.0,16.0,3.0,7.0,2.0,4.0
2019-12-09,Rio Ave,Gil Vicente,1.0,0.0,1.66,3.78,4.94,1.9,1.89,9.0,8.0,2.0,4.0,7.0,1.0
2019-12-13,Portimonense,Rio Ave,1.0,1.0,2.79,3.32,2.47,1.94,1.86,16.0,9.0,6.0,2.0,5.0,1.0
2019-12-14,Maritimo,Boavista,1.0,0.0,2.77,2.99,2.7,2.51,1.51,9.0,11.0,3.0,1.0,4.0,6.0
2019-12-14,Benfica,Famalicao,4.0,0.0,1.2,6.83,11.64,1.34,3.15,17.0,8.0,6.0,4.0,8.0,3.0
2019-12-14,Setubal,Aves,1.0,0.0,2.03,3.15,3.91,2.42,1.54,11.0,11.0,2.0,5.0,7.0,6.0
2019-12-15,Moreirense,Belenenses,2.0,1.0,2.04,3.34,3.63,2.08,1.73,13.0,8.0,7.0,2.0,8.0,3.0
2019-12-15,Gil Vicente,Guimaraes,2.0,2.0,3.55,3.34,2.06,2.06,1.75,6.0,16.0,4.0,7.0,3.0,7.0
2019-12-15,Sp Braga,Pacos Ferreira,0.0,1.0,1.41,4.43,7.54,1.76,2.04,23.0,3.0,5.0,1.0,10.0,3.0
2019-12-16,Santa Clara,Sp Lisbon,0.0,4.0,3.8,3.4,1.96,2.08,1.73,12.0,19.0,3.0,7.0,2.0,8.0
2019-12-16,Porto,Tondela,3.0,0.0,1.17,7.04,14.56,1.5,2.5,12.0,2.0,5.0,0.0,8.0,0.0
2020-01-04,Aves,Santa Clara,0.0,1.0,2.7,3.16,2.62,2.2,1.65,10.0,3.0,4.0,3.0,7.0,9.0
2020-01-04,Boavista,Portimonense,1.0,1.0,2.17,3.15,3.46,2.38,1.56,5.0,6.0,2.0,5.0,4.0,5.0
2020-01-04,Belenenses,Sp Braga,1.0,7.0,6.52,4.13,1.49,1.89,1.9,3.0,18.0,2.0,15.0,2.0,4.0
2020-01-04,Guimaraes,Benfica,0.0,1.0,4.33,4.02,1.71,1.81,1.99,11.0,4.0,5.0,3.0,6.0,7.0
2020-01-05,Pacos Ferreira,Moreirense,1.0,0.0,2.14,3.12,3.57,2.32,1.59,6.0,5.0,3.0,1.0,2.0,5.0
2020-01-05,Rio Ave,Maritimo,0.0,1.0,1.53,4.0,6.09,1.93,1.86,6.0,6.0,3.0,3.0,3.0,2.0
2020-01-05,Tondela,Gil Vicente,1.0,1.0,2.3,3.12,3.2,2.44,1.54,7.0,10.0,1.0,9.0,3.0,5.0
2020-01-05,Sp Lisbon,Porto,1.0,2.0,3.26,3.42,2.13,1.9,1.88,11.0,9.0,2.0,7.0,4.0,3.0
2020-01-05,Famalicao,Setubal,3.0,0.0,1.82,3.58,4.18,1.97,1.82,13.0,4.0,7.0,2.0,3.0,2.0
2020-01-10,Benfica,Aves,2.0,1.0,1.09,9.62,25.98,1.36,3.03,28.0,6.0,11.0,3.0,17.0,2.0
2020-01-10,Santa Clara,Rio Ave,0.0,1.0,2.84,3.17,2.51,2.1,1.72,8.0,5.0,4.0,3.0,3.0,4.0
2020-01-10,Moreirense,Porto,2.0,4.0,9.78,5.18,1.3,1.74,2.07,8.0,14.0,5.0,6.0,4.0,7.0
2020-01-11,Portimonense,Pacos Ferreira,0.0,0.0,2.16,3.22,3.42,2.36,1.57,8.0,2.0,4.0,0.0,3.0,4.0
2020-01-11,Boavista,Famalicao,0.0,1.0,2.26,3.33,3.07,2.02,1.78,9.0,8.0,3.0,5.0,8.0,5.0
2020-01-11,Setubal,Sp Lisbon,1.0,3.0,12.07,5.54,1.24,1.73,2.07,10.0,9.0,2.0,5.0,3.0,5.0
2020-01-12,Gil Vicente,Belenenses,2.0,0.0,1.79,3.42,4.63,2.27,1.62,9.0,4.0,7.0,2.0,5.0,5.0
2020-01-12,Maritimo,Guimaraes,0.0,0.0,4.29,3.65,1.78,1.94,1.85,4.0,15.0,1.0,9.0,3.0,16.0
2020-01-12,Sp Braga,Tondela,2.0,1.0,1.24,5.67,11.74,1.71,2.11,17.0,6.0,6.0,2.0,9.0,1.0
2020-01-17,Porto,Sp Braga,1.0,2.0,1.62,3.87,5.35,1.82,1.98,7.0,2.0,3.0,1.0,10.0,5.0
2020-01-17,Sp Lisbon,Benfica,0.0,2.0,3.56,3.57,1.99,1.83,1.97,10.0,9.0,6.0,4.0,6.0,3.0
2020-01-18,Aves,Portimonense,3.0,0.0,2.83,3.17,2.5,2.17,1.67,12.0,9.0,7.0,1.0,5.0,7.0
2020-01-18,Guimaraes,Santa Clara,1.0,0.0,1.34,4.88,8.69,1.8,1.99,15.0,3.0,5.0,1.0,5.0,4.0
2020-01-18,Tondela,Moreirense,1.0,1.0,2.15,3.25,3.38,2.2,1.65,16.0,5.0,4.0,1.0,2.0,2.0
2020-01-18,Belenenses,Setubal,0.0,1.0,2.28,3.07,3.3,2.41,1.55,10.0,7.0,1.0,4.0,9.0,3.0
2020-01-19,Pacos Ferreira,Gil Vicente,0.0,0.0,2.43,3.0,3.07,2.62,1.47,8.0,8.0,5.0,3.0,7.0,4.0
2020-01-19,Famalicao,Maritimo,1.0,1.0,1.67,3.93,4.68,1.81,1.97,17.0,4.0,6.0,2.0,6.0,2.0
2020-01-19,Rio Ave,Boavista,2.0,0.0,1.77,3.55,4.53,2.16,1.68,3.0,6.0,2.0,2.0,4.0,5.0
2020-01-26,Belenenses,Portimonense,2.0,1.0,2.53,3.14,2.83,2.11,1.71,9.0,13.0,4.0,6.0,2.0,6.0
2020-01-26,Famalicao,Santa Clara,0.0,1.0,1.66,3.81,4.95,1.8,2.0,11.0,5.0,1.0,2.0,12.0,7.0
2020-01-26,Tondela,Setubal,0.0,3.0,2.1,3.08,3.75,2.37,1.56,12.0,5.0,6.0,4.0,11.0,2.0
2020-01-26,Pacos Ferreira,Benfica,0.0,2.0,8.68,4.81,1.34,1.72,2.09,6.0,11.0,2.0,6.0,6.0,7.0
2020-01-26,Aves,Boavista,0.0,1.0,2.48,3.08,2.93,2.44,1.53,3.0,9.0,2.0,3.0,4.0,4.0
2020-01-27,Guimaraes,Rio Ave,1.0,2.0,1.65,3.72,5.14,1.93,1.85,14.0,5.0,7.0,3.0,14.0,1.0
2020-01-27,Sp Lisbon,Maritimo,1.0,0.0,1.35,4.83,8.35,1.67,2.16,14.0,4.0,5.0,2.0,12.0,3.0
2020-01-28,Porto,Gil Vicente,2.0,1.0,1.24,5.79,12.15,1.69,2.16,6.0,6.0,2.0,2.0,5.0,2.0
2020-01-29,Moreirense,Sp Braga,1.0,2.0,5.57,4.19,1.54,1.85,1.93,6.0,11.0,4.0,6.0,2.0,6.0
2020-01-31,Benfica,Belenenses,3.0,2.0,1.09,9.65,24.4,1.31,3.34,12.0,15.0,6.0,5.0,10.0,9.0
2020-01-31,Rio Ave,Famalicao,2.0,2.0,1.94,3.52,3.78,1.83,1.95,7.0,17.0,3.0,7.0,4.0,6.0
2020-02-01,Portimonense,Tondela,0.0,1.0,2.03,3.33,3.66,2.15,1.68,11.0,9.0,4.0,2.0,4.0,2.0
2020-02-01,Setubal,Porto,0.0,4.0,9.23,4.67,1.34,1.79,2.01,7.0,20.0,2.0,6.0,3.0,5.0
2020-02-01,Santa Clara,Pacos Ferreira,2.0,1.0,2.16,3.12,3.5,2.38,1.55,10.0,7.0,4.0,2.0,3.0,2.0
2020-02-02,Gil Vicente,Moreirense,1.0,5.0,1.8,3.46,4.44,2.26,1.61,9.0,10.0,5.0,6.0,10.0,1.0
2020-02-02,Maritimo,Aves,1.0,2.0,1.99,3.27,3.85,2.36,1.57,11.0,9.0,4.0,2.0,8.0,2.0
2020-02-02,Sp Braga,Sp Lisbon,1.0,0.0,1.79,3.71,4.18,1.81,1.97,13.0,15.0,8.0,9.0,5.0,9.0
2020-02-02,Boavista,Guimaraes,2.0,0.0,4.31,3.52,1.82,2.23,1.63,9.0,18.0,5.0,8.0,1.0,11.0
2020-02-07,Pacos Ferreira,Boavista,0.0,1.0,2.57,2.75,3.2,3.03,1.37,20.0,7.0,5.0,3.0,13.0,2.0
2020-02-08,Belenenses,Santa Clara,0.0,2.0,2.47,3.11,2.92,2.25,1.62,13.0,9.0,1.0,3.0,7.0,8.0
2020-02-08,Famalicao,Guimaraes,0.0,7.0,3.04,3.4,2.25,1.81,1.98,6.0,19.0,3.0,10.0,1.0,6.0
2020-02-08,Sp Braga,Gil Vicente,2.0,2.0,1.34,4.81,8.78,1.76,2.04,10.0,13.0,7.0,7.0,3.0,6.0
2020-02-08,Porto,Benfica,3.0,2.0,2.44,3.23,2.87,2.1,1.71,17.0,9.0,4.0,3.0,4.0,4.0
2020-02-09,Moreirense,Setubal,1.0,1.0,2.12,3.08,3.7,2.37,1.56,19.0,8.0,6.0,1.0,8.0,4.0
2020-02-09,Tondela,Maritimo,0.0,0.0,2.3,3.03,3.31,2.36,1.57,10.0,10.0,1.0,5.0,3.0,4.0
2020-02-09,Sp Lisbon,Portimonense,2.0,1.0,1.44,4.5,6.54,1.7,2.13,20.0,10.0,4.0,3.0,3.0,2.0
2020-02-09,Aves,Rio Ave,0.0,4.0,3.21,3.21,2.24,2.09,1.72,7.0,12.0,2.0,6.0,5.0,10.0
2020-02-14,Setubal,Gil Vicente,1.0,2.0,2.72,2.89,2.83,2.57,1.49,7.0,7.0,2.0,3.0,5.0,3.0
2020-02-15,Portimonense,Moreirense,1.0,1.0,2.12,3.21,3.53,2.16,1.68,12.0,9.0,3.0,2.0,8.0,4.0
2020-02-15,Santa Clara,Tondela,1.0,0.0,2.13,3.12,3.62,2.38,1.57,16.0,6.0,3.0,1.0,8.0,4.0
2020-02-15,Benfica,Sp Braga,0.0,1.0,1.6,3.91,5.36,1.66,2.19,10.0,12.0,3.0,7.0,3.0,6.0
2020-02-15,Rio Ave,Sp Lisbon,1.0,1.0,2.48,3.25,2.79,1.93,1.85,15.0,7.0,6.0,2.0,9.0,1.0
2020-02-16,Boavista,Belenenses,1.0,2.0,1.83,3.28,4.66,2.43,1.54,19.0,11.0,4.0,4.0,9.0,6.0
2020-02-16,Maritimo,Pacos Ferreira,3.0,0.0,2.29,2.99,3.37,2.55,1.49,8.0,16.0,5.0,3.0,5.0,6.0
2020-02-16,Guimaraes,Porto,1.0,2.0,3.77,3.51,1.93,1.99,1.8,13.0,8.0,3.0,1.0,4.0,5.0
2020-02-16,Famalicao,Aves,1.0,1.0,1.55,4.08,5.59,1.76,2.05,17.0,12.0,7.0,4.0,10.0,5.0
2020-02-21,Aves,Guimaraes,0.0,2.0,6.9,4.42,1.44,1.76,2.05,8.0,9.0,2.0,4.0,6.0,5.0
2020-02-22,Tondela,Rio Ave,1.0,2.0,3.9,3.34,1.95,2.15,1.68,7.0,9.0,4.0,3.0,4.0,3.0
2020-02-22,Belenenses,Maritimo,1.0,0.0,2.31,3.12,3.18,2.2,1.65,9.0,18.0,3.0,1.0,0.0,2.0
2020-02-23,Moreirense,Santa Clara,2.0,1.0,2.41,3.12,3.0,2.24,1.63,9.0,11.0,4.0,4.0,1.0,2.0
2020-02-23,Pacos Ferreira,Famalicao,2.0,1.0,2.89,3.16,2.45,2.17,1.67,9.0,11.0,4.0,5.0,4.0,3.0
2020-02-23,Sp Lisbon,Boavista,2.0,0.0,1.53,3.9,6.21,1.95,1.83,7.0,9.0,4.0,4.0,6.0,5.0
2020-02-23,Sp Braga,Setubal,3.0,1.0,1.3,4.95,10.21,1.77,2.03,23.0,6.0,7.0,4.0,13.0,4.0
2020-02-23,Porto,Portimonense,1.0,0.0,1.17,6.78,14.94,1.5,2.52,24.0,6.0,4.0,0.0,8.0,3.0
2020-02-24,Gil Vicente,Benfica,0.0,1.0,7.0,4.01,1.48,1.93,1.85,16.0,10.0,7.0,4.0,9.0,6.0
2020-02-28,Portimonense,Setubal,0.0,0.0,1.79,3.41,4.72,2.3,1.6,15.0,12.0,5.0,4.0,9.0,3.0
2020-02-29,Rio Ave,Belenenses,0.0,0.0,1.44,4.37,6.78,1.78,2.01,10.0,5.0,2.0,0.0,12.0,1.0
2020-02-29,Boavista,Gil Vicente,0.0,1.0,2.26,3.01,3.41,2.54,1.5,15.0,9.0,2.0,4.0,4.0,2.0
2020-03-01,Aves,Pacos Ferreira,1.0,3.0,2.59,3.11,2.77,2.28,1.61,10.0,10.0,3.0,4.0,7.0,7.0
2020-03-01,Maritimo,Sp Braga,1.0,2.0,4.83,3.84,1.67,1.88,1.9,12.0,18.0,3.0,6.0,5.0,8.0
2020-03-01,Guimaraes,Tondela,2.0,0.0,1.31,5.06,9.42,1.73,2.07,12.0,9.0,5.0,2.0,7.0,4.0
2020-03-02,Santa Clara,Porto,0.0,2.0,6.55,4.17,1.48,1.77,2.02,11.0,7.0,1.0,2.0,2.0,3.0
2020-03-02,Benfica,Moreirense,1.0,1.0,1.17,6.95,14.07,1.46,2.62,26.0,7.0,9.0,1.0,10.0,0.0
2020-03-03,Famalicao,Sp Lisbon,3.0,1.0,2.96,3.47,2.29,1.76,2.04,13.0,13.0,3.0,3.0,6.0,6.0
2020-03-06,Sp Braga,Portimonense,3.0,1.0,1.35,4.9,8.35,1.64,2.25,19.0,13.0,9.0,5.0,3.0,7.0
2020-03-07,Tondela,Boavista,1.0,1.0,2.53,2.99,2.95,2.52,1.5,11.0,10.0,4.0,6.0,0.0,5.0
2020-03-07,Setubal,Benfica,1.0,1.0,8.74,4.57,1.36,1.86,1.92,3.0,15.0,2.0,6.0,1.0,8.0
2020-03-07,Porto,Rio Ave,1.0,1.0,1.33,4.84,8.94,1.78,2.02,23.0,6.0,5.0,3.0,9.0,3.0
2020-03-08,Belenenses,Famalicao,0.0,0.0,2.72,3.45,2.43,1.81,1.98,11.0,18.0,2.0,3.0,5.0,6.0
2020-03-08,Moreirense,Maritimo,2.0,0.0,2.16,3.19,3.43,2.31,1.59,15.0,13.0,4.0,3.0,8.0,3.0
2020-03-08,Gil Vicente,Santa Clara,1.0,1.0,2.04,3.18,3.82,2.4,1.55,9.0,4.0,3.0,2.0,6.0,5.0
2020-03-08,Sp Lisbon,Aves,2.0,0.0,1.26,5.6,10.71,1.59,2.3,22.0,3.0,5.0,3.0,14.0,0.0
2020-03-08,Pacos Ferreira,Guimaraes,1.0,2.0,5.15,3.68,1.66,1.97,1.81,12.0,13.0,5.0,4.0,5.0,5.0
2020-06-03,Portimonense,Gil Vicente,1.0,0.0,2.5,3.04,2.94,2.36,1.58,6.0,6.0,2.0,2.0,5.0,5.0
2020-06-03,Famalicao,Porto,2.0,1.0,6.95,4.54,1.42,1.7,2.13,7.0,16.0,2.0,6.0,1.0,7.0
2020-06-04,Maritimo,Setubal,1.0,1.0,2.22,3.09,3.4,2.41,1.55,20.0,12.0,4.0,3.0,10.0,1.0
2020-06-04,Benfica,Tondela,0.0,0.0,1.16,6.99,16.45,1.58,2.33,26.0,4.0,5.0,0.0,14.0,0.0
2020-06-04,Guimaraes,Sp Lisbon,2.0,2.0,2.42,3.28,2.86,1.99,1.81,13.0,17.0,3.0,5.0,7.0,3.0
2020-06-05,Santa Clara,Sp Braga,3.0,2.0,5.68,4.02,1.55,1.81,1.98,15.0,11.0,7.0,2.0,2.0,4.0
2020-06-05,Aves,Belenenses,0.0,2.0,2.86,3.18,2.47,2.21,1.65,10.0,11.0,2.0,4.0,5.0,4.0
2020-06-06,Boavista,Moreirense,0.0,1.0,2.45,3.01,3.02,2.47,1.52,26.0,5.0,9.0,3.0,7.0,2.0
2020-06-07,Rio Ave,Pacos Ferreira,2.0,3.0,1.63,3.68,5.37,2.1,1.71,23.0,9.0,8.0,6.0,8.0,7.0
2020-06-09,Gil Vicente,Famalicao,1.0,3.0,2.81,3.18,2.55,2.04,1.77,6.0,7.0,2.0,3.0,4.0,3.0
2020-06-10,Setubal,Santa Clara,2.0,2.0,2.89,3.03,2.55,2.32,1.6,6.0,8.0,4.0,3.0,4.0,3.0
2020-06-10,Portimonense,Benfica,2.0,2.0,7.77,4.4,1.41,1.69,2.15,10.0,11.0,4.0,4.0,5.0,3.0
2020-06-10,Porto,Maritimo,1.0,0.0,1.16,7.0,15.8,1.55,2.42,15.0,10.0,8.0,1.0,8.0,1.0
2020-06-11,Belenenses,Guimaraes,1.0,1.0,4.67,3.6,1.74,1.9,1.88,7.0,17.0,2.0,6.0,1.0,13.0
2020-06-11,Tondela,Aves,2.0,0.0,1.82,3.44,4.37,2.25,1.63,6.0,12.0,4.0,1.0,5.0,7.0
2020-06-12,Moreirense,Rio Ave,0.0,1.0,2.96,3.33,2.32,1.94,1.84,7.0,14.0,1.0,2.0,9.0,6.0
2020-06-12,Sp Lisbon,Pacos Ferreira,1.0,0.0,1.34,4.82,8.52,1.74,2.06,6.0,11.0,2.0,5.0,5.0,4.0
2020-06-13,Sp Braga,Boavista,0.0,1.0,1.4,4.42,7.87,1.91,1.87,9.0,7.0,3.0,3.0,9.0,6.0
2020-06-15,Maritimo,Gil Vicente,2.0,1.0,2.46,2.95,3.14,2.37,1.58,15.0,6.0,9.0,2.0,4.0,4.0
2020-06-16,Santa Clara,Portimonense,1.0,1.0,2.39,3.14,3.02,2.21,1.65,9.0,8.0,5.0,2.0,13.0,7.0
2020-06-16,Aves,Porto,0.0,0.0,14.62,6.69,1.18,1.46,2.66,5.0,24.0,0.0,8.0,1.0,12.0
2020-06-17,Pacos Ferreira,Belenenses,2.0,1.0,2.24,3.12,3.33,2.33,1.59,16.0,4.0,3.0,1.0,4.0,5.0
2020-06-17,Rio Ave,Benfica,1.0,2.0,5.39,3.76,1.62,1.83,1.96,5.0,16.0,1.0,4.0,4.0,10.0
2020-06-18,Boavista,Setubal,3.0,1.0,2.06,3.05,3.92,2.55,1.49,9.0,15.0,6.0,6.0,3.0,11.0
2020-06-18,Sp Lisbon,Tondela,2.0,0.0,1.41,4.37,7.62,1.87,1.92,8.0,7.0,2.0,3.0,4.0,6.0
2020-06-19,Guimaraes,Moreirense,1.0,1.0,1.52,4.04,6.06,1.85,1.94,13.0,11.0,4.0,4.0,6.0,5.0
2020-06-19,Famalicao,Sp Braga,0.0,0.0,3.48,3.52,2.01,1.82,1.96,7.0,14.0,2.0,0.0,3.0,5.0
2020-06-21,Gil Vicente,Aves,3.0,0.0,1.57,3.78,5.93,2.13,1.7,17.0,10.0,9.0,1.0,9.0,2.0
2020-06-22,Portimonense,Maritimo,3.0,2.0,2.13,3.18,3.5,2.31,1.59,11.0,11.0,5.0,5.0,3.0,6.0
2020-06-23,Setubal,Rio Ave,1.0,2.0,4.17,3.24,1.94,2.3,1.61,8.0,17.0,3.0,7.0,4.0,6.0
2020-06-23,Benfica,Santa Clara,3.0,4.0,1.27,5.63,10.56,1.67,2.2,15.0,8.0,8.0,6.0,4.0,7.0
2020-06-23,Porto,Boavista,4.0,0.0,1.27,5.35,11.13,1.84,1.96,12.0,6.0,7.0,2.0,6.0,3.0
2020-06-24,Tondela,Pacos Ferreira,1.0,3.0,2.67,2.94,2.83,2.5,1.51,12.0,14.0,4.0,5.0,10.0,4.0
2020-06-24,Moreirense,Famalicao,1.0,1.0,2.84,3.31,2.42,1.86,1.92,11.0,16.0,4.0,6.0,5.0,5.0
2020-06-25,Sp Braga,Guimaraes,3.0,2.0,2.06,3.45,3.43,1.87,1.91,14.0,15.0,3.0,4.0,0.0,10.0
2020-06-26,Belenenses,Sp Lisbon,1.0,3.0,5.44,3.69,1.65,2.16,1.69,11.0,10.0,3.0,7.0,8.0,7.0
2020-06-28,Boavista,Santa Clara,1.0,0.0,2.57,2.9,2.97,2.71,1.45,12.0,10.0,2.0,4.0,4.0,4.0
2020-06-29,Aves,Moreirense,0.0,1.0,4.46,3.29,1.85,2.29,1.6,14.0,7.0,3.0,2.0,8.0,3.0
2020-06-29,Maritimo,Benfica,2.0,0.0,6.95,4.19,1.46,1.8,1.99,6.0,20.0,2.0,7.0,1.0,11.0
2020-06-29,Pacos Ferreira,Porto,0.0,1.0,8.28,4.23,1.4,1.96,1.83,11.0,5.0,3.0,3.0,5.0,4.0
2020-06-30,Famalicao,Portimonense,0.0,1.0,2.11,3.42,3.38,1.93,1.87,13.0,12.0,5.0,4.0,3.0,5.0
2020-06-30,Guimaraes,Setubal,2.0,0.0,1.41,4.42,8.01,1.91,1.88,18.0,5.0,5.0,1.0,8.0,6.0
2020-06-30,Rio Ave,Sp Braga,4.0,3.0,3.14,3.28,2.28,1.99,1.82,13.0,11.0,8.0,6.0,1.0,4.0
2020-07-01,Belenenses,Tondela,1.0,1.0,2.62,3.0,2.84,2.41,1.55,11.0,11.0,3.0,4.0,2.0,5.0
2020-07-01,Sp Lisbon,Gil Vicente,2.0,1.0,1.53,3.94,6.31,2.0,1.8,12.0,8.0,4.0,3.0,4.0,3.0
2020-07-03,Santa Clara,Maritimo,0.0,1.0,2.34,3.03,3.28,2.31,1.61,13.0,13.0,4.0,7.0,5.0,6.0
2020-07-04,Setubal,Pacos Ferreira,2.0,3.0,3.59,3.01,2.19,2.52,1.51,7.0,21.0,3.0,8.0,3.0,7.0
2020-07-04,Portimonense,Guimaraes,0.0,1.0,3.41,3.22,2.15,2.18,1.67,13.0,9.0,3.0,3.0,5.0,3.0
2020-07-04,Benfica,Boavista,3.0,1.0,1.27,5.34,10.71,1.78,2.02,15.0,6.0,9.0,3.0,8.0,2.0
2020-07-04,Sp Braga,Aves,4.0,0.0,1.19,6.82,13.16,1.61,2.29,14.0,6.0,9.0,1.0,6.0,3.0
2020-07-05,Gil Vicente,Rio Ave,1.0,0.0,3.83,3.25,2.01,2.3,1.6,13.0,5.0,4.0,1.0,0.0,0.0
2020-07-05,Tondela,Famalicao,0.0,1.0,3.32,3.23,2.19,2.18,1.67,11.0,10.0,2.0,3.0,8.0,6.0
2020-07-05,Porto,Belenenses,5.0,0.0,1.19,6.5,13.6,1.65,2.22,17.0,10.0,7.0,1.0,3.0,5.0
2020-07-06,Moreirense,Sp Lisbon,0.0,0.0,4.6,3.45,1.79,2.08,1.73,9.0,14.0,0.0,2.0,5.0,9.0
2020-07-08,Boavista,Maritimo,0.0,1.0,2.6,3.05,2.8,2.38,1.56,11.0,11.0,1.0,6.0,2.0,4.0
2020-07-08,Aves,Setubal,1.0,0.0,4.0,3.37,1.92,2.14,1.69,7.0,14.0,4.0,3.0,5.0,4.0
2020-07-09,Rio Ave,Portimonense,2.0,1.0,1.85,3.48,4.15,2.05,1.75,7.0,8.0,2.0,2.0,8.0,7.0
2020-07-09,Tondela,Porto,1.0,3.0,9.53,4.8,1.33,1.79,2.02,9.0,13.0,2.0,4.0,3.0,3.0
2020-07-09,Famalicao,Benfica,1.0,1.0,5.37,4.02,1.58,1.74,2.06,12.0,20.0,6.0,9.0,4.0,8.0
2020-07-10,Guimaraes,Gil Vicente,1.0,2.0,1.61,3.81,5.44,1.99,1.79,12.0,10.0,1.0,4.0,3.0,1.0
2020-07-10,Sp Lisbon,Santa Clara,1.0,0.0,1.63,3.65,5.51,2.15,1.68,12.0,4.0,1.0,0.0,8.0,3.0
2020-07-10,Pacos Ferreira,Sp Braga,1.0,5.0,3.99,3.5,1.88,1.92,1.86,7.0,8.0,3.0,8.0,3.0,1.0
2020-07-11,Belenenses,Moreirense,0.0,1.0,2.44,3.17,2.91,2.15,1.69,10.0,16.0,0.0,7.0,11.0,4.0
2020-07-13,Maritimo,Rio Ave,0.0,0.0,3.8,3.29,2.01,2.11,1.72,16.0,9.0,3.0,2.0,4.0,5.0
2020-07-13,Setubal,Famalicao,1.0,2.0,3.25,3.31,2.19,1.98,1.82,8.0,11.0,1.0,3.0,5.0,8.0
2020-07-14,Santa Clara,Aves,3.0,0.0,1.64,3.84,5.12,1.98,1.84,12.0,9.0,4.0,3.0,4.0,11.0
2020-07-14,Portimonense,Boavista,2.0,1.0,1.64,3.71,5.32,2.27,1.62,15.0,16.0,6.0,5.0,9.0,3.0
2020-07-14,Benfica,Guimaraes,2.0,0.0,1.6,3.96,5.26,1.83,1.96,12.0,12.0,5.0,3.0,4.0,6.0
2020-07-14,Gil Vicente,Tondela,3.0,2.0,2.4,3.1,3.01,2.33,1.59,11.0,15.0,6.0,7.0,8.0,10.0
2020-07-15,Moreirense,Pacos Ferreira,1.0,1.0,2.6,3.07,2.78,2.27,1.62,12.0,6.0,3.0,2.0,4.0,4.0
2020-07-15,Sp Braga,Belenenses,1.0,1.0,1.26,5.6,10.23,1.58,2.33,32.0,7.0,7.0,1.0,11.0,1.0
2020-07-15,Porto,Sp Lisbon,2.0,0.0,1.75,3.68,4.49,1.78,2.02,8.0,8.0,4.0,2.0,5.0,8.0
2020-07-18,Rio Ave,Santa Clara,2.0,2.0,1.51,4.01,6.31,1.93,1.85,18.0,11.0,6.0,7.0,9.0,4.0
2020-07-18,Famalicao,Boavista,2.0,2.0,1.54,3.91,6.15,2.08,1.74,13.0,13.0,6.0,5.0,7.0,3.0
2020-07-19,Belenenses,Gil Vicente,1.0,0.0,2.33,3.17,3.1,2.31,1.59,7.0,8.0,2.0,3.0,3.0,3.0
2020-07-19,Guimaraes,Maritimo,1.0,0.0,1.65,3.84,4.98,1.8,1.99,10.0,7.0,4.0,2.0,3.0,1.0
2020-07-20,Pacos Ferreira,Portimonense,2.0,1.0,2.86,3.01,2.6,2.1,1.72,10.0,9.0,2.0,3.0,0.0,5.0
2020-07-20,Tondela,Sp Braga,1.0,0.0,5.18,4.07,1.6,1.67,2.19,8.0,7.0,2.0,1.0,4.0,5.0
2020-07-20,Porto,Moreirense,6.0,1.0,1.35,4.96,8.3,1.63,2.25,14.0,8.0,9.0,4.0,2.0,3.0
2020-07-21,Sp Lisbon,Setubal,0.0,0.0,1.39,4.53,7.88,1.96,1.83,13.0,3.0,3.0,1.0,6.0,0.0
2020-07-21,Aves,Benfica,0.0,4.0,12.4,6.18,1.22,1.49,2.57,8.0,21.0,2.0,11.0,1.0,6.0
2020-07-24,Santa Clara,Guimaraes,2.0,2.0,3.11,3.38,2.22,1.71,2.12,7.0,10.0,3.0,4.0,3.0,9.0
2020-07-24,Gil Vicente,Pacos Ferreira,3.0,3.0,2.46,3.19,2.86,2.05,1.76,13.0,13.0,5.0,7.0,7.0,5.0
2020-07-25,Boavista,Rio Ave,0.0,2.0,4.52,3.83,1.7,1.82,1.97,10.0,7.0,2.0,4.0,6.0,5.0
2020-07-25,Maritimo,Famalicao,3.0,3.0,3.74,3.51,1.93,1.93,1.85,8.0,17.0,5.0,5.0,1.0,10.0
2020-07-25,Benfica,Sp Lisbon,2.0,1.0,1.92,3.5,3.8,1.83,1.96,17.0,12.0,4.0,5.0,8.0,3.0
2020-07-25,Sp Braga,Porto,2.0,1.0,2.72,3.57,2.36,1.63,2.21,11.0,10.0,5.0,5.0,8.0,3.0
2020-07-26,Moreirense,Tondela,1.0,2.0,3.16,2.65,2.64,2.45,1.52,10.0,14.0,5.0,6.0,5.0,4.0
2020-07-26,Portimonense,Aves,2.0,0.0,1.15,6.78,18.55,1.69,2.13,13.0,10.0,5.0,3.0,6.0,4.0
2020-07-26,Setubal,Belenenses,2.0,0.0,1.63,3.76,5.27,1.89,1.89,11.0,8.0,4.0,2.0,2.0,4.0
2020-09-18,Famalicao,Benfica,1.0,5.0,7.55,4.72,1.39,1.69,2.16,6.0,13.0,2.0,7.0,3.0,4.0
2020-09-18,Guimaraes,Belenenses,0.0,1.0,1.48,4.2,6.74,1.81,2.0,11.0,4.0,2.0,3.0,7.0,2.0
2020-09-19,Nacional,Boavista,3.0,3.0,2.55,3.01,2.94,2.54,1.5,14.0,8.0,7.0,3.0,6.0,4.0
2020-09-19,Porto,Sp Braga,3.0,1.0,1.62,3.92,5.24,1.76,2.06,11.0,7.0,4.0,1.0,5.0,1.0
2020-09-20,Santa Clara,Maritimo,2.0,0.0,2.21,3.06,3.5,2.26,1.62,12.0,12.0,5.0,2.0,5.0,6.0
2020-09-20,Moreirense,Farense,2.0,0.0,2.23,3.12,3.36,2.36,1.57,13.0,10.0,5.0,2.0,4.0,6.0
2020-09-20,Tondela,Rio Ave,1.0,1.0,3.75,3.19,2.06,2.32,1.59,7.0,14.0,2.0,4.0,1.0,6.0
2020-09-21,Portimonense,Pacos Ferreira,1.0,1.0,2.21,3.16,3.35,2.28,1.6,12.0,16.0,3.0,5.0,4.0,9.0
2020-09-25,Sp Braga,Santa Clara,0.0,1.0,1.44,4.26,7.41,1.81,2.0,22.0,6.0,4.0,1.0,8.0,0.0
2020-09-26,Maritimo,Tondela,2.0,1.0,2.24,3.11,3.35,2.38,1.56,8.0,21.0,6.0,6.0,0.0,8.0
2020-09-26,Benfica,Moreirense,2.0,0.0,1.14,7.72,17.23,1.41,2.83,29.0,5.0,10.0,1.0,10.0,1.0
2020-09-26,Boavista,Porto,0.0,5.0,7.25,4.38,1.43,1.82,1.98,11.0,15.0,4.0,6.0,3.0,2.0
2020-09-27,Farense,Nacional,0.0,1.0,2.16,3.25,3.35,2.21,1.64,18.0,9.0,4.0,4.0,11.0,5.0
2020-09-27,Gil Vicente,Portimonense,1.0,0.0,2.66,3.04,2.75,2.39,1.56,9.0,13.0,3.0,2.0,10.0,7.0
2020-09-27,Pacos Ferreira,Sp Lisbon,0.0,2.0,3.57,3.15,2.13,2.11,1.71,9.0,11.0,0.0,5.0,4.0,8.0
2020-09-27,Rio Ave,Guimaraes,0.0,0.0,2.81,3.2,2.52,2.14,1.68,7.0,10.0,3.0,3.0,4.0,4.0
2020-09-28,Belenenses,Famalicao,1.0,2.0,2.49,3.09,2.91,2.1,1.71,10.0,6.0,5.0,2.0,5.0,2.0
2020-10-02,Moreirense,Boavista,1.0,1.0,2.46,3.08,3.03,2.28,1.62,14.0,16.0,6.0,5.0,5.0,3.0
2020-10-02,Guimaraes,Pacos Ferreira,1.0,0.0,1.74,3.43,5.14,2.34,1.59,8.0,16.0,1.0,7.0,2.0,7.0
2020-10-03,Santa Clara,Gil Vicente,0.0,0.0,2.25,3.08,3.4,2.21,1.65,12.0,8.0,3.0,1.0,8.0,3.0
2020-10-03,Porto,Maritimo,2.0,3.0,1.14,7.39,18.79,1.67,2.17,32.0,11.0,10.0,4.0,9.0,0.0
2020-10-03,Tondela,Sp Braga,0.0,4.0,5.85,3.97,1.56,1.95,1.84,13.0,18.0,4.0,8.0,5.0,8.0
2020-10-04,Nacional,Belenenses,0.0,0.0,2.28,3.07,3.3,2.45,1.53,18.0,7.0,4.0,2.0,7.0,2.0
2020-10-04,Benfica,Farense,3.0,2.0,1.11,8.7,21.22,1.41,2.8,12.0,14.0,7.0,9.0,3.0,2.0
2020-10-04,Famalicao,Rio Ave,1.0,1.0,2.56,3.29,2.68,2.09,1.72,13.0,13.0,5.0,4.0,3.0,5.0
2020-10-04,Portimonense,Sp Lisbon,0.0,2.0,3.89,3.54,1.9,1.9,1.87,14.0,10.0,6.0,4.0,7.0,2.0
2020-10-17,Gil Vicente,Tondela,1.0,1.0,2.11,3.2,3.6,2.31,1.6,13.0,2.0,4.0,1.0,5.0,1.0
2020-10-17,Maritimo,Portimonense,1.0,2.0,2.42,3.1,3.06,2.23,1.64,10.0,10.0,4.0,3.0,10.0,6.0
2020-10-17,Sp Braga,Nacional,2.0,1.0,1.38,4.78,7.71,1.68,2.17,20.0,5.0,7.0,2.0,4.0,2.0
2020-10-17,Sp Lisbon,Porto,2.0,2.0,3.53,3.35,2.09,2.12,1.71,13.0,10.0,5.0,5.0,4.0,1.0
2020-10-18,Belenenses,Moreirense,0.0,0.0,2.39,2.95,3.23,2.25,1.62,15.0,8.0,5.0,4.0,7.0,3.0
2020-10-18,Pacos Ferreira,Santa Clara,2.0,1.0,2.48,3.08,2.95,2.5,1.51,12.0,15.0,3.0,5.0,7.0,2.0
2020-10-18,Farense,Famalicao,3.0,3.0,2.47,3.22,2.85,2.0,1.79,13.0,13.0,5.0,5.0,6.0,9.0
2020-10-18,Rio Ave,Benfica,0.0,3.0,5.52,4.21,1.54,1.68,2.15,4.0,13.0,2.0,6.0,4.0,4.0
2020-10-19,Boavista,Guimaraes,0.0,1.0,3.72,3.21,2.06,2.21,1.64,19.0,9.0,2.0,1.0,9.0,4.0
2020-10-23,Tondela,Portimonense,1.0,0.0,3.47,3.26,2.14,2.3,1.61,8.0,10.0,3.0,4.0,5.0,6.0
2020-10-24,Nacional,Pacos Ferreira,1.0,1.0,2.6,3.2,2.73,2.32,1.59,7.0,18.0,2.0,6.0,3.0,6.0
2020-10-24,Santa Clara,Sp Lisbon,1.0,2.0,4.24,3.41,1.86,2.15,1.69,5.0,18.0,2.0,3.0,1.0,9.0
2020-10-24,Porto,Gil Vicente,1.0,0.0,1.23,6.01,12.26,1.61,2.29,18.0,13.0,7.0,2.0,8.0,3.0
2020-10-25,Farense,Rio Ave,0.0,1.0,3.23,3.28,2.22,2.12,1.7,13.0,6.0,1.0,2.0,6.0,1.0
2020-10-25,Moreirense,Maritimo,2.0,1.0,2.53,3.02,2.96,2.18,1.66,13.0,12.0,7.0,3.0,9.0,3.0
2020-10-25,Famalicao,Boavista,2.0,2.0,2.37,3.23,2.99,2.15,1.68,17.0,10.0,6.0,6.0,9.0,1.0
2020-10-25,Guimaraes,Sp Braga,0.0,1.0,2.74,3.33,2.5,1.96,1.83,11.0,16.0,1.0,8.0,4.0,9.0
2020-10-26,Benfica,Belenenses,2.0,0.0,1.1,8.68,23.12,1.43,2.75,15.0,6.0,6.0,2.0,7.0,2.0
2020-10-28,Sp Lisbon,Gil Vicente,3.0,1.0,1.45,4.26,7.25,1.95,1.85,13.0,4.0,6.0,1.0,9.0,4.0
2020-10-30,Pacos Ferreira,Porto,3.0,2.0,6.42,4.12,1.51,1.93,1.87,16.0,10.0,7.0,3.0,5.0,4.0
2020-10-31,Belenenses,Farense,1.0,1.0,2.57,2.98,2.95,2.18,1.68,7.0,10.0,3.0,2.0,8.0,6.0
2020-10-31,Rio Ave,Moreirense,2.0,0.0,1.88,3.29,4.39,2.1,1.73,11.0,7.0,6.0,1.0,3.0,5.0
2020-10-31,Maritimo,Nacional,0.0,0.0,2.16,3.25,3.41,2.04,1.77,15.0,9.0,4.0,3.0,3.0,6.0
2020-11-01,Portimonense,Santa Clara,1.0,2.0,2.25,3.12,3.35,2.21,1.66,12.0,13.0,2.0,7.0,7.0,5.0
2020-11-01,Gil Vicente,Guimaraes,1.0,2.0,3.57,2.85,2.3,2.4,1.55,21.0,7.0,4.0,5.0,8.0,4.0
2020-11-01,Sp Lisbon,Tondela,4.0,0.0,1.41,4.42,7.65,1.9,1.89,26.0,3.0,15.0,0.0,8.0,1.0
2020-11-02,Sp Braga,Famalicao,1.0,0.0,1.37,4.89,7.63,1.53,2.46,20.0,5.0,9.0,2.0,11.0,2.0
2020-11-02,Boavista,Benfica,3.0,0.0,9.95,5.67,1.27,1.49,2.56,14.0,5.0,7.0,2.0,4.0,6.0
2020-11-06,Belenenses,Rio Ave,0.0,0.0,3.42,3.15,2.21,2.37,1.57,11.0,6.0,1.0,2.0,6.0,2.0
2020-11-07,Tondela,Santa Clara,2.0,0.0,2.86,3.1,2.54,2.36,1.58,11.0,20.0,5.0,4.0,3.0,3.0
2020-11-07,Famalicao,Maritimo,2.0,1.0,2.21,3.16,3.37,2.07,1.74,18.0,10.0,8.0,4.0,4.0,2.0
2020-11-07,Guimaraes,Sp Lisbon,0.0,4.0,3.58,3.23,2.1,2.24,1.63,15.0,16.0,1.0,6.0,5.0,2.0
2020-11-08,Farense,Boavista,3.0,1.0,2.6,3.11,2.78,2.27,1.61,6.0,13.0,5.0,5.0,5.0,7.0
2020-11-08,Nacional,Gil Vicente,2.0,1.0,2.6,2.95,2.91,2.57,1.48,13.0,10.0,6.0,8.0,8.0,11.0
2020-11-08,Porto,Portimonense,3.0,1.0,1.21,6.08,13.46,1.68,2.15,18.0,8.0,7.0,1.0,11.0,4.0
2020-11-08,Benfica,Sp Braga,2.0,3.0,1.6,4.13,5.03,1.62,2.27,12.0,7.0,5.0,5.0,5.0,3.0
2020-11-27,Pacos Ferreira,Famalicao,2.0,0.0,2.14,3.23,3.5,2.18,1.68,11.0,9.0,4.0,1.0,3.0,3.0
2020-11-27,Tondela,Guimaraes,0.0,2.0,4.21,3.54,1.85,2.06,1.76,13.0,10.0,4.0,5.0,5.0,2.0
2020-11-28,Santa Clara,Porto,0.0,1.0,6.49,3.99,1.52,1.9,1.89,7.0,4.0,2.0,2.0,2.0,7.0
2020-11-28,Sp Lisbon,Moreirense,2.0,1.0,1.26,5.67,10.8,1.62,2.27,13.0,2.0,5.0,0.0,9.0,0.0
2020-11-29,Gil Vicente,Rio Ave,2.0,0.0,3.02,3.08,2.42,2.29,1.6,4.0,12.0,2.0,3.0,2.0,8.0
2020-11-29,Portimonense,Nacional,1.0,0.0,2.1,3.37,3.38,1.98,1.81,14.0,12.0,4.0,1.0,7.0,3.0
2020-11-29,Boavista,Belenenses,0.0,0.0,2.12,3.15,3.61,2.32,1.58,15.0,14.0,6.0,4.0,4.0,7.0
2020-11-29,Sp Braga,Farense,1.0,0.0,1.36,4.74,8.43,1.75,2.04,16.0,6.0,7.0,0.0,7.0,3.0
2020-11-30,Maritimo,Benfica,1.0,2.0,8.5,4.89,1.34,1.65,2.2,5.0,12.0,2.0,2.0,1.0,12.0
2020-12-01,Moreirense,Pacos Ferreira,0.0,1.0,3.62,3.26,2.08,2.22,1.65,10.0,12.0,2.0,4.0,2.0,2.0
2020-12-05,Guimaraes,Portimonense,1.0,0.0,1.9,3.51,3.95,2.32,1.59,10.0,7.0,3.0,1.0,5.0,3.0
2020-12-05,Moreirense,Gil Vicente,1.0,1.0,2.93,3.14,2.47,2.3,1.6,4.0,6.0,2.0,2.0,1.0,2.0
2020-12-05,Famalicao,Sp Lisbon,2.0,2.0,5.47,4.25,1.55,1.64,2.22,5.0,15.0,2.0,6.0,3.0,4.0
2020-12-05,Porto,Tondela,4.0,3.0,1.18,6.83,14.32,1.5,2.53,16.0,8.0,9.0,4.0,5.0,2.0
2020-12-06,Nacional,Santa Clara,1.0,3.0,2.7,3.16,2.64,2.23,1.63,15.0,13.0,4.0,8.0,7.0,12.0
2020-12-06,Rio Ave,Boavista,0.0,0.0,1.92,3.32,4.09,1.99,1.83,7.0,6.0,3.0,2.0,7.0,0.0
2020-12-06,Belenenses,Sp Braga,2.0,1.0,5.82,4.05,1.54,1.88,1.9,11.0,16.0,5.0,6.0,5.0,9.0
2020-12-06,Benfica,Pacos Ferreira,2.0,1.0,1.25,5.72,10.94,1.57,2.34,13.0,16.0,4.0,5.0,6.0,4.0
2020-12-07,Farense,Maritimo,2.0,1.0,2.35,3.26,2.98,1.96,1.82,4.0,10.0,4.0,4.0,1.0,4.0
2020-12-18,Portimonense,Famalicao,0.0,0.0,2.41,3.19,2.99,2.18,1.68,19.0,8.0,6.0,4.0,4.0,1.0
2020-12-19,Maritimo,Belenenses,1.0,0.0,2.39,3.15,3.05,2.36,1.57,10.0,7.0,2.0,2.0,4.0,2.0
2020-12-19,Tondela,Moreirense,0.0,0.0,2.41,3.13,3.03,2.41,1.54,6.0,10.0,1.0,2.0,1.0,6.0
2020-12-19,Sp Lisbon,Farense,1.0,0.0,1.31,5.34,8.91,1.58,2.32,18.0,8.0,3.0,3.0,7.0,2.0
2020-12-20,Pacos Ferreira,Boavista,1.0,1.0,2.26,3.28,3.14,2.21,1.65,7.0,8.0,3.0,4.0,5.0,3.0
2020-12-20,Gil Vicente,Benfica,0.0,2.0,7.28,4.77,1.39,1.59,2.3,14.0,11.0,5.0,6.0,4.0,3.0
2020-12-20,Porto,Nacional,2.0,0.0,1.26,5.78,10.3,1.52,2.45,14.0,4.0,5.0,2.0,8.0,1.0
2020-12-21,Santa Clara,Guimaraes,0.0,4.0,2.76,3.18,2.56,2.19,1.65,11.0,7.0,2.0,5.0,7.0,3.0
2020-12-22,Sp Braga,Rio Ave,3.0,0.0,1.55,4.0,5.96,1.91,1.88,10.0,8.0,5.0,2.0,3.0,4.0
2020-12-27,Famalicao,Gil Vicente,0.0,1.0,2.46,2.99,3.08,2.19,1.66,7.0,8.0,1.0,3.0,4.0,6.0
2020-12-27,Nacional,Tondela,2.0,0.0,2.06,3.22,3.71,2.15,1.68,10.0,13.0,4.0,2.0,2.0,6.0
2020-12-27,Farense,Pacos Ferreira,1.0,1.0,2.77,3.17,2.57,2.28,1.61,6.0,13.0,1.0,3.0,5.0,3.0
2020-12-27,Belenenses,Sp Lisbon,1.0,2.0,6.61,4.24,1.47,1.82,1.97,10.0,6.0,7.0,4.0,5.0,3.0
2020-12-28,Rio Ave,Maritimo,1.0,3.0,1.89,3.33,4.27,2.27,1.62,10.0,13.0,5.0,6.0,4.0,5.0
2020-12-28,Boavista,Sp Braga,1.0,4.0,4.49,3.64,1.75,1.86,1.92,13.0,11.0,5.0,7.0,8.0,6.0
2020-12-29,Benfica,Portimonense,2.0,1.0,1.22,6.27,11.88,1.53,2.44,15.0,13.0,6.0,2.0,3.0,2.0
2020-12-29,Moreirense,Santa Clara,1.0,0.0,2.68,3.01,2.78,2.2,1.66,12.0,8.0,2.0,1.0,2.0,0.0
2020-12-29,Guimaraes,Porto,2.0,3.0,4.57,3.76,1.71,1.79,1.99,4.0,17.0,2.0,7.0,0.0,3.0
2021-01-02,Sp Lisbon,Sp Braga,2.0,0.0,2.06,3.51,3.41,1.7,2.14,6.0,12.0,4.0,3.0,5.0,4.0
2021-01-03,Tondela,Famalicao,1.0,0.0,2.85,3.06,2.58,2.23,1.64,9.0,17.0,3.0,7.0,4.0,5.0
2021-01-03,Maritimo,Boavista,0.0,0.0,2.61,3.04,2.83,2.27,1.62,9.0,10.0,4.0,3.0,2.0,3.0
2021-01-03,Santa Clara,Benfica,1.0,1.0,6.53,4.38,1.46,1.7,2.12,12.0,7.0,4.0,2.0,3.0,10.0
2021-01-03,Pacos Ferreira,Rio Ave,2.0,0.0,2.33,2.99,3.31,2.41,1.54,15.0,12.0,4.0,2.0,3.0,4.0
2021-01-03,Porto,Moreirense,3.0,0.0,1.21,6.39,12.89,1.57,2.34,20.0,3.0,7.0,2.0,6.0,1.0
2021-01-04,Gil Vicente,Belenenses,0.0,0.0,2.21,3.07,3.48,2.52,1.5,13.0,7.0,5.0,1.0,8.0,3.0
2021-01-04,Portimonense,Farense,2.0,0.0,2.25,3.2,3.23,2.22,1.65,13.0,6.0,5.0,0.0,5.0,1.0
2021-01-07,Sp Braga,Maritimo,2.0,1.0,1.35,5.0,8.0,1.61,2.27,18.0,9.0,3.0,2.0,4.0,1.0
2021-01-08,Nacional,Sp Lisbon,0.0,2.0,7.31,4.46,1.43,1.76,2.07,6.0,24.0,1.0,5.0,1.0,10.0
2021-01-08,Benfica,Tondela,2.0,0.0,1.12,8.97,19.11,1.28,3.6,21.0,3.0,5.0,2.0,11.0,0.0
2021-01-08,Rio Ave,Portimonense,3.0,0.0,2.1,3.01,3.98,2.54,1.5,16.0,13.0,7.0,3.0,4.0,4.0
2021-01-08,Famalicao,Porto,1.0,4.0,8.24,4.97,1.36,1.72,2.12,8.0,9.0,3.0,5.0,3.0,3.0
2021-01-09,Moreirense,Guimaraes,2.0,2.0,3.51,3.15,2.17,2.39,1.57,7.0,9.0,6.0,3.0,2.0,3.0
2021-01-09,Boavista,Santa Clara,1.0,1.0,2.38,2.97,3.27,2.43,1.55,13.0,7.0,5.0,2.0,3.0,4.0
2021-01-10,Farense,Gil Vicente,3.0,1.0,2.62,2.93,2.94,2.39,1.56,10.0,7.0,4.0,3.0,7.0,6.0
2021-01-10,Belenenses,Pacos Ferreira,0.0,2.0,3.02,3.0,2.5,2.61,1.48,14.0,9.0,6.0,5.0,8.0,4.0
2021-01-15,Sp Lisbon,Rio Ave,1.0,1.0,1.52,3.99,6.46,1.97,1.84,14.0,6.0,4.0,1.0,5.0,2.0
2021-01-15,Porto,Benfica,1.0,1.0,2.22,3.39,3.19,1.8,2.01,9.0,12.0,4.0,4.0,1.0,3.0
2021-01-16,Pacos Ferreira,Sp Braga,2.0,0.0,4.08,3.54,1.86,1.82,1.97,8.0,12.0,4.0,4.0,2.0,4.0
2021-01-16,Tondela,Boavista,3.0,1.0,3.13,3.24,2.3,2.2,1.66,18.0,8.0,7.0,2.0,7.0,5.0
2021-01-17,Nacional,Moreirense,0.0,1.0,2.35,3.11,3.15,2.33,1.59,18.0,15.0,3.0,4.0,5.0,6.0
2021-01-17,Santa Clara,Famalicao,1.0,2.0,2.34,3.14,3.13,2.35,1.58,11.0,9.0,2.0,4.0,1.0,4.0
2021-01-17,Gil Vicente,Maritimo,0.0,1.0,2.23,3.12,3.38,2.38,1.57,14.0,16.0,3.0,1.0,3.0,4.0
2021-01-18,Portimonense,Belenenses,1.0,0.0,2.4,3.06,3.1,2.5,1.51,15.0,7.0,7.0,2.0,7.0,2.0
2021-01-21,Guimaraes,Nacional,3.0,1.0,1.66,3.76,5.13,2.12,1.71,10.0,12.0,4.0,5.0,3.0,3.0
2021-01-24,Maritimo,Pacos Ferreira,0.0,3.0,2.87,2.98,2.62,2.6,1.47,13.0,11.0,4.0,5.0,5.0,2.0
2021-01-24,Moreirense,Portimonense,2.0,2.0,2.66,3.14,2.69,2.29,1.61,11.0,10.0,3.0,4.0,3.0,1.0
2021-01-24,Famalicao,Guimaraes,0.0,1.0,3.24,3.08,2.31,2.13,1.69,11.0,9.0,5.0,3.0,7.0,4.0
2021-01-25,Belenenses,Tondela,2.0,0.0,2.24,3.0,3.52,2.36,1.57,8.0,12.0,3.0,2.0,4.0,9.0
2021-01-25,Rio Ave,Santa Clara,1.0,2.0,1.97,3.17,4.15,2.29,1.6,11.0,12.0,5.0,5.0,6.0,2.0
2021-01-25,Benfica,Nacional,1.0,1.0,1.18,6.87,14.0,1.44,2.7,11.0,7.0,3.0,2.0,7.0,3.0
2021-01-25,Farense,Porto,0.0,1.0,7.66,4.42,1.41,1.82,1.97,5.0,18.0,1.0,8.0,7.0,4.0
2021-01-26,Sp Braga,Gil Vicente,1.0,0.0,1.43,4.39,7.51,1.8,2.01,13.0,6.0,1.0,0.0,7.0,4.0
2021-01-26,Boavista,Sp Lisbon,0.0,2.0,6.28,4.06,1.52,1.86,1.94,7.0,14.0,3.0,6.0,4.0,8.0
2021-01-30,Nacional,Famalicao,2.0,1.0,2.88,2.91,2.67,2.33,1.59,17.0,14.0,8.0,4.0,9.0,3.0
2021-01-30,Tondela,Farense,2.0,0.0,2.64,3.13,2.72,2.17,1.67,7.0,10.0,2.0,2.0,5.0,5.0
2021-01-30,Portimonense,Boavista,1.0,2.0,2.25,3.11,3.34,2.39,1.56,9.0,11.0,2.0,6.0,4.0,2.0
2021-01-31,Guimaraes,Maritimo,1.0,0.0,1.76,3.65,4.51,2.21,1.65,13.0,9.0,4.0,5.0,7.0,1.0
2021-02-01,Santa Clara,Belenenses,2.0,0.0,2.24,2.97,3.57,2.39,1.56,9.0,11.0,3.0,1.0,2.0,2.0
2021-02-01,Porto,Rio Ave,2.0,0.0,1.34,5.01,8.49,1.7,2.12,14.0,8.0,5.0,2.0,7.0,8.0
2021-02-01,Moreirense,Sp Braga,0.0,4.0,5.66,4.06,1.56,1.81,1.99,14.0,14.0,4.0,7.0,5.0,5.0
2021-02-01,Sp Lisbon,Benfica,1.0,0.0,2.55,3.42,2.65,1.99,1.81,10.0,5.0,2.0,2.0,8.0,1.0
2021-02-02,Gil Vicente,Pacos Ferreira,1.0,2.0,3.1,3.0,2.45,2.61,1.49,3.0,9.0,3.0,6.0,8.0,3.0
2021-02-04,Farense,Santa Clara,1.0,1.0,2.7,2.87,2.88,2.34,1.59,16.0,11.0,4.0,3.0,11.0,7.0
2021-02-04,Belenenses,Porto,0.0,0.0,8.19,4.57,1.38,1.82,1.98,6.0,16.0,0.0,6.0,2.0,10.0
2021-02-04,Sp Braga,Portimonense,2.0,1.0,1.41,4.59,7.08,1.74,2.07,16.0,7.0,4.0,5.0,4.0,1.0
2021-02-04,Famalicao,Moreirense,0.0,2.0,2.09,3.13,3.77,2.06,1.75,19.0,10.0,2.0,3.0,5.0,3.0
2021-02-05,Rio Ave,Nacional,0.0,0.0,1.87,3.16,4.68,2.37,1.56,15.0,18.0,4.0,7.0,5.0,3.0
2021-02-05,Benfica,Guimaraes,0.0,0.0,1.45,4.45,6.54,1.72,2.1,22.0,5.0,5.0,2.0,9.0,2.0
2021-02-05,Maritimo,Sp Lisbon,0.0,2.0,7.05,3.93,1.49,1.85,1.94,5.0,19.0,0.0,4.0,2.0,5.0
2021-02-05,Boavista,Gil Vicente,1.0,2.0,2.35,2.89,3.41,2.46,1.53,16.0,12.0,5.0,5.0,3.0,5.0
2021-02-05,Pacos Ferreira,Tondela,2.0,1.0,1.7,3.64,4.98,2.03,1.78,9.0,8.0,3.0,3.0,3.0,3.0
2021-02-07,Sp Braga,Porto,2.0,2.0,2.93,3.41,2.32,1.82,1.97,15.0,10.0,5.0,3.0,6.0,5.0
2021-02-08,Farense,Moreirense,1.0,2.0,2.41,3.14,3.01,2.32,1.59,15.0,6.0,4.0,3.0,10.0,1.0
2021-02-08,Benfica,Famalicao,2.0,0.0,1.25,5.84,10.51,1.51,2.51,13.0,10.0,5.0,5.0,4.0,1.0
2021-02-08,Maritimo,Santa Clara,1.0,2.0,2.54,3.13,2.83,2.34,1.59,16.0,8.0,5.0,3.0,3.0,5.0
2021-02-08,Belenenses,Guimaraes,1.0,1.0,3.18,3.17,2.29,2.25,1.64,10.0,9.0,4.0,4.0,4.0,7.0
2021-02-09,Pacos Ferreira,Portimonense,0.0,0.0,2.1,3.13,3.75,2.35,1.58,6.0,14.0,1.0,3.0,3.0,2.0
2021-02-09,Rio Ave,Tondela,2.0,1.0,1.86,3.39,4.36,2.22,1.66,6.0,11.0,2.0,5.0,2.0,3.0
2021-02-09,Boavista,Nacional,0.0,1.0,2.3,3.14,3.21,2.29,1.61,20.0,7.0,2.0,1.0,6.0,1.0
2021-02-09,Gil Vicente,Sp Lisbon,1.0,2.0,6.4,3.75,1.57,2.13,1.7,6.0,21.0,2.0,5.0,1.0,4.0
2021-02-12,Famalicao,Belenenses,0.0,0.0,2.46,2.94,3.14,2.55,1.5,8.0,20.0,5.0,11.0,4.0,5.0
2021-02-13,Nacional,Farense,2.0,3.0,2.62,2.95,2.9,2.24,1.64,10.0,9.0,4.0,4.0,6.0,10.0
2021-02-13,Guimaraes,Rio Ave,1.0,3.0,2.21,3.31,3.21,2.25,1.63,15.0,5.0,7.0,3.0,11.0,0.0
2021-02-13,Porto,Boavista,2.0,2.0,1.22,6.11,12.32,1.69,2.14,17.0,4.0,6.0,4.0,7.0,2.0
2021-02-14,Portimonense,Gil Vicente,4.0,1.0,2.51,2.9,3.07,2.53,1.5,11.0,9.0,4.0,3.0,6.0,4.0
2021-02-14,Santa Clara,Sp Braga,0.0,1.0,4.55,3.46,1.79,2.01,1.79,9.0,8.0,2.0,3.0,9.0,3.0
2021-02-14,Moreirense,Benfica,1.0,1.0,7.82,4.76,1.37,1.68,2.15,8.0,18.0,3.0,8.0,3.0,9.0
2021-02-15,Sp Lisbon,Pacos Ferreira,2.0,0.0,1.47,4.18,6.72,1.92,1.86,7.0,7.0,3.0,2.0,2.0,4.0
2021-02-16,Tondela,Maritimo,2.0,1.0,2.56,2.99,2.96,2.26,1.63,13.0,5.0,6.0,3.0,2.0,1.0
2021-02-17,Guimaraes,Farense,2.0,2.0,1.92,3.24,4.23,2.07,1.74,15.0,8.0,3.0,3.0,8.0,4.0
2021-02-19,Boavista,Moreirense,1.0,0.0,2.28,3.0,3.43,2.45,1.54,11.0,8.0,6.0,1.0,10.0,5.0
2021-02-20,Belenenses,Nacional,2.0,1.0,2.17,2.91,3.83,2.52,1.51,16.0,13.0,4.0,4.0,9.0,1.0
2021-02-20,Gil Vicente,Santa Clara,1.0,0.0,2.57,3.02,2.9,2.49,1.52,10.0,10.0,3.0,1.0,6.0,4.0
2021-02-20,Sp Lisbon,Portimonense,2.0,0.0,1.42,4.45,7.35,1.9,1.88,14.0,7.0,7.0,1.0,5.0,4.0
2021-02-21,Pacos Ferreira,Guimaraes,2.0,1.0,2.51,2.95,3.04,2.43,1.55,8.0,10.0,3.0,3.0,3.0,3.0
2021-02-21,Rio Ave,Famalicao,0.0,1.0,1.97,3.32,3.9,2.26,1.63,5.0,8.0,1.0,5.0,4.0,8.0
2021-02-21,Sp Braga,Tondela,4.0,2.0,1.35,4.84,8.49,1.7,2.14,19.0,8.0,7.0,3.0,8.0,2.0
2021-02-21,Farense,Benfica,0.0,0.0,6.39,4.37,1.47,1.68,2.16,8.0,15.0,3.0,2.0,4.0,7.0
2021-02-22,Maritimo,Porto,1.0,2.0,8.26,4.9,1.35,1.63,2.25,12.0,14.0,7.0,6.0,3.0,3.0
2021-02-26,Guimaraes,Boavista,2.0,1.0,2.03,3.28,3.77,2.24,1.64,18.0,7.0,9.0,2.0,10.0,1.0
2021-02-27,Famalicao,Farense,0.0,0.0,2.38,3.22,3.0,2.14,1.69,11.0,10.0,3.0,1.0,5.0,4.0
2021-02-27,Santa Clara,Pacos Ferreira,3.0,0.0,2.7,2.96,2.81,2.47,1.53,7.0,17.0,4.0,4.0,2.0,13.0
2021-02-27,Porto,Sp Lisbon,0.0,0.0,2.16,3.28,3.4,2.22,1.66,14.0,4.0,3.0,0.0,3.0,1.0
2021-02-28,Portimonense,Maritimo,0.0,0.0,2.0,3.06,4.18,2.38,1.57,7.0,11.0,1.0,4.0,6.0,4.0
2021-02-28,Tondela,Gil Vicente,1.0,0.0,2.73,2.91,2.81,2.44,1.54,16.0,13.0,6.0,2.0,6.0,8.0
2021-02-28,Nacional,Sp Braga,1.0,2.0,5.76,3.78,1.59,1.89,1.89,8.0,15.0,2.0,4.0,2.0,5.0
2021-03-01,Benfica,Rio Ave,2.0,0.0,1.43,4.38,7.16,1.78,2.02,17.0,11.0,6.0,5.0,6.0,6.0
2021-03-01,Moreirense,Belenenses,2.0,2.0,2.66,2.87,2.93,2.53,1.51,11.0,13.0,5.0,5.0,4.0,5.0
2021-03-05,Pacos Ferreira,Nacional,2.0,1.0,1.75,3.46,4.96,2.3,1.61,12.0,10.0,3.0,4.0,5.0,4.0
2021-03-05,Sp Lisbon,Santa Clara,2.0,1.0,1.42,4.23,8.21,2.04,1.76,6.0,6.0,4.0,2.0,4.0,8.0
2021-03-06,Portimonense,Tondela,3.0,0.0,1.92,3.29,4.22,2.09,1.73,10.0,12.0,5.0,3.0,3.0,3.0
2021-03-06,Gil Vicente,Porto,0.0,2.0,6.52,3.91,1.53,2.09,1.73,9.0,11.0,1.0,6.0,4.0,10.0
2021-03-06,Boavista,Famalicao,3.0,0.0,2.34,3.11,3.16,2.28,1.61,11.0,12.0,4.0,2.0,2.0,7.0
2021-03-07,Maritimo,Moreirense,0.0,2.0,2.25,3.06,3.38,2.54,1.5,15.0,16.0,6.0,5.0,5.0,2.0
2021-03-07,Rio Ave,Farense,2.0,0.0,2.06,3.12,3.87,2.3,1.6,10.0,6.0,4.0,1.0,4.0,6.0
2021-03-08,Belenenses,Benfica,0.0,3.0,6.74,4.27,1.46,1.84,1.96,10.0,11.0,3.0,6.0,4.0,5.0
2021-03-09,Sp Braga,Guimaraes,3.0,0.0,1.58,4.02,5.54,1.91,1.89,8.0,14.0,4.0,1.0,3.0,12.0
2021-03-12,Nacional,Maritimo,1.0,2.0,2.75,2.97,2.75,2.25,1.64,17.0,14.0,7.0,3.0,8.0,6.0
2021-03-13,Farense,Belenenses,0.0,1.0,2.43,3.01,3.12,2.31,1.6,13.0,8.0,4.0,4.0,6.0,2.0
2021-03-13,Benfica,Boavista,2.0,0.0,1.32,5.13,8.72,1.64,2.23,17.0,3.0,7.0,0.0,13.0,3.0
2021-03-13,Santa Clara,Portimonense,2.0,0.0,2.57,2.89,3.05,2.46,1.53,18.0,11.0,5.0,4.0,6.0,2.0
2021-03-13,Tondela,Sp Lisbon,0.0,1.0,7.48,4.34,1.43,1.85,1.94,4.0,14.0,2.0,4.0,3.0,5.0
2021-03-14,Moreirense,Rio Ave,1.0,1.0,3.0,3.03,2.49,2.22,1.64,9.0,13.0,2.0,2.0,7.0,5.0
2021-03-14,Guimaraes,Gil Vicente,2.0,4.0,2.0,3.22,3.89,2.27,1.61,20.0,11.0,8.0,8.0,8.0,6.0
2021-03-14,Porto,Pacos Ferreira,2.0,0.0,1.41,4.48,7.59,1.85,1.95,16.0,2.0,5.0,2.0,10.0,2.0
2021-03-15,Famalicao,Sp Braga,2.0,2.0,4.94,4.06,1.62,1.7,2.13,17.0,9.0,5.0,3.0,2.0,4.0
2021-03-19,Gil Vicente,Nacional,2.0,0.0,2.08,3.15,3.8,2.24,1.64,10.0,9.0,4.0,1.0,3.0,3.0
2021-03-20,Pacos Ferreira,Moreirense,3.0,0.0,1.88,3.33,4.29,2.38,1.56,14.0,9.0,8.0,0.0,5.0,10.0
2021-03-20,Santa Clara,Tondela,1.0,1.0,1.8,3.21,5.02,2.24,1.63,16.0,5.0,5.0,4.0,6.0,4.0
2021-03-20,Portimonense,Porto,1.0,2.0,7.64,4.29,1.42,1.91,1.88,8.0,12.0,3.0,3.0,2.0,4.0
2021-03-20,Sp Lisbon,Guimaraes,1.0,0.0,1.5,3.91,6.92,2.05,1.76,10.0,4.0,4.0,1.0,5.0,6.0
2021-03-21,Rio Ave,Belenenses,0.0,0.0,2.01,3.12,3.99,2.42,1.54,19.0,6.0,7.0,3.0,9.0,2.0
2021-03-21,Boavista,Farense,0.0,1.0,2.2,3.18,3.36,2.2,1.65,14.0,19.0,5.0,8.0,5.0,9.0
2021-03-21,Maritimo,Famalicao,0.0,4.0,2.68,3.06,2.71,2.3,1.6,8.0,13.0,2.0,7.0,5.0,1.0
2021-03-21,Sp Braga,Benfica,0.0,2.0,2.9,3.66,2.23,1.72,2.11,8.0,10.0,3.0,5.0,2.0,1.0
2021-04-02,Nacional,Portimonense,1.0,5.0,2.87,3.12,2.53,2.24,1.64,12.0,18.0,2.0,10.0,6.0,6.0
2021-04-03,Rio Ave,Gil Vicente,0.0,2.0,2.08,3.22,3.64,2.41,1.55,10.0,8.0,3.0,3.0,4.0,6.0
2021-04-03,Porto,Santa Clara,2.0,1.0,1.27,5.38,11.19,1.83,1.96,17.0,5.0,6.0,3.0,7.0,5.0
2021-04-04,Belenenses,Boavista,0.0,2.0,2.68,2.91,2.86,2.76,1.43,10.0,10.0,2.0,6.0,5.0,4.0
2021-04-04,Guimaraes,Tondela,1.0,2.0,1.65,3.66,5.39,2.17,1.68,16.0,10.0,6.0,3.0,11.0,5.0
2021-04-04,Famalicao,Pacos Ferreira,2.0,0.0,2.67,3.09,2.72,2.36,1.57,16.0,3.0,6.0,0.0,6.0,3.0
2021-04-05,Farense,Sp Braga,1.0,2.0,5.14,3.72,1.66,1.92,1.87,18.0,14.0,9.0,2.0,4.0,5.0
2021-04-05,Benfica,Maritimo,1.0,0.0,1.17,6.92,15.01,1.5,2.53,15.0,8.0,6.0,2.0,4.0,3.0
2021-04-05,Moreirense,Sp Lisbon,1.0,1.0,7.27,4.0,1.47,1.97,1.82,5.0,10.0,1.0,3.0,2.0,4.0
2021-04-09,Portimonense,Guimaraes,3.0,0.0,2.58,3.04,2.9,2.43,1.55,7.0,10.0,3.0,3.0,3.0,8.0
2021-04-10,Maritimo,Farense,1.0,0.0,2.59,2.96,2.96,2.47,1.53,9.0,14.0,2.0,2.0,6.0,12.0
2021-04-10,Boavista,Rio Ave,3.0,3.0,2.62,3.02,2.86,2.37,1.57,13.0,10.0,4.0,5.0,6.0,5.0
2021-04-10,Tondela,Porto,0.0,2.0,7.8,4.35,1.42,1.85,1.95,7.0,13.0,2.0,6.0,1.0,6.0
2021-04-10,Pacos Ferreira,Benfica,0.0,5.0,6.55,4.19,1.49,1.84,1.96,2.0,15.0,1.0,9.0,1.0,11.0
2021-04-11,Gil Vicente,Moreirense,1.0,2.0,2.17,3.26,3.38,2.3,1.6,18.0,10.0,6.0,4.0,7.0,2.0
2021-04-11,Santa Clara,Nacional,5.0,1.0,1.82,3.37,4.59,2.27,1.61,16.0,10.0,9.0,3.0,3.0,3.0
2021-04-11,Sp Braga,Belenenses,1.0,1.0,1.42,4.35,7.59,1.92,1.87,14.0,9.0,4.0,2.0,9.0,7.0
2021-04-11,Sp Lisbon,Famalicao,1.0,1.0,1.45,4.31,6.98,2.02,1.78,16.0,2.0,5.0,2.0,6.0,5.0
2021-04-16,Boavista,Pacos Ferreira,2.0,0.0,2.55,3.02,2.95,2.43,1.55,9.0,13.0,4.0,2.0,0.0,8.0
2021-04-16,Farense,Sp Lisbon,0.0,1.0,5.79,3.66,1.63,2.09,1.74,8.0,12.0,3.0,4.0,7.0,9.0
2021-04-17,Guimaraes,Santa Clara,1.0,0.0,2.24,3.2,3.3,2.27,1.62,5.0,9.0,2.0,1.0,4.0,5.0
2021-04-17,Moreirense,Tondela,2.0,3.0,2.23,3.23,3.29,2.16,1.68,12.0,7.0,3.0,5.0,5.0,3.0
2021-04-17,Belenenses,Maritimo,2.0,0.0,2.23,3.06,3.46,2.55,1.5,6.0,21.0,4.0,6.0,2.0,11.0
2021-04-17,Benfica,Gil Vicente,1.0,2.0,1.22,5.9,13.13,1.65,2.21,19.0,8.0,1.0,2.0,5.0,5.0
2021-04-17,Rio Ave,Sp Braga,0.0,0.0,4.22,3.59,1.82,1.93,1.87,10.0,13.0,4.0,6.0,2.0,5.0
2021-04-18,Famalicao,Portimonense,0.0,1.0,2.19,3.21,3.37,2.31,1.6,18.0,9.0,2.0,4.0,5.0,4.0
2021-04-18,Nacional,Porto,0.0,1.0,10.07,5.21,1.29,1.66,2.21,7.0,9.0,3.0,3.0,2.0,2.0
2021-04-20,Pacos Ferreira,Farense,0.0,2.0,2.43,3.14,3.01,2.31,1.61,5.0,13.0,1.0,6.0,6.0,6.0
2021-04-21,Santa Clara,Moreirense,0.0,0.0,1.92,3.28,4.24,2.3,1.6,18.0,6.0,5.0,3.0,8.0,5.0
2021-04-21,Maritimo,Rio Ave,1.0,0.0,2.84,3.07,2.6,2.44,1.54,6.0,15.0,2.0,1.0,4.0,10.0
2021-04-21,Sp Braga,Boavista,2.0,1.0,1.46,4.29,6.86,1.84,1.96,25.0,5.0,10.0,2.0,15.0,2.0
2021-04-21,Sp Lisbon,Belenenses,2.0,2.0,1.44,4.16,7.75,2.13,1.7,28.0,3.0,9.0,3.0,9.0,0.0
2021-04-22,Tondela,Nacional,2.0,1.0,2.02,3.44,3.57,2.08,1.73,6.0,11.0,5.0,5.0,6.0,7.0
2021-04-22,Gil Vicente,Famalicao,0.0,3.0,2.51,3.11,2.9,2.44,1.54,10.0,14.0,5.0,5.0,6.0,5.0
2021-04-22,Portimonense,Benfica,1.0,5.0,6.23,4.16,1.5,1.77,2.03,8.0,15.0,3.0,6.0,5.0,4.0
2021-04-22,Porto,Guimaraes,1.0,0.0,1.34,4.94,8.56,1.7,2.13,15.0,4.0,7.0,1.0,8.0,4.0
2021-04-25,Boavista,Maritimo,0.0,1.0,2.13,3.36,3.36,2.31,1.6,9.0,10.0,3.0,3.0,3.0,8.0
2021-04-25,Rio Ave,Pacos Ferreira,1.0,1.0,2.13,3.23,3.5,2.33,1.58,7.0,9.0,2.0,3.0,5.0,2.0
2021-04-25,Sp Braga,Sp Lisbon,0.0,1.0,2.57,3.11,2.82,2.11,1.71,17.0,5.0,4.0,1.0,6.0,2.0
2021-04-26,Belenenses,Gil Vicente,2.0,1.0,2.49,2.86,3.19,2.61,1.48,8.0,16.0,3.0,4.0,4.0,5.0
2021-04-26,Benfica,Santa Clara,2.0,1.0,1.33,4.92,9.4,1.77,2.04,10.0,16.0,1.0,7.0,5.0,4.0
2021-04-26,Famalicao,Tondela,2.0,2.0,1.98,3.31,3.87,2.14,1.69,11.0,11.0,4.0,2.0,8.0,9.0
2021-04-26,Nacional,Guimaraes,1.0,0.0,3.42,3.3,2.13,2.04,1.76,8.0,6.0,6.0,1.0,6.0,4.0
2021-04-26,Moreirense,Porto,1.0,1.0,8.55,4.74,1.36,1.77,2.03,10.0,20.0,4.0,7.0,6.0,11.0
2021-04-27,Farense,Portimonense,1.0,1.0,2.18,3.15,3.52,2.34,1.59,10.0,17.0,3.0,6.0,8.0,5.0
2021-04-29,Maritimo,Sp Braga,1.0,0.0,5.77,4.05,1.55,1.85,1.95,7.0,12.0,2.0,4.0,2.0,8.0
2021-04-30,Pacos Ferreira,Belenenses,1.0,0.0,2.25,3.1,3.39,2.52,1.52,13.0,7.0,6.0,1.0,3.0,5.0
2021-04-30,Guimaraes,Moreirense,2.0,0.0,1.97,3.28,4.06,2.07,1.75,15.0,14.0,7.0,2.0,4.0,10.0
2021-04-30,Tondela,Benfica,0.0,2.0,9.64,5.52,1.29,1.49,2.59,7.0,13.0,3.0,6.0,3.0,6.0
2021-04-30,Porto,Famalicao,3.0,2.0,1.38,4.85,7.79,1.72,2.12,10.0,9.0,4.0,3.0,5.0,4.0
2021-05-01,Gil Vicente,Farense,0.0,0.0,2.57,3.1,2.84,2.35,1.59,11.0,11.0,3.0,3.0,5.0,4.0
2021-05-01,Portimonense,Rio Ave,0.0,0.0,2.47,3.07,3.0,2.44,1.54,6.0,11.0,1.0,2.0,6.0,10.0
2021-05-01,Santa Clara,Boavista,3.0,3.0,2.23,3.13,3.38,2.36,1.58,15.0,10.0,6.0,5.0,5.0,4.0
2021-05-01,Sp Lisbon,Nacional,2.0,0.0,1.28,5.29,10.92,1.81,1.99,19.0,2.0,8.0,1.0,7.0,4.0
2021-05-05,Maritimo,Gil Vicente,0.0,1.0,2.6,2.96,2.95,2.64,1.47,9.0,8.0,2.0,5.0,9.0,3.0
2021-05-05,Sp Braga,Pacos Ferreira,1.0,1.0,1.5,4.03,6.85,1.95,1.86,11.0,13.0,3.0,1.0,7.0,5.0
2021-05-05,Rio Ave,Sp Lisbon,0.0,2.0,5.0,3.48,1.75,2.2,1.66,5.0,17.0,1.0,5.0,2.0,9.0
2021-05-06,Moreirense,Nacional,2.0,2.0,2.27,3.34,3.11,2.08,1.74,12.0,17.0,6.0,3.0,3.0,7.0
2021-05-06,Belenenses,Portimonense,1.0,0.0,3.23,2.59,2.73,2.67,1.46,13.0,10.0,3.0,2.0,3.0,4.0
2021-05-06,Benfica,Porto,1.0,1.0,2.36,3.36,2.97,2.02,1.79,5.0,15.0,3.0,2.0,7.0,11.0
2021-05-06,Farense,Guimaraes,2.0,2.0,2.12,3.25,3.53,2.26,1.63,13.0,13.0,8.0,3.0,3.0,6.0
2021-05-07,Famalicao,Santa Clara,1.0,0.0,2.19,3.24,3.36,2.11,1.72,14.0,6.0,4.0,3.0,5.0,2.0
2021-05-07,Boavista,Tondela,1.0,1.0,1.82,3.54,4.34,2.03,1.78,22.0,7.0,8.0,3.0,8.0,2.0
2021-05-09,Pacos Ferreira,Maritimo,1.0,1.0,2.14,3.19,3.54,2.43,1.55,17.0,7.0,5.0,1.0,7.0,4.0
2021-05-09,Gil Vicente,Sp Braga,1.0,1.0,4.91,3.57,1.73,1.99,1.81,5.0,12.0,2.0,3.0,2.0,4.0
2021-05-10,Portimonense,Moreirense,1.0,2.0,1.89,3.51,4.05,2.14,1.7,13.0,8.0,3.0,3.0,2.0,6.0
2021-05-10,Porto,Farense,5.0,1.0,1.3,5.29,9.61,1.68,2.16,13.0,6.0,7.0,1.0,3.0,1.0
2021-05-11,Santa Clara,Rio Ave,1.0,0.0,2.38,3.13,3.13,2.39,1.57,14.0,7.0,6.0,5.0,8.0,6.0
2021-05-11,Tondela,Belenenses,1.0,3.0,2.54,2.94,3.08,2.41,1.56,18.0,8.0,3.0,7.0,11.0,3.0
2021-05-11,Nacional,Benfica,1.0,3.0,10.3,5.49,1.29,1.6,2.32,15.0,14.0,4.0,3.0,5.0,6.0
2021-05-11,Sp Lisbon,Boavista,1.0,0.0,1.29,5.36,10.62,1.75,2.08,17.0,5.0,3.0,2.0,12.0,1.0
2021-05-12,Guimaraes,Famalicao,1.0,2.0,2.42,3.15,3.03,2.19,1.67,7.0,12.0,1.0,5.0,7.0,8.0
2021-05-14,Pacos Ferreira,Gil Vicente,0.0,2.0,2.68,3.04,2.8,2.38,1.57,8.0,13.0,4.0,7.0,2.0,9.0
2021-05-14,Sp Braga,Moreirense,2.0,1.0,1.38,5.08,7.21,1.58,2.37,15.0,10.0,5.0,3.0,10.0,1.0
2021-05-15,Boavista,Portimonense,1.0,0.0,2.5,3.21,2.86,2.2,1.67,10.0,8.0,2.0,0.0,2.0,5.0
2021-05-15,Farense,Tondela,1.0,0.0,1.64,3.88,5.12,1.96,1.85,15.0,12.0,5.0,4.0,5.0,3.0
2021-05-15,Benfica,Sp Lisbon,4.0,3.0,1.94,3.48,3.92,2.11,1.73,12.0,11.0,9.0,5.0,5.0,5.0
2021-05-15,Rio Ave,Porto,0.0,3.0,6.7,4.25,1.48,1.83,1.98,12.0,15.0,2.0,4.0,5.0,5.0
2021-05-16,Famalicao,Nacional,3.0,0.0,1.87,3.61,4.02,1.91,1.89,15.0,9.0,6.0,2.0,5.0,2.0
2021-05-16,Belenenses,Santa Clara,0.0,2.0,2.99,3.06,2.5,2.37,1.58,11.0,10.0,3.0,4.0,10.0,5.0
2021-05-16,Maritimo,Guimaraes,0.0,0.0,2.76,3.11,2.64,2.37,1.58,6.0,9.0,1.0,1.0,2.0,2.0
2021-05-18,Tondela,Pacos Ferreira,2.0,3.0,3.05,3.3,2.34,2.0,1.82,14.0,16.0,3.0,8.0,3.0,6.0
2021-05-19,Porto,Belenenses,4.0,0.0,1.25,5.96,11.58,1.58,2.38,12.0,13.0,6.0,3.0,6.0,6.0
2021-05-19,Gil Vicente,Boavista,1.0,2.0,3.48,3.61,2.04,1.92,1.88,13.0,15.0,4.0,6.0,7.0,8.0
2021-05-19,Guimaraes,Benfica,1.0,3.0,3.37,3.69,2.06,1.77,2.05,10.0,17.0,7.0,9.0,7.0,4.0
2021-05-19,Moreirense,Famalicao,3.0,0.0,3.26,3.52,2.16,1.95,1.85,11.0,14.0,3.0,3.0,6.0,3.0
2021-05-19,Nacional,Rio Ave,1.0,2.0,5.21,3.79,1.67,1.99,1.83,11.0,30.0,2.0,14.0,1.0,16.0
2021-05-19,Portimonense,Sp Braga,0.0,0.0,2.9,3.14,2.56,1.86,1.94,8.0,4.0,2.0,1.0,4.0,5.0
2021-05-19,Santa Clara,Farense,4.0,0.0,2.18,3.42,3.31,2.08,1.75,8.0,6.0,5.0,1.0,1.0,4.0
2021-05-19,Sp Lisbon,Maritimo,5.0,1.0,1.27,5.65,11.21,1.69,2.15,18.0,5.0,6.0,1.0,4.0,3.0
2021-08-06,Sp Lisbon,Vizela,3.0,0.0,1.27,5.51,10.97,1.75,2.08,15.0,6.0,5.0,1.0,3.0,5.0
2021-08-07,Arouca,Estoril,0.0,2.0,2.25,3.2,3.28,2.3,1.61,11.0,12.0,3.0,6.0,3.0,2.0
2021-08-07,Moreirense,Benfica,1.0,2.0,6.87,4.56,1.43,1.65,2.23,8.0,9.0,3.0,6.0,0.0,6.0
2021-08-07,Maritimo,Sp Braga,0.0,2.0,4.3,3.57,1.82,1.89,1.92,7.0,12.0,0.0,5.0,3.0,6.0
2021-08-08,Guimaraes,Portimonense,0.0,1.0,2.05,3.21,3.82,2.21,1.66,18.0,7.0,3.0,1.0,10.0,5.0
2021-08-08,Tondela,Santa Clara,3.0,0.0,3.05,3.14,2.4,2.15,1.7,10.0,23.0,5.0,5.0,3.0,5.0
2021-08-08,Porto,Belenenses,2.0,0.0,1.22,6.26,11.93,1.56,2.41,21.0,7.0,7.0,3.0,8.0,3.0
2021-08-08,Pacos Ferreira,Famalicao,2.0,0.0,2.4,3.1,3.07,2.34,1.59,20.0,10.0,3.0,2.0,6.0,3.0
2021-08-09,Gil Vicente,Boavista,3.0,0.0,2.12,3.14,3.68,2.4,1.56,9.0,13.0,6.0,5.0,1.0,5.0
2021-08-13,Estoril,Guimaraes,0.0,0.0,2.88,3.09,2.58,2.21,1.67,7.0,12.0,1.0,2.0,4.0,9.0
2021-08-14,Vizela,Tondela,2.0,1.0,2.37,3.17,3.1,2.27,1.63,20.0,8.0,6.0,2.0,11.0,4.0
2021-08-14,Benfica,Arouca,2.0,0.0,1.17,7.02,16.22,1.6,2.31,17.0,3.0,5.0,1.0,4.0,2.0
2021-08-14,Sp Braga,Sp Lisbon,1.0,2.0,3.36,3.2,2.23,2.07,1.76,16.0,5.0,6.0,3.0,6.0,5.0
2021-08-15,Portimonense,Gil Vicente,0.0,1.0,2.4,3.06,3.15,2.47,1.54,18.0,7.0,5.0,4.0,5.0,4.0
2021-08-15,Famalicao,Porto,1.0,2.0,8.06,4.8,1.37,1.71,2.15,7.0,12.0,1.0,4.0,3.0,2.0
2021-08-15,Santa Clara,Moreirense,2.0,2.0,2.41,3.13,3.07,2.31,1.61,17.0,10.0,4.0,4.0,5.0,4.0
2021-08-16,Boavista,Pacos Ferreira,3.0,0.0,2.7,3.01,2.8,2.45,1.54,8.0,17.0,4.0,5.0,2.0,8.0
2021-08-16,Belenenses,Maritimo,1.0,2.0,2.51,2.91,3.13,2.68,1.46,5.0,13.0,2.0,4.0,3.0,4.0
2021-08-20,Arouca,Famalicao,2.0,1.0,2.92,3.08,2.53,2.3,1.61,22.0,10.0,6.0,5.0,10.0,9.0
2021-08-20,Moreirense,Sp Braga,2.0,3.0,5.06,3.61,1.7,1.97,1.83,13.0,16.0,5.0,7.0,6.0,0.0
2021-08-21,Gil Vicente,Benfica,0.0,2.0,5.59,4.09,1.56,1.85,1.96,5.0,21.0,2.0,7.0,3.0,9.0
2021-08-21,Sp Lisbon,Belenenses,2.0,0.0,1.18,6.53,16.7,1.68,2.17,26.0,3.0,7.0,0.0,10.0,0.0
2021-08-22,Tondela,Portimonense,0.0,3.0,2.83,2.93,2.7,2.18,1.67,11.0,7.0,3.0,5.0,6.0,5.0
2021-08-22,Maritimo,Porto,1.0,1.0,8.65,4.6,1.37,1.81,2.0,5.0,16.0,1.0,5.0,3.0,4.0
2021-08-22,Guimaraes,Vizela,4.0,0.0,1.7,3.59,5.06,2.07,1.75,20.0,4.0,8.0,2.0,8.0,2.0
2021-08-23,Pacos Ferreira,Estoril,1.0,3.0,2.16,3.14,3.51,2.42,1.55,10.0,14.0,2.0,4.0,5.0,4.0
2021-08-23,Boavista,Santa Clara,2.0,0.0,2.36,3.15,3.09,2.31,1.6,9.0,11.0,4.0,2.0,5.0,5.0
2021-08-27,Belenenses,Moreirense,1.0,1.0,3.32,3.15,2.28,2.34,1.6,4.0,18.0,1.0,6.0,3.0,11.0
2021-08-27,Estoril,Maritimo,2.0,1.0,2.1,3.1,3.86,2.66,1.47,9.0,7.0,3.0,2.0,1.0,4.0
2021-08-28,Vizela,Boavista,1.0,1.0,2.77,3.23,2.57,2.06,1.77,16.0,5.0,4.0,1.0,11.0,2.0
2021-08-28,Porto,Arouca,3.0,0.0,1.18,6.97,16.11,1.62,2.3,15.0,8.0,4.0,1.0,4.0,5.0
2021-08-28,Famalicao,Sp Lisbon,1.0,1.0,6.71,4.23,1.48,1.83,1.99,14.0,15.0,5.0,5.0,2.0,9.0
2021-08-29,Benfica,Tondela,2.0,1.0,1.18,6.84,15.57,1.53,2.47,20.0,3.0,8.0,2.0,11.0,0.0
2021-08-29,Sp Braga,Guimaraes,0.0,0.0,1.73,3.79,4.62,1.82,2.0,20.0,11.0,6.0,2.0,6.0,6.0
2021-08-29,Portimonense,Pacos Ferreira,0.0,1.0,2.13,3.2,3.6,2.38,1.58,18.0,6.0,5.0,2.0,7.0,3.0
2021-08-29,Santa Clara,Gil Vicente,1.0,0.0,2.63,2.98,2.9,2.44,1.55,10.0,5.0,4.0,2.0,5.0,4.0
2021-09-11,Pacos Ferreira,Sp Braga,0.0,0.0,4.19,3.45,1.88,2.14,1.71,12.0,10.0,3.0,2.0,11.0,5.0
2021-09-11,Santa Clara,Benfica,0.0,5.0,5.9,4.22,1.53,1.76,2.06,11.0,8.0,5.0,5.0,7.0,2.0
2021-09-11,Sp Lisbon,Porto,1.0,1.0,2.57,3.16,2.82,2.11,1.73,9.0,5.0,5.0,1.0,5.0,4.0
2021-09-12,Moreirense,Famalicao,2.0,2.0,2.82,3.16,2.57,2.11,1.72,7.0,15.0,3.0,8.0,6.0,4.0
2021-09-12,Boavista,Portimonense,1.0,1.0,2.57,3.09,2.88,2.33,1.6,11.0,7.0,3.0,3.0,8.0,2.0
2021-09-12,Gil Vicente,Vizela,2.0,2.0,2.02,3.37,3.72,2.12,1.72,21.0,19.0,6.0,6.0,9.0,7.0
2021-09-12,Guimaraes,Belenenses,0.0,0.0,1.5,4.06,6.74,2.0,1.81,10.0,16.0,3.0,6.0,5.0,7.0
2021-09-13,Maritimo,Arouca,2.0,2.0,2.06,3.24,3.74,2.37,1.57,14.0,17.0,6.0,3.0,5.0,2.0
2021-09-13,Tondela,Estoril,1.0,2.0,2.95,3.24,2.42,2.07,1.75,20.0,11.0,5.0,4.0,6.0,5.0
2021-09-17,Portimonense,Santa Clara,2.0,1.0,2.34,3.01,3.37,2.65,1.47,10.0,13.0,4.0,2.0,4.0,2.0
2021-09-18,Famalicao,Maritimo,0.0,0.0,2.04,3.35,3.69,2.19,1.68,16.0,2.0,4.0,0.0,7.0,5.0
2021-09-18,Belenenses,Gil Vicente,1.0,1.0,3.47,3.1,2.23,2.33,1.6,11.0,8.0,4.0,4.0,4.0,7.0
2021-09-18,Arouca,Guimaraes,2.0,2.0,3.84,3.42,1.98,2.14,1.7,11.0,11.0,5.0,4.0,6.0,4.0
2021-09-19,Vizela,Pacos Ferreira,1.0,1.0,2.42,3.16,3.01,2.28,1.63,21.0,12.0,4.0,3.0,5.0,4.0
2021-09-19,Porto,Moreirense,5.0,0.0,1.21,6.47,13.59,1.57,2.38,18.0,5.0,7.0,0.0,6.0,5.0
2021-09-19,Estoril,Sp Lisbon,0.0,1.0,6.08,3.74,1.59,2.04,1.78,7.0,11.0,3.0,4.0,7.0,9.0
2021-09-20,Benfica,Boavista,3.0,1.0,1.2,6.51,13.63,1.54,2.44,8.0,10.0,6.0,6.0,5.0,4.0
2021-09-20,Sp Braga,Tondela,3.0,1.0,1.33,5.15,8.94,1.65,2.23,20.0,3.0,7.0,1.0,5.0,0.0
2021-09-24,Sp Lisbon,Maritimo,1.0,0.0,1.26,5.59,12.56,1.83,1.98,25.0,4.0,7.0,0.0,9.0,0.0
2021-09-24,Gil Vicente,Porto,1.0,2.0,7.88,4.48,1.42,1.85,1.95,8.0,16.0,4.0,8.0,2.0,6.0
2021-09-25,Moreirense,Arouca,2.0,1.0,2.12,3.38,3.41,2.11,1.72,8.0,17.0,3.0,5.0,5.0,9.0
2021-09-25,Guimaraes,Benfica,1.0,3.0,5.03,3.89,1.66,1.84,1.96,13.0,16.0,3.0,4.0,5.0,5.0
2021-09-25,Tondela,Famalicao,3.0,2.0,3.18,3.31,2.26,2.04,1.78,11.0,14.0,4.0,7.0,4.0,3.0
2021-09-26,Santa Clara,Sp Braga,1.0,1.0,3.86,3.39,1.98,2.03,1.79,15.0,10.0,3.0,4.0,5.0,5.0
2021-09-26,Portimonense,Vizela,0.0,0.0,2.2,3.3,3.32,2.13,1.71,14.0,14.0,4.0,2.0,7.0,5.0
2021-09-27,Pacos Ferreira,Belenenses,2.0,2.0,1.73,3.52,5.11,2.31,1.6,20.0,11.0,5.0,2.0,3.0,2.0
2021-09-27,Boavista,Estoril,1.0,1.0,2.68,3.03,2.81,2.41,1.56,9.0,9.0,3.0,1.0,2.0,13.0
2021-10-01,Maritimo,Moreirense,0.0,0.0,2.21,3.22,3.4,2.22,1.66,6.0,18.0,0.0,6.0,3.0,7.0
2021-10-01,Famalicao,Guimaraes,1.0,2.0,2.5,3.35,2.79,1.92,1.89,15.0,9.0,2.0,5.0,8.0,0.0
2021-10-02,Vizela,Santa Clara,1.0,1.0,2.48,3.17,2.95,2.26,1.63,16.0,10.0,4.0,1.0,6.0,4.0
2021-10-02,Porto,Pacos Ferreira,2.0,1.0,1.24,5.94,11.86,1.64,2.26,23.0,7.0,8.0,2.0,11.0,3.0
2021-10-02,Arouca,Sp Lisbon,1.0,2.0,8.08,4.22,1.43,1.98,1.83,10.0,10.0,5.0,8.0,4.0,5.0
2021-10-03,Belenenses,Tondela,0.0,2.0,2.46,3.31,2.85,2.11,1.72,13.0,11.0,2.0,5.0,1.0,4.0
2021-10-03,Benfica,Portimonense,0.0,1.0,1.21,6.48,13.58,1.57,2.36,24.0,5.0,7.0,3.0,13.0,4.0
2021-10-03,Estoril,Gil Vicente,2.0,2.0,2.24,3.21,3.34,2.32,1.59,14.0,23.0,4.0,9.0,1.0,5.0
2021-10-03,Sp Braga,Boavista,2.0,2.0,1.45,4.47,6.85,1.75,2.08,13.0,7.0,8.0,2.0,3.0,1.0
2021-10-22,Guimaraes,Maritimo,2.0,1.0,1.54,3.96,6.27,2.08,1.74,27.0,7.0,10.0,3.0,14.0,2.0
2021-10-23,Santa Clara,Famalicao,0.0,2.0,2.48,3.12,2.95,2.24,1.64,9.0,12.0,0.0,5.0,1.0,5.0
2021-10-23,Tondela,Porto,1.0,3.0,8.0,4.93,1.36,1.6,2.31,3.0,24.0,2.0,6.0,3.0,10.0
2021-10-23,Sp Lisbon,Moreirense,1.0,0.0,1.23,5.96,12.59,1.7,2.13,14.0,5.0,4.0,1.0,7.0,1.0
2021-10-24,Pacos Ferreira,Arouca,0.0,0.0,1.95,3.4,3.91,2.05,1.75,3.0,15.0,0.0,6.0,3.0,9.0
2021-10-24,Vizela,Benfica,0.0,1.0,6.89,4.61,1.42,1.67,2.17,15.0,14.0,4.0,7.0,7.0,12.0
2021-10-24,Portimonense,Estoril,0.0,2.0,2.4,3.0,3.17,2.53,1.5,24.0,6.0,3.0,2.0,6.0,1.0
2021-10-25,Gil Vicente,Sp Braga,0.0,1.0,3.84,3.37,1.96,2.01,1.78,21.0,13.0,7.0,4.0,11.0,2.0
2021-10-25,Boavista,Belenenses,0.0,0.0,1.97,3.2,4.03,2.36,1.57,15.0,4.0,5.0,0.0,5.0,1.0
2021-10-29,Arouca,Tondela,2.0,0.0,2.34,3.22,3.1,1.97,1.83,4.0,15.0,2.0,6.0,4.0,6.0
2021-10-30,Porto,Boavista,4.0,1.0,1.2,6.55,13.29,1.51,2.49,18.0,8.0,11.0,3.0,4.0,6.0
2021-10-30,Estoril,Benfica,1.0,1.0,7.26,4.39,1.43,1.78,2.02,8.0,15.0,2.0,7.0,4.0,10.0
2021-10-30,Sp Lisbon,Guimaraes,1.0,0.0,1.51,4.24,6.04,1.82,1.98,12.0,12.0,4.0,2.0,7.0,2.0
2021-10-31,Maritimo,Gil Vicente,1.0,2.0,2.79,3.11,2.6,2.32,1.58,19.0,14.0,7.0,5.0,4.0,5.0
2021-10-31,Belenenses,Santa Clara,2.0,1.0,3.03,3.11,2.4,2.35,1.57,10.0,12.0,4.0,4.0,8.0,7.0
2021-10-31,Famalicao,Vizela,1.0,1.0,2.0,3.42,3.65,2.0,1.79,14.0,9.0,5.0,3.0,5.0,2.0
2021-11-01,Sp Braga,Portimonense,3.0,0.0,1.46,4.26,6.76,1.88,1.89,18.0,5.0,5.0,2.0,3.0,5.0
2021-11-01,Moreirense,Pacos Ferreira,1.0,1.0,2.4,3.23,2.92,2.07,1.73,7.0,11.0,1.0,4.0,4.0,7.0
2021-11-05,Gil Vicente,Arouca,1.0,1.0,1.89,3.42,4.25,2.15,1.69,16.0,9.0,5.0,1.0,8.0,1.0
2021-11-05,Boavista,Famalicao,2.0,5.0,3.79,3.29,2.05,2.13,1.7,16.0,15.0,5.0,10.0,6.0,2.0
2021-11-06,Vizela,Estoril,1.0,1.0,2.53,3.14,2.89,2.16,1.68,12.0,8.0,3.0,6.0,3.0,1.0
2021-11-06,Portimonense,Belenenses,2.0,0.0,1.96,3.23,4.2,2.43,1.54,14.0,17.0,6.0,4.0,6.0,5.0
2021-11-06,Guimaraes,Moreirense,2.0,1.0,1.49,4.19,6.67,1.93,1.87,11.0,20.0,5.0,8.0,5.0,9.0
2021-11-07,Tondela,Maritimo,4.0,2.0,2.2,3.27,3.33,2.1,1.72,15.0,20.0,7.0,11.0,3.0,4.0
2021-11-07,Santa Clara,Porto,0.0,3.0,7.65,4.44,1.42,1.82,1.97,3.0,23.0,1.0,10.0,1.0,8.0
2021-11-07,Pacos Ferreira,Sp Lisbon,0.0,2.0,6.77,3.93,1.52,2.02,1.78,9.0,20.0,1.0,8.0,4.0,10.0
2021-11-07,Benfica,Sp Braga,6.0,1.0,1.58,4.13,5.33,1.73,2.09,12.0,8.0,9.0,4.0,2.0,6.0
2021-11-26,Moreirense,Gil Vicente,2.0,2.0,2.45,3.15,3.0,2.17,1.68,15.0,14.0,4.0,8.0,5.0,5.0
2021-11-27,Famalicao,Portimonense,0.0,3.0,1.82,3.4,4.57,2.3,1.6,20.0,6.0,2.0,2.0,8.0,3.0
2021-11-27,Arouca,Boavista,2.0,1.0,2.04,3.36,3.63,2.11,1.72,8.0,13.0,6.0,2.0,2.0,1.0
2021-11-27,Belenenses,Benfica,0.0,7.0,13.75,5.99,1.22,1.67,2.18,0.0,17.0,0.0,11.0,2.0,4.0
2021-11-28,Maritimo,Pacos Ferreira,2.0,0.0,2.63,3.1,2.76,2.24,1.63,9.0,16.0,4.0,3.0,2.0,8.0
2021-11-28,Sp Lisbon,Tondela,2.0,0.0,1.2,6.21,14.59,1.62,2.27,14.0,5.0,8.0,1.0,1.0,4.0
2021-11-28,Porto,Guimaraes,2.0,1.0,1.33,5.17,8.6,1.65,2.21,17.0,9.0,9.0,2.0,5.0,2.0
2021-11-29,Estoril,Santa Clara,2.0,2.0,2.02,3.28,3.76,2.29,1.6,11.0,10.0,7.0,5.0,4.0,3.0
2021-11-30,Sp Braga,Vizela,4.0,1.0,1.45,4.48,6.72,1.7,2.14,17.0,8.0,9.0,2.0,10.0,1.0
2021-12-03,Portimonense,Porto,0.0,3.0,8.97,4.61,1.37,1.96,1.84,7.0,23.0,4.0,6.0,3.0,6.0
2021-12-03,Benfica,Sp Lisbon,1.0,3.0,1.99,3.41,3.85,1.93,1.88,11.0,14.0,3.0,5.0,3.0,3.0
2021-12-04,Boavista,Maritimo,1.0,1.0,2.29,3.17,3.24,2.35,1.59,6.0,10.0,4.0,3.0,2.0,6.0
2021-12-04,Pacos Ferreira,Guimaraes,1.0,2.0,3.0,3.12,2.45,2.25,1.64,7.0,17.0,3.0,8.0,4.0,6.0
2021-12-05,Santa Clara,Arouca,2.0,1.0,2.09,3.38,3.5,2.23,1.65,5.0,13.0,4.0,4.0,1.0,8.0
2021-12-05,Gil Vicente,Famalicao,4.0,0.0,2.82,3.11,2.6,2.19,1.67,18.0,9.0,10.0,1.0,4.0,1.0
2021-12-05,Sp Braga,Estoril,2.0,0.0,1.48,4.36,6.37,1.78,2.04,14.0,11.0,4.0,5.0,2.0,7.0
2021-12-10,Pacos Ferreira,Gil Vicente,0.0,1.0,3.05,3.08,2.48,2.34,1.6,11.0,13.0,2.0,5.0,7.0,5.0
2021-12-11,Maritimo,Santa Clara,4.0,1.0,2.53,3.08,2.94,2.48,1.54,9.0,10.0,4.0,3.0,4.0,2.0
2021-12-11,Guimaraes,Tondela,5.0,2.0,1.43,4.61,6.81,1.69,2.15,18.0,8.0,10.0,3.0,0.0,8.0
2021-12-11,Sp Lisbon,Boavista,2.0,0.0,1.18,6.89,16.24,1.61,2.29,19.0,4.0,6.0,2.0,10.0,3.0
2021-12-12,Belenenses,Estoril,0.0,1.0,4.44,3.43,1.84,2.19,1.66,7.0,21.0,0.0,7.0,0.0,14.0
2021-12-12,Moreirense,Portimonense,0.0,1.0,2.49,3.11,2.98,2.37,1.58,11.0,7.0,4.0,4.0,6.0,1.0
2021-12-12,Famalicao,Benfica,1.0,4.0,7.31,4.71,1.41,1.73,2.11,13.0,6.0,2.0,4.0,5.0,2.0
2021-12-12,Porto,Sp Braga,1.0,0.0,1.49,4.44,6.1,1.72,2.13,20.0,7.0,4.0,1.0,6.0,3.0
2021-12-13,Arouca,Vizela,1.0,4.0,2.25,3.25,3.22,2.24,1.64,15.0,10.0,2.0,4.0,6.0,4.0
2021-12-17,Santa Clara,Guimaraes,1.0,0.0,3.11,3.24,2.35,2.11,1.73,15.0,10.0,6.0,2.0,8.0,2.0
2021-12-17,Estoril,Famalicao,2.0,2.0,2.31,3.38,3.05,1.96,1.85,11.0,7.0,4.0,3.0,7.0,2.0
2021-12-18,Portimonense,Arouca,1.0,1.0,2.03,3.28,3.81,2.27,1.63,12.0,19.0,5.0,6.0,5.0,6.0
2021-12-18,Tondela,Pacos Ferreira,0.0,1.0,2.37,3.34,2.96,2.03,1.79,12.0,9.0,9.0,5.0,7.0,6.0
2021-12-18,Gil Vicente,Sp Lisbon,0.0,3.0,6.4,4.07,1.52,1.94,1.87,7.0,17.0,4.0,9.0,1.0,5.0
2021-12-19,Benfica,Maritimo,7.0,1.0,1.13,8.24,21.43,1.5,2.56,17.0,9.0,9.0,2.0,1.0,3.0
2021-12-19,Boavista,Moreirense,1.0,0.0,2.5,3.17,2.89,2.29,1.62,14.0,9.0,5.0,3.0,5.0,7.0
2021-12-19,Vizela,Porto,0.0,4.0,9.36,5.11,1.32,1.66,2.21,9.0,15.0,4.0,7.0,3.0,11.0
2021-12-19,Sp Braga,Belenenses,1.0,0.0,1.18,6.78,15.91,1.59,2.35,18.0,6.0,5.0,2.0,6.0,3.0
2021-12-28,Tondela,Gil Vicente,0.0,3.0,3.35,3.36,2.16,1.98,1.84,7.0,12.0,2.0,6.0,6.0,2.0
2021-12-28,Maritimo,Vizela,2.0,0.0,3.06,3.13,2.43,2.17,1.68,11.0,7.0,5.0,1.0,2.0,4.0
2021-12-28,Moreirense,Estoril,1.0,0.0,2.92,3.06,2.56,2.29,1.62,5.0,13.0,3.0,4.0,7.0,11.0
2021-12-29,Guimaraes,Boavista,1.0,1.0,1.65,3.85,5.12,1.84,1.95,17.0,11.0,2.0,4.0,11.0,4.0
2021-12-29,Sp Lisbon,Portimonense,3.0,2.0,1.27,5.35,11.59,1.8,2.01,24.0,6.0,12.0,2.0,5.0,0.0
2021-12-30,Pacos Ferreira,Santa Clara,2.0,1.0,2.58,3.11,2.84,2.32,1.6,9.0,11.0,3.0,4.0,2.0,4.0
2021-12-30,Arouca,Sp Braga,0.0,6.0,4.96,3.69,1.7,1.93,1.87,6.0,11.0,0.0,8.0,1.0,1.0
2021-12-30,Porto,Benfica,3.0,1.0,1.83,3.7,4.13,1.85,1.96,15.0,13.0,6.0,5.0,5.0,7.0
2022-01-02,Vizela,Belenenses,2.0,0.0,1.94,3.43,3.99,2.14,1.7,12.0,19.0,4.0,7.0,4.0,10.0
2022-01-03,Tondela,Moreirense,2.0,1.0,2.65,3.25,2.66,2.03,1.78,10.0,9.0,5.0,5.0,1.0,3.0
2022-01-07,Santa Clara,Sp Lisbon,3.0,2.0,8.17,4.45,1.41,1.87,1.94,9.0,19.0,5.0,5.0,3.0,3.0
2022-01-08,Vizela,Moreirense,0.0,1.0,2.35,3.18,3.11,2.24,1.65,15.0,14.0,3.0,4.0,8.0,5.0
2022-01-08,Estoril,Porto,2.0,3.0,28.96,9.79,1.08,1.51,2.51,7.0,23.0,2.0,10.0,2.0,7.0
2022-01-08,Boavista,Tondela,1.0,1.0,1.99,3.41,3.8,2.0,1.81,18.0,5.0,4.0,2.0,9.0,4.0
2022-01-09,Portimonense,Maritimo,1.0,2.0,2.16,3.2,3.5,2.27,1.62,18.0,17.0,4.0,8.0,7.0,4.0
2022-01-09,Benfica,Pacos Ferreira,2.0,0.0,1.18,6.89,15.89,1.54,2.44,22.0,6.0,6.0,1.0,9.0,1.0
2022-01-09,Sp Braga,Famalicao,2.0,2.0,1.41,4.59,7.39,1.74,2.09,17.0,10.0,8.0,7.0,5.0,2.0
2022-01-09,Belenenses,Arouca,2.0,1.0,2.76,3.14,2.63,2.24,1.64,15.0,10.0,5.0,2.0,4.0,2.0
2022-01-10,Gil Vicente,Guimaraes,3.0,2.0,2.51,3.22,2.84,2.08,1.73,17.0,8.0,10.0,2.0,6.0,1.0
2022-01-13,Famalicao,Belenenses,1.0,0.0,1.66,3.69,5.29,2.06,1.75,11.0,8.0,2.0,4.0,5.0,5.0
2022-01-15,Boavista,Gil Vicente,1.0,1.0,3.07,3.18,2.38,2.22,1.66,17.0,4.0,5.0,2.0,8.0,5.0
2022-01-15,Benfica,Moreirense,1.0,1.0,1.18,6.97,15.17,1.5,2.55,16.0,9.0,5.0,2.0,9.0,1.0
2022-01-15,Sp Braga,Maritimo,0.0,1.0,1.39,4.6,8.05,1.81,2.0,16.0,8.0,4.0,3.0,7.0,4.0
2022-01-16,Santa Clara,Tondela,2.0,2.0,1.87,3.4,4.29,2.18,1.67,18.0,12.0,9.0,7.0,11.0,5.0
2022-01-16,Vizela,Sp Lisbon,0.0,2.0,10.64,5.53,1.27,1.7,2.13,8.0,14.0,1.0,6.0,2.0,4.0
2022-01-16,Famalicao,Pacos Ferreira,0.0,0.0,2.0,3.33,3.83,2.11,1.72,10.0,11.0,6.0,3.0,2.0,8.0
2022-01-16,Belenenses,Porto,1.0,4.0,15.58,6.93,1.18,1.51,2.51,4.0,24.0,2.0,9.0,3.0,8.0
2022-01-17,Portimonense,Guimaraes,1.0,1.0,2.6,3.21,2.73,2.21,1.65,15.0,12.0,4.0,6.0,6.0,4.0
2022-01-21,Arouca,Benfica,0.0,2.0,10.96,5.52,1.27,1.62,2.28,8.0,8.0,2.0,6.0,2.0,2.0
2022-01-21,Pacos Ferreira,Boavista,1.0,1.0,2.49,3.06,3.02,2.37,1.58,11.0,18.0,3.0,9.0,7.0,0.0
2022-01-22,Moreirense,Santa Clara,0.0,2.0,2.33,3.17,3.16,2.23,1.64,11.0,10.0,3.0,3.0,2.0,3.0
2022-01-22,Tondela,Vizela,2.0,3.0,2.78,3.29,2.51,2.05,1.77,12.0,21.0,3.0,8.0,6.0,10.0
2022-01-22,Sp Lisbon,Sp Braga,1.0,2.0,1.59,3.98,5.6,1.82,1.98,13.0,9.0,4.0,3.0,3.0,4.0
2022-01-23,Guimaraes,Estoril,3.0,1.0,1.94,3.42,3.93,2.05,1.77,20.0,7.0,7.0,3.0,4.0,4.0
2022-01-23,Maritimo,Belenenses,1.0,1.0,1.77,3.5,4.75,2.27,1.62,16.0,15.0,2.0,9.0,7.0,2.0
2022-01-23,Gil Vicente,Portimonense,1.0,0.0,2.03,3.25,3.84,2.35,1.58,28.0,3.0,6.0,1.0,12.0,2.0
2022-01-23,Porto,Famalicao,3.0,1.0,1.21,6.36,13.01,1.52,2.48,18.0,6.0,9.0,1.0,7.0,4.0
2022-01-27,Estoril,Arouca,1.0,2.0,1.98,3.36,3.79,2.21,1.65,11.0,21.0,4.0,5.0,4.0,9.0
2022-01-30,Portimonense,Tondela,1.0,2.0,2.02,3.36,3.7,2.07,1.74,11.0,10.0,6.0,4.0,6.0,2.0
2022-01-30,Vizela,Guimaraes,3.0,2.0,3.0,3.22,2.39,2.05,1.76,16.0,11.0,6.0,4.0,6.0,10.0
2022-01-30,Sp Braga,Moreirense,2.0,0.0,1.42,4.51,7.25,1.8,2.01,11.0,15.0,5.0,1.0,9.0,2.0
2022-01-30,Porto,Maritimo,2.0,1.0,1.14,7.67,20.56,1.57,2.36,14.0,8.0,5.0,3.0,1.0,3.0
2022-01-31,Estoril,Pacos Ferreira,0.0,0.0,2.13,3.17,3.57,2.34,1.59,12.0,11.0,6.0,4.0,3.0,1.0
2022-01-31,Famalicao,Arouca,0.0,0.0,1.94,3.35,4.01,2.16,1.68,3.0,7.0,1.0,2.0,4.0,4.0
2022-02-01,Santa Clara,Boavista,2.0,1.0,2.2,3.06,3.57,2.49,1.53,12.0,12.0,3.0,5.0,2.0,5.0
2022-02-02,Benfica,Gil Vicente,1.0,2.0,1.3,5.32,9.54,1.64,2.25,23.0,12.0,5.0,6.0,13.0,3.0
2022-02-02,Belenenses,Sp Lisbon,1.0,4.0,11.95,5.64,1.25,1.7,2.15,6.0,15.0,2.0,6.0,1.0,4.0
2022-02-05,Maritimo,Estoril,0.0,0.0,2.62,3.11,2.78,2.27,1.62,28.0,7.0,4.0,0.0,13.0,2.0
2022-02-05,Pacos Ferreira,Portimonense,1.0,1.0,2.38,3.17,3.09,2.29,1.62,14.0,19.0,3.0,8.0,8.0,7.0
2022-02-05,Guimaraes,Sp Braga,2.0,1.0,3.4,3.55,2.06,1.82,1.99,10.0,11.0,5.0,4.0,3.0,5.0
2022-02-06,Boavista,Vizela,2.0,2.0,2.22,3.26,3.3,2.14,1.7,12.0,20.0,4.0,4.0,7.0,5.0
2022-02-06,Gil Vicente,Santa Clara,2.0,2.0,2.0,3.36,3.79,2.18,1.68,8.0,11.0,3.0,4.0,1.0,9.0
2022-02-06,Arouca,Porto,0.0,2.0,9.58,5.42,1.3,1.59,2.34,6.0,15.0,1.0,4.0,3.0,3.0
2022-02-06,Sp Lisbon,Famalicao,2.0,0.0,1.34,4.94,8.87,1.75,2.07,8.0,8.0,4.0,5.0,4.0,4.0
2022-02-07,Tondela,Benfica,1.0,3.0,7.96,5.11,1.35,1.5,2.55,12.0,19.0,3.0,8.0,4.0,9.0
2022-02-07,Moreirense,Belenenses,4.0,1.0,1.97,3.36,3.89,2.24,1.64,18.0,3.0,10.0,1.0,2.0,0.0
2022-02-11,Porto,Sp Lisbon,2.0,2.0,2.07,3.29,3.76,2.11,1.73,21.0,7.0,7.0,3.0,9.0,0.0
2022-02-12,Sp Braga,Pacos Ferreira,2.0,1.0,1.4,4.59,7.97,1.86,1.95,17.0,9.0,5.0,3.0,3.0,8.0
2022-02-12,Benfica,Santa Clara,2.0,1.0,1.26,5.67,10.98,1.63,2.27,16.0,7.0,4.0,4.0,7.0,2.0
2022-02-12,Portimonense,Boavista,1.0,1.0,2.2,3.17,3.45,2.28,1.62,21.0,17.0,4.0,3.0,6.0,6.0
2022-02-12,Estoril,Tondela,1.0,0.0,2.0,3.49,3.65,1.85,1.95,15.0,8.0,8.0,3.0,1.0,2.0
2022-02-13,Famalicao,Moreirense,5.0,0.0,2.09,3.31,3.55,2.05,1.77,13.0,6.0,9.0,4.0,4.0,5.0
2022-02-13,Belenenses,Guimaraes,1.0,0.0,4.29,3.56,1.83,2.02,1.79,13.0,19.0,4.0,2.0,5.0,3.0
2022-02-13,Vizela,Gil Vicente,0.0,1.0,2.8,3.27,2.52,1.94,1.86,19.0,6.0,3.0,3.0,12.0,2.0
2022-02-14,Arouca,Maritimo,0.0,3.0,2.52,3.16,2.85,2.18,1.67,20.0,9.0,4.0,6.0,9.0,2.0
2022-02-18,Boavista,Benfica,2.0,2.0,7.07,4.76,1.42,1.63,2.28,14.0,8.0,4.0,3.0,9.0,4.0
2022-02-19,Gil Vicente,Belenenses,2.0,0.0,1.55,3.91,6.24,2.08,1.75,13.0,8.0,5.0,1.0,6.0,3.0
2022-02-19,Pacos Ferreira,Vizela,2.0,1.0,2.41,3.17,3.06,2.2,1.66,20.0,10.0,4.0,2.0,10.0,5.0
2022-02-19,Guimaraes,Arouca,1.0,3.0,1.72,3.67,4.88,1.95,1.85,11.0,14.0,5.0,7.0,4.0,9.0
2022-02-20,Maritimo,Famalicao,0.0,1.0,2.52,3.22,2.84,2.15,1.69,5.0,17.0,2.0,8.0,5.0,6.0
2022-02-20,Sp Lisbon,Estoril,3.0,0.0,1.25,5.64,11.77,1.72,2.11,22.0,5.0,7.0,0.0,7.0,1.0
2022-02-20,Moreirense,Porto,0.0,1.0,9.66,5.19,1.31,1.71,2.13,9.0,16.0,1.0,5.0,2.0,9.0
2022-02-20,Tondela,Sp Braga,0.0,1.0,5.3,4.02,1.6,1.77,2.04,7.0,8.0,2.0,2.0,3.0,4.0
2022-02-21,Santa Clara,Portimonense,1.0,1.0,2.06,3.26,3.72,2.25,1.63,13.0,13.0,4.0,7.0,3.0,2.0
2022-02-25,Belenenses,Pacos Ferreira,0.0,2.0,3.19,2.99,2.44,2.55,1.5,12.0,15.0,1.0,7.0,10.0,6.0
2022-02-26,Famalicao,Tondela,2.0,1.0,1.71,3.69,4.94,2.01,1.8,12.0,10.0,3.0,3.0,7.0,3.0
2022-02-26,Maritimo,Sp Lisbon,1.0,1.0,8.07,4.56,1.4,1.82,1.98,6.0,17.0,2.0,4.0,4.0,7.0
2022-02-26,Arouca,Moreirense,1.0,1.0,2.27,3.18,3.31,2.19,1.67,17.0,5.0,4.0,3.0,7.0,2.0
2022-02-27,Vizela,Portimonense,1.0,1.0,2.17,3.19,3.5,2.19,1.67,18.0,10.0,2.0,1.0,11.0,2.0
2022-02-27,Benfica,Guimaraes,3.0,0.0,1.34,5.16,8.48,1.62,2.29,9.0,17.0,6.0,7.0,5.0,9.0
2022-02-27,Estoril,Boavista,2.0,3.0,2.3,3.25,3.15,2.21,1.65,11.0,14.0,2.0,4.0,5.0,1.0
2022-02-27,Porto,Gil Vicente,1.0,1.0,1.26,5.7,11.06,1.7,2.14,30.0,5.0,8.0,1.0,10.0,1.0
2022-02-28,Sp Braga,Santa Clara,0.0,0.0,1.5,4.26,6.29,1.79,2.01,16.0,9.0,4.0,1.0,2.0,8.0
2022-03-04,Gil Vicente,Estoril,0.0,0.0,1.92,3.41,4.13,2.1,1.73,14.0,10.0,3.0,1.0,6.0,2.0
2022-03-05,Boavista,Sp Braga,1.0,1.0,4.2,3.54,1.85,1.94,1.86,10.0,8.0,5.0,5.0,4.0,1.0
2022-03-05,Portimonense,Benfica,1.0,2.0,6.58,4.39,1.47,1.73,2.1,6.0,16.0,1.0,4.0,2.0,8.0
2022-03-05,Sp Lisbon,Arouca,2.0,0.0,1.25,5.72,11.76,1.7,2.14,15.0,5.0,6.0,2.0,5.0,1.0
2022-03-06,Moreirense,Maritimo,0.0,1.0,2.34,3.17,3.16,2.24,1.64,18.0,12.0,5.0,2.0,8.0,4.0
2022-03-06,Pacos Ferreira,Porto,2.0,4.0,8.89,4.89,1.35,1.77,2.04,6.0,12.0,4.0,9.0,1.0,7.0
2022-03-06,Guimaraes,Famalicao,2.0,1.0,2.12,3.37,3.46,1.98,1.82,14.0,7.0,5.0,3.0,7.0,2.0
2022-03-06,Santa Clara,Vizela,3.0,1.0,2.32,3.26,3.1,2.13,1.7,14.0,6.0,4.0,2.0,6.0,1.0
2022-03-07,Tondela,Belenenses,1.0,1.0,1.99,3.45,3.7,2.02,1.78,7.0,9.0,2.0,3.0,4.0,5.0
2022-03-11,Benfica,Vizela,1.0,1.0,1.26,6.26,10.18,1.35,3.11,22.0,20.0,9.0,4.0,9.0,8.0
2022-03-12,Estoril,Portimonense,2.0,0.0,2.23,3.13,3.41,2.29,1.61,14.0,17.0,6.0,4.0,6.0,10.0
2022-03-12,Famalicao,Santa Clara,0.0,0.0,2.13,3.24,3.57,2.24,1.64,7.0,10.0,3.0,4.0,6.0,5.0
2022-03-12,Arouca,Pacos Ferreira,0.0,1.0,2.39,3.11,3.14,2.28,1.62,14.0,11.0,4.0,4.0,6.0,9.0
2022-03-12,Belenenses,Boavista,0.0,0.0,3.46,3.23,2.18,2.27,1.63,9.0,15.0,2.0,1.0,3.0,4.0
2022-03-13,Maritimo,Guimaraes,0.0,1.0,2.81,3.26,2.52,1.96,1.83,7.0,22.0,4.0,6.0,3.0,3.0
2022-03-13,Porto,Tondela,4.0,0.0,1.11,8.77,21.3,1.42,2.81,17.0,9.0,9.0,2.0,5.0,4.0
2022-03-13,Sp Braga,Gil Vicente,0.0,1.0,1.96,3.46,3.84,2.0,1.8,12.0,12.0,4.0,2.0,7.0,2.0
2022-03-14,Moreirense,Sp Lisbon,0.0,2.0,7.32,4.42,1.43,1.86,1.94,12.0,14.0,3.0,4.0,3.0,7.0
2022-03-18,Vizela,Famalicao,1.0,1.0,2.66,3.18,2.72,2.1,1.73,22.0,11.0,7.0,4.0,7.0,4.0
2022-03-19,Tondela,Arouca,2.0,2.0,2.62,3.23,2.72,2.16,1.69,6.0,12.0,4.0,5.0,4.0,3.0
2022-03-19,Santa Clara,Belenenses,0.0,0.0,1.58,3.8,6.15,2.15,1.7,10.0,7.0,3.0,1.0,7.0,8.0
2022-03-19,Guimaraes,Sp Lisbon,1.0,3.0,4.94,3.91,1.66,1.81,2.0,12.0,15.0,4.0,6.0,2.0,3.0
2022-03-20,Gil Vicente,Maritimo,1.0,1.0,1.8,3.51,4.52,2.16,1.69,15.0,12.0,8.0,3.0,8.0,6.0
2022-03-20,Pacos Ferreira,Moreirense,2.0,1.0,2.28,3.2,3.24,2.25,1.63,10.0,16.0,6.0,5.0,7.0,3.0
2022-03-20,Benfica,Estoril,2.0,1.0,1.33,5.14,8.87,1.59,2.33,18.0,16.0,6.0,3.0,7.0,4.0
2022-03-20,Portimonense,Sp Braga,1.0,2.0,4.13,3.39,1.91,2.12,1.71,13.0,17.0,7.0,6.0,7.0,9.0
2022-03-20,Boavista,Porto,0.0,1.0,7.4,4.67,1.41,1.71,2.14,9.0,10.0,1.0,4.0,3.0,5.0
2022-04-01,Sp Braga,Benfica,3.0,2.0,2.93,3.37,2.4,1.84,1.96,12.0,11.0,5.0,4.0,2.0,9.0
2022-04-02,Belenenses,Portimonense,2.0,0.0,3.35,3.02,2.34,2.62,1.49,10.0,19.0,6.0,4.0,1.0,8.0
2022-04-02,Arouca,Gil Vicente,2.0,1.0,3.26,3.31,2.23,2.14,1.7,6.0,13.0,2.0,5.0,2.0,12.0
2022-04-02,Estoril,Vizela,1.0,2.0,2.33,3.32,3.06,1.97,1.84,11.0,7.0,3.0,4.0,7.0,2.0
2022-04-02,Famalicao,Boavista,1.0,2.0,2.09,3.18,3.78,2.21,1.65,13.0,9.0,6.0,3.0,11.0,1.0
2022-04-03,Maritimo,Tondela,1.0,3.0,2.06,3.39,3.58,2.07,1.75,9.0,14.0,3.0,6.0,9.0,4.0
2022-04-03,Moreirense,Guimaraes,0.0,1.0,2.93,3.27,2.43,2.06,1.75,11.0,16.0,3.0,4.0,5.0,3.0
2022-04-03,Sp Lisbon,Pacos Ferreira,2.0,0.0,1.21,6.07,15.19,1.76,2.07,17.0,1.0,6.0,0.0,5.0,2.0
2022-04-04,Porto,Santa Clara,3.0,0.0,1.24,5.77,12.19,1.67,2.19,16.0,5.0,6.0,1.0,7.0,3.0
2022-04-08,Gil Vicente,Moreirense,1.0,2.0,1.71,3.68,5.0,2.03,1.78,23.0,14.0,5.0,7.0,11.0,3.0
2022-04-09,Pacos Ferreira,Maritimo,2.0,0.0,2.29,3.14,3.27,2.28,1.62,14.0,15.0,6.0,4.0,5.0,2.0
2022-04-09,Benfica,Belenenses,3.0,1.0,1.16,7.18,16.6,1.5,2.54,27.0,8.0,8.0,2.0,11.0,6.0
2022-04-09,Boavista,Arouca,1.0,0.0,2.27,3.11,3.37,2.33,1.59,14.0,16.0,5.0,1.0,3.0,3.0
2022-04-09,Tondela,Sp Lisbon,1.0,3.0,9.57,4.97,1.33,1.77,2.04,3.0,17.0,2.0,9.0,1.0,9.0
2022-04-10,Portimonense,Famalicao,1.0,0.0,2.95,3.16,2.47,2.14,1.7,15.0,7.0,6.0,2.0,7.0,2.0
2022-04-10,Santa Clara,Estoril,2.0,0.0,2.26,3.11,3.37,2.32,1.59,7.0,14.0,4.0,4.0,5.0,1.0
2022-04-10,Guimaraes,Porto,0.0,1.0,6.58,4.41,1.47,1.69,2.16,4.0,13.0,1.0,4.0,3.0,1.0
2022-04-10,Vizela,Sp Braga,0.0,1.0,3.87,3.53,1.93,1.86,1.94,14.0,10.0,2.0,4.0,2.0,8.0
2022-04-15,Arouca,Santa Clara,1.0,1.0,2.44,3.09,3.05,2.35,1.59,17.0,9.0,7.0,2.0,7.0,7.0
2022-04-15,Famalicao,Gil Vicente,2.0,2.0,2.37,3.24,3.03,2.06,1.76,10.0,16.0,3.0,5.0,3.0,7.0
2022-04-15,Guimaraes,Pacos Ferreira,4.0,0.0,1.77,3.61,4.53,2.0,1.81,18.0,7.0,8.0,0.0,2.0,4.0
2022-04-16,Moreirense,Tondela,2.0,0.0,2.06,3.34,3.61,2.08,1.74,12.0,3.0,3.0,1.0,4.0,1.0
2022-04-16,Belenenses,Vizela,1.0,0.0,2.95,3.19,2.44,2.19,1.67,6.0,15.0,3.0,3.0,2.0,7.0
2022-04-16,Maritimo,Boavista,4.0,0.0,2.47,3.09,3.0,2.33,1.59,8.0,4.0,5.0,0.0,1.0,1.0
2022-04-16,Porto,Portimonense,7.0,0.0,1.13,7.99,19.07,1.47,2.64,26.0,3.0,12.0,2.0,9.0,1.0
2022-04-17,Sp Lisbon,Benfica,0.0,2.0,2.07,3.42,3.53,1.86,1.93,16.0,10.0,4.0,4.0,7.0,5.0
2022-04-18,Estoril,Sp Braga,0.0,0.0,3.71,3.34,2.02,2.03,1.76,15.0,13.0,6.0,2.0,7.0,5.0
2022-04-22,Vizela,Arouca,2.0,1.0,2.03,3.4,3.71,1.95,1.85,16.0,14.0,6.0,5.0,6.0,2.0
2022-04-23,Portimonense,Moreirense,1.0,0.0,2.4,3.23,2.99,2.18,1.67,19.0,15.0,7.0,7.0,6.0,6.0
2022-04-23,Benfica,Famalicao,0.0,0.0,1.34,5.09,8.51,1.6,2.32,25.0,4.0,5.0,0.0,8.0,5.0
2022-04-23,Santa Clara,Maritimo,2.0,2.0,2.16,3.22,3.49,2.26,1.63,10.0,10.0,3.0,3.0,3.0,10.0
2022-04-23,Gil Vicente,Pacos Ferreira,1.0,1.0,1.72,3.63,4.96,2.04,1.76,16.0,10.0,3.0,2.0,6.0,2.0
2022-04-24,Estoril,Belenenses,2.0,2.0,1.8,3.36,4.86,2.25,1.63,6.0,23.0,2.0,4.0,2.0,8.0
2022-04-24,Tondela,Guimaraes,1.0,1.0,3.51,3.51,2.04,1.86,1.93,11.0,10.0,5.0,3.0,4.0,3.0
2022-04-25,Sp Braga,Porto,1.0,0.0,4.06,3.73,1.83,1.74,2.07,9.0,19.0,5.0,3.0,2.0,10.0
2022-04-25,Boavista,Sp Lisbon,0.0,3.0,7.62,4.36,1.42,1.93,1.86,10.0,10.0,1.0,5.0,2.0,3.0
2022-04-29,Famalicao,Estoril,3.0,1.0,1.78,3.62,4.57,2.06,1.76,25.0,9.0,7.0,3.0,7.0,3.0
2022-04-30,Arouca,Portimonense,1.0,0.0,1.98,3.41,3.81,2.06,1.76,15.0,7.0,6.0,4.0,5.0,7.0
2022-04-30,Maritimo,Benfica,0.0,1.0,6.12,4.3,1.51,1.71,2.13,14.0,15.0,5.0,4.0,5.0,6.0
2022-04-30,Porto,Vizela,4.0,2.0,1.13,8.28,19.36,1.37,3.01,17.0,3.0,8.0,2.0,8.0,2.0
2022-04-30,Belenenses,Sp Braga,0.0,1.0,4.76,3.77,1.71,1.95,1.85,9.0,25.0,1.0,9.0,2.0,6.0
2022-05-01,Guimaraes,Santa Clara,1.0,1.0,1.98,3.43,3.77,2.03,1.78,7.0,3.0,1.0,1.0,4.0,3.0
2022-05-01,Moreirense,Boavista,1.0,2.0,2.24,3.19,3.35,2.24,1.64,14.0,8.0,2.0,2.0,5.0,3.0
2022-05-01,Sp Lisbon,Gil Vicente,4.0,1.0,1.33,5.07,9.13,1.73,2.1,22.0,3.0,13.0,1.0,13.0,2.0
2022-05-02,Pacos Ferreira,Tondela,1.0,1.0,2.24,3.28,3.21,2.06,1.75,19.0,8.0,5.0,3.0,7.0,0.0
2022-05-06,Boavista,Guimaraes,1.0,1.0,3.4,3.19,2.21,2.27,1.63,16.0,13.0,6.0,5.0,5.0,7.0
2022-05-07,Estoril,Moreirense,1.0,0.0,2.59,3.29,2.72,2.05,1.76,6.0,18.0,2.0,5.0,2.0,8.0
2022-05-07,Benfica,Porto,0.0,1.0,3.12,3.49,2.22,1.73,2.1,9.0,10.0,2.0,5.0,5.0,3.0
2022-05-07,Portimonense,Sp Lisbon,2.0,3.0,8.09,4.86,1.37,1.72,2.13,5.0,28.0,3.0,8.0,1.0,8.0
2022-05-08,Gil Vicente,Tondela,3.0,0.0,1.82,3.6,4.29,1.86,1.94,8.0,5.0,4.0,3.0,8.0,0.0
2022-05-08,Vizela,Maritimo,1.0,1.0,2.07,3.42,3.5,1.94,1.86,11.0,10.0,3.0,3.0,2.0,8.0
2022-05-08,Sp Braga,Arouca,1.0,0.0,1.65,3.95,5.02,1.78,2.02,12.0,14.0,2.0,4.0,4.0,8.0
2022-05-08,Santa Clara,Pacos Ferreira,2.0,0.0,2.07,3.39,3.55,2.09,1.73,20.0,3.0,7.0,0.0,10.0,0.0
2022-05-09,Belenenses,Famalicao,2.0,3.0,2.74,3.17,2.63,2.13,1.71,14.0,14.0,5.0,4.0,7.0,5.0
2022-05-13,Pacos Ferreira,Benfica,0.0,2.0,5.16,4.4,1.57,1.53,2.44,12.0,15.0,4.0,8.0,6.0,4.0
2022-05-14,Arouca,Belenenses,0.0,0.0,2.36,3.31,3.0,2.06,1.75,22.0,10.0,7.0,3.0,8.0,4.0
2022-05-14,Moreirense,Vizela,4.0,1.0,1.69,3.81,4.88,1.82,1.99,12.0,6.0,6.0,2.0,4.0,7.0
2022-05-14,Tondela,Boavista,2.0,2.0,1.75,3.79,4.5,1.84,1.96,11.0,14.0,8.0,5.0,4.0,5.0
2022-05-14,Maritimo,Portimonense,0.0,1.0,2.22,3.5,3.11,1.75,2.08,11.0,15.0,6.0,4.0,4.0,2.0
2022-05-14,Porto,Estoril,2.0,0.0,1.17,7.38,15.77,1.45,2.68,21.0,7.0,5.0,1.0,12.0,6.0
2022-05-14,Sp Lisbon,Santa Clara,4.0,0.0,1.22,6.56,11.96,1.47,2.64,23.0,10.0,9.0,1.0,10.0,5.0
2022-05-15,Famalicao,Sp Braga,3.0,2.0,2.98,3.64,2.23,1.66,2.2,21.0,11.0,11.0,6.0,6.0,4.0
2022-05-15,Guimaraes,Gil Vicente,5.0,0.0,2.19,3.59,3.08,1.74,2.09,15.0,8.0,8.0,4.0,1.0,3.0
2022-08-05,Benfica,Arouca,4.0,0.0,1.15,7.51,18.19,1.49,2.56,20.0,3.0,6.0,2.0,6.0,1.0
2022-08-06,Rio Ave,Vizela,0.0,1.0,2.28,3.22,3.2,2.06,1.75,7.0,12.0,0.0,7.0,6.0,7.0
2022-08-06,Estoril,Famalicao,2.0,0.0,2.55,3.23,2.78,2.06,1.74,10.0,15.0,5.0,5.0,1.0,2.0
2022-08-06,Porto,Maritimo,5.0,1.0,1.19,6.76,14.21,1.52,2.47,22.0,9.0,7.0,3.0,4.0,4.0
2022-08-07,Santa Clara,Casa Pia,0.0,0.0,2.03,3.31,3.73,2.14,1.69,7.0,11.0,3.0,3.0,7.0,6.0
2022-08-07,Sp Braga,Sp Lisbon,3.0,3.0,3.6,3.47,2.01,1.94,1.85,15.0,11.0,7.0,4.0,3.0,3.0
2022-08-07,Chaves,Guimaraes,0.0,1.0,2.8,3.26,2.48,2.1,1.71,14.0,15.0,2.0,6.0,2.0,5.0
2022-08-07,Portimonense,Boavista,0.0,1.0,2.09,3.23,3.66,2.32,1.59,18.0,10.0,8.0,5.0,7.0,1.0
2022-08-08,Gil Vicente,Pacos Ferreira,1.0,0.0,1.76,3.5,4.76,2.11,1.71,16.0,12.0,7.0,5.0,8.0,6.0
2022-08-12,Famalicao,Sp Braga,0.0,3.0,3.56,3.53,2.02,1.84,1.97,11.0,24.0,5.0,9.0,7.0,7.0
2022-08-13,Casa Pia,Benfica,0.0,1.0,12.96,5.96,1.23,1.64,2.24,8.0,14.0,2.0,4.0,4.0,9.0
2022-08-13,Sp Lisbon,Rio Ave,3.0,0.0,1.22,6.19,13.82,1.71,2.13,20.0,3.0,6.0,1.0,7.0,1.0
2022-08-14,Boavista,Santa Clara,2.0,1.0,2.52,3.1,2.94,2.32,1.6,16.0,3.0,5.0,1.0,8.0,6.0
2022-08-14,Vizela,Porto,0.0,1.0,10.63,5.52,1.28,1.66,2.21,4.0,13.0,1.0,4.0,1.0,10.0
2022-08-14,Guimaraes,Estoril,1.0,0.0,2.02,3.33,3.79,2.11,1.72,8.0,7.0,3.0,4.0,5.0,7.0
2022-08-15,Maritimo,Chaves,1.0,2.0,2.32,3.25,3.1,2.11,1.72,13.0,21.0,6.0,8.0,3.0,6.0
2022-08-15,Arouca,Gil Vicente,1.0,0.0,2.63,3.28,2.66,2.02,1.78,8.0,10.0,4.0,2.0,4.0,4.0
2022-08-15,Pacos Ferreira,Portimonense,0.0,3.0,2.37,3.19,3.07,2.19,1.67,14.0,13.0,4.0,3.0,2.0,7.0
2022-08-19,Estoril,Rio Ave,2.0,2.0,2.13,3.23,3.59,2.27,1.63,9.0,17.0,4.0,7.0,1.0,5.0
2022-08-20,Santa Clara,Arouca,1.0,2.0,2.1,3.26,3.63,2.28,1.62,12.0,10.0,3.0,4.0,4.0,2.0
2022-08-20,Chaves,Vizela,1.0,1.0,2.28,3.22,3.23,2.17,1.69,18.0,17.0,3.0,4.0,5.0,4.0
2022-08-20,Porto,Sp Lisbon,3.0,0.0,2.1,3.43,3.5,1.94,1.87,11.0,8.0,5.0,4.0,3.0,4.0
2022-08-21,Casa Pia,Boavista,2.0,0.0,2.46,3.07,3.06,2.49,1.53,6.0,11.0,4.0,4.0,2.0,2.0
2022-08-21,Sp Braga,Maritimo,5.0,0.0,1.38,4.87,7.57,1.69,2.16,20.0,7.0,9.0,1.0,5.0,5.0
2022-08-21,Portimonense,Guimaraes,2.0,1.0,2.73,3.21,2.61,2.18,1.68,15.0,17.0,5.0,6.0,6.0,11.0
2022-08-22,Gil Vicente,Famalicao,0.0,0.0,2.21,3.35,3.22,1.99,1.81,15.0,10.0,5.0,2.0,8.0,4.0
2022-08-26,Pacos Ferreira,Estoril,0.0,3.0,2.62,3.07,2.84,2.26,1.63,10.0,11.0,4.0,7.0,4.0,5.0
2022-08-27,Maritimo,Portimonense,0.0,1.0,2.79,3.11,2.65,2.09,1.73,19.0,9.0,4.0,6.0,8.0,7.0
2022-08-27,Boavista,Benfica,0.0,3.0,8.49,4.73,1.37,1.72,2.12,4.0,16.0,0.0,6.0,7.0,8.0
2022-08-27,Sp Lisbon,Chaves,0.0,2.0,1.19,6.71,15.0,1.55,2.41,22.0,8.0,10.0,5.0,13.0,3.0
2022-08-28,Famalicao,Santa Clara,1.0,0.0,2.17,3.32,3.35,2.04,1.77,12.0,13.0,4.0,2.0,6.0,4.0
2022-08-28,Arouca,Sp Braga,0.0,6.0,4.83,3.85,1.69,1.78,2.04,12.0,15.0,4.0,10.0,5.0,4.0
2022-08-28,Rio Ave,Porto,3.0,1.0,10.03,5.44,1.29,1.64,2.23,6.0,27.0,4.0,10.0,2.0,7.0
2022-08-29,Guimaraes,Casa Pia,0.0,1.0,2.01,3.33,3.78,2.12,1.71,15.0,8.0,2.0,2.0,9.0,1.0
2022-08-29,Vizela,Gil Vicente,2.0,2.0,2.4,3.24,2.97,2.03,1.77,18.0,12.0,9.0,4.0,5.0,10.0
2022-08-30,Benfica,Pacos Ferreira,3.0,2.0,1.08,10.65,29.43,1.34,3.18,27.0,3.0,6.0,2.0,13.0,3.0
2022-09-02,Benfica,Vizela,2.0,1.0,1.18,7.22,14.03,1.38,2.97,28.0,7.0,6.0,2.0,15.0,4.0
2022-09-02,Estoril,Sp Lisbon,0.0,2.0,6.63,4.41,1.47,1.74,2.1,5.0,18.0,0.0,4.0,2.0,7.0
2022-09-03,Sp Braga,Guimaraes,1.0,0.0,1.38,4.87,7.74,1.63,2.27,18.0,7.0,2.0,3.0,5.0,0.0
2022-09-03,Gil Vicente,Porto,0.0,2.0,7.1,4.52,1.44,1.71,2.13,6.0,16.0,2.0,4.0,6.0,4.0
2022-09-04,Casa Pia,Arouca,0.0,0.0,2.09,3.14,3.83,2.29,1.6,6.0,8.0,1.0,1.0,9.0,2.0
2022-09-04,Santa Clara,Maritimo,2.0,1.0,2.03,3.23,3.89,2.23,1.65,9.0,17.0,4.0,5.0,2.0,3.0
2022-09-04,Portimonense,Famalicao,1.0,0.0,2.31,3.17,3.22,2.14,1.7,9.0,13.0,1.0,1.0,7.0,5.0
2022-09-05,Boavista,Pacos Ferreira,1.0,0.0,2.03,3.25,3.85,2.22,1.65,12.0,7.0,3.0,1.0,5.0,1.0
2022-09-05,Chaves,Rio Ave,1.0,1.0,2.51,3.08,2.95,2.25,1.63,21.0,13.0,6.0,3.0,8.0,11.0
2022-09-09,Guimaraes,Santa Clara,1.0,0.0,1.98,3.28,4.02,2.22,1.66,9.0,9.0,3.0,4.0,6.0,5.0
2022-09-10,Famalicao,Benfica,0.0,1.0,7.45,4.63,1.41,1.68,2.17,4.0,13.0,2.0,7.0,1.0,5.0
2022-09-10,Sp Lisbon,Portimonense,4.0,0.0,1.32,5.15,9.19,1.66,2.2,17.0,4.0,7.0,1.0,8.0,3.0
2022-09-10,Porto,Chaves,3.0,0.0,1.15,7.6,17.48,1.5,2.54,19.0,8.0,7.0,1.0,9.0,3.0
2022-09-11,Pacos Ferreira,Casa Pia,2.0,3.0,2.83,3.06,2.64,2.42,1.56,19.0,12.0,8.0,5.0,7.0,2.0
2022-09-11,Arouca,Boavista,1.0,2.0,2.67,3.1,2.77,2.32,1.6,6.0,10.0,1.0,4.0,2.0,5.0
2022-09-11,Maritimo,Gil Vicente,1.0,2.0,2.8,3.13,2.61,2.19,1.66,18.0,22.0,4.0,5.0,10.0,8.0
2022-09-11,Rio Ave,Sp Braga,2.0,3.0,5.39,3.94,1.61,1.8,2.0,17.0,24.0,5.0,11.0,7.0,8.0
2022-09-12,Vizela,Estoril,0.0,1.0,2.26,3.21,3.26,2.17,1.67,22.0,10.0,7.0,2.0,16.0,2.0
2022-09-16,Portimonense,Chaves,1.0,0.0,2.17,3.2,3.51,2.22,1.65,15.0,17.0,6.0,4.0,9.0,7.0
2022-09-17,Gil Vicente,Rio Ave,2.0,2.0,2.01,3.36,3.79,2.13,1.7,18.0,8.0,7.0,5.0,7.0,4.0
2022-09-17,Santa Clara,Pacos Ferreira,1.0,1.0,2.03,3.25,3.9,2.2,1.67,8.0,7.0,2.0,4.0,5.0,8.0
2022-09-17,Estoril,Porto,1.0,1.0,10.38,5.23,1.3,1.71,2.13,9.0,19.0,4.0,4.0,4.0,11.0
2022-09-17,Boavista,Sp Lisbon,2.0,1.0,6.93,4.28,1.47,1.85,1.95,7.0,11.0,3.0,3.0,4.0,9.0
2022-09-18,Arouca,Guimaraes,2.0,2.0,3.0,3.23,2.4,2.18,1.67,10.0,12.0,6.0,5.0,3.0,6.0
2022-09-18,Benfica,Maritimo,5.0,0.0,1.11,9.1,20.3,1.36,3.07,23.0,4.0,12.0,1.0,7.0,2.0
2022-09-18,Casa Pia,Famalicao,1.0,0.0,2.38,3.03,3.24,2.44,1.54,17.0,10.0,6.0,1.0,8.0,4.0
2022-09-18,Sp Braga,Vizela,2.0,0.0,1.32,5.27,8.83,1.61,2.3,22.0,17.0,10.0,6.0,8.0,4.0
2022-09-30,Sp Lisbon,Gil Vicente,3.0,1.0,1.3,5.45,9.71,1.62,2.28,16.0,11.0,7.0,4.0,3.0,2.0
2022-09-30,Porto,Sp Braga,4.0,1.0,1.78,3.78,4.26,1.75,2.07,16.0,9.0,7.0,0.0,6.0,5.0
2022-10-01,Vizela,Portimonense,1.0,0.0,2.18,3.29,3.36,2.14,1.7,15.0,18.0,6.0,7.0,5.0,9.0
2022-10-01,Chaves,Estoril,1.0,1.0,2.29,3.24,3.19,2.16,1.69,12.0,14.0,3.0,3.0,4.0,8.0
2022-10-01,Guimaraes,Benfica,0.0,0.0,7.89,4.92,1.37,1.68,2.19,6.0,6.0,1.0,1.0,5.0,6.0
2022-10-02,Rio Ave,Santa Clara,1.0,0.0,2.52,3.16,2.88,2.28,1.62,6.0,6.0,3.0,1.0,1.0,8.0
2022-10-02,Pacos Ferreira,Arouca,1.0,1.0,2.28,3.18,3.26,2.22,1.65,6.0,12.0,3.0,4.0,3.0,5.0
2022-10-02,Famalicao,Boavista,4.0,0.0,2.25,3.18,3.34,2.25,1.64,8.0,10.0,4.0,1.0,1.0,5.0
2022-10-03,Maritimo,Casa Pia,1.0,2.0,2.86,3.17,2.52,2.27,1.62,19.0,10.0,3.0,2.0,10.0,3.0
2022-10-07,Gil Vicente,Estoril,0.0,1.0,2.17,3.39,3.29,1.95,1.85,12.0,11.0,3.0,3.0,7.0,3.0
2022-10-08,Santa Clara,Sp Lisbon,1.0,2.0,6.28,4.16,1.51,1.85,1.95,9.0,11.0,6.0,3.0,3.0,5.0
2022-10-08,Benfica,Rio Ave,4.0,2.0,1.15,7.6,16.49,1.46,2.66,32.0,8.0,10.0,3.0,8.0,3.0
2022-10-08,Portimonense,Porto,0.0,2.0,7.16,4.55,1.43,1.75,2.07,12.0,18.0,3.0,7.0,1.0,5.0
2022-10-08,Pacos Ferreira,Guimaraes,0.0,1.0,3.13,3.21,2.33,2.23,1.65,23.0,11.0,7.0,2.0,14.0,3.0
2022-10-09,Boavista,Maritimo,1.0,1.0,1.94,3.41,3.97,2.06,1.75,20.0,14.0,5.0,3.0,8.0,8.0
2022-10-09,Casa Pia,Vizela,0.0,1.0,2.39,3.1,3.13,2.33,1.6,12.0,8.0,5.0,5.0,8.0,1.0
2022-10-09,Sp Braga,Chaves,0.0,1.0,1.29,5.6,9.6,1.57,2.38,30.0,6.0,5.0,1.0,13.0,1.0
2022-10-10,Arouca,Famalicao,4.0,1.0,2.73,3.18,2.62,2.22,1.65,14.0,11.0,7.0,5.0,3.0,5.0
2022-10-21,Porto,Benfica,0.0,1.0,2.37,3.24,3.08,1.99,1.83,11.0,13.0,4.0,4.0,4.0,4.0
2022-10-22,Famalicao,Pacos Ferreira,2.0,1.0,1.71,3.57,5.11,2.16,1.69,10.0,12.0,2.0,1.0,3.0,8.0
2022-10-22,Estoril,Sp Braga,0.0,2.0,4.66,3.87,1.7,1.75,2.06,4.0,14.0,2.0,7.0,5.0,7.0
2022-10-22,Sp Lisbon,Casa Pia,3.0,1.0,1.29,5.29,10.22,1.75,2.07,25.0,10.0,10.0,3.0,7.0,3.0
2022-10-23,Maritimo,Arouca,1.0,1.0,2.59,3.2,2.75,2.17,1.68,16.0,16.0,4.0,5.0,5.0,5.0
2022-10-23,Vizela,Santa Clara,0.0,1.0,1.99,3.29,3.91,2.25,1.64,18.0,12.0,3.0,2.0,5.0,2.0
2022-10-23,Chaves,Gil Vicente,3.0,1.0,2.55,3.34,2.71,2.02,1.79,18.0,10.0,9.0,3.0,5.0,1.0
2022-10-23,Guimaraes,Boavista,3.0,2.0,2.07,3.21,3.77,2.35,1.59,18.0,4.0,9.0,2.0,9.0,1.0
2022-10-24,Rio Ave,Portimonense,1.0,0.0,2.56,3.1,2.86,2.19,1.67,11.0,12.0,4.0,3.0,3.0,2.0
2022-10-28,Pacos Ferreira,Maritimo,0.0,1.0,2.28,3.18,3.23,2.18,1.66,10.0,16.0,4.0,7.0,6.0,10.0
2022-10-29,Santa Clara,Porto,1.0,1.0,7.76,4.51,1.39,1.84,1.94,9.0,15.0,5.0,4.0,5.0,6.0
2022-10-29,Benfica,Chaves,5.0,0.0,1.17,7.04,14.88,1.44,2.7,18.0,7.0,9.0,2.0,13.0,2.0
2022-10-29,Arouca,Sp Lisbon,1.0,0.0,6.92,4.3,1.45,1.87,1.9,10.0,21.0,5.0,7.0,4.0,11.0
2022-10-30,Boavista,Vizela,2.0,2.0,2.49,3.2,2.85,2.14,1.68,12.0,7.0,4.0,5.0,6.0,1.0
2022-10-30,Portimonense,Estoril,1.0,1.0,2.34,3.17,3.09,2.22,1.64,23.0,10.0,7.0,5.0,11.0,7.0
2022-10-30,Casa Pia,Rio Ave,1.0,0.0,2.03,3.25,3.76,2.28,1.6,11.0,9.0,2.0,0.0,3.0,4.0
2022-10-30,Gil Vicente,Sp Braga,0.0,1.0,4.4,3.73,1.75,1.78,2.01,8.0,14.0,3.0,6.0,5.0,8.0
2022-10-31,Guimaraes,Famalicao,3.0,2.0,2.02,3.26,3.78,2.29,1.6,13.0,9.0,6.0,4.0,1.0,7.0
2022-11-04,Gil Vicente,Portimonense,1.0,2.0,2.26,3.39,3.11,1.98,1.82,19.0,17.0,6.0,7.0,4.0,3.0
2022-11-05,Vizela,Arouca,0.0,1.0,1.95,3.29,4.14,2.19,1.66,25.0,7.0,6.0,2.0,11.0,2.0
2022-11-05,Porto,Pacos Ferreira,4.0,0.0,1.12,8.59,21.13,1.43,2.76,18.0,9.0,7.0,3.0,4.0,6.0
2022-11-05,Sp Lisbon,Guimaraes,3.0,0.0,1.33,5.11,9.0,1.71,2.12,17.0,3.0,6.0,0.0,11.0,3.0
2022-11-06,Rio Ave,Boavista,1.0,0.0,2.42,3.13,3.04,2.27,1.62,7.0,7.0,1.0,1.0,4.0,4.0
2022-11-06,Maritimo,Famalicao,0.0,0.0,2.77,3.16,2.6,2.17,1.67,17.0,13.0,3.0,3.0,7.0,6.0
2022-11-06,Sp Braga,Casa Pia,0.0,1.0,1.41,4.7,7.38,1.74,2.08,28.0,12.0,8.0,3.0,7.0,1.0
2022-11-06,Estoril,Benfica,1.0,5.0,9.54,5.57,1.29,1.57,2.38,8.0,18.0,3.0,7.0,2.0,11.0
2022-11-07,Chaves,Santa Clara,0.0,0.0,2.35,3.1,3.18,2.35,1.58,13.0,18.0,4.0,2.0,4.0,6.0
2022-11-12,Arouca,Rio Ave,0.0,1.0,2.29,3.2,3.23,2.25,1.63,11.0,9.0,0.0,5.0,10.0,4.0
2022-11-12,Boavista,Porto,1.0,4.0,9.1,4.82,1.35,1.72,2.1,6.0,24.0,0.0,9.0,5.0,4.0
2022-11-13,Guimaraes,Maritimo,1.0,0.0,1.7,3.66,5.03,2.04,1.77,12.0,6.0,4.0,3.0,1.0,6.0
2022-11-13,Pacos Ferreira,Vizela,0.0,2.0,3.1,3.21,2.36,2.15,1.69,14.0,21.0,5.0,9.0,9.0,7.0
2022-11-13,Benfica,Gil Vicente,3.0,1.0,1.13,8.49,18.66,1.37,3.04,17.0,4.0,6.0,2.0,6.0,0.0
2022-11-13,Casa Pia,Chaves,1.0,2.0,2.06,3.32,3.68,2.16,1.68,14.0,13.0,4.0,4.0,2.0,0.0
2022-11-13,Portimonense,Sp Braga,1.0,2.0,4.83,3.92,1.67,1.74,2.07,14.0,22.0,5.0,10.0,2.0,8.0
2022-11-13,Famalicao,Sp Lisbon,1.0,2.0,5.19,3.83,1.65,1.83,1.97,11.0,21.0,2.0,8.0,3.0,5.0
2022-11-14,Santa Clara,Estoril,3.0,1.0,2.32,3.15,3.2,2.26,1.63,15.0,16.0,9.0,1.0,6.0,7.0
2022-12-23,Rio Ave,Maritimo,1.0,1.0,2.0,3.36,3.88,2.12,1.72,19.0,8.0,5.0,1.0,5.0,5.0
2022-12-28,Portimonense,Casa Pia,1.0,2.0,2.35,3.19,3.14,2.21,1.66,6.0,20.0,2.0,7.0,1.0,11.0
2022-12-28,Porto,Arouca,5.0,1.0,1.13,8.18,20.31,1.46,2.65,16.0,8.0,11.0,2.0,5.0,3.0
2022-12-29,Gil Vicente,Santa Clara,1.0,0.0,2.17,3.25,3.45,2.17,1.68,14.0,10.0,5.0,1.0,4.0,9.0
2022-12-29,Sp Lisbon,Pacos Ferreira,3.0,0.0,1.14,8.08,20.17,1.46,2.61,15.0,6.0,5.0,1.0,4.0,3.0
2022-12-30,Chaves,Famalicao,0.0,2.0,2.49,3.15,2.94,2.19,1.66,19.0,15.0,3.0,6.0,5.0,3.0
2022-12-30,Vizela,Guimaraes,3.0,0.0,2.25,3.27,3.25,2.13,1.7,9.0,16.0,4.0,3.0,1.0,5.0
2022-12-30,Sp Braga,Benfica,3.0,0.0,4.6,3.83,1.72,1.82,1.98,15.0,10.0,6.0,3.0,4.0,8.0
2023-01-05,Santa Clara,Sp Braga,0.0,4.0,4.98,3.79,1.68,1.91,1.88,3.0,26.0,0.0,13.0,1.0,6.0
2023-01-06,Benfica,Portimonense,1.0,0.0,1.16,7.65,17.34,1.43,2.79,27.0,1.0,12.0,0.0,12.0,2.0
2023-01-06,Famalicao,Vizela,2.0,1.0,2.43,3.12,3.08,2.25,1.64,9.0,7.0,3.0,4.0,6.0,4.0
2023-01-07,Arouca,Estoril,2.0,0.0,2.27,3.28,3.22,2.1,1.74,17.0,14.0,7.0,3.0,2.0,5.0
2023-01-07,Guimaraes,Rio Ave,0.0,0.0,2.02,3.3,3.85,2.31,1.61,9.0,9.0,2.0,0.0,5.0,2.0
2023-01-07,Casa Pia,Porto,0.0,0.0,8.6,4.63,1.38,1.85,1.95,2.0,25.0,0.0,9.0,5.0,6.0
2023-01-08,Pacos Ferreira,Chaves,1.0,1.0,2.82,3.24,2.54,2.15,1.69,18.0,12.0,4.0,2.0,9.0,6.0
2023-01-08,Maritimo,Sp Lisbon,1.0,0.0,7.98,4.85,1.38,1.69,2.15,9.0,10.0,2.0,1.0,3.0,8.0
2023-01-08,Boavista,Gil Vicente,1.0,0.0,2.61,3.25,2.73,2.08,1.75,13.0,18.0,5.0,4.0,6.0,9.0
2023-01-13,Portimonense,Santa Clara,0.0,0.0,2.01,3.35,3.83,2.17,1.69,24.0,10.0,4.0,2.0,6.0,1.0
2023-01-14,Vizela,Maritimo,3.0,0.0,1.83,3.5,4.4,2.09,1.74,18.0,8.0,9.0,1.0,7.0,4.0
2023-01-14,Rio Ave,Pacos Ferreira,0.0,1.0,1.94,3.34,4.11,2.23,1.65,16.0,5.0,6.0,2.0,6.0,2.0
2023-01-14,Sp Braga,Boavista,1.0,0.0,1.31,5.27,9.66,1.69,2.17,9.0,10.0,4.0,0.0,1.0,7.0
2023-01-15,Chaves,Arouca,1.0,1.0,2.16,3.32,3.41,2.11,1.73,15.0,18.0,5.0,6.0,5.0,10.0
2023-01-15,Benfica,Sp Lisbon,2.0,2.0,1.83,3.79,3.98,1.72,2.11,14.0,8.0,8.0,3.0,5.0,2.0
2023-01-15,Porto,Famalicao,4.0,1.0,1.18,6.87,15.2,1.55,2.42,17.0,10.0,9.0,2.0,2.0,5.0
2023-01-16,Estoril,Casa Pia,2.0,0.0,2.84,3.1,2.58,2.32,1.6,11.0,6.0,3.0,0.0,4.0,4.0
2023-01-16,Gil Vicente,Guimaraes,2.0,1.0,2.46,3.22,2.91,2.05,1.76,9.0,11.0,6.0,2.0,3.0,0.0
2023-01-20,Arouca,Portimonense,4.0,0.0,2.42,3.17,3.04,2.22,1.66,17.0,3.0,12.0,0.0,3.0,7.0
2023-01-20,Sp Lisbon,Vizela,2.0,1.0,1.28,5.6,10.2,1.61,2.31,21.0,8.0,8.0,3.0,8.0,1.0
2023-01-21,Pacos Ferreira,Sp Braga,1.0,2.0,6.91,4.51,1.44,1.78,2.04,11.0,15.0,5.0,10.0,4.0,10.0
2023-01-21,Santa Clara,Benfica,0.0,3.0,10.04,5.39,1.29,1.63,2.26,8.0,12.0,1.0,5.0,8.0,9.0
2023-01-21,Guimaraes,Porto,0.0,1.0,7.84,4.63,1.4,1.79,2.03,9.0,14.0,0.0,2.0,3.0,6.0
2023-01-22,Maritimo,Estoril,1.0,0.0,2.51,3.05,3.01,2.4,1.57,11.0,11.0,2.0,2.0,4.0,5.0
2023-01-22,Casa Pia,Gil Vicente,1.0,3.0,2.31,3.18,3.21,2.3,1.61,14.0,12.0,5.0,7.0,6.0,4.0
2023-01-22,Famalicao,Rio Ave,0.0,0.0,2.11,3.24,3.64,2.34,1.59,19.0,14.0,5.0,2.0,4.0,3.0
2023-01-23,Boavista,Chaves,1.0,1.0,2.24,3.26,3.25,2.2,1.66,18.0,7.0,3.0,3.0,11.0,5.0
2023-01-26,Pacos Ferreira,Benfica,0.0,2.0,12.73,6.4,1.21,1.51,2.52,12.0,13.0,3.0,6.0,1.0,10.0
2023-01-29,Casa Pia,Santa Clara,2.0,1.0,2.05,3.22,3.84,2.45,1.55,19.0,6.0,8.0,3.0,8.0,3.0
2023-01-29,Vizela,Rio Ave,3.0,1.0,1.93,3.43,4.02,2.14,1.71,12.0,13.0,7.0,2.0,3.0,8.0
2023-01-29,Boavista,Portimonense,4.0,2.0,2.16,3.28,3.45,2.24,1.64,18.0,7.0,10.0,3.0,7.0,6.0
2023-01-29,Famalicao,Estoril,1.0,0.0,2.1,3.25,3.63,2.32,1.6,16.0,16.0,6.0,6.0,5.0,7.0
2023-01-30,Guimaraes,Chaves,2.0,1.0,1.99,3.37,3.84,2.21,1.66,18.0,16.0,6.0,4.0,7.0,6.0
2023-01-31,Pacos Ferreira,Gil Vicente,2.0,1.0,3.06,3.23,2.38,2.14,1.71,21.0,10.0,8.0,4.0,11.0,12.0
2023-01-31,Arouca,Benfica,0.0,3.0,9.37,5.25,1.31,1.65,2.23,6.0,5.0,0.0,3.0,3.0,3.0
2023-02-01,Maritimo,Porto,0.0,2.0,11.68,5.62,1.26,1.63,2.27,10.0,9.0,2.0,4.0,5.0,1.0
2023-02-01,Sp Lisbon,Sp Braga,5.0,0.0,1.94,3.63,3.72,1.81,2.0,22.0,4.0,9.0,4.0,10.0,1.0
2023-02-04,Santa Clara,Boavista,2.0,2.0,2.69,3.03,2.81,2.49,1.52,11.0,6.0,3.0,4.0,7.0,7.0
2023-02-04,Benfica,Casa Pia,3.0,0.0,1.18,6.81,16.39,1.6,2.31,16.0,7.0,5.0,0.0,4.0,4.0
2023-02-04,Estoril,Guimaraes,0.0,1.0,2.67,3.05,2.82,2.4,1.57,15.0,12.0,4.0,3.0,4.0,5.0
2023-02-05,Chaves,Maritimo,2.0,1.0,2.1,3.27,3.66,2.18,1.68,5.0,15.0,5.0,3.0,3.0,6.0
2023-02-05,Sp Braga,Famalicao,4.0,1.0,1.39,4.81,7.8,1.73,2.11,14.0,6.0,4.0,1.0,6.0,2.0
2023-02-05,Porto,Vizela,2.0,0.0,1.2,6.68,13.51,1.52,2.52,15.0,10.0,4.0,3.0,7.0,5.0
2023-02-05,Gil Vicente,Arouca,1.0,1.0,2.25,3.28,3.21,2.08,1.75,17.0,12.0,7.0,6.0,13.0,4.0
2023-02-06,Portimonense,Pacos Ferreira,1.0,0.0,1.99,3.33,3.86,2.21,1.66,15.0,8.0,3.0,4.0,10.0,2.0
2023-02-06,Rio Ave,Sp Lisbon,0.0,1.0,6.62,4.34,1.47,1.74,2.07,5.0,8.0,1.0,1.0,4.0,2.0
2023-02-09,Estoril,Boavista,2.0,1.0,2.51,3.14,2.92,2.28,1.62,27.0,5.0,13.0,4.0,11.0,0.0
2023-02-10,Vizela,Chaves,0.0,0.0,1.73,3.66,4.9,2.0,1.81,15.0,15.0,4.0,5.0,5.0,6.0
2023-02-11,Arouca,Santa Clara,1.0,0.0,2.14,3.26,3.51,2.27,1.63,9.0,4.0,4.0,0.0,3.0,3.0
2023-02-11,Guimaraes,Portimonense,1.0,0.0,1.81,3.48,4.55,2.16,1.69,9.0,8.0,4.0,3.0,5.0,2.0
2023-02-12,Famalicao,Gil Vicente,0.0,1.0,2.19,3.28,3.37,2.12,1.72,16.0,16.0,3.0,3.0,4.0,6.0
2023-02-12,Sp Lisbon,Porto,1.0,2.0,2.68,3.33,2.59,2.0,1.81,15.0,10.0,5.0,3.0,8.0,4.0
2023-02-12,Maritimo,Sp Braga,1.0,2.0,5.52,4.01,1.59,1.8,2.02,18.0,9.0,6.0,3.0,5.0,5.0
2023-02-13,Rio Ave,Estoril,2.0,0.0,2.26,3.13,3.35,2.35,1.59,10.0,16.0,3.0,3.0,2.0,9.0
2023-02-13,Boavista,Casa Pia,0.0,0.0,2.38,3.06,3.2,2.45,1.55,10.0,6.0,3.0,2.0,7.0,3.0
2023-02-17,Gil Vicente,Vizela,1.0,1.0,2.45,3.4,2.83,1.87,1.94,16.0,13.0,6.0,4.0,10.0,2.0
2023-02-18,Estoril,Pacos Ferreira,1.0,3.0,2.06,3.26,3.79,2.23,1.65,13.0,17.0,4.0,5.0,5.0,7.0
2023-02-18,Portimonense,Maritimo,2.0,1.0,2.28,3.3,3.17,2.09,1.74,11.0,8.0,3.0,2.0,8.0,1.0
2023-02-18,Porto,Rio Ave,1.0,0.0,1.17,7.04,16.36,1.63,2.27,14.0,11.0,4.0,4.0,8.0,2.0
2023-02-19,Santa Clara,Famalicao,1.0,3.0,2.98,3.04,2.54,2.5,1.53,16.0,17.0,7.0,7.0,3.0,6.0
2023-02-19,Sp Braga,Arouca,2.0,0.0,1.41,4.78,7.08,1.62,2.3,7.0,13.0,4.0,3.0,4.0,3.0
2023-02-19,Casa Pia,Guimaraes,0.0,0.0,2.49,3.09,3.0,2.46,1.54,11.0,9.0,2.0,0.0,3.0,4.0
2023-02-20,Chaves,Sp Lisbon,2.0,3.0,6.3,4.77,1.45,1.59,2.34,13.0,16.0,5.0,8.0,4.0,4.0
2023-02-20,Benfica,Boavista,3.0,1.0,1.19,6.85,14.82,1.58,2.36,18.0,5.0,10.0,2.0,8.0,5.0
2023-02-24,Famalicao,Portimonense,1.0,0.0,1.85,3.4,4.48,2.19,1.68,21.0,17.0,6.0,7.0,7.0,8.0
2023-02-25,Arouca,Casa Pia,2.0,0.0,2.31,3.15,3.26,2.37,1.58,9.0,11.0,3.0,3.0,1.0,11.0
2023-02-25,Maritimo,Santa Clara,3.0,1.0,2.14,3.21,3.58,2.34,1.59,26.0,11.0,7.0,6.0,9.0,4.0
2023-02-25,Vizela,Benfica,0.0,2.0,8.22,5.02,1.36,1.62,2.27,9.0,11.0,3.0,6.0,6.0,5.0
2023-02-26,Rio Ave,Chaves,1.0,0.0,2.18,3.25,3.43,2.25,1.64,10.0,11.0,3.0,6.0,4.0,8.0
2023-02-26,Pacos Ferreira,Boavista,1.0,3.0,2.71,3.12,2.71,2.28,1.62,15.0,12.0,6.0,4.0,9.0,10.0
2023-02-26,Porto,Gil Vicente,1.0,2.0,1.2,7.05,12.32,1.42,2.85,11.0,9.0,4.0,4.0,3.0,0.0
2023-02-27,Sp Lisbon,Estoril,2.0,0.0,1.21,6.56,12.66,1.51,2.52,17.0,3.0,8.0,0.0,14.0,5.0
2023-02-27,Guimaraes,Sp Braga,2.0,1.0,3.8,3.49,1.96,2.01,1.8,9.0,13.0,2.0,4.0,3.0,5.0
2023-03-03,Boavista,Arouca,0.0,0.0,2.29,3.14,3.31,2.25,1.64,10.0,8.0,2.0,1.0,6.0,1.0
2023-03-03,Benfica,Famalicao,2.0,0.0,1.16,7.47,16.52,1.53,2.47,19.0,7.0,7.0,0.0,7.0,2.0
2023-03-04,Estoril,Vizela,0.0,3.0,2.68,3.24,2.66,2.15,1.69,10.0,6.0,2.0,3.0,8.0,0.0
2023-03-04,Portimonense,Sp Lisbon,0.0,1.0,8.1,4.81,1.38,1.68,2.17,6.0,21.0,4.0,7.0,3.0,7.0
2023-03-04,Chaves,Porto,1.0,3.0,11.01,5.44,1.28,1.66,2.19,13.0,13.0,4.0,5.0,4.0,8.0
2023-03-05,Gil Vicente,Maritimo,2.0,0.0,1.88,3.54,4.08,2.01,1.8,11.0,19.0,5.0,6.0,12.0,8.0
2023-03-05,Santa Clara,Guimaraes,1.0,3.0,3.05,3.03,2.5,2.5,1.52,16.0,11.0,5.0,6.0,7.0,6.0
2023-03-05,Sp Braga,Rio Ave,2.0,0.0,1.41,4.42,8.27,1.87,1.93,21.0,10.0,11.0,4.0,9.0,4.0
2023-03-06,Casa Pia,Pacos Ferreira,2.0,1.0,2.04,3.22,3.87,2.35,1.57,9.0,14.0,4.0,2.0,4.0,2.0
2023-03-10,Porto,Estoril,3.0,2.0,1.18,6.84,15.59,1.57,2.37,12.0,9.0,5.0,3.0,6.0,3.0
2023-03-11,Chaves,Portimonense,2.0,0.0,2.3,3.25,3.18,2.21,1.65,13.0,19.0,8.0,2.0,3.0,7.0
2023-03-11,Pacos Ferreira,Santa Clara,1.0,0.0,2.44,3.18,3.02,2.31,1.6,15.0,11.0,4.0,4.0,9.0,2.0
2023-03-11,Guimaraes,Arouca,0.0,2.0,2.07,3.21,3.82,2.29,1.61,25.0,9.0,8.0,4.0,12.0,0.0
2023-03-11,Vizela,Sp Braga,0.0,4.0,3.8,3.53,1.96,1.94,1.86,13.0,13.0,1.0,7.0,3.0,3.0
2023-03-12,Rio Ave,Gil Vicente,2.0,1.0,2.44,3.2,2.99,2.17,1.68,14.0,17.0,5.0,6.0,3.0,11.0
2023-03-12,Maritimo,Benfica,0.0,3.0,11.65,5.93,1.25,1.67,2.18,8.0,21.0,2.0,10.0,2.0,10.0
2023-03-12,Sp Lisbon,Boavista,3.0,0.0,1.24,5.98,12.06,1.64,2.23,16.0,2.0,5.0,0.0,4.0,1.0
2023-03-13,Famalicao,Casa Pia,1.0,0.0,2.13,3.18,3.6,2.43,1.55,16.0,11.0,4.0,2.0,3.0,5.0
2023-03-17,Santa Clara,Rio Ave,0.0,2.0,2.62,2.9,3.02,2.69,1.45,9.0,17.0,1.0,8.0,2.0,7.0
2023-03-18,Portimonense,Vizela,0.0,1.0,2.87,3.2,2.54,2.19,1.67,15.0,9.0,3.0,2.0,4.0,6.0
2023-03-18,Arouca,Pacos Ferreira,1.0,1.0,2.11,3.29,3.61,2.18,1.68,17.0,14.0,5.0,4.0,6.0,7.0
2023-03-18,Benfica,Guimaraes,5.0,1.0,1.17,7.04,16.84,1.57,2.36,12.0,6.0,5.0,4.0,7.0,3.0
2023-03-18,Estoril,Chaves,0.0,2.0,2.16,3.27,3.49,2.15,1.7,9.0,15.0,3.0,5.0,3.0,7.0
2023-03-19,Casa Pia,Maritimo,2.0,0.0,2.07,3.25,3.77,2.34,1.59,16.0,17.0,5.0,3.0,5.0,10.0
2023-03-19,Sp Braga,Porto,0.0,0.0,3.12,3.37,2.26,1.89,1.9,14.0,5.0,4.0,2.0,5.0,5.0
2023-03-19,Boavista,Famalicao,1.0,2.0,2.4,3.11,3.13,2.36,1.58,16.0,7.0,6.0,3.0,9.0,1.0
2023-03-31,Estoril,Gil Vicente,1.0,0.0,2.72,3.31,2.58,2.02,1.79,7.0,14.0,2.0,4.0,5.0,5.0
2023-04-01,Vizela,Casa Pia,3.0,1.0,2.21,3.13,3.5,2.34,1.58,11.0,10.0,8.0,4.0,10.0,3.0
2023-04-01,Guimaraes,Pacos Ferreira,0.0,0.0,1.97,3.41,3.88,2.12,1.71,17.0,9.0,3.0,4.0,5.0,4.0
2023-04-01,Sp Lisbon,Santa Clara,3.0,0.0,1.14,8.1,19.58,1.52,2.49,14.0,10.0,5.0,4.0,6.0,2.0
2023-04-02,Chaves,Sp Braga,1.0,2.0,4.91,3.78,1.69,1.88,1.91,14.0,17.0,8.0,8.0,7.0,5.0
2023-04-02,Maritimo,Boavista,4.0,2.0,2.51,3.09,2.96,2.34,1.58,11.0,11.0,6.0,6.0,3.0,9.0
2023-04-02,Rio Ave,Benfica,0.0,1.0,8.82,4.95,1.34,1.65,2.22,10.0,12.0,4.0,5.0,3.0,6.0
2023-04-02,Porto,Portimonense,1.0,0.0,1.15,7.63,17.57,1.52,2.49,17.0,6.0,6.0,0.0,10.0,3.0
2023-04-03,Famalicao,Arouca,0.0,1.0,1.98,3.26,4.03,2.36,1.57,18.0,9.0,1.0,2.0,7.0,1.0
2023-04-05,Gil Vicente,Sp Lisbon,0.0,0.0,6.85,4.45,1.46,1.73,2.1,8.0,12.0,2.0,7.0,1.0,3.0
2023-04-07,Santa Clara,Vizela,0.0,1.0,3.75,3.27,2.06,2.22,1.65,10.0,5.0,2.0,3.0,2.0,4.0
2023-04-07,Benfica,Porto,1.0,2.0,1.92,3.48,4.01,2.01,1.8,7.0,7.0,1.0,3.0,4.0,5.0
2023-04-07,Boavista,Guimaraes,2.0,1.0,2.59,3.05,2.91,2.39,1.57,12.0,10.0,4.0,4.0,7.0,7.0
2023-04-08,Arouca,Maritimo,1.0,0.0,2.28,3.24,3.24,2.2,1.66,11.0,15.0,2.0,6.0,7.0,11.0
2023-04-08,Pacos Ferreira,Famalicao,1.0,3.0,2.48,3.13,2.98,2.27,1.62,13.0,9.0,2.0,5.0,10.0,4.0
2023-04-08,Portimonense,Rio Ave,2.0,2.0,2.63,3.0,2.9,2.53,1.51,17.0,18.0,6.0,8.0,8.0,4.0
2023-04-08,Sp Braga,Estoril,4.0,1.0,1.31,5.37,9.28,1.61,2.29,16.0,6.0,6.0,3.0,7.0,2.0
2023-04-09,Casa Pia,Sp Lisbon,3.0,4.0,7.9,4.4,1.42,1.89,1.9,8.0,20.0,5.0,12.0,1.0,18.0
2023-04-10,Gil Vicente,Chaves,0.0,0.0,2.02,3.33,3.78,2.1,1.71,15.0,16.0,4.0,5.0,14.0,5.0
2023-04-14,Famalicao,Guimaraes,2.0,1.0,2.22,3.09,3.57,2.35,1.59,10.0,16.0,3.0,5.0,3.0,10.0
2023-04-15,Estoril,Portimonense,0.0,1.0,2.31,3.14,3.31,2.31,1.6,13.0,15.0,3.0,5.0,10.0,5.0
2023-04-15,Maritimo,Pacos Ferreira,3.0,1.0,2.22,3.26,3.37,2.21,1.65,12.0,7.0,6.0,3.0,2.0,5.0
2023-04-15,Chaves,Benfica,1.0,0.0,9.36,5.6,1.3,1.52,2.5,9.0,19.0,2.0,4.0,3.0,19.0
2023-04-15,Porto,Santa Clara,2.0,1.0,1.11,9.17,23.69,1.43,2.78,12.0,8.0,4.0,2.0,4.0,4.0
2023-04-16,Rio Ave,Casa Pia,1.0,1.0,2.36,2.99,3.34,2.69,1.45,10.0,7.0,4.0,2.0,5.0,8.0
2023-04-16,Sp Braga,Gil Vicente,1.0,0.0,1.36,5.13,7.93,1.54,2.43,19.0,10.0,10.0,3.0,10.0,5.0
2023-04-16,Sp Lisbon,Arouca,1.0,1.0,1.19,7.05,14.81,1.47,2.61,26.0,4.0,5.0,2.0,7.0,0.0
2023-04-17,Vizela,Boavista,1.0,1.0,1.88,3.52,4.09,2.05,1.75,9.0,14.0,5.0,6.0,8.0,3.0
2023-04-21,Casa Pia,Sp Braga,0.0,1.0,5.62,3.75,1.64,2.04,1.77,6.0,15.0,1.0,6.0,3.0,6.0
2023-04-22,Famalicao,Maritimo,3.0,2.0,1.89,3.45,4.21,2.19,1.66,25.0,8.0,7.0,6.0,9.0,4.0
2023-04-22,Boavista,Rio Ave,3.0,2.0,2.37,3.12,3.19,2.39,1.56,14.0,7.0,6.0,3.0,2.0,2.0
2023-04-22,Pacos Ferreira,Porto,0.0,2.0,10.92,5.27,1.3,1.73,2.08,8.0,10.0,0.0,4.0,2.0,5.0
2023-04-23,Portimonense,Gil Vicente,1.0,0.0,2.56,3.24,2.79,2.14,1.69,10.0,20.0,4.0,4.0,1.0,12.0
2023-04-23,Benfica,Estoril,1.0,0.0,1.1,9.23,24.07,1.41,2.87,19.0,4.0,5.0,0.0,11.0,2.0
2023-04-23,Santa Clara,Chaves,1.0,1.0,2.64,3.14,2.77,2.29,1.61,19.0,13.0,6.0,5.0,2.0,12.0
2023-04-23,Arouca,Vizela,1.0,0.0,2.65,3.12,2.79,2.29,1.6,7.0,15.0,2.0,8.0,0.0,14.0
2023-04-24,Guimaraes,Sp Lisbon,0.0,2.0,5.32,4.25,1.57,1.63,2.24,7.0,13.0,0.0,5.0,5.0,5.0
2023-04-28,Rio Ave,Arouca,1.0,0.0,2.44,3.06,3.15,2.36,1.58,11.0,11.0,2.0,2.0,4.0,4.0
2023-04-29,Maritimo,Guimaraes,1.0,2.0,2.51,3.27,2.85,2.14,1.7,21.0,11.0,6.0,5.0,5.0,3.0
2023-04-29,Sp Braga,Portimonense,4.0,1.0,1.25,5.91,11.65,1.6,2.31,18.0,8.0,11.0,2.0,4.0,0.0
2023-04-29,Chaves,Casa Pia,1.0,0.0,2.32,3.18,3.23,2.25,1.63,16.0,16.0,5.0,4.0,10.0,3.0
2023-04-29,Vizela,Pacos Ferreira,1.0,2.0,1.83,3.56,4.37,2.09,1.73,14.0,7.0,3.0,2.0,7.0,8.0
2023-04-29,Gil Vicente,Benfica,0.0,2.0,9.14,5.46,1.31,1.51,2.52,13.0,17.0,5.0,7.0,7.0,11.0
2023-04-30,Estoril,Santa Clara,3.0,0.0,2.2,3.23,3.43,2.25,1.63,7.0,10.0,3.0,3.0,3.0,4.0
2023-04-30,Porto,Boavista,1.0,0.0,1.18,7.05,16.13,1.52,2.51,10.0,7.0,1.0,2.0,6.0,4.0
2023-04-30,Sp Lisbon,Famalicao,2.0,1.0,1.27,5.66,10.82,1.6,2.3,11.0,10.0,5.0,2.0,8.0,4.0
2023-05-05,Casa Pia,Portimonense,1.0,1.0,2.12,3.19,3.71,2.33,1.59,17.0,10.0,3.0,2.0,4.0,4.0
2023-05-06,Santa Clara,Gil Vicente,3.0,2.0,2.84,3.27,2.51,2.1,1.73,14.0,15.0,8.0,3.0,4.0,5.0
2023-05-06,Boavista,Estoril,1.0,0.0,2.06,3.35,3.7,2.19,1.66,13.0,6.0,3.0,2.0,6.0,3.0
2023-05-06,Benfica,Sp Braga,1.0,0.0,1.56,4.3,5.59,1.64,2.23,20.0,5.0,4.0,0.0,7.0,1.0
2023-05-07,Maritimo,Rio Ave,2.0,2.0,2.31,3.18,3.23,2.26,1.63,28.0,7.0,6.0,3.0,13.0,1.0
2023-05-07,Guimaraes,Vizela,3.0,0.0,2.33,3.25,3.12,2.15,1.69,13.0,6.0,5.0,0.0,6.0,4.0
2023-05-07,Pacos Ferreira,Sp Lisbon,0.0,4.0,8.25,5.04,1.36,1.64,2.23,7.0,16.0,0.0,8.0,0.0,6.0
2023-05-08,Famalicao,Chaves,1.0,2.0,2.0,3.38,3.82,2.14,1.69,19.0,12.0,6.0,3.0,11.0,6.0
2023-05-08,Arouca,Porto,0.0,1.0,8.06,4.89,1.37,1.68,2.15,8.0,12.0,2.0,4.0,1.0,8.0
2023-05-12,Gil Vicente,Boavista,3.0,1.0,2.37,3.38,2.96,1.93,1.86,15.0,16.0,3.0,5.0,7.0,6.0
2023-05-13,Chaves,Pacos Ferreira,2.0,0.0,2.13,3.41,3.42,1.99,1.81,16.0,16.0,0.0,3.0,5.0,8.0
2023-05-13,Vizela,Famalicao,0.0,0.0,2.4,3.25,3.01,2.09,1.73,10.0,15.0,4.0,3.0,2.0,7.0
2023-05-13,Portimonense,Benfica,1.0,5.0,11.88,6.18,1.23,1.51,2.53,5.0,24.0,1.0,10.0,3.0,5.0
2023-05-13,Sp Lisbon,Maritimo,2.0,1.0,1.2,6.64,13.7,1.5,2.55,15.0,2.0,3.0,1.0,9.0,1.0
2023-05-14,Rio Ave,Guimaraes,0.0,1.0,2.6,3.12,2.83,2.31,1.6,12.0,9.0,3.0,3.0,9.0,8.0
2023-05-14,Sp Braga,Santa Clara,5.0,3.0,1.2,6.71,14.74,1.5,2.54,17.0,12.0,9.0,8.0,11.0,6.0
2023-05-14,Porto,Casa Pia,2.0,1.0,1.19,7.0,14.64,1.52,2.5,19.0,8.0,8.0,2.0,13.0,3.0
2023-05-15,Estoril,Arouca,2.0,0.0,2.55,3.14,2.89,2.2,1.66,10.0,16.0,4.0,4.0,4.0,2.0
2023-05-19,Maritimo,Vizela,1.0,0.0,1.73,3.8,4.71,1.92,1.88,18.0,9.0,5.0,3.0,5.0,6.0
2023-05-20,Arouca,Chaves,1.0,0.0,2.2,3.33,3.33,2.05,1.77,11.0,9.0,6.0,3.0,4.0,6.0
2023-05-20,Santa Clara,Portimonense,1.0,0.0,2.29,3.33,3.12,2.09,1.74,21.0,2.0,3.0,0.0,9.0,6.0
2023-05-20,Boavista,Sp Braga,1.0,1.0,5.48,4.31,1.56,1.68,2.16,6.0,10.0,1.0,1.0,2.0,3.0
2023-05-20,Famalicao,Porto,2.0,4.0,6.87,4.54,1.45,1.71,2.12,7.0,11.0,5.0,7.0,1.0,1.0
2023-05-21,Guimaraes,Gil Vicente,1.0,0.0,1.75,3.79,4.5,1.92,1.87,15.0,11.0,5.0,2.0,3.0,6.0
2023-05-21,Casa Pia,Estoril,2.0,2.0,2.09,3.37,3.54,2.06,1.76,25.0,12.0,10.0,3.0,3.0,3.0
2023-05-21,Pacos Ferreira,Rio Ave,3.0,1.0,2.53,3.37,2.74,1.97,1.82,9.0,14.0,5.0,7.0,5.0,6.0
2023-05-21,Sp Lisbon,Benfica,2.0,2.0,2.63,3.5,2.55,1.76,2.06,13.0,19.0,7.0,4.0,7.0,7.0
2023-05-26,Rio Ave,Famalicao,2.0,2.0,2.94,3.31,2.42,2.0,1.8,22.0,11.0,5.0,2.0,8.0,4.0
2023-05-26,Vizela,Sp Lisbon,1.0,2.0,6.25,4.74,1.46,1.53,2.48,6.0,13.0,3.0,2.0,2.0,8.0
2023-05-27,Gil Vicente,Casa Pia,1.0,0.0,2.22,3.49,3.13,1.83,1.97,11.0,13.0,5.0,6.0,4.0,1.0
2023-05-27,Chaves,Boavista,1.0,4.0,2.1,3.63,3.29,1.77,2.04,10.0,20.0,5.0,3.0,1.0,4.0
2023-05-27,Estoril,Maritimo,3.0,1.0,2.25,3.41,3.14,1.93,1.86,12.0,18.0,3.0,6.0,4.0,5.0
2023-05-27,Benfica,Santa Clara,3.0,0.0,1.07,12.16,30.92,1.31,3.39,9.0,9.0,4.0,6.0,4.0,4.0
2023-05-27,Portimonense,Arouca,0.0,2.0,2.9,3.46,2.37,1.87,1.93,10.0,16.0,3.0,6.0,3.0,7.0
2023-05-27,Porto,Guimaraes,3.0,0.0,1.21,6.61,12.77,1.49,2.59,20.0,4.0,6.0,0.0,8.0,2.0
2023-05-27,Sp Braga,Pacos Ferreira,3.0,0.0,1.22,6.61,12.07,1.42,2.8,20.0,12.0,4.0,1.0,6.0,9.0
2023-08-11,Sp Braga,Famalicao,1.0,2.0,1.43,4.61,7.0,1.67,2.19,13.0,12.0,2.0,4.0,3.0,4.0
2023-08-12,Gil Vicente,Portimonense,5.0,0.0,2.01,3.35,3.83,2.15,1.69,8.0,9.0,5.0,3.0,1.0,1.0
2023-08-12,Farense,Casa Pia,0.0,3.0,2.49,3.08,3.02,2.31,1.6,12.0,14.0,5.0,5.0,5.0,6.0
2023-08-12,Sp Lisbon,Vizela,3.0,2.0,1.17,7.23,16.63,1.56,2.4,19.0,10.0,6.0,4.0,8.0,3.0
2023-08-13,Rio Ave,Chaves,2.0,0.0,2.1,3.33,3.54,2.13,1.7,21.0,6.0,8.0,1.0,14.0,3.0
2023-08-13,Estrela,Guimaraes,0.0,1.0,2.55,3.2,2.81,2.3,1.6,5.0,11.0,0.0,3.0,3.0,10.0
2023-08-13,Arouca,Estoril,4.0,3.0,2.13,3.19,3.64,2.33,1.59,11.0,12.0,5.0,8.0,2.0,6.0
2023-08-14,Moreirense,Porto,1.0,2.0,8.11,5.05,1.35,1.65,2.22,8.0,18.0,1.0,7.0,5.0,10.0
2023-08-14,Boavista,Benfica,3.0,2.0,9.89,5.54,1.29,1.59,2.33,11.0,15.0,3.0,5.0,3.0,3.0
2023-08-18,Casa Pia,Sp Lisbon,1.0,2.0,7.3,4.56,1.43,1.75,2.07,13.0,17.0,3.0,5.0,4.0,5.0
2023-08-19,Guimaraes,Gil Vicente,2.0,1.0,2.1,3.32,3.59,2.13,1.71,15.0,11.0,3.0,3.0,6.0,4.0
2023-08-19,Chaves,Sp Braga,2.0,4.0,4.79,3.99,1.67,1.74,2.07,15.0,13.0,4.0,6.0,5.0,6.0
2023-08-19,Benfica,Estrela,2.0,0.0,1.09,10.69,25.88,1.35,3.1,27.0,6.0,10.0,1.0,9.0,4.0
2023-08-19,Portimonense,Boavista,1.0,4.0,2.66,3.21,2.71,2.13,1.7,10.0,9.0,5.0,6.0,11.0,2.0
2023-08-20,Estoril,Rio Ave,2.0,0.0,2.43,3.19,3.01,2.24,1.64,5.0,9.0,4.0,3.0,3.0,3.0
2023-08-20,Porto,Farense,2.0,1.0,1.13,8.53,19.9,1.48,2.61,26.0,7.0,8.0,1.0,17.0,3.0
2023-08-20,Vizela,Arouca,2.0,2.0,2.14,3.26,3.52,2.17,1.68,13.0,9.0,7.0,2.0,6.0,3.0
2023-08-21,Famalicao,Moreirense,0.0,0.0,1.98,3.4,3.9,2.12,1.71,4.0,12.0,2.0,3.0,3.0,6.0
2023-08-25,Estrela,Estoril,2.0,1.0,2.31,3.15,3.3,2.35,1.59,15.0,11.0,3.0,4.0,8.0,8.0
2023-08-26,Arouca,Portimonense,1.0,1.0,1.64,3.85,5.37,1.93,1.87,21.0,5.0,4.0,2.0,16.0,2.0
2023-08-26,Farense,Chaves,5.0,0.0,2.31,3.26,3.17,2.18,1.68,18.0,19.0,10.0,7.0,7.0,4.0
2023-08-26,Gil Vicente,Benfica,2.0,3.0,9.69,5.77,1.29,1.53,2.49,11.0,14.0,7.0,7.0,1.0,5.0
2023-08-27,Boavista,Casa Pia,1.0,1.0,2.25,3.23,3.3,2.23,1.65,10.0,10.0,5.0,7.0,11.0,4.0
2023-08-27,Guimaraes,Vizela,2.0,0.0,1.92,3.46,4.08,2.12,1.72,6.0,9.0,3.0,4.0,3.0,4.0
2023-08-27,Sp Lisbon,Famalicao,1.0,0.0,1.24,6.14,11.17,1.57,2.4,10.0,7.0,6.0,1.0,8.0,1.0
2023-08-28,Rio Ave,Porto,1.0,2.0,6.91,4.59,1.44,1.74,2.08,4.0,9.0,1.0,5.0,1.0,7.0
2023-09-01,Vizela,Gil Vicente,1.0,0.0,2.24,3.35,3.22,1.96,1.84,13.0,5.0,5.0,1.0,4.0,3.0
2023-09-02,Casa Pia,Rio Ave,1.0,1.0,2.17,3.33,3.38,2.18,1.68,10.0,11.0,5.0,5.0,12.0,0.0
2023-09-02,Famalicao,Farense,1.0,0.0,1.79,3.59,4.6,2.09,1.74,21.0,6.0,4.0,1.0,12.0,4.0
2023-09-02,Portimonense,Estrela,1.0,1.0,2.63,3.21,2.75,2.08,1.74,15.0,10.0,4.0,1.0,3.0,7.0
2023-09-02,Benfica,Guimaraes,4.0,0.0,1.2,6.92,12.87,1.46,2.67,20.0,7.0,9.0,1.0,11.0,2.0
2023-09-03,Chaves,Moreirense,1.0,2.0,2.45,3.25,2.93,2.11,1.72,13.0,9.0,3.0,2.0,3.0,4.0
2023-09-03,Estoril,Boavista,1.0,2.0,2.42,3.29,2.93,2.05,1.77,13.0,14.0,4.0,8.0,10.0,5.0
2023-09-03,Porto,Arouca,1.0,1.0,1.26,6.05,10.4,1.54,2.43,12.0,10.0,3.0,2.0,5.0,2.0
2023-09-03,Sp Braga,Sp Lisbon,1.0,1.0,2.99,3.55,2.26,1.77,2.04,6.0,4.0,2.0,2.0,4.0,2.0
2023-09-09,Moreirense,Sp Braga,2.0,3.0,4.11,3.84,1.81,1.71,2.12,11.0,12.0,3.0,5.0,4.0,5.0
2023-09-15,Estrela,Porto,0.0,1.0,8.55,5.14,1.34,1.65,2.25,9.0,10.0,1.0,4.0,10.0,6.0
2023-09-16,Rio Ave,Famalicao,1.0,1.0,2.57,3.17,2.86,2.29,1.61,5.0,12.0,0.0,4.0,3.0,3.0
2023-09-16,Farense,Sp Braga,3.0,1.0,4.58,4.03,1.7,1.67,2.2,16.0,17.0,4.0,7.0,7.0,3.0
2023-09-16,Vizela,Benfica,1.0,2.0,8.41,5.52,1.33,1.54,2.44,12.0,17.0,2.0,7.0,2.0,3.0
2023-09-17,Arouca,Casa Pia,0.0,1.0,2.39,3.24,3.03,2.18,1.68,11.0,12.0,5.0,2.0,2.0,7.0
2023-09-17,Gil Vicente,Estoril,5.0,3.0,2.13,3.51,3.31,1.89,1.9,12.0,14.0,7.0,6.0,5.0,8.0
2023-09-17,Guimaraes,Portimonense,1.0,2.0,1.55,4.08,5.97,1.89,1.9,11.0,9.0,3.0,2.0,10.0,3.0
2023-09-17,Sp Lisbon,Moreirense,3.0,0.0,1.22,6.38,12.36,1.57,2.37,20.0,7.0,9.0,1.0,8.0,2.0
2023-09-18,Boavista,Chaves,4.0,1.0,1.71,3.98,4.51,1.7,2.14,7.0,21.0,4.0,10.0,3.0,12.0
2023-09-22,Famalicao,Arouca,1.0,0.0,2.02,3.33,3.86,2.2,1.64,7.0,13.0,4.0,6.0,6.0,8.0
2023-09-23,Estoril,Vizela,2.0,2.0,2.5,3.38,2.78,1.96,1.85,16.0,11.0,6.0,7.0,5.0,3.0
2023-09-23,Moreirense,Farense,1.0,0.0,2.18,3.43,3.28,1.95,1.85,15.0,10.0,3.0,2.0,11.0,3.0
2023-09-23,Casa Pia,Guimaraes,0.0,0.0,2.36,3.2,3.12,2.27,1.6,10.0,14.0,2.0,3.0,8.0,9.0
2023-09-23,Porto,Gil Vicente,2.0,1.0,1.22,6.68,11.87,1.48,2.61,20.0,12.0,7.0,4.0,6.0,3.0
2023-09-24,Chaves,Estrela,2.0,2.0,2.57,3.41,2.66,1.88,1.92,17.0,10.0,8.0,3.0,9.0,5.0
2023-09-24,Portimonense,Benfica,1.0,3.0,10.84,6.18,1.25,1.48,2.59,9.0,13.0,2.0,7.0,3.0,4.0
2023-09-24,Sp Braga,Boavista,4.0,1.0,1.52,4.45,5.65,1.63,2.26,24.0,6.0,9.0,2.0,6.0,2.0
2023-09-25,Sp Lisbon,Rio Ave,2.0,0.0,1.2,6.7,13.55,1.56,2.39,10.0,7.0,6.0,2.0,4.0,2.0
2023-09-28,Estrela,Sp Braga,2.0,4.0,4.63,3.95,1.7,1.71,2.12,17.0,17.0,9.0,9.0,8.0,6.0
2023-09-29,Benfica,Porto,1.0,0.0,1.93,3.64,3.85,1.83,1.97,12.0,6.0,2.0,3.0,9.0,5.0
2023-09-30,Vizela,Portimonense,2.0,3.0,1.81,3.62,4.44,1.99,1.81,14.0,9.0,4.0,7.0,13.0,2.0
2023-09-30,Boavista,Famalicao,2.0,2.0,2.2,3.43,3.25,1.97,1.83,10.0,7.0,6.0,3.0,2.0,4.0
2023-09-30,Farense,Sp Lisbon,2.0,3.0,6.54,4.61,1.45,1.61,2.28,9.0,23.0,4.0,10.0,2.0,8.0
2023-10-01,Arouca,Chaves,0.0,2.0,1.82,3.67,4.29,1.88,1.88,11.0,5.0,2.0,3.0,5.0,3.0
2023-10-01,Guimaraes,Estoril,3.0,2.0,1.82,3.65,4.31,1.95,1.85,25.0,10.0,8.0,5.0,11.0,2.0
2023-10-01,Rio Ave,Moreirense,0.0,4.0,2.33,3.33,3.07,2.1,1.73,10.0,11.0,4.0,6.0,4.0,2.0
2023-10-02,Gil Vicente,Casa Pia,2.0,0.0,2.32,3.32,3.08,2.04,1.77,16.0,8.0,9.0,1.0,5.0,5.0
2023-10-06,Moreirense,Boavista,1.0,1.0,1.93,3.6,3.82,1.88,1.92,11.0,8.0,6.0,1.0,6.0,1.0
2023-10-07,Chaves,Gil Vicente,4.0,2.0,2.54,3.44,2.68,1.89,1.9,15.0,9.0,9.0,5.0,6.0,1.0
2023-10-07,Farense,Vizela,0.0,0.0,2.14,3.44,3.34,1.9,1.89,20.0,17.0,6.0,6.0,14.0,6.0
2023-10-07,Sp Braga,Rio Ave,2.0,1.0,1.31,5.48,9.25,1.58,2.36,33.0,9.0,11.0,3.0,16.0,1.0
2023-10-07,Estoril,Benfica,0.0,1.0,9.92,6.06,1.26,1.45,2.72,16.0,21.0,4.0,5.0,4.0,7.0
2023-10-08,Casa Pia,Estrela,0.0,1.0,2.04,3.32,3.73,2.17,1.67,7.0,11.0,2.0,6.0,3.0,6.0
2023-10-08,Famalicao,Guimaraes,1.0,3.0,2.57,3.18,2.82,2.19,1.67,13.0,12.0,6.0,4.0,11.0,3.0
2023-10-08,Porto,Portimonense,1.0,0.0,1.14,8.11,17.24,1.43,2.79,18.0,4.0,7.0,2.0,10.0,5.0
2023-10-08,Sp Lisbon,Arouca,2.0,1.0,1.25,5.91,11.27,1.59,2.33,10.0,11.0,5.0,5.0,5.0,2.0
2023-10-27,Arouca,Moreirense,0.0,1.0,2.54,3.24,2.86,2.14,1.71,13.0,12.0,3.0,5.0,7.0,5.0
2023-10-28,Portimonense,Estoril,1.0,0.0,2.48,3.42,2.79,1.95,1.84,14.0,14.0,8.0,4.0,6.0,4.0
2023-10-28,Benfica,Casa Pia,1.0,1.0,1.2,6.83,14.41,1.57,2.33,13.0,6.0,7.0,3.0,10.0,2.0
2023-10-28,Guimaraes,Chaves,5.0,0.0,1.62,4.05,5.31,1.79,2.02,13.0,7.0,6.0,3.0,4.0,3.0
2023-10-28,Gil Vicente,Sp Braga,3.0,3.0,4.07,4.04,1.79,1.58,2.36,13.0,18.0,6.0,7.0,4.0,9.0
2023-10-29,Rio Ave,Farense,3.0,4.0,2.35,3.36,3.02,2.01,1.8,11.0,13.0,4.0,7.0,5.0,6.0
2023-10-29,Estrela,Famalicao,1.0,0.0,2.5,3.24,2.91,2.21,1.67,12.0,9.0,4.0,1.0,3.0,2.0
2023-10-29,Vizela,Porto,0.0,2.0,6.95,4.57,1.45,1.74,2.1,8.0,13.0,1.0,3.0,4.0,4.0
2023-10-30,Boavista,Sp Lisbon,0.0,2.0,6.3,4.54,1.48,1.62,2.3,7.0,14.0,2.0,6.0,4.0,8.0
2023-11-03,Porto,Estoril,0.0,1.0,1.18,7.53,14.04,1.4,2.92,16.0,7.0,4.0,3.0,9.0,6.0
2023-11-04,Chaves,Benfica,0.0,2.0,9.27,6.07,1.28,1.43,2.76,8.0,14.0,0.0,5.0,3.0,8.0
2023-11-04,Famalicao,Gil Vicente,3.0,1.0,2.08,3.52,3.46,1.86,1.93,12.0,9.0,5.0,4.0,7.0,2.0
2023-11-04,Sp Braga,Portimonense,6.0,1.0,1.24,6.36,10.85,1.46,2.69,19.0,8.0,10.0,3.0,5.0,5.0
2023-11-05,Casa Pia,Vizela,0.0,1.0,2.13,3.35,3.5,2.11,1.73,11.0,14.0,2.0,4.0,6.0,6.0
2023-11-05,Moreirense,Guimaraes,1.0,0.0,2.64,3.26,2.71,2.08,1.75,12.0,10.0,3.0,2.0,4.0,12.0
2023-11-05,Rio Ave,Boavista,2.0,0.0,2.65,3.35,2.64,2.02,1.79,9.0,10.0,3.0,2.0,3.0,3.0
2023-11-05,Sp Lisbon,Estrela,3.0,2.0,1.24,6.5,10.99,1.44,2.74,23.0,6.0,8.0,4.0,6.0,1.0
2023-11-06,Farense,Arouca,2.0,0.0,2.21,3.35,3.28,2.05,1.76,7.0,15.0,2.0,5.0,6.0,6.0
2023-11-10,Estoril,Casa Pia,4.0,0.0,2.51,3.23,2.89,2.13,1.72,18.0,12.0,6.0,3.0,4.0,7.0
2023-11-11,Portimonense,Chaves,2.0,1.0,2.26,3.39,3.14,1.95,1.85,12.0,19.0,7.0,8.0,3.0,8.0
2023-11-11,Estrela,Moreirense,0.0,1.0,2.61,3.31,2.72,2.03,1.78,8.0,12.0,3.0,2.0,2.0,5.0
2023-11-11,Vizela,Famalicao,0.0,0.0,2.72,3.24,2.65,2.14,1.71,9.0,13.0,4.0,2.0,5.0,7.0
2023-11-11,Guimaraes,Porto,1.0,2.0,4.86,3.84,1.7,1.82,1.99,14.0,7.0,8.0,4.0,10.0,6.0
2023-11-12,Boavista,Farense,1.0,3.0,2.06,3.55,3.47,1.88,1.92,15.0,13.0,2.0,7.0,9.0,2.0
2023-11-12,Gil Vicente,Rio Ave,1.0,1.0,2.01,3.53,3.64,1.88,1.92,8.0,16.0,2.0,5.0,4.0,7.0
2023-11-12,Arouca,Sp Braga,0.0,1.0,5.14,4.27,1.6,1.63,2.27,12.0,17.0,7.0,5.0,3.0,8.0
2023-11-12,Benfica,Sp Lisbon,2.0,1.0,2.26,3.51,3.05,1.8,2.02,11.0,8.0,4.0,3.0,6.0,4.0
2023-12-01,Chaves,Vizela,2.0,1.0,2.62,3.33,2.69,2.04,1.78,15.0,8.0,5.0,2.0,2.0,1.0
2023-12-02,Farense,Guimaraes,1.0,2.0,3.08,3.48,2.25,1.92,1.87,5.0,16.0,2.0,5.0,1.0,7.0
2023-12-02,Rio Ave,Estrela,1.0,1.0,2.17,3.47,3.27,2.01,1.8,13.0,8.0,3.0,0.0,7.0,0.0
2023-12-02,Famalicao,Porto,0.0,3.0,5.32,3.98,1.62,1.89,1.91,12.0,9.0,0.0,5.0,7.0,2.0
2023-12-02,Casa Pia,Portimonense,1.0,0.0,1.96,3.45,3.89,2.13,1.71,11.0,10.0,3.0,2.0,5.0,5.0
2023-12-03,Sp Braga,Estoril,3.0,1.0,1.34,5.55,7.81,1.45,2.68,18.0,4.0,6.0,1.0,5.0,2.0
2023-12-03,Moreirense,Benfica,0.0,0.0,6.21,4.45,1.49,1.7,2.14,11.0,12.0,4.0,3.0,2.0,7.0
2023-12-03,Boavista,Arouca,0.0,4.0,2.13,3.36,3.46,2.03,1.78,8.0,12.0,2.0,7.0,8.0,1.0
2023-12-04,Sp Lisbon,Gil Vicente,3.0,1.0,1.17,7.56,14.09,1.4,2.87,12.0,5.0,4.0,1.0,9.0,0.0
2023-12-08,Vizela,Sp Braga,1.0,3.0,5.32,4.34,1.58,1.58,2.38,11.0,13.0,5.0,4.0,7.0,6.0
2023-12-08,Benfica,Farense,1.0,1.0,1.18,7.64,13.87,1.39,2.93,37.0,8.0,13.0,5.0,15.0,3.0
2023-12-09,Portimonense,Famalicao,1.0,1.0,2.9,3.31,2.46,2.06,1.75,8.0,16.0,4.0,8.0,2.0,5.0
2023-12-09,Guimaraes,Sp Lisbon,3.0,2.0,5.07,4.04,1.64,1.76,2.07,7.0,11.0,5.0,4.0,1.0,6.0
2023-12-09,Porto,Casa Pia,3.0,1.0,1.23,6.04,13.14,1.73,2.11,16.0,7.0,6.0,3.0,4.0,1.0
2023-12-10,Estrela,Boavista,3.0,1.0,2.3,3.42,3.03,1.93,1.87,4.0,9.0,2.0,6.0,2.0,4.0
2023-12-10,Arouca,Rio Ave,2.0,2.0,2.17,3.28,3.47,2.15,1.7,16.0,12.0,5.0,9.0,5.0,3.0
2023-12-10,Estoril,Chaves,4.0,0.0,1.95,3.69,3.68,1.81,2.0,14.0,7.0,10.0,2.0,3.0,6.0
2023-12-11,Gil Vicente,Moreirense,1.0,1.0,2.83,3.42,2.44,1.93,1.86,11.0,11.0,4.0,4.0,3.0,6.0
2023-12-15,Farense,Estrela,0.0,0.0,2.13,3.49,3.34,1.87,1.94,12.0,9.0,1.0,2.0,6.0,9.0
2023-12-16,Rio Ave,Vizela,1.0,1.0,2.19,3.31,3.38,2.09,1.74,13.0,6.0,4.0,4.0,7.0,2.0
2023-12-16,Arouca,Gil Vicente,3.0,0.0,1.97,3.51,3.84,2.01,1.81,10.0,9.0,7.0,5.0,4.0,6.0
2023-12-16,Boavista,Guimaraes,1.0,1.0,3.69,3.53,2.0,1.95,1.86,10.0,14.0,4.0,3.0,7.0,8.0
2023-12-17,Chaves,Casa Pia,1.0,3.0,2.75,3.18,2.66,2.19,1.67,15.0,9.0,5.0,6.0,4.0,2.0
2023-12-17,Moreirense,Portimonense,5.0,2.0,1.73,3.77,4.74,1.89,1.91,16.0,9.0,5.0,3.0,7.0,7.0
2023-12-17,Famalicao,Estoril,1.0,1.0,2.21,3.44,3.2,1.96,1.85,10.0,12.0,3.0,5.0,1.0,7.0
2023-12-17,Sp Braga,Benfica,0.0,1.0,2.86,3.67,2.31,1.64,2.26,16.0,11.0,6.0,6.0,5.0,2.0
2023-12-18,Sp Lisbon,Porto,2.0,0.0,2.15,3.47,3.33,1.98,1.82,11.0,5.0,6.0,3.0,2.0,2.0
2023-12-23,Guimaraes,Rio Ave,1.0,0.0,1.67,3.87,5.0,1.88,1.92,5.0,9.0,3.0,4.0,4.0,8.0
2023-12-23,Vizela,Moreirense,0.0,0.0,2.79,3.22,2.6,2.11,1.73,9.0,10.0,3.0,5.0,3.0,9.0
2023-12-28,Estrela,Arouca,1.0,4.0,2.6,3.28,2.74,2.06,1.75,6.0,18.0,2.0,5.0,3.0,5.0
2023-12-29,Benfica,Famalicao,3.0,0.0,1.25,5.98,11.39,1.63,2.28,17.0,12.0,10.0,3.0,6.0,4.0
2023-12-29,Porto,Chaves,1.0,0.0,1.17,7.64,15.9,1.47,2.64,17.0,5.0,10.0,2.0,8.0,3.0
2023-12-30,Estoril,Farense,4.0,0.0,2.01,3.75,3.44,1.74,2.09,12.0,14.0,7.0,4.0,10.0,8.0
2023-12-30,Gil Vicente,Boavista,1.0,0.0,2.24,3.43,3.17,1.91,1.9,11.0,8.0,3.0,1.0,4.0,3.0
2023-12-30,Casa Pia,Sp Braga,1.0,3.0,5.22,4.06,1.62,1.79,2.03,7.0,11.0,3.0,6.0,2.0,3.0
2023-12-30,Portimonense,Sp Lisbon,1.0,2.0,8.94,5.61,1.31,1.53,2.48,7.0,14.0,3.0,6.0,0.0,12.0
2024-01-05,Sp Lisbon,Estoril,5.0,1.0,1.23,6.59,11.19,1.38,2.99,21.0,11.0,8.0,3.0,5.0,7.0
2024-01-05,Boavista,Porto,1.0,1.0,7.28,4.77,1.42,1.76,2.06,7.0,24.0,2.0,7.0,1.0,6.0
2024-01-06,Estrela,Vizela,1.0,1.0,2.56,3.3,2.77,2.08,1.75,12.0,16.0,4.0,7.0,6.0,4.0
2024-01-06,Farense,Gil Vicente,1.0,0.0,2.15,3.56,3.25,1.77,2.04,11.0,14.0,5.0,6.0,6.0,5.0
2024-01-06,Arouca,Benfica,0.0,3.0,6.31,4.58,1.47,1.74,2.09,11.0,11.0,1.0,5.0,1.0,3.0
2024-01-06,Sp Braga,Guimaraes,1.0,1.0,1.57,4.39,5.29,1.58,2.36,11.0,13.0,4.0,4.0,5.0,6.0
2024-01-07,Rio Ave,Portimonense,2.0,0.0,1.81,3.62,4.39,1.99,1.82,9.0,7.0,3.0,3.0,3.0,6.0
2024-01-07,Famalicao,Chaves,2.0,2.0,1.78,3.66,4.5,1.98,1.83,17.0,10.0,7.0,5.0,5.0,8.0
2024-01-08,Moreirense,Casa Pia,1.0,4.0,1.91,3.39,4.22,2.29,1.62,13.0,10.0,4.0,7.0,4.0,3.0
2024-01-12,Portimonense,Farense,1.0,0.0,2.62,3.36,2.66,1.98,1.83,12.0,8.0,4.0,3.0,4.0,4.0
2024-01-13,Casa Pia,Famalicao,0.0,2.0,2.51,3.07,3.02,2.51,1.52,8.0,13.0,1.0,4.0,6.0,3.0
2024-01-13,Chaves,Sp Lisbon,0.0,3.0,10.7,6.27,1.25,1.47,2.65,5.0,17.0,0.0,10.0,2.0,5.0
2024-01-13,Estoril,Moreirense,1.0,3.0,2.42,3.42,2.86,1.9,1.9,9.0,12.0,5.0,7.0,8.0,1.0
2024-01-14,Gil Vicente,Estrela,1.0,1.0,2.12,3.49,3.36,1.88,1.92,9.0,15.0,2.0,6.0,7.0,5.0
2024-01-14,Benfica,Rio Ave,4.0,1.0,1.2,6.86,13.27,1.51,2.52,15.0,9.0,12.0,5.0,5.0,3.0
2024-01-14,Vizela,Boavista,1.0,4.0,2.2,3.27,3.37,2.17,1.69,27.0,10.0,7.0,7.0,11.0,1.0
2024-01-14,Porto,Sp Braga,2.0,0.0,1.79,3.85,4.2,1.69,2.15,8.0,10.0,4.0,5.0,5.0,5.0
2024-01-15,Guimaraes,Arouca,2.0,1.0,1.9,3.52,4.06,2.04,1.76,15.0,9.0,6.0,2.0,10.0,1.0
2024-01-18,Famalicao,Sp Braga,1.0,2.0,4.24,3.81,1.79,1.75,2.07,11.0,12.0,3.0,7.0,3.0,4.0
2024-01-18,Vizela,Sp Lisbon,2.0,5.0,8.02,5.04,1.36,1.67,2.2,4.0,18.0,3.0,9.0,0.0,6.0
2024-01-19,Benfica,Boavista,2.0,0.0,1.12,9.12,18.53,1.32,3.31,20.0,5.0,7.0,1.0,12.0,4.0
2024-01-20,Estoril,Arouca,1.0,2.0,2.43,3.36,2.87,1.95,1.85,13.0,15.0,4.0,7.0,7.0,4.0
2024-01-20,Casa Pia,Farense,1.0,3.0,2.25,3.32,3.21,2.05,1.76,21.0,7.0,6.0,4.0,14.0,3.0
2024-01-20,Porto,Moreirense,5.0,0.0,1.28,5.53,11.06,1.76,2.02,16.0,5.0,8.0,1.0,5.0,1.0
2024-01-21,Portimonense,Gil Vicente,0.0,2.0,2.5,3.31,2.81,1.97,1.83,8.0,15.0,0.0,8.0,3.0,8.0
2024-01-21,Chaves,Rio Ave,0.0,0.0,3.01,3.24,2.41,2.12,1.72,19.0,6.0,6.0,1.0,11.0,0.0
2024-01-21,Guimaraes,Estrela,3.0,0.0,1.6,3.93,5.63,1.93,1.86,12.0,5.0,4.0,1.0,8.0,5.0
2024-01-28,Boavista,Portimonense,1.0,4.0,1.94,3.49,3.91,1.95,1.84,20.0,12.0,5.0,5.0,11.0,1.0
2024-01-28,Moreirense,Famalicao,1.0,0.0,2.24,3.27,3.27,2.2,1.67,7.0,8.0,2.0,1.0,3.0,4.0
2024-01-28,Farense,Porto,1.0,3.0,7.7,4.73,1.4,1.73,2.1,9.0,18.0,4.0,4.0,4.0,10.0
2024-01-28,Arouca,Vizela,5.0,0.0,2.03,3.44,3.65,2.06,1.76,13.0,9.0,7.0,3.0,1.0,2.0
2024-01-28,Gil Vicente,Guimaraes,1.0,0.0,3.34,3.37,2.17,2.03,1.78,7.0,8.0,4.0,2.0,4.0,4.0
2024-01-29,Estrela,Benfica,1.0,4.0,10.46,5.65,1.28,1.61,2.31,9.0,16.0,5.0,7.0,5.0,6.0
2024-01-29,Sp Lisbon,Casa Pia,8.0,0.0,1.2,6.66,13.51,1.56,2.38,21.0,2.0,11.0,2.0,9.0,0.0
2024-01-31,Rio Ave,Estoril,1.0,1.0,2.2,3.45,3.23,1.93,1.87,8.0,12.0,4.0,5.0,4.0,3.0
2024-01-31,Sp Braga,Chaves,1.0,1.0,1.25,6.14,10.75,1.5,2.53,27.0,7.0,10.0,2.0,9.0,1.0
2024-02-03,Portimonense,Arouca,1.0,2.0,2.91,3.4,2.39,2.0,1.8,11.0,8.0,4.0,3.0,3.0,2.0
2024-02-03,Porto,Rio Ave,0.0,0.0,1.21,6.54,13.48,1.6,2.32,17.0,3.0,5.0,0.0,23.0,0.0
2024-02-04,Chaves,Farense,1.0,1.0,2.56,3.34,2.73,2.03,1.78,2.0,15.0,2.0,7.0,3.0,6.0
2024-02-04,Vizela,Guimaraes,0.0,1.0,3.4,3.37,2.14,2.09,1.74,10.0,19.0,2.0,3.0,4.0,9.0
2024-02-04,Benfica,Gil Vicente,3.0,0.0,1.15,7.88,16.22,1.42,2.84,10.0,5.0,5.0,3.0,6.0,4.0
2024-02-04,Estoril,Estrela,1.0,0.0,1.98,3.55,3.71,1.96,1.85,10.0,11.0,5.0,6.0,6.0,1.0
2024-02-04,Sp Braga,Moreirense,1.0,0.0,1.5,4.42,6.08,1.69,2.16,13.0,8.0,5.0,1.0,6.0,1.0
2024-02-05,Casa Pia,Boavista,0.0,0.0,2.37,3.32,3.0,2.13,1.71,5.0,4.0,0.0,0.0,4.0,3.0
2024-02-09,Estrela,Portimonense,3.0,0.0,1.9,3.58,4.06,1.93,1.88,10.0,11.0,3.0,1.0,4.0,7.0
2024-02-10,Farense,Famalicao,1.0,1.0,2.65,3.14,2.77,2.24,1.64,17.0,18.0,7.0,4.0,7.0,6.0
2024-02-10,Moreirense,Chaves,1.0,0.0,1.84,3.51,4.4,2.06,1.76,15.0,10.0,5.0,4.0,11.0,4.0
2024-02-10,Boavista,Estoril,2.0,1.0,2.42,3.38,2.89,1.97,1.83,7.0,14.0,3.0,4.0,7.0,5.0
2024-02-11,Rio Ave,Casa Pia,1.0,0.0,2.03,3.24,3.87,2.37,1.58,8.0,6.0,3.0,1.0,5.0,3.0
2024-02-11,Sp Lisbon,Sp Braga,5.0,0.0,1.5,4.56,5.83,1.54,2.43,12.0,7.0,5.0,1.0,3.0,7.0
2024-02-11,Guimaraes,Benfica,2.0,2.0,5.13,4.02,1.63,1.79,2.02,8.0,6.0,6.0,3.0,6.0,11.0
2024-02-12,Arouca,Porto,3.0,2.0,6.77,4.42,1.46,1.78,2.02,10.0,14.0,6.0,6.0,3.0,7.0
2024-02-13,Gil Vicente,Vizela,0.0,1.0,2.04,3.47,3.59,1.96,1.84,16.0,8.0,4.0,2.0,8.0,3.0
2024-02-16,Famalicao,Rio Ave,2.0,1.0,2.15,3.1,3.75,2.46,1.54,15.0,9.0,6.0,4.0,4.0,7.0
2024-02-17,Chaves,Boavista,2.0,1.0,2.39,3.32,2.96,2.02,1.79,7.0,14.0,3.0,3.0,4.0,3.0
2024-02-17,Portimonense,Guimaraes,1.0,1.0,4.29,3.6,1.83,1.99,1.82,10.0,10.0,6.0,2.0,9.0,6.0
2024-02-17,Porto,Estrela,2.0,0.0,1.2,6.64,13.18,1.54,2.45,16.0,8.0,6.0,2.0,8.0,6.0
2024-02-18,Casa Pia,Arouca,1.0,0.0,3.19,3.19,2.33,2.22,1.66,10.0,14.0,2.0,4.0,2.0,6.0
2024-02-18,Benfica,Vizela,6.0,1.0,1.12,8.75,18.95,1.4,2.9,14.0,8.0,8.0,4.0,6.0,1.0
2024-02-18,Estoril,Gil Vicente,1.0,3.0,2.13,3.48,3.34,1.89,1.91,8.0,11.0,4.0,7.0,2.0,4.0
2024-02-18,Sp Braga,Farense,2.0,1.0,1.34,5.21,8.21,1.54,2.45,17.0,5.0,8.0,2.0,6.0,1.0
2024-02-19,Moreirense,Sp Lisbon,0.0,2.0,7.78,4.77,1.39,1.78,2.02,4.0,16.0,0.0,7.0,5.0,4.0
2024-02-23,Arouca,Famalicao,3.0,2.0,2.28,3.29,3.19,2.02,1.79,14.0,11.0,4.0,8.0,3.0,4.0
2024-02-24,Farense,Moreirense,0.0,1.0,2.49,3.16,2.95,2.24,1.64,6.0,11.0,1.0,2.0,5.0,5.0
2024-02-24,Estrela,Chaves,1.0,1.0,2.09,3.32,3.62,2.14,1.71,10.0,9.0,4.0,2.0,7.0,6.0
2024-02-24,Guimaraes,Casa Pia,0.0,2.0,1.58,3.85,6.12,2.13,1.71,25.0,9.0,5.0,5.0,8.0,2.0
2024-02-25,Vizela,Estoril,3.0,3.0,2.49,3.36,2.8,1.9,1.89,12.0,18.0,7.0,4.0,4.0,7.0
2024-02-25,Benfica,Portimonense,4.0,0.0,1.11,9.57,20.92,1.32,3.34,19.0,10.0,13.0,2.0,8.0,1.0
2024-02-25,Gil Vicente,Porto,1.0,1.0,7.7,4.79,1.39,1.72,2.11,7.0,14.0,1.0,5.0,2.0,4.0
2024-02-25,Rio Ave,Sp Lisbon,3.0,3.0,8.73,5.01,1.34,1.72,2.11,8.0,13.0,3.0,6.0,2.0,5.0
2024-02-26,Boavista,Sp Braga,0.0,4.0,4.22,3.8,1.79,1.73,2.09,8.0,11.0,3.0,5.0,1.0,3.0
2024-03-01,Chaves,Arouca,1.0,5.0,3.15,3.31,2.3,2.07,1.76,11.0,7.0,5.0,5.0,4.0,2.0
2024-03-02,Moreirense,Rio Ave,0.0,0.0,2.22,3.17,3.44,2.39,1.57,14.0,4.0,5.0,1.0,6.0,2.0
2024-03-02,Estoril,Guimaraes,1.0,3.0,3.34,3.47,2.13,1.86,1.94,14.0,9.0,4.0,4.0,9.0,4.0
2024-03-02,Sp Braga,Estrela,3.0,0.0,1.35,5.18,8.17,1.56,2.39,15.0,7.0,8.0,1.0,6.0,4.0
2024-03-03,Casa Pia,Gil Vicente,0.0,0.0,2.46,3.09,3.05,2.37,1.57,11.0,9.0,3.0,2.0,2.0,4.0
2024-03-03,Portimonense,Vizela,0.0,0.0,2.62,3.24,2.72,2.04,1.77,11.0,13.0,4.0,3.0,1.0,8.0
2024-03-03,Sp Lisbon,Farense,3.0,2.0,1.12,9.09,19.31,1.34,3.11,17.0,8.0,5.0,5.0,12.0,1.0
2024-03-03,Porto,Benfica,5.0,0.0,2.4,3.46,2.83,1.8,2.0,16.0,3.0,8.0,1.0,6.0,2.0
2024-03-04,Famalicao,Boavista,1.0,1.0,1.97,3.46,3.84,2.03,1.78,7.0,5.0,1.0,3.0,9.0,5.0
2024-03-08,Portimonense,Porto,0.0,3.0,11.52,6.18,1.24,1.54,2.44,7.0,16.0,2.0,6.0,1.0,13.0
2024-03-08,Estrela,Casa Pia,3.0,1.0,2.26,3.1,3.48,2.44,1.55,14.0,6.0,6.0,3.0,8.0,4.0
2024-03-09,Vizela,Farense,2.0,1.0,2.36,3.32,3.04,1.98,1.79,15.0,8.0,6.0,4.0,10.0,3.0
2024-03-09,Boavista,Moreirense,1.0,0.0,2.63,3.12,2.83,2.29,1.62,9.0,8.0,3.0,3.0,4.0,4.0
2024-03-09,Rio Ave,Sp Braga,0.0,0.0,4.46,3.79,1.77,1.81,2.0,8.0,10.0,5.0,4.0,6.0,5.0
2024-03-09,Guimaraes,Famalicao,1.0,0.0,1.86,3.57,4.25,2.05,1.76,12.0,13.0,6.0,0.0,10.0,4.0
2024-03-10,Arouca,Sp Lisbon,0.0,3.0,7.56,4.93,1.39,1.6,2.33,10.0,10.0,2.0,6.0,2.0,0.0
2024-03-10,Benfica,Estoril,3.0,1.0,1.16,7.98,15.06,1.36,3.11,13.0,10.0,6.0,5.0,6.0,4.0
2024-03-11,Gil Vicente,Chaves,0.0,0.0,1.84,3.59,4.26,1.94,1.84,20.0,5.0,6.0,0.0,12.0,1.0
2024-03-15,Estoril,Portimonense,1.0,0.0,1.62,4.06,5.31,1.74,2.1,9.0,15.0,3.0,2.0,2.0,7.0
2024-03-16,Famalicao,Estrela,0.0,0.0,2.01,3.32,3.95,2.23,1.63,12.0,9.0,3.0,2.0,4.0,7.0
2024-03-16,Farense,Rio Ave,1.0,1.0,2.67,3.16,2.77,2.19,1.67,14.0,13.0,7.0,3.0,5.0,2.0
2024-03-16,Sp Braga,Gil Vicente,2.0,1.0,1.42,4.81,7.1,1.61,2.32,19.0,10.0,5.0,4.0,8.0,2.0
2024-03-16,Porto,Vizela,4.0,1.0,1.14,7.96,17.86,1.46,2.67,36.0,3.0,9.0,0.0,12.0,3.0
2024-03-17,Chaves,Guimaraes,1.0,2.0,4.25,3.53,1.86,2.0,1.81,6.0,16.0,2.0,5.0,3.0,10.0
2024-03-17,Moreirense,Arouca,1.0,0.0,2.51,3.22,2.89,2.19,1.67,12.0,9.0,3.0,1.0,2.0,3.0
2024-03-17,Casa Pia,Benfica,0.0,1.0,9.59,5.08,1.33,1.82,1.99,6.0,19.0,3.0,6.0,4.0,13.0
2024-03-17,Sp Lisbon,Boavista,6.0,1.0,1.13,8.59,18.2,1.41,2.87,22.0,3.0,12.0,2.0,8.0,1.0
2024-03-29,Gil Vicente,Famalicao,1.0,2.0,2.43,3.06,3.17,2.4,1.56,10.0,12.0,3.0,3.0,2.0,5.0
2024-03-29,Benfica,Chaves,1.0,0.0,1.1,10.01,23.04,1.32,3.3,19.0,7.0,7.0,0.0,11.0,2.0
2024-03-29,Estrela,Sp Lisbon,1.0,2.0,11.93,6.23,1.24,1.56,2.43,6.0,21.0,3.0,6.0,3.0,7.0
2024-03-30,Arouca,Farense,2.0,1.0,1.78,3.73,4.46,1.87,1.93,28.0,10.0,17.0,4.0,13.0,4.0
2024-03-30,Guimaraes,Moreirense,1.0,0.0,1.92,3.42,4.13,2.22,1.66,12.0,9.0,4.0,2.0,7.0,2.0
2024-03-30,Boavista,Rio Ave,0.0,0.0,2.67,3.1,2.79,2.38,1.57,9.0,8.0,2.0,1.0,2.0,5.0
2024-03-30,Estoril,Porto,1.0,0.0,8.26,5.21,1.35,1.57,2.4,5.0,13.0,2.0,2.0,1.0,10.0
2024-03-31,Vizela,Casa Pia,0.0,4.0,2.36,3.16,3.16,2.34,1.59,13.0,11.0,3.0,9.0,6.0,3.0
2024-04-01,Portimonense,Sp Braga,3.0,5.0,6.6,4.58,1.46,1.61,2.31,13.0,15.0,5.0,9.0,4.0,6.0
2024-04-05,Farense,Boavista,2.0,0.0,2.17,3.27,3.5,2.1,1.74,15.0,17.0,8.0,7.0,5.0,12.0
2024-04-06,Famalicao,Vizela,3.0,2.0,1.82,3.53,4.51,2.06,1.76,17.0,8.0,9.0,4.0,1.0,5.0
2024-04-06,Rio Ave,Gil Vicente,3.0,0.0,2.31,3.13,3.34,2.32,1.61,13.0,5.0,7.0,3.0,1.0,8.0
2024-04-06,Sp Braga,Arouca,0.0,3.0,1.44,4.82,6.58,1.52,2.5,17.0,11.0,10.0,6.0,10.0,9.0
2024-04-06,Sp Lisbon,Benfica,2.0,1.0,1.97,3.74,3.6,1.68,2.19,13.0,15.0,4.0,3.0,7.0,13.0
2024-04-07,Chaves,Portimonense,2.0,3.0,2.18,3.34,3.37,2.07,1.76,9.0,11.0,3.0,4.0,4.0,4.0
2024-04-07,Moreirense,Estrela,2.0,2.0,2.03,3.26,3.94,2.46,1.54,7.0,10.0,3.0,4.0,2.0,6.0
2024-04-07,Porto,Guimaraes,1.0,2.0,1.37,4.97,8.12,1.73,2.11,12.0,4.0,6.0,2.0,6.0,1.0
2024-04-08,Casa Pia,Estoril,0.0,0.0,2.64,2.97,2.95,2.28,1.62,12.0,11.0,4.0,2.0,2.0,6.0
2024-04-12,Gil Vicente,Sp Lisbon,0.0,4.0,11.23,5.81,1.26,1.61,2.3,5.0,13.0,1.0,6.0,6.0,4.0
2024-04-13,Guimaraes,Farense,1.0,1.0,1.52,4.21,6.18,1.85,1.95,24.0,10.0,6.0,6.0,8.0,1.0
2024-04-13,Porto,Famalicao,2.0,2.0,1.24,6.01,12.48,1.68,2.18,20.0,8.0,8.0,3.0,10.0,0.0
2024-04-13,Estoril,Sp Braga,0.0,1.0,4.29,3.99,1.76,1.57,2.39,4.0,12.0,0.0,5.0,2.0,3.0
2024-04-14,Estrela,Rio Ave,2.0,2.0,2.54,3.05,2.99,2.38,1.57,15.0,6.0,5.0,4.0,10.0,1.0
2024-04-14,Arouca,Boavista,2.0,1.0,1.65,3.91,5.13,1.87,1.92,14.0,8.0,5.0,5.0,1.0,4.0
2024-04-14,Portimonense,Casa Pia,2.0,2.0,2.76,3.1,2.69,2.35,1.58,11.0,11.0,3.0,4.0,5.0,8.0
2024-04-14,Benfica,Moreirense,3.0,0.0,1.27,5.69,10.72,1.67,2.18,19.0,8.0,6.0,0.0,6.0,2.0
2024-04-15,Vizela,Chaves,0.0,1.0,1.97,3.51,3.81,1.94,1.86,12.0,7.0,4.0,2.0,10.0,5.0
2024-04-16,Famalicao,Sp Lisbon,0.0,1.0,9.32,5.66,1.3,1.47,2.64,5.0,10.0,0.0,1.0,4.0,6.0
2024-04-19,Rio Ave,Arouca,1.0,1.0,2.62,3.16,2.82,2.12,1.72,6.0,17.0,3.0,5.0,4.0,6.0
2024-04-20,Moreirense,Gil Vicente,0.0,1.0,2.16,3.26,3.48,2.19,1.67,15.0,5.0,4.0,3.0,8.0,1.0
2024-04-20,Boavista,Estrela,1.0,1.0,2.61,3.21,2.76,2.15,1.69,15.0,11.0,5.0,3.0,6.0,5.0
2024-04-20,Sp Braga,Vizela,2.0,1.0,1.27,5.89,10.31,1.49,2.57,15.0,5.0,5.0,2.0,4.0,4.0
2024-04-21,Chaves,Estoril,2.0,2.0,2.82,3.32,2.49,1.97,1.83,14.0,10.0,7.0,6.0,7.0,5.0
2024-04-21,Famalicao,Portimonense,2.0,2.0,1.6,3.98,5.46,1.83,1.98,13.0,14.0,3.0,7.0,9.0,6.0
2024-04-21,Casa Pia,Porto,1.0,2.0,8.89,4.76,1.36,1.92,1.87,11.0,16.0,4.0,5.0,8.0,4.0
2024-04-21,Sp Lisbon,Guimaraes,3.0,0.0,1.28,5.66,9.8,1.57,2.37,10.0,6.0,4.0,1.0,5.0,3.0
2024-04-22,Farense,Benfica,1.0,3.0,6.7,5.02,1.41,1.55,2.4,12.0,20.0,3.0,9.0,3.0,7.0
2024-04-26,Gil Vicente,Arouca,2.0,2.0,2.55,3.45,2.69,1.82,1.99,9.0,15.0,3.0,7.0,2.0,5.0
2024-04-27,Casa Pia,Chaves,3.0,1.0,2.07,3.23,3.83,2.27,1.62,11.0,11.0,6.0,7.0,4.0,5.0
2024-04-27,Vizela,Rio Ave,1.0,1.0,2.67,3.19,2.72,2.12,1.71,16.0,11.0,4.0,2.0,7.0,0.0
2024-04-27,Benfica,Sp Braga,3.0,1.0,1.56,4.4,5.29,1.5,2.54,21.0,11.0,6.0,7.0,6.0,3.0
2024-04-27,Guimaraes,Boavista,1.0,0.0,1.59,3.92,5.66,1.93,1.87,9.0,7.0,2.0,1.0,4.0,3.0
2024-04-28,Portimonense,Moreirense,0.0,2.0,2.95,3.32,2.38,2.11,1.72,10.0,13.0,4.0,6.0,5.0,5.0
2024-04-28,Estoril,Famalicao,1.0,0.0,2.29,3.32,3.11,1.96,1.84,8.0,13.0,3.0,3.0,3.0,6.0
2024-04-28,Porto,Sp Lisbon,2.0,2.0,2.58,3.39,2.66,1.82,1.98,11.0,9.0,5.0,5.0,2.0,6.0
2024-04-29,Estrela,Farense,0.0,3.0,2.15,3.34,3.4,1.95,1.84,20.0,11.0,7.0,5.0,11.0,4.0
2024-05-03,Moreirense,Vizela,1.0,0.0,2.13,3.33,3.5,2.1,1.73,11.0,8.0,5.0,2.0,4.0,5.0
2024-05-04,Boavista,Gil Vicente,1.0,1.0,2.54,3.28,2.78,1.99,1.8,7.0,11.0,3.0,6.0,2.0,4.0
2024-05-04,Rio Ave,Guimaraes,2.0,1.0,2.72,3.29,2.59,2.2,1.66,7.0,9.0,3.0,5.0,6.0,6.0
2024-05-04,Sp Lisbon,Portimonense,3.0,0.0,1.07,12.55,25.03,1.23,4.03,22.0,2.0,12.0,0.0,15.0,1.0
2024-05-04,Chaves,Porto,0.0,3.0,10.15,5.84,1.27,1.49,2.56,4.0,9.0,0.0,3.0,2.0,8.0
2024-05-05,Farense,Estoril,3.0,2.0,2.54,3.1,2.91,1.87,1.92,13.0,9.0,5.0,2.0,3.0,3.0
2024-05-05,Arouca,Estrela,0.0,0.0,2.01,3.65,3.44,1.86,1.93,21.0,7.0,1.0,2.0,6.0,3.0
2024-05-05,Sp Braga,Casa Pia,4.0,3.0,1.32,5.45,8.69,1.54,2.42,15.0,15.0,7.0,6.0,7.0,7.0
2024-05-05,Famalicao,Benfica,2.0,0.0,7.51,4.94,1.38,1.59,2.33,11.0,19.0,4.0,12.0,3.0,10.0
2024-05-10,Chaves,Famalicao,0.0,1.0,2.7,3.27,2.65,2.02,1.8,8.0,11.0,2.0,4.0,3.0,3.0
2024-05-11,Portimonense,Rio Ave,2.0,2.0,2.16,3.43,3.27,2.02,1.79,19.0,9.0,8.0,4.0,12.0,4.0
2024-05-11,Vizela,Estrela,4.0,0.0,3.47,3.48,2.07,1.91,1.89,15.0,10.0,7.0,3.0,4.0,7.0
2024-05-11,Estoril,Sp Lisbon,0.0,1.0,6.49,4.88,1.43,1.52,2.48,7.0,19.0,1.0,5.0,2.0,9.0
2024-05-11,Guimaraes,Sp Braga,2.0,3.0,3.23,3.63,2.12,1.64,2.22,12.0,14.0,4.0,8.0,6.0,8.0
2024-05-12,Gil Vicente,Farense,2.0,0.0,2.06,3.41,3.58,1.83,1.97,9.0,16.0,6.0,3.0,4.0,4.0
2024-05-12,Benfica,Arouca,5.0,0.0,1.24,6.52,9.89,1.36,3.05,17.0,6.0,9.0,1.0,3.0,3.0
2024-05-12,Casa Pia,Moreirense,0.0,1.0,2.61,3.06,2.87,2.34,1.59,11.0,12.0,0.0,5.0,5.0,1.0
2024-05-12,Porto,Boavista,2.0,1.0,1.16,7.53,15.98,1.46,2.65,20.0,3.0,4.0,2.0,11.0,2.0
2024-05-17,Famalicao,Casa Pia,1.0,2.0,1.76,3.73,4.6,1.82,1.99,13.0,10.0,5.0,5.0,3.0,5.0
2024-05-17,Rio Ave,Benfica,1.0,1.0,6.73,5.05,1.41,1.43,2.79,8.0,15.0,3.0,7.0,2.0,8.0
2024-05-18,Arouca,Guimaraes,1.0,3.0,2.81,3.47,2.43,1.73,2.1,5.0,9.0,2.0,4.0,3.0,7.0
2024-05-18,Boavista,Vizela,2.0,2.0,1.6,3.88,5.75,1.77,2.02,15.0,14.0,5.0,4.0,9.0,2.0
2024-05-18,Estrela,Gil Vicente,1.0,0.0,1.66,3.96,4.98,1.72,2.11,6.0,5.0,2.0,2.0,4.0,3.0
2024-05-18,Farense,Portimonense,1.0,3.0,2.57,3.92,2.42,1.64,2.24,7.0,15.0,3.0,6.0,2.0,4.0
2024-05-18,Moreirense,Estoril,2.0,1.0,2.31,3.31,3.12,1.94,1.87,13.0,9.0,3.0,2.0,2.0,6.0
2024-05-18,Sp Lisbon,Chaves,3.0,0.0,1.07,12.55,25.82,1.23,3.97,15.0,10.0,7.0,0.0,5.0,3.0
2024-05-18,Sp Braga,Porto,0.0,1.0,3.3,3.67,2.08,1.57,2.38,4.0,19.0,1.0,5.0,4.0,8.0
2024-08-09,Sp Lisbon,Rio Ave,3.0,1.0,1.16,7.79,15.44,1.44,2.74,23.0,3.0,6.0,1.0,6.0,1.0
2024-08-10,AVS,Nacional,1.0,1.0,2.26,3.28,3.21,2.09,1.74,17.0,6.0,3.0,2.0,4.0,2.0
2024-08-10,Casa Pia,Boavista,0.0,1.0,1.93,3.47,3.98,2.08,1.74,15.0,5.0,4.0,2.0,3.0,1.0
2024-08-10,Porto,Gil Vicente,3.0,0.0,1.18,7.17,14.72,1.52,2.5,16.0,3.0,7.0,2.0,6.0,2.0
2024-08-11,Estoril,Santa Clara,1.0,4.0,2.18,3.22,3.47,2.38,1.57,4.0,9.0,2.0,8.0,1.0,3.0
2024-08-11,Famalicao,Benfica,2.0,0.0,6.54,4.68,1.44,1.58,2.36,9.0,10.0,5.0,1.0,0.0,7.0
2024-08-11,Farense,Moreirense,1.0,2.0,2.92,3.22,2.47,2.16,1.69,10.0,10.0,5.0,6.0,5.0,4.0
2024-08-11,Sp Braga,Estrela,1.0,1.0,1.38,5.04,7.45,1.54,2.42,13.0,6.0,5.0,4.0,13.0,4.0
2024-08-12,Arouca,Guimaraes,0.0,1.0,2.85,3.4,2.42,1.89,1.91,8.0,11.0,0.0,4.0,6.0,5.0
2024-08-16,Santa Clara,Porto,0.0,2.0,5.93,4.24,1.53,1.91,1.9,5.0,8.0,2.0,6.0,2.0,2.0
2024-08-16,Gil Vicente,AVS,4.0,2.0,2.28,3.3,3.19,2.05,1.77,16.0,10.0,6.0,5.0,2.0,3.0
2024-08-17,Rio Ave,Farense,1.0,0.0,2.01,3.42,3.75,1.99,1.82,9.0,14.0,3.0,4.0,7.0,14.0
2024-08-17,Nacional,Sp Lisbon,1.0,6.0,10.74,6.03,1.25,1.57,2.37,12.0,20.0,6.0,10.0,4.0,3.0
2024-08-17,Benfica,Casa Pia,3.0,0.0,1.18,7.44,13.53,1.42,2.79,26.0,5.0,7.0,1.0,12.0,2.0
2024-08-18,Moreirense,Arouca,3.0,1.0,2.34,3.25,3.1,2.06,1.76,14.0,15.0,6.0,3.0,7.0,5.0
2024-08-18,Guimaraes,Estoril,1.0,0.0,1.58,4.03,5.68,1.89,1.91,14.0,3.0,5.0,1.0,9.0,3.0
2024-08-18,Boavista,Sp Braga,0.0,1.0,5.2,4.16,1.6,1.74,2.09,7.0,12.0,1.0,3.0,3.0,8.0
2024-08-19,Estrela,Famalicao,0.0,3.0,2.48,3.22,2.91,2.18,1.67,8.0,11.0,2.0,8.0,2.0,4.0
2024-08-23,Farense,Sp Lisbon,0.0,5.0,12.84,7.49,1.19,1.37,3.03,4.0,28.0,1.0,8.0,1.0,5.0
2024-08-24,Casa Pia,Santa Clara,0.0,2.0,2.74,3.26,2.58,2.05,1.76,10.0,7.0,3.0,4.0,7.0,1.0
2024-08-24,Porto,Rio Ave,2.0,0.0,1.23,6.01,12.26,1.72,2.11,23.0,0.0,12.0,0.0,9.0,3.0
2024-08-24,Benfica,Estrela,1.0,0.0,1.18,7.23,14.79,1.49,2.54,16.0,5.0,9.0,0.0,12.0,2.0
2024-08-24,Famalicao,Boavista,1.0,0.0,1.56,3.94,5.96,2.0,1.81,10.0,5.0,4.0,2.0,7.0,3.0
2024-08-25,Arouca,Nacional,1.0,0.0,2.07,3.45,3.46,1.89,1.91,10.0,11.0,4.0,1.0,9.0,2.0
2024-08-25,Estoril,Gil Vicente,0.0,0.0,2.6,3.24,2.72,2.03,1.77,12.0,10.0,2.0,4.0,8.0,1.0
2024-08-25,AVS,Guimaraes,1.0,0.0,3.84,3.48,1.93,1.92,1.87,9.0,13.0,2.0,5.0,3.0,6.0
2024-08-25,Sp Braga,Moreirense,3.0,1.0,1.56,4.11,5.59,1.85,1.95,19.0,12.0,7.0,5.0,6.0,1.0
2024-08-30,Moreirense,Benfica,1.0,1.0,7.19,4.52,1.44,1.84,1.96,8.0,12.0,6.0,4.0,0.0,8.0
2024-08-31,Santa Clara,AVS,2.0,1.0,1.83,3.49,4.43,2.09,1.74,15.0,9.0,6.0,2.0,3.0,2.0
2024-08-31,Boavista,Estoril,0.0,0.0,2.32,3.11,3.27,2.37,1.58,19.0,7.0,5.0,1.0,8.0,3.0
2024-08-31,Estrela,Casa Pia,0.0,1.0,2.29,3.2,3.24,2.37,1.58,14.0,15.0,4.0,6.0,2.0,7.0
2024-08-31,Sp Lisbon,Porto,2.0,0.0,1.78,3.76,4.37,1.71,2.14,11.0,8.0,4.0,2.0,2.0,3.0
2024-09-01,Nacional,Farense,2.0,0.0,2.22,3.42,3.18,1.89,1.91,17.0,14.0,4.0,2.0,4.0,4.0
2024-09-01,Rio Ave,Arouca,1.0,0.0,2.32,3.28,3.11,2.04,1.77,11.0,13.0,3.0,3.0,8.0,8.0
2024-09-01,Gil Vicente,Sp Braga,0.0,0.0,4.49,3.85,1.74,1.75,2.07,10.0,8.0,5.0,2.0,4.0,5.0
2024-09-01,Guimaraes,Famalicao,2.0,1.0,1.97,3.38,3.92,2.17,1.68,8.0,8.0,4.0,4.0,5.0,7.0
2024-09-13,Arouca,Sp Lisbon,0.0,3.0,12.11,6.7,1.21,1.45,2.72,6.0,21.0,2.0,6.0,2.0,8.0
2024-09-14,Casa Pia,Moreirense,3.0,1.0,2.71,3.01,2.81,2.52,1.51,16.0,12.0,4.0,2.0,4.0,5.0
2024-09-14,AVS,Rio Ave,1.0,0.0,2.61,3.19,2.75,2.12,1.7,11.0,17.0,3.0,3.0,4.0,11.0
2024-09-14,Benfica,Santa Clara,4.0,1.0,1.24,6.16,11.38,1.65,2.24,15.0,6.0,7.0,2.0,5.0,1.0
2024-09-14,Famalicao,Gil Vicente,1.0,1.0,1.87,3.44,4.31,2.17,1.68,13.0,8.0,4.0,3.0,8.0,1.0
2024-09-15,Porto,Farense,2.0,1.0,1.13,8.41,18.5,1.45,2.68,23.0,12.0,11.0,5.0,11.0,0.0
2024-09-15,Estoril,Nacional,1.0,0.0,2.3,3.34,3.07,2.09,1.74,11.0,15.0,3.0,3.0,3.0,4.0
2024-09-15,Sp Braga,Guimaraes,0.0,2.0,1.99,3.47,3.75,2.07,1.75,5.0,10.0,2.0,4.0,6.0,4.0
2024-09-16,Estrela,Boavista,2.0,2.0,1.92,3.29,4.3,2.36,1.58,20.0,12.0,3.0,4.0,9.0,2.0
2024-09-20,Nacional,Sp Braga,0.0,3.0,5.04,3.98,1.65,1.65,2.24,12.0,15.0,2.0,5.0,6.0,6.0
2024-09-21,Rio Ave,Estoril,2.0,2.0,1.94,3.31,4.2,2.41,1.56,15.0,8.0,7.0,3.0,7.0,4.0
2024-09-21,Santa Clara,Estrela,1.0,0.0,1.77,3.57,4.73,2.13,1.71,8.0,11.0,4.0,4.0,3.0,8.0
2024-09-21,Guimaraes,Porto,0.0,3.0,3.5,3.17,2.19,2.22,1.66,6.0,12.0,1.0,4.0,5.0,6.0
2024-09-21,Moreirense,Famalicao,0.0,0.0,2.52,3.1,2.95,2.38,1.58,8.0,6.0,3.0,1.0,4.0,3.0
2024-09-22,Gil Vicente,Casa Pia,1.0,1.0,2.1,3.18,3.74,2.37,1.57,15.0,8.0,4.0,4.0,9.0,2.0
2024-09-22,Farense,Arouca,0.0,1.0,2.64,3.34,2.63,1.92,1.89,16.0,11.0,2.0,2.0,10.0,6.0
2024-09-22,Sp Lisbon,AVS,3.0,0.0,1.07,11.72,25.98,1.31,3.32,22.0,3.0,9.0,0.0,9.0,1.0
2024-09-23,Boavista,Benfica,0.0,3.0,11.49,5.81,1.25,1.69,2.15,7.0,16.0,3.0,9.0,4.0,5.0
2024-09-27,Estoril,Sp Lisbon,0.0,3.0,14.79,7.74,1.17,1.4,2.87,5.0,22.0,2.0,5.0,1.0,14.0
2024-09-28,Estrela,Moreirense,2.0,1.0,2.96,3.1,2.51,2.34,1.59,4.0,13.0,2.0,2.0,2.0,7.0
2024-09-28,Casa Pia,Guimaraes,1.0,1.0,3.97,3.23,2.02,2.39,1.57,9.0,19.0,4.0,7.0,7.0,9.0
2024-09-28,Benfica,Gil Vicente,5.0,1.0,1.19,7.17,13.37,1.47,2.62,18.0,10.0,6.0,4.0,11.0,2.0
2024-09-29,Famalicao,Nacional,0.0,0.0,1.61,3.83,5.59,1.98,1.83,16.0,11.0,5.0,4.0,8.0,4.0
2024-09-29,Porto,Arouca,4.0,0.0,1.19,6.84,14.55,1.52,2.46,26.0,4.0,7.0,0.0,8.0,2.0
2024-09-29,Santa Clara,Boavista,1.0,0.0,1.6,3.79,5.91,2.2,1.66,15.0,4.0,5.0,2.0,3.0,0.0
2024-09-29,Sp Braga,Rio Ave,4.0,0.0,1.4,4.74,7.44,1.71,2.1,18.0,13.0,8.0,4.0,4.0,5.0
2024-09-30,AVS,Farense,0.0,0.0,1.9,3.63,3.94,1.92,1.88,12.0,9.0,1.0,3.0,6.0,3.0
2024-10-04,Rio Ave,Famalicao,1.0,1.0,2.96,2.98,2.62,2.62,1.49,15.0,8.0,6.0,3.0,11.0,7.0
2024-10-05,Gil Vicente,Estrela,3.0,0.0,1.88,3.48,4.23,2.08,1.75,6.0,11.0,5.0,2.0,0.0,8.0
2024-10-05,Moreirense,Santa Clara,1.0,0.0,2.53,3.06,2.98,2.46,1.54,11.0,12.0,2.0,3.0,1.0,7.0
2024-10-05,Arouca,AVS,1.0,1.0,2.11,3.37,3.5,2.16,1.69,10.0,16.0,2.0,2.0,5.0,7.0
2024-10-05,Sp Lisbon,Casa Pia,2.0,0.0,1.12,9.04,19.17,1.4,2.89,22.0,5.0,6.0,3.0,5.0,3.0
2024-10-06,Farense,Estoril,1.0,0.0,2.24,3.32,3.22,2.02,1.79,15.0,7.0,2.0,2.0,5.0,4.0
2024-10-06,Guimaraes,Boavista,2.0,2.0,1.43,4.4,7.66,1.92,1.89,12.0,8.0,4.0,5.0,6.0,5.0
2024-10-06,Porto,Sp Braga,2.0,1.0,1.59,4.16,5.32,1.66,2.22,6.0,17.0,3.0,3.0,1.0,5.0
2024-10-25,Casa Pia,Nacional,1.0,0.0,2.13,3.22,3.63,2.31,1.61,14.0,19.0,5.0,6.0,7.0,7.0
2024-10-25,Santa Clara,Gil Vicente,2.0,1.0,2.13,3.0,3.96,2.83,1.43,15.0,10.0,3.0,1.0,6.0,4.0
2024-10-26,Estoril,Arouca,4.0,1.0,2.99,3.15,2.46,2.27,1.63,12.0,13.0,5.0,4.0,6.0,9.0
2024-10-26,Boavista,Moreirense,0.0,2.0,3.38,3.11,2.27,2.45,1.54,10.0,17.0,3.0,8.0,4.0,3.0
2024-10-26,Famalicao,Sp Lisbon,0.0,3.0,8.69,4.96,1.35,1.78,2.03,6.0,33.0,1.0,13.0,4.0,8.0
2024-10-27,Sp Braga,Farense,2.0,0.0,1.31,5.45,8.58,1.57,2.35,18.0,4.0,6.0,2.0,10.0,3.0
2024-10-27,Benfica,Rio Ave,5.0,0.0,1.17,7.32,14.59,1.46,2.64,29.0,4.0,14.0,0.0,8.0,2.0
2024-10-27,Estrela,Guimaraes,2.0,2.0,4.51,3.42,1.83,2.26,1.63,7.0,10.0,2.0,3.0,3.0,4.0
2024-10-28,AVS,Porto,0.0,5.0,10.0,5.36,1.29,1.77,2.04,5.0,12.0,1.0,7.0,2.0,3.0
2024-11-01,Sp Lisbon,Estrela,5.0,1.0,1.08,11.16,26.6,1.3,3.4,20.0,9.0,8.0,5.0,12.0,2.0
2024-11-02,Rio Ave,Casa Pia,2.0,2.0,2.19,3.22,3.43,2.25,1.64,13.0,10.0,5.0,2.0,3.0,2.0
2024-11-02,Farense,Benfica,1.0,2.0,12.24,6.79,1.2,1.41,2.84,9.0,18.0,4.0,7.0,3.0,8.0
2024-11-02,Gil Vicente,Boavista,1.0,2.0,1.67,3.72,5.32,2.12,1.72,17.0,13.0,2.0,5.0,7.0,2.0
2024-11-03,AVS,Famalicao,2.0,3.0,3.06,3.03,2.47,2.52,1.52,13.0,18.0,6.0,6.0,4.0,0.0
2024-11-03,Arouca,Sp Braga,1.0,2.0,4.36,3.87,1.75,1.73,2.1,13.0,16.0,3.0,3.0,12.0,4.0
2024-11-03,Guimaraes,Moreirense,1.0,0.0,1.72,3.48,5.23,2.36,1.58,10.0,9.0,4.0,2.0,9.0,4.0
2024-11-03,Porto,Estoril,4.0,0.0,1.14,7.97,17.51,1.44,2.71,16.0,12.0,9.0,5.0,9.0,5.0
2024-11-04,Nacional,Santa Clara,2.0,0.0,3.27,3.16,2.28,2.37,1.58,8.0,22.0,4.0,6.0,2.0,6.0
2024-11-08,Moreirense,Gil Vicente,3.0,2.0,2.34,3.0,3.4,2.52,1.52,12.0,11.0,8.0,5.0,3.0,4.0
2024-11-09,Casa Pia,Farense,1.0,1.0,1.98,3.3,4.0,2.24,1.64,13.0,8.0,2.0,3.0,4.0,2.0
2024-11-09,Estoril,AVS,0.0,0.0,2.28,3.14,3.33,2.3,1.61,9.0,11.0,2.0,2.0,10.0,6.0
2024-11-09,Famalicao,Arouca,0.0,0.0,1.92,3.35,4.21,2.3,1.61,6.0,9.0,2.0,1.0,4.0,8.0
2024-11-09,Boavista,Rio Ave,0.0,2.0,2.73,3.12,2.67,2.31,1.61,24.0,5.0,4.0,1.0,7.0,2.0
2024-11-10,Estrela,Nacional,2.0,0.0,2.22,3.28,3.26,2.13,1.71,17.0,15.0,3.0,4.0,10.0,4.0
2024-11-10,Santa Clara,Guimaraes,1.0,0.0,2.89,3.01,2.61,2.56,1.49,21.0,5.0,7.0,2.0,9.0,4.0
2024-11-10,Sp Braga,Sp Lisbon,2.0,4.0,5.25,4.22,1.58,1.59,2.34,3.0,13.0,2.0,6.0,0.0,5.0
2024-11-10,Benfica,Porto,4.0,1.0,2.09,3.42,3.44,1.96,1.84,16.0,8.0,7.0,3.0,2.0,2.0
2024-11-29,Farense,Estrela,1.0,0.0,2.21,3.2,3.44,2.3,1.61,11.0,13.0,2.0,3.0,3.0,6.0
2024-11-30,Rio Ave,Moreirense,3.0,2.0,2.92,3.05,2.58,2.37,1.58,12.0,11.0,4.0,2.0,2.0,4.0
2024-11-30,Nacional,Boavista,0.0,0.0,1.94,3.42,4.0,2.15,1.69,22.0,9.0,8.0,2.0,4.0,7.0
2024-11-30,Sp Lisbon,Santa Clara,0.0,1.0,1.16,7.43,16.32,1.62,2.25,21.0,4.0,4.0,3.0,8.0,2.0
2024-12-01,Estoril,Famalicao,2.0,1.0,3.3,3.18,2.24,2.4,1.56,12.0,7.0,4.0,1.0,5.0,7.0
2024-12-01,Arouca,Benfica,0.0,2.0,10.21,5.93,1.26,1.53,2.45,12.0,14.0,5.0,8.0,5.0,6.0
2024-12-01,AVS,Sp Braga,0.0,1.0,5.37,3.97,1.6,1.85,1.95,6.0,20.0,1.0,8.0,2.0,9.0
2024-12-02,Guimaraes,Gil Vicente,4.0,0.0,1.68,3.73,5.0,2.04,1.77,19.0,3.0,5.0,0.0,9.0,2.0
2024-12-02,Porto,Casa Pia,2.0,0.0,1.2,6.62,13.19,1.52,2.46,17.0,10.0,9.0,3.0,8.0,6.0
2024-12-05,Moreirense,Sp Lisbon,2.0,1.0,8.44,5.02,1.34,1.74,2.07,8.0,16.0,4.0,2.0,4.0,6.0
2024-12-06,Sp Braga,Estoril,2.0,2.0,1.22,6.35,13.45,1.63,2.26,16.0,11.0,7.0,3.0,3.0,2.0
2024-12-07,Gil Vicente,Nacional,2.0,1.0,2.03,3.4,3.7,2.07,1.75,17.0,19.0,4.0,6.0,6.0,7.0
2024-12-07,Benfica,Guimaraes,1.0,0.0,1.31,5.38,9.43,1.65,2.24,8.0,10.0,1.0,2.0,6.0,9.0
2024-12-07,Santa Clara,Rio Ave,1.0,0.0,1.82,3.43,4.63,2.18,1.67,10.0,4.0,4.0,2.0,6.0,2.0
2024-12-07,Famalicao,Porto,1.0,1.0,6.57,4.36,1.48,1.92,1.88,4.0,16.0,2.0,4.0,3.0,5.0
2024-12-08,Boavista,Farense,1.0,1.0,2.42,3.16,3.02,2.3,1.61,13.0,11.0,4.0,6.0,5.0,4.0
2024-12-08,Casa Pia,AVS,1.0,1.0,1.83,3.37,4.59,2.25,1.63,11.0,7.0,5.0,3.0,6.0,3.0
2024-12-09,Estrela,Arouca,2.0,1.0,2.54,3.19,2.83,2.18,1.67,10.0,10.0,2.0,4.0,2.0,7.0
2024-12-14,Farense,Gil Vicente,0.0,1.0,2.81,3.02,2.66,2.33,1.59,15.0,7.0,2.0,2.0,7.0,1.0
2024-12-14,Nacional,Moreirense,1.0,0.0,2.8,3.1,2.62,2.26,1.62,12.0,4.0,5.0,1.0,10.0,2.0
2024-12-14,Sp Lisbon,Boavista,3.0,2.0,1.08,11.3,22.96,1.23,3.88,20.0,8.0,7.0,2.0,10.0,1.0
2024-12-15,Arouca,Santa Clara,1.0,0.0,3.19,3.08,2.34,2.37,1.56,12.0,5.0,3.0,1.0,7.0,2.0
2024-12-15,AVS,Benfica,1.0,1.0,15.35,7.19,1.16,1.5,2.48,18.0,13.0,7.0,4.0,0.0,3.0
2024-12-15,Estoril,Casa Pia,0.0,2.0,2.62,3.12,2.76,2.25,1.62,14.0,10.0,5.0,4.0,5.0,4.0
2024-12-16,Sp Braga,Famalicao,3.0,3.0,1.48,4.26,6.44,1.84,1.94,21.0,10.0,8.0,8.0,10.0,3.0
2024-12-16,Porto,Estrela,2.0,0.0,1.13,8.13,18.96,1.45,2.64,12.0,3.0,4.0,0.0,11.0,4.0
2024-12-16,Rio Ave,Guimaraes,2.0,2.0,3.67,3.29,2.06,2.2,1.65,5.0,16.0,4.0,5.0,0.0,2.0
2024-12-19,Nacional,Benfica,0.0,2.0,10.6,6.32,1.24,1.43,2.76,5.0,16.0,1.0,7.0,4.0,11.0
2024-12-20,Casa Pia,Arouca,3.0,1.0,2.35,2.99,3.34,2.47,1.53,10.0,9.0,6.0,4.0,3.0,4.0
2024-12-21,Famalicao,Farense,1.0,2.0,1.79,3.43,4.72,2.2,1.65,11.0,7.0,1.0,5.0,7.0,4.0
2024-12-21,Boavista,AVS,0.0,0.0,2.27,3.14,3.28,2.31,1.59,15.0,7.0,4.0,1.0,5.0,1.0
2024-12-21,Moreirense,Porto,0.0,3.0,6.68,4.18,1.48,2.03,1.77,7.0,12.0,1.0,7.0,2.0,4.0
2024-12-22,Santa Clara,Sp Braga,0.0,2.0,3.14,3.18,2.3,2.22,1.64,12.0,12.0,6.0,5.0,2.0,2.0
2024-12-22,Gil Vicente,Sp Lisbon,0.0,0.0,7.66,5.1,1.35,1.51,2.45,3.0,14.0,1.0,7.0,3.0,8.0
2024-12-23,Benfica,Estoril,3.0,0.0,1.09,10.02,21.76,1.31,3.24,15.0,10.0,6.0,2.0,4.0,1.0
2024-12-23,Guimaraes,Nacional,2.0,2.0,1.53,4.04,6.05,1.92,1.86,16.0,8.0,3.0,2.0,7.0,1.0
2024-12-23,Estrela,Rio Ave,1.0,0.0,2.36,3.24,3.0,2.1,1.71,8.0,19.0,4.0,6.0,5.0,6.0
2024-12-27,Arouca,Gil Vicente,1.0,1.0,2.34,3.06,3.26,2.38,1.57,10.0,7.0,5.0,3.0,5.0,7.0
2024-12-28,AVS,Estrela,1.0,1.0,2.45,3.08,3.01,2.29,1.6,12.0,16.0,6.0,5.0,7.0,6.0
2024-12-28,Estoril,Moreirense,2.0,2.0,3.16,3.03,2.4,2.48,1.51,15.0,8.0,7.0,5.0,6.0,2.0
2024-12-28,Porto,Boavista,4.0,0.0,1.11,8.79,19.86,1.41,2.76,13.0,4.0,7.0,1.0,4.0,1.0
2024-12-29,Farense,Guimaraes,2.0,2.0,4.18,3.51,1.84,2.07,1.73,6.0,27.0,2.0,12.0,6.0,9.0
2024-12-29,Rio Ave,Nacional,2.0,1.0,2.17,3.21,3.41,2.08,1.73,20.0,13.0,7.0,2.0,11.0,6.0
2024-12-29,Sp Braga,Casa Pia,1.0,2.0,1.39,4.56,7.59,1.79,2.0,16.0,8.0,6.0,4.0,10.0,2.0
2024-12-29,Sp Lisbon,Benfica,1.0,0.0,2.5,3.57,2.59,1.66,2.16,12.0,14.0,6.0,2.0,4.0,8.0
2024-12-30,Famalicao,Santa Clara,1.0,2.0,2.68,2.9,2.87,2.68,1.43,18.0,7.0,5.0,3.0,5.0,4.0
2025-01-03,Guimaraes,Sp Lisbon,4.0,4.0,3.78,3.48,1.96,1.93,1.85,15.0,9.0,5.0,5.0,6.0,2.0
2025-01-04,Moreirense,AVS,1.0,1.0,1.84,3.31,4.55,2.45,1.52,11.0,17.0,5.0,2.0,3.0,9.0
2025-01-04,Benfica,Sp Braga,1.0,2.0,1.42,4.69,6.67,1.57,2.35,21.0,6.0,5.0,2.0,8.0,2.0
2025-01-04,Boavista,Arouca,1.0,3.0,2.76,3.18,2.58,2.27,1.61,14.0,14.0,2.0,5.0,3.0,3.0
2025-01-05,Santa Clara,Farense,0.0,0.0,1.67,3.45,5.57,2.35,1.56,17.0,2.0,6.0,1.0,13.0,2.0
2025-01-05,Casa Pia,Famalicao,1.0,1.0,2.37,3.02,3.17,2.51,1.5,6.0,19.0,3.0,14.0,5.0,7.0
2025-01-05,Estrela,Estoril,2.0,4.0,2.29,2.99,3.35,2.28,1.59,8.0,14.0,4.0,8.0,3.0,3.0
2025-01-06,Gil Vicente,Rio Ave,1.0,1.0,2.15,3.17,3.47,2.15,1.67,13.0,14.0,4.0,4.0,4.0,4.0
2025-01-12,Nacional,Porto,2.0,0.0,8.62,5.03,1.34,1.73,2.09,7.0,13.0,4.0,3.0,1.0,10.0
2025-01-17,Benfica,Famalicao,4.0,0.0,1.23,6.22,11.37,1.54,2.41,21.0,1.0,12.0,0.0,7.0,2.0
2025-01-18,Santa Clara,Estoril,2.0,3.0,1.71,3.49,5.12,2.39,1.55,15.0,8.0,5.0,3.0,7.0,1.0
2025-01-18,Rio Ave,Sp Lisbon,0.0,3.0,9.24,5.69,1.28,1.51,2.47,2.0,29.0,0.0,13.0,0.0,8.0
2025-01-18,Guimaraes,Arouca,2.0,2.0,1.57,3.96,5.71,1.94,1.84,17.0,19.0,7.0,6.0,9.0,5.0
2025-01-19,Moreirense,Farense,0.0,0.0,1.91,3.24,4.27,2.51,1.5,14.0,5.0,4.0,0.0,6.0,3.0
2025-01-19,Nacional,AVS,3.0,1.0,2.07,3.23,3.66,2.25,1.62,17.0,13.0,7.0,3.0,4.0,6.0
2025-01-19,Estrela,Sp Braga,0.0,1.0,4.76,3.82,1.68,1.83,1.95,7.0,13.0,3.0,5.0,1.0,8.0
2025-01-19,Gil Vicente,Porto,3.0,1.0,7.93,4.51,1.39,1.94,1.84,8.0,18.0,3.0,3.0,4.0,6.0
2025-01-20,Boavista,Casa Pia,2.0,3.0,3.22,3.09,2.31,2.37,1.55,10.0,9.0,5.0,6.0,2.0,3.0
2025-01-24,Arouca,Moreirense,1.0,0.0,2.37,3.08,3.19,2.53,1.51,16.0,7.0,5.0,1.0,10.0,2.0
2025-01-25,Famalicao,Estrela,0.0,0.0,1.87,3.39,4.28,2.25,1.62,10.0,4.0,2.0,1.0,5.0,2.0
2025-01-25,Farense,Rio Ave,1.0,2.0,2.55,3.01,2.94,2.41,1.54,15.0,9.0,5.0,2.0,9.0,2.0
2025-01-25,Casa Pia,Benfica,3.0,1.0,7.96,4.85,1.37,1.72,2.11,8.0,19.0,3.0,7.0,2.0,9.0
2025-01-25,Sp Lisbon,Nacional,2.0,0.0,1.13,8.71,15.83,1.36,2.95,15.0,3.0,5.0,1.0,6.0,2.0
2025-01-26,Estoril,Guimaraes,1.0,0.0,4.2,3.58,1.82,2.01,1.79,13.0,7.0,5.0,2.0,2.0,5.0
2025-01-26,Porto,Santa Clara,1.0,1.0,1.46,4.12,7.29,2.12,1.71,21.0,2.0,7.0,1.0,7.0,2.0
2025-01-26,Sp Braga,Boavista,3.0,0.0,1.21,6.33,12.43,1.54,2.39,15.0,9.0,5.0,3.0,11.0,3.0
2025-01-27,AVS,Gil Vicente,1.0,0.0,2.88,3.09,2.54,2.34,1.57,8.0,10.0,1.0,0.0,1.0,8.0
2025-01-31,Boavista,Famalicao,0.0,2.0,3.52,3.03,2.23,2.54,1.51,4.0,20.0,1.0,4.0,2.0,7.0
2025-02-01,Nacional,Arouca,1.0,2.0,2.52,3.16,2.84,2.2,1.65,19.0,11.0,4.0,6.0,3.0,3.0
2025-02-01,Santa Clara,Casa Pia,2.0,1.0,2.11,3.04,3.8,2.66,1.44,16.0,5.0,6.0,2.0,5.0,2.0
2025-02-01,Gil Vicente,Estoril,1.0,2.0,2.14,3.18,3.55,2.21,1.65,9.0,19.0,6.0,6.0,3.0,3.0
2025-02-01,Guimaraes,AVS,2.0,0.0,1.36,4.74,8.32,1.89,1.9,14.0,4.0,8.0,1.0,8.0,2.0
2025-02-02,Sp Lisbon,Farense,3.0,1.0,1.12,8.53,18.26,1.41,2.75,21.0,6.0,7.0,2.0,9.0,1.0
2025-02-02,Estrela,Benfica,2.0,3.0,9.72,5.68,1.27,1.58,2.32,7.0,14.0,3.0,8.0,0.0,7.0
2025-02-03,Moreirense,Sp Braga,1.0,2.0,3.95,3.46,1.92,2.04,1.76,10.0,13.0,6.0,5.0,1.0,9.0
2025-02-03,Rio Ave,Porto,2.0,2.0,6.98,4.58,1.42,1.75,2.04,9.0,23.0,3.0,8.0,3.0,5.0
2025-02-07,Porto,Sp Lisbon,1.0,1.0,2.87,3.06,2.6,2.21,1.66,17.0,13.0,2.0,3.0,6.0,3.0
2025-02-08,AVS,Santa Clara,1.0,2.0,4.24,3.17,1.96,2.61,1.47,9.0,8.0,3.0,4.0,2.0,3.0
2025-02-08,Benfica,Moreirense,3.0,2.0,1.19,6.91,13.71,1.57,2.35,11.0,8.0,6.0,4.0,6.0,6.0
2025-02-08,Famalicao,Guimaraes,0.0,0.0,3.13,3.03,2.41,2.38,1.57,8.0,7.0,2.0,2.0,4.0,11.0
2025-02-09,Estoril,Boavista,2.0,1.0,1.54,3.98,6.12,2.08,1.74,13.0,9.0,5.0,5.0,5.0,3.0
2025-02-09,Farense,Nacional,0.0,2.0,2.31,3.2,3.13,2.23,1.65,21.0,11.0,6.0,4.0,12.0,3.0
2025-02-09,Sp Braga,Gil Vicente,2.0,0.0,1.55,4.12,5.7,1.88,1.92,14.0,6.0,6.0,4.0,4.0,2.0
2025-02-09,Casa Pia,Estrela,1.0,0.0,1.83,3.38,4.47,2.32,1.59,15.0,13.0,4.0,3.0,5.0,2.0
2025-02-10,Arouca,Rio Ave,1.0,1.0,1.96,3.34,3.9,2.1,1.71,16.0,12.0,4.0,4.0,6.0,3.0
2025-02-14,Boavista,Estrela,0.0,1.0,2.55,2.94,3.1,2.58,1.5,14.0,9.0,1.0,6.0,7.0,4.0
2025-02-15,Moreirense,Casa Pia,3.0,2.0,2.33,3.03,3.33,2.54,1.5,10.0,15.0,5.0,4.0,4.0,5.0
2025-02-15,Nacional,Estoril,2.0,2.0,2.24,3.24,3.29,2.15,1.69,18.0,7.0,6.0,4.0,7.0,3.0
2025-02-15,Santa Clara,Benfica,0.0,1.0,5.09,3.7,1.68,2.23,1.65,10.0,17.0,3.0,6.0,2.0,5.0
2025-02-15,Sp Lisbon,Arouca,2.0,2.0,1.25,5.96,10.55,1.57,2.39,21.0,15.0,8.0,7.0,9.0,9.0
2025-02-16,Rio Ave,AVS,1.0,1.0,2.15,3.26,3.43,2.27,1.62,16.0,11.0,3.0,3.0,2.0,4.0
2025-02-16,Farense,Porto,0.0,1.0,7.65,4.53,1.4,1.9,1.91,8.0,11.0,2.0,2.0,2.0,4.0
2025-02-16,Guimaraes,Sp Braga,0.0,0.0,2.47,3.4,2.76,2.04,1.78,16.0,6.0,3.0,3.0,7.0,4.0
2025-02-17,Gil Vicente,Famalicao,0.0,2.0,2.53,2.97,3.02,2.53,1.5,14.0,20.0,2.0,6.0,5.0,11.0
2025-02-21,Sp Braga,Nacional,1.0,0.0,1.57,4.05,5.81,1.73,2.1,20.0,8.0,7.0,3.0,7.0,6.0
2025-02-22,Casa Pia,Gil Vicente,1.0,0.0,2.22,3.13,3.44,2.44,1.55,10.0,4.0,1.0,0.0,2.0,5.0
2025-02-22,Benfica,Boavista,3.0,0.0,1.1,9.82,22.36,1.33,3.24,31.0,6.0,14.0,2.0,13.0,2.0
2025-02-22,Estoril,Rio Ave,2.0,1.0,2.04,3.4,3.64,2.01,1.81,11.0,9.0,4.0,4.0,0.0,4.0
2025-02-23,Arouca,Farense,2.0,2.0,1.89,3.4,4.21,2.18,1.67,12.0,17.0,6.0,7.0,4.0,9.0
2025-02-23,Estrela,Santa Clara,0.0,0.0,3.57,3.13,2.16,2.75,1.43,10.0,4.0,2.0,1.0,5.0,2.0
2025-02-23,AVS,Sp Lisbon,2.0,2.0,8.89,5.17,1.32,1.7,2.14,11.0,9.0,4.0,3.0,4.0,5.0
2025-02-23,Famalicao,Moreirense,2.0,0.0,2.17,3.1,3.59,2.49,1.52,17.0,8.0,4.0,6.0,3.0,1.0
2025-02-24,Porto,Guimaraes,1.0,1.0,1.67,3.73,5.13,2.06,1.75,13.0,11.0,2.0,5.0,6.0,7.0
2025-03-01,Nacional,Famalicao,2.0,1.0,2.55,3.09,2.91,2.21,1.66,15.0,15.0,5.0,3.0,1.0,6.0
2025-03-01,Arouca,Porto,0.0,2.0,4.93,3.77,1.69,1.95,1.85,6.0,9.0,2.0,2.0,4.0,2.0
2025-03-01,Guimaraes,Casa Pia,1.0,0.0,1.76,3.54,4.7,2.17,1.68,18.0,10.0,6.0,2.0,7.0,2.0
2025-03-02,Boavista,Santa Clara,1.0,0.0,4.25,3.18,1.96,2.58,1.48,12.0,11.0,5.0,1.0,9.0,5.0
2025-03-02,Moreirense,Estrela,1.0,1.0,1.93,3.06,4.63,2.47,1.53,11.0,7.0,2.0,1.0,4.0,1.0
2025-03-02,Farense,AVS,0.0,1.0,2.29,3.05,3.36,2.53,1.51,17.0,6.0,4.0,3.0,7.0,1.0
2025-03-02,Rio Ave,Sp Braga,2.0,1.0,4.07,3.78,1.82,1.82,1.99,13.0,14.0,7.0,7.0,2.0,5.0
2025-03-03,Sp Lisbon,Estoril,3.0,1.0,1.19,7.03,12.53,1.43,2.72,13.0,8.0,6.0,2.0,6.0,6.0
2025-03-07,Estrela,Gil Vicente,1.0,1.0,2.67,2.97,2.88,2.49,1.53,8.0,10.0,3.0,2.0,7.0,7.0
2025-03-08,AVS,Arouca,0.0,1.0,3.08,3.11,2.42,2.26,1.64,9.0,20.0,1.0,8.0,1.0,7.0
2025-03-08,Benfica,Nacional,3.0,0.0,1.2,6.66,12.49,1.46,2.64,18.0,12.0,12.0,3.0,5.0,3.0
2025-03-08,Estoril,Farense,2.0,2.0,2.1,3.22,3.66,2.22,1.65,13.0,14.0,4.0,4.0,4.0,7.0
2025-03-08,Sp Braga,Porto,1.0,0.0,3.29,3.33,2.19,1.97,1.83,7.0,7.0,4.0,3.0,7.0,3.0
2025-03-09,Santa Clara,Moreirense,1.0,1.0,2.02,3.09,4.11,2.67,1.45,13.0,9.0,5.0,3.0,4.0,3.0
2025-03-09,Casa Pia,Sp Lisbon,1.0,3.0,6.26,4.27,1.49,1.79,2.02,10.0,17.0,3.0,6.0,4.0,4.0
2025-03-09,Boavista,Guimaraes,1.0,2.0,5.52,3.67,1.64,2.22,1.65,7.0,19.0,4.0,8.0,2.0,7.0
2025-03-10,Famalicao,Rio Ave,1.0,0.0,1.97,3.04,4.45,2.13,1.7,16.0,13.0,7.0,4.0,5.0,1.0
2025-03-15,Farense,Sp Braga,0.0,1.0,4.37,3.38,1.87,2.21,1.65,11.0,10.0,3.0,4.0,12.0,4.0
2025-03-15,Gil Vicente,Santa Clara,0.0,1.0,3.01,2.95,2.57,2.83,1.41,12.0,3.0,2.0,1.0,5.0,0.0
2025-03-15,Porto,AVS,2.0,0.0,1.23,6.02,12.06,1.65,2.21,20.0,8.0,10.0,2.0,4.0,3.0
2025-03-15,Sp Lisbon,Famalicao,3.0,1.0,1.3,5.18,10.08,1.65,2.2,18.0,9.0,9.0,3.0,11.0,4.0
2025-03-16,Arouca,Estoril,1.0,1.0,1.98,3.4,3.79,2.04,1.76,3.0,12.0,1.0,3.0,3.0,4.0
2025-03-16,Nacional,Casa Pia,3.0,1.0,2.41,3.24,2.94,2.21,1.66,14.0,10.0,6.0,3.0,2.0,5.0
2025-03-16,Rio Ave,Benfica,2.0,3.0,7.77,5.15,1.35,1.56,2.38,7.0,20.0,2.0,8.0,3.0,11.0
2025-03-16,Guimaraes,Estrela,2.0,0.0,1.45,4.13,7.72,2.06,1.75,12.0,9.0,6.0,0.0,8.0,2.0
2025-03-16,Moreirense,Boavista,1.0,0.0,1.78,3.38,4.88,2.38,1.57,21.0,9.0,3.0,4.0,6.0,3.0
2025-03-28,Gil Vicente,Benfica,0.0,3.0,7.83,4.74,1.38,1.8,2.0,7.0,18.0,2.0,7.0,5.0,2.0
2025-03-29,Casa Pia,Rio Ave,2.0,1.0,2.08,3.32,3.62,2.12,1.71,11.0,12.0,3.0,5.0,7.0,4.0
2025-03-29,Estrela,Sp Lisbon,0.0,3.0,8.67,5.08,1.33,1.72,2.08,7.0,13.0,0.0,7.0,3.0,2.0
2025-03-29,Sp Braga,Arouca,2.0,1.0,1.7,3.76,4.77,1.87,1.91,14.0,8.0,5.0,1.0,7.0,1.0
2025-03-30,Famalicao,AVS,4.0,1.0,1.78,3.44,4.72,2.26,1.61,16.0,6.0,4.0,1.0,4.0,2.0
2025-03-30,Santa Clara,Nacional,1.0,0.0,1.93,3.18,4.37,2.53,1.49,13.0,9.0,5.0,4.0,3.0,4.0
2025-03-30,Estoril,Porto,1.0,2.0,6.12,4.07,1.53,1.96,1.82,3.0,14.0,2.0,6.0,1.0,6.0
2025-03-30,Moreirense,Guimaraes,2.0,2.0,3.54,3.09,2.17,2.52,1.5,11.0,11.0,3.0,3.0,2.0,3.0
2025-04-01,Boavista,Gil Vicente,1.0,3.0,3.75,3.2,2.09,2.37,1.58,7.0,14.0,3.0,9.0,3.0,3.0
2025-04-02,Benfica,Farense,3.0,2.0,1.11,8.58,20.82,1.45,2.68,13.0,12.0,7.0,6.0,5.0,4.0
2025-04-04,AVS,Estoril,0.0,3.0,2.94,3.11,2.52,2.29,1.61,9.0,14.0,2.0,8.0,4.0,3.0
2025-04-05,Arouca,Famalicao,1.0,2.0,2.47,3.22,2.88,2.12,1.7,15.0,6.0,8.0,4.0,3.0,7.0
2025-04-05,Guimaraes,Santa Clara,2.0,0.0,1.99,3.13,4.16,2.67,1.45,9.0,15.0,3.0,5.0,7.0,6.0
2025-04-06,Gil Vicente,Moreirense,0.0,1.0,2.52,3.04,2.96,2.51,1.5,12.0,8.0,4.0,3.0,7.0,0.0
2025-04-06,Nacional,Estrela,0.0,1.0,2.09,3.18,3.72,2.35,1.57,19.0,12.0,4.0,3.0,7.0,5.0
2025-04-06,Porto,Benfica,1.0,4.0,2.88,3.27,2.45,1.99,1.8,14.0,14.0,3.0,5.0,2.0,6.0
2025-04-07,Farense,Casa Pia,0.0,0.0,2.59,3.11,2.81,2.41,1.54,11.0,2.0,5.0,0.0,13.0,3.0
2025-04-07,Rio Ave,Boavista,0.0,2.0,1.87,3.41,4.28,2.09,1.71,17.0,6.0,2.0,4.0,9.0,2.0
2025-04-07,Sp Lisbon,Sp Braga,1.0,1.0,1.52,4.22,5.87,1.72,2.09,15.0,9.0,7.0,3.0,4.0,0.0
2025-04-11,Gil Vicente,Guimaraes,0.0,1.0,4.12,3.16,2.0,2.39,1.57,7.0,7.0,1.0,1.0,1.0,5.0
2025-04-12,Boavista,Nacional,0.0,1.0,2.76,3.11,2.63,2.18,1.66,21.0,15.0,8.0,5.0,7.0,7.0
2025-04-12,Famalicao,Estoril,3.0,0.0,2.02,3.32,3.74,2.15,1.68,9.0,6.0,4.0,2.0,3.0,8.0
2025-04-12,Santa Clara,Sp Lisbon,0.0,1.0,5.72,3.74,1.61,2.14,1.69,10.0,7.0,1.0,4.0,3.0,3.0
2025-04-12,Casa Pia,Porto,0.0,1.0,5.15,3.67,1.67,2.12,1.7,5.0,10.0,2.0,3.0,4.0,3.0
2025-04-13,Estrela,Farense,0.0,1.0,2.72,3.03,2.72,2.56,1.48,13.0,10.0,3.0,5.0,7.0,3.0
2025-04-13,Benfica,Arouca,2.0,2.0,1.15,7.51,15.9,1.4,2.81,26.0,8.0,8.0,5.0,11.0,5.0
2025-04-13,Sp Braga,AVS,4.0,1.0,1.36,4.75,8.18,1.78,2.02,18.0,4.0,8.0,2.0,7.0,3.0
2025-04-13,Moreirense,Rio Ave,0.0,2.0,1.97,3.23,4.06,2.21,1.64,8.0,10.0,1.0,4.0,2.0,2.0
2025-04-18,Farense,Boavista,0.0,1.0,1.83,3.42,4.5,2.16,1.67,12.0,6.0,4.0,2.0,4.0,4.0
2025-04-18,Rio Ave,Santa Clara,1.0,1.0,2.84,3.06,2.6,2.42,1.54,8.0,17.0,3.0,5.0,6.0,4.0
2025-04-18,Porto,Famalicao,2.0,1.0,1.46,4.36,6.55,1.88,1.91,8.0,12.0,6.0,4.0,4.0,5.0
2025-04-18,Sp Lisbon,Moreirense,3.0,1.0,1.23,5.8,12.08,1.62,2.25,20.0,6.0,10.0,2.0,4.0,2.0
2025-04-19,AVS,Casa Pia,1.0,1.0,2.94,3.12,2.49,2.36,1.56,10.0,6.0,3.0,4.0,3.0,4.0
2025-04-19,Nacional,Gil Vicente,0.0,3.0,2.37,3.12,3.11,2.24,1.63,22.0,8.0,7.0,4.0,9.0,0.0
2025-04-19,Arouca,Estrela,1.0,0.0,1.95,3.31,4.0,2.14,1.69,19.0,8.0,6.0,4.0,4.0,4.0
2025-04-19,Estoril,Sp Braga,0.0,2.0,3.78,3.41,1.97,2.0,1.8,6.0,5.0,3.0,3.0,1.0,2.0
2025-04-19,Guimaraes,Benfica,0.0,3.0,5.39,3.94,1.6,1.87,1.93,17.0,8.0,6.0,7.0,7.0,3.0
2025-04-25,Famalicao,Sp Braga,1.0,1.0,3.26,3.29,2.24,2.21,1.66,9.0,13.0,4.0,3.0,6.0,9.0
2025-04-26,Santa Clara,Arouca,2.0,0.0,1.92,3.24,4.18,2.32,1.58,9.0,15.0,4.0,5.0,3.0,5.0
2025-04-26,Gil Vicente,Farense,1.0,0.0,2.31,3.12,3.25,2.3,1.6,14.0,8.0,3.0,2.0,4.0,1.0
2025-04-26,Estrela,Porto,2.0,0.0,6.27,4.05,1.52,2.01,1.8,11.0,12.0,5.0,3.0,5.0,11.0
2025-04-27,Moreirense,Nacional,1.0,1.0,2.2,3.03,3.59,2.19,1.65,8.0,18.0,3.0,4.0,2.0,5.0
2025-04-27,Benfica,AVS,6.0,0.0,1.08,10.47,24.48,1.28,3.48,23.0,10.0,11.0,3.0,10.0,4.0
2025-04-27,Guimaraes,Rio Ave,3.0,0.0,1.53,4.1,5.73,1.82,1.96,25.0,10.0,6.0,5.0,9.0,1.0
2025-04-27,Boavista,Sp Lisbon,0.0,5.0,12.4,6.26,1.21,1.54,2.38,6.0,23.0,0.0,12.0,3.0,5.0
2025-04-29,Casa Pia,Estoril,1.0,3.0,2.04,3.27,3.68,2.17,1.65,8.0,11.0,4.0,4.0,4.0,4.0
2025-05-02,Porto,Moreirense,3.0,1.0,1.32,5.21,9.19,1.71,2.12,15.0,5.0,4.0,4.0,9.0,2.0
2025-05-03,Farense,Famalicao,2.0,1.0,2.55,3.2,2.78,2.21,1.65,14.0,9.0,6.0,4.0,4.0,10.0
2025-05-03,Nacional,Guimaraes,1.0,2.0,4.11,3.58,1.85,1.96,1.84,16.0,11.0,1.0,4.0,6.0,3.0
2025-05-03,Sp Braga,Santa Clara,1.0,1.0,1.73,3.45,5.1,2.4,1.54,17.0,5.0,4.0,3.0,8.0,0.0
2025-05-03,Estoril,Benfica,1.0,2.0,12.63,7.42,1.18,1.37,2.91,10.0,10.0,2.0,3.0,2.0,4.0
2025-05-04,Arouca,Casa Pia,0.0,0.0,2.05,3.33,3.64,2.11,1.7,15.0,4.0,3.0,1.0,5.0,0.0
2025-05-04,Sp Lisbon,Gil Vicente,2.0,1.0,1.12,8.01,20.69,1.46,2.58,16.0,1.0,3.0,1.0,9.0,2.0
2025-05-05,Rio Ave,Estrela,2.0,0.0,2.36,3.27,3.01,2.06,1.75,19.0,8.0,6.0,3.0,5.0,3.0
2025-05-05,AVS,Boavista,1.0,2.0,2.09,3.32,3.51,2.15,1.67,13.0,14.0,5.0,3.0,4.0,5.0
2025-05-10,Nacional,Rio Ave,3.0,3.0,1.96,3.51,3.7,1.89,1.89,12.0,13.0,5.0,7.0,4.0,5.0
2025-05-10,Santa Clara,Famalicao,2.0,1.0,2.17,3.14,3.52,2.49,1.5,16.0,12.0,5.0,4.0,3.0,6.0
2025-05-10,Benfica,Sp Lisbon,1.0,1.0,2.15,3.4,3.28,1.68,2.15,14.0,7.0,1.0,4.0,6.0,2.0
2025-05-10,Casa Pia,Sp Braga,2.0,1.0,5.64,3.85,1.59,2.01,1.79,5.0,21.0,3.0,6.0,2.0,7.0
2025-05-10,Gil Vicente,Arouca,1.0,1.0,2.38,3.21,3.03,2.13,1.69,15.0,8.0,5.0,4.0,4.0,1.0
2025-05-11,Estrela,AVS,0.0,1.0,1.91,3.41,4.02,2.16,1.66,11.0,18.0,3.0,2.0,1.0,6.0
2025-05-11,Guimaraes,Farense,1.0,2.0,1.57,3.97,5.75,1.94,1.84,21.0,7.0,4.0,3.0,16.0,3.0
2025-05-11,Moreirense,Estoril,2.0,2.0,2.4,3.27,2.94,2.06,1.74,9.0,7.0,5.0,5.0,2.0,7.0
2025-05-11,Boavista,Porto,1.0,2.0,7.51,4.78,1.38,1.75,2.05,9.0,16.0,4.0,7.0,0.0,4.0
2025-05-16,Famalicao,Casa Pia,2.0,1.0,1.94,3.51,3.86,1.87,1.93,18.0,5.0,4.0,1.0,13.0,4.0
2025-05-16,Rio Ave,Gil Vicente,1.0,1.0,2.72,3.27,2.58,1.85,1.96,6.0,11.0,3.0,3.0,6.0,7.0
2025-05-17,Arouca,Boavista,4.0,1.0,2.0,3.51,3.57,1.88,1.91,14.0,21.0,7.0,5.0,2.0,11.0
2025-05-17,AVS,Moreirense,0.0,3.0,1.98,3.32,3.88,2.17,1.67,8.0,19.0,3.0,11.0,2.0,4.0
2025-05-17,Estoril,Estrela,4.0,0.0,2.54,3.31,2.71,1.98,1.82,10.0,11.0,6.0,3.0,4.0,4.0
2025-05-17,Farense,Santa Clara,1.0,2.0,2.73,3.03,2.73,2.48,1.51,12.0,16.0,2.0,5.0,3.0,6.0
2025-05-17,Porto,Nacional,3.0,0.0,1.29,5.46,9.6,1.56,2.38,10.0,11.0,4.0,5.0,2.0,8.0
2025-05-17,Sp Braga,Benfica,1.0,1.0,4.86,4.14,1.62,1.63,2.23,17.0,13.0,7.0,2.0,6.0,6.0
2025-05-17,Sp Lisbon,Guimaraes,2.0,0.0,1.24,5.85,10.97,1.56,2.38,18.0,2.0,7.0,0.0,7.0,1.0
